record_id,usubjid,site,visit,dose_date,exdose,dose_amount,planned_dose,dose_unit,wrong_dose,cut_available
EX_042-S01-001_BASELINE,042-S01-001,S01,BASELINE,2026-01-15,100.0,100.0,100.0,mg,N,1
EX_042-S01-002_BASELINE,042-S01-002,S01,BASELINE,2026-01-15,100.0,100.0,100.0,mg,N,1
EX_042-S01-003_BASELINE,042-S01-003,S01,BASELINE,2026-01-15,0.0,0.0,0.0,mg,N,1
EX_042-S01-004_BASELINE,042-S01-004,S01,BASELINE,2026-01-15,100.0,100.0,100.0,mg,N,1
EX_042-S01-005_BASELINE,042-S01-005,S01,BASELINE,2026-01-15,100.0,100.0,100.0,mg,N,1
EX_042-S01-006_BASELINE,042-S01-006,S01,BASELINE,2026-01-15,0.0,0.0,0.0,mg,N,1
EX_042-S01-007_BASELINE,042-S01-007,S01,BASELINE,2026-01-15,100.0,100.0,100.0,mg,N,1
EX_042-S01-008_BASELINE,042-S01-008,S01,BASELINE,2026-01-15,100.0,100.0,100.0,mg,N,1
EX_042-S01-009_BASELINE,042-S01-009,S01,BASELINE,2026-01-15,0.0,0.0,0.0,mg,N,1
EX_042-S01-010_BASELINE,042-S01-010,S01,BASELINE,2026-01-15,100.0,100.0,100.0,mg,N,1
EX_042-S01-011_BASELINE,042-S01-011,S01,BASELINE,2026-01-15,100.0,100.0,100.0,mg,N,1
EX_042-S01-012_BASELINE,042-S01-012,S01,BASELINE,2026-01-15,0.0,0.0,0.0,mg,N,1
EX_042-S01-013_BASELINE,042-S01-013,S01,BASELINE,2026-01-15,100.0,100.0,100.0,mg,N,1
EX_042-S01-014_BASELINE,042-S01-014,S01,BASELINE,2026-01-15,100.0,100.0,100.0,mg,N,1
EX_042-S01-015_BASELINE,042-S01-015,S01,BASELINE,2026-01-15,0.0,0.0,0.0,mg,N,1
EX_042-S01-016_BASELINE,042-S01-016,S01,BASELINE,2026-01-15,100.0,100.0,100.0,mg,N,1
EX_042-S01-017_BASELINE,042-S01-017,S01,BASELINE,2026-01-15,100.0,100.0,100.0,mg,N,1
EX_042-S01-018_BASELINE,042-S01-018,S01,BASELINE,2026-01-15,0.0,0.0,0.0,mg,N,1
EX_042-S01-019_BASELINE,042-S01-019,S01,BASELINE,2026-01-15,100.0,100.0,100.0,mg,N,1
EX_042-S01-020_BASELINE,042-S01-020,S01,BASELINE,2026-01-15,100.0,100.0,100.0,mg,N,1
EX_042-S01-021_BASELINE,042-S01-021,S01,BASELINE,2026-01-15,0.0,0.0,0.0,mg,N,1
EX_042-S02-001_BASELINE,042-S02-001,S02,BASELINE,2026-01-15,100.0,100.0,100.0,mg,N,1
EX_042-S02-002_BASELINE,042-S02-002,S02,BASELINE,2026-01-15,100.0,100.0,100.0,mg,N,1
EX_042-S02-003_BASELINE,042-S02-003,S02,BASELINE,2026-01-15,0.0,0.0,0.0,mg,N,1
EX_042-S02-004_BASELINE,042-S02-004,S02,BASELINE,2026-01-15,100.0,100.0,100.0,mg,N,1
EX_042-S02-005_BASELINE,042-S02-005,S02,BASELINE,2026-01-15,100.0,100.0,100.0,mg,N,1
EX_042-S02-006_BASELINE,042-S02-006,S02,BASELINE,2026-01-15,0.0,0.0,0.0,mg,N,1
EX_042-S02-007_BASELINE,042-S02-007,S02,BASELINE,2026-01-15,100.0,100.0,100.0,mg,N,1
EX_042-S02-008_BASELINE,042-S02-008,S02,BASELINE,2026-01-15,100.0,100.0,100.0,mg,N,1
EX_042-S02-009_BASELINE,042-S02-009,S02,BASELINE,2026-01-15,0.0,0.0,0.0,mg,N,1
EX_042-S02-010_BASELINE,042-S02-010,S02,BASELINE,2026-01-15,100.0,100.0,100.0,mg,N,1
EX_042-S02-011_BASELINE,042-S02-011,S02,BASELINE,2026-01-15,100.0,100.0,100.0,mg,N,1
EX_042-S02-012_BASELINE,042-S02-012,S02,BASELINE,2026-01-15,0.0,0.0,0.0,mg,N,1
EX_042-S02-013_BASELINE,042-S02-013,S02,BASELINE,2026-01-15,100.0,100.0,100.0,mg,N,1
EX_042-S02-014_BASELINE,042-S02-014,S02,BASELINE,2026-01-15,100.0,100.0,100.0,mg,N,1
EX_042-S02-015_BASELINE,042-S02-015,S02,BASELINE,2026-01-15,0.0,0.0,0.0,mg,N,1
EX_042-S02-016_BASELINE,042-S02-016,S02,BASELINE,2026-01-15,100.0,100.0,100.0,mg,N,1
EX_042-S02-017_BASELINE,042-S02-017,S02,BASELINE,2026-01-15,100.0,100.0,100.0,mg,N,1
EX_042-S02-018_BASELINE,042-S02-018,S02,BASELINE,2026-01-15,0.0,0.0,0.0,mg,N,1
EX_042-S02-019_BASELINE,042-S02-019,S02,BASELINE,2026-01-15,100.0,100.0,100.0,mg,N,1
EX_042-S02-020_BASELINE,042-S02-020,S02,BASELINE,2026-01-15,100.0,100.0,100.0,mg,N,1
EX_042-S03-001_BASELINE,042-S03-001,S03,BASELINE,2026-01-15,100.0,100.0,100.0,mg,N,1
EX_042-S03-002_BASELINE,042-S03-002,S03,BASELINE,2026-01-15,100.0,100.0,100.0,mg,N,1
EX_042-S03-003_BASELINE,042-S03-003,S03,BASELINE,2026-01-15,0.0,0.0,0.0,mg,N,1
EX_042-S03-004_BASELINE,042-S03-004,S03,BASELINE,2026-01-15,100.0,100.0,100.0,mg,N,1
EX_042-S03-005_BASELINE,042-S03-005,S03,BASELINE,2026-01-15,100.0,100.0,100.0,mg,N,1
EX_042-S03-006_BASELINE,042-S03-006,S03,BASELINE,2026-01-15,0.0,0.0,0.0,mg,N,1
EX_042-S03-007_BASELINE,042-S03-007,S03,BASELINE,2026-01-15,100.0,100.0,100.0,mg,N,1
EX_042-S03-008_BASELINE,042-S03-008,S03,BASELINE,2026-01-15,100.0,100.0,100.0,mg,N,1
EX_042-S03-009_BASELINE,042-S03-009,S03,BASELINE,2026-01-15,0.0,0.0,0.0,mg,N,1
EX_042-S03-010_BASELINE,042-S03-010,S03,BASELINE,2026-01-15,100.0,100.0,100.0,mg,N,1
EX_042-S03-011_BASELINE,042-S03-011,S03,BASELINE,2026-01-15,100.0,100.0,100.0,mg,N,1
EX_042-S03-012_BASELINE,042-S03-012,S03,BASELINE,2026-01-15,0.0,0.0,0.0,mg,N,1
EX_042-S03-013_BASELINE,042-S03-013,S03,BASELINE,2026-01-15,100.0,100.0,100.0,mg,N,1
EX_042-S03-014_BASELINE,042-S03-014,S03,BASELINE,2026-01-15,100.0,100.0,100.0,mg,N,1
EX_042-S03-015_BASELINE,042-S03-015,S03,BASELINE,2026-01-15,0.0,0.0,0.0,mg,N,1
EX_042-S03-016_BASELINE,042-S03-016,S03,BASELINE,2026-01-15,100.0,100.0,100.0,mg,N,1
EX_042-S03-017_BASELINE,042-S03-017,S03,BASELINE,2026-01-15,100.0,100.0,100.0,mg,N,1
EX_042-S03-018_BASELINE,042-S03-018,S03,BASELINE,2026-01-15,0.0,0.0,0.0,mg,N,1
EX_042-S03-019_BASELINE,042-S03-019,S03,BASELINE,2026-01-15,100.0,100.0,100.0,mg,N,1
EX_042-S03-020_BASELINE,042-S03-020,S03,BASELINE,2026-01-15,100.0,100.0,100.0,mg,N,1
EX_042-S05-001_BASELINE,042-S05-001,S05,BASELINE,2026-01-15,100.0,100.0,100.0,mg,N,1
EX_042-S05-002_BASELINE,042-S05-002,S05,BASELINE,2026-01-15,100.0,100.0,100.0,mg,N,1
EX_042-S05-003_BASELINE,042-S05-003,S05,BASELINE,2026-01-15,0.0,0.0,0.0,mg,N,1
EX_042-S05-004_BASELINE,042-S05-004,S05,BASELINE,2026-01-15,100.0,100.0,100.0,mg,N,1
EX_042-S05-005_BASELINE,042-S05-005,S05,BASELINE,2026-01-15,100.0,100.0,100.0,mg,N,1
EX_042-S05-006_BASELINE,042-S05-006,S05,BASELINE,2026-01-15,0.0,0.0,0.0,mg,N,1
EX_042-S05-007_BASELINE,042-S05-007,S05,BASELINE,2026-01-15,100.0,100.0,100.0,mg,N,1
EX_042-S05-008_BASELINE,042-S05-008,S05,BASELINE,2026-01-15,100.0,100.0,100.0,mg,N,1
EX_042-S05-009_BASELINE,042-S05-009,S05,BASELINE,2026-01-15,0.0,0.0,0.0,mg,N,1
EX_042-S05-010_BASELINE,042-S05-010,S05,BASELINE,2026-01-15,100.0,100.0,100.0,mg,N,1
EX_042-S05-011_BASELINE,042-S05-011,S05,BASELINE,2026-01-15,100.0,100.0,100.0,mg,N,1
EX_042-S05-012_BASELINE,042-S05-012,S05,BASELINE,2026-01-15,0.0,0.0,0.0,mg,N,1
EX_042-S05-013_BASELINE,042-S05-013,S05,BASELINE,2026-01-15,100.0,100.0,100.0,mg,N,1
EX_042-S05-014_BASELINE,042-S05-014,S05,BASELINE,2026-01-15,100.0,100.0,100.0,mg,N,1
EX_042-S05-015_BASELINE,042-S05-015,S05,BASELINE,2026-01-15,0.0,0.0,0.0,mg,N,1
EX_042-S05-016_BASELINE,042-S05-016,S05,BASELINE,2026-01-15,100.0,100.0,100.0,mg,N,1
EX_042-S05-017_BASELINE,042-S05-017,S05,BASELINE,2026-01-15,100.0,100.0,100.0,mg,N,1
EX_042-S05-018_BASELINE,042-S05-018,S05,BASELINE,2026-01-15,0.0,0.0,0.0,mg,N,1
EX_042-S05-019_BASELINE,042-S05-019,S05,BASELINE,2026-01-15,100.0,100.0,100.0,mg,N,1
EX_042-S05-020_BASELINE,042-S05-020,S05,BASELINE,2026-01-15,100.0,100.0,100.0,mg,N,1
EX_042-S06-001_BASELINE,042-S06-001,S06,BASELINE,2026-01-15,100.0,100.0,100.0,mg,N,1
EX_042-S06-002_BASELINE,042-S06-002,S06,BASELINE,2026-01-15,100.0,100.0,100.0,mg,N,1
EX_042-S06-003_BASELINE,042-S06-003,S06,BASELINE,2026-01-15,0.0,0.0,0.0,mg,N,1
EX_042-S06-004_BASELINE,042-S06-004,S06,BASELINE,2026-01-15,100.0,100.0,100.0,mg,N,1
EX_042-S06-005_BASELINE,042-S06-005,S06,BASELINE,2026-01-15,100.0,100.0,100.0,mg,N,1
EX_042-S06-006_BASELINE,042-S06-006,S06,BASELINE,2026-01-15,0.0,0.0,0.0,mg,N,1
EX_042-S06-007_BASELINE,042-S06-007,S06,BASELINE,2026-01-15,100.0,100.0,100.0,mg,N,1
EX_042-S06-008_BASELINE,042-S06-008,S06,BASELINE,2026-01-15,100.0,100.0,100.0,mg,N,1
EX_042-S06-009_BASELINE,042-S06-009,S06,BASELINE,2026-01-15,0.0,0.0,0.0,mg,N,1
EX_042-S06-010_BASELINE,042-S06-010,S06,BASELINE,2026-01-15,100.0,100.0,100.0,mg,N,1
EX_042-S06-011_BASELINE,042-S06-011,S06,BASELINE,2026-01-15,100.0,100.0,100.0,mg,N,1
EX_042-S06-012_BASELINE,042-S06-012,S06,BASELINE,2026-01-15,0.0,0.0,0.0,mg,N,1
EX_042-S06-013_BASELINE,042-S06-013,S06,BASELINE,2026-01-15,100.0,100.0,100.0,mg,N,1
EX_042-S06-014_BASELINE,042-S06-014,S06,BASELINE,2026-01-15,100.0,100.0,100.0,mg,N,1
EX_042-S06-015_BASELINE,042-S06-015,S06,BASELINE,2026-01-15,0.0,0.0,0.0,mg,N,1
EX_042-S06-016_BASELINE,042-S06-016,S06,BASELINE,2026-01-15,100.0,100.0,100.0,mg,N,1
EX_042-S06-017_BASELINE,042-S06-017,S06,BASELINE,2026-01-15,100.0,100.0,100.0,mg,N,1
EX_042-S06-018_BASELINE,042-S06-018,S06,BASELINE,2026-01-15,0.0,0.0,0.0,mg,N,1
EX_042-S06-019_BASELINE,042-S06-019,S06,BASELINE,2026-01-15,100.0,100.0,100.0,mg,N,1
EX_042-S06-020_BASELINE,042-S06-020,S06,BASELINE,2026-01-15,100.0,100.0,100.0,mg,N,1
EX_042-S07-001_BASELINE,042-S07-001,S07,BASELINE,2026-01-15,100.0,100.0,100.0,mg,N,1
EX_042-S07-002_BASELINE,042-S07-002,S07,BASELINE,2026-01-15,100.0,100.0,100.0,mg,N,1
EX_042-S07-003_BASELINE,042-S07-003,S07,BASELINE,2026-01-15,0.0,0.0,0.0,mg,N,1
EX_042-S07-004_BASELINE,042-S07-004,S07,BASELINE,2026-01-15,100.0,100.0,100.0,mg,N,1
EX_042-S07-005_BASELINE,042-S07-005,S07,BASELINE,2026-01-15,100.0,100.0,100.0,mg,N,1
EX_042-S07-006_BASELINE,042-S07-006,S07,BASELINE,2026-01-15,0.0,0.0,0.0,mg,N,1
EX_042-S07-007_BASELINE,042-S07-007,S07,BASELINE,2026-01-15,100.0,100.0,100.0,mg,N,1
EX_042-S07-008_BASELINE,042-S07-008,S07,BASELINE,2026-01-15,100.0,100.0,100.0,mg,N,1
EX_042-S07-009_BASELINE,042-S07-009,S07,BASELINE,2026-01-15,0.0,0.0,0.0,mg,N,1
EX_042-S07-010_BASELINE,042-S07-010,S07,BASELINE,2026-01-15,100.0,100.0,100.0,mg,N,1
EX_042-S07-011_BASELINE,042-S07-011,S07,BASELINE,2026-01-15,100.0,100.0,100.0,mg,N,1
EX_042-S07-012_BASELINE,042-S07-012,S07,BASELINE,2026-01-15,0.0,0.0,0.0,mg,N,1
EX_042-S07-013_BASELINE,042-S07-013,S07,BASELINE,2026-01-15,100.0,100.0,100.0,mg,N,1
EX_042-S07-014_BASELINE,042-S07-014,S07,BASELINE,2026-01-15,100.0,100.0,100.0,mg,N,1
EX_042-S07-015_BASELINE,042-S07-015,S07,BASELINE,2026-01-15,0.0,0.0,0.0,mg,N,1
EX_042-S07-016_BASELINE,042-S07-016,S07,BASELINE,2026-01-15,100.0,100.0,100.0,mg,N,1
EX_042-S07-017_BASELINE,042-S07-017,S07,BASELINE,2026-01-15,100.0,100.0,100.0,mg,N,1
EX_042-S07-018_BASELINE,042-S07-018,S07,BASELINE,2026-01-15,0.0,0.0,0.0,mg,N,1
EX_042-S07-019_BASELINE,042-S07-019,S07,BASELINE,2026-01-15,100.0,100.0,100.0,mg,N,1
EX_042-S07-020_BASELINE,042-S07-020,S07,BASELINE,2026-01-15,100.0,100.0,100.0,mg,N,1
EX_042-S08-001_BASELINE,042-S08-001,S08,BASELINE,2026-01-15,100.0,100.0,100.0,mg,N,1
EX_042-S08-002_BASELINE,042-S08-002,S08,BASELINE,2026-01-15,100.0,100.0,100.0,mg,N,1
EX_042-S08-003_BASELINE,042-S08-003,S08,BASELINE,2026-01-15,0.0,0.0,0.0,mg,N,1
EX_042-S08-004_BASELINE,042-S08-004,S08,BASELINE,2026-01-15,100.0,100.0,100.0,mg,N,1
EX_042-S08-005_BASELINE,042-S08-005,S08,BASELINE,2026-01-15,100.0,100.0,100.0,mg,N,1
EX_042-S08-006_BASELINE,042-S08-006,S08,BASELINE,2026-01-15,0.0,0.0,0.0,mg,N,1
EX_042-S08-007_BASELINE,042-S08-007,S08,BASELINE,2026-01-15,100.0,100.0,100.0,mg,N,1
EX_042-S08-008_BASELINE,042-S08-008,S08,BASELINE,2026-01-15,100.0,100.0,100.0,mg,N,1
EX_042-S08-009_BASELINE,042-S08-009,S08,BASELINE,2026-01-15,0.0,0.0,0.0,mg,N,1
EX_042-S08-010_BASELINE,042-S08-010,S08,BASELINE,2026-01-15,100.0,100.0,100.0,mg,N,1
EX_042-S08-011_BASELINE,042-S08-011,S08,BASELINE,2026-01-15,100.0,100.0,100.0,mg,N,1
EX_042-S08-012_BASELINE,042-S08-012,S08,BASELINE,2026-01-15,0.0,0.0,0.0,mg,N,1
EX_042-S08-013_BASELINE,042-S08-013,S08,BASELINE,2026-01-15,100.0,100.0,100.0,mg,N,1
EX_042-S08-014_BASELINE,042-S08-014,S08,BASELINE,2026-01-15,100.0,100.0,100.0,mg,N,1
EX_042-S08-015_BASELINE,042-S08-015,S08,BASELINE,2026-01-15,0.0,0.0,0.0,mg,N,1
EX_042-S08-016_BASELINE,042-S08-016,S08,BASELINE,2026-01-15,100.0,100.0,100.0,mg,N,1
EX_042-S08-017_BASELINE,042-S08-017,S08,BASELINE,2026-01-15,100.0,100.0,100.0,mg,N,1
EX_042-S08-018_BASELINE,042-S08-018,S08,BASELINE,2026-01-15,0.0,0.0,0.0,mg,N,1
EX_042-S08-019_BASELINE,042-S08-019,S08,BASELINE,2026-01-15,100.0,100.0,100.0,mg,N,1
EX_042-S08-020_BASELINE,042-S08-020,S08,BASELINE,2026-01-15,100.0,100.0,100.0,mg,N,1
EX_042-S10-001_BASELINE,042-S10-001,S10,BASELINE,2026-01-15,100.0,100.0,100.0,mg,N,1
EX_042-S10-002_BASELINE,042-S10-002,S10,BASELINE,2026-01-15,100.0,100.0,100.0,mg,N,1
EX_042-S10-003_BASELINE,042-S10-003,S10,BASELINE,2026-01-15,0.0,0.0,0.0,mg,N,1
EX_042-S10-004_BASELINE,042-S10-004,S10,BASELINE,2026-01-15,100.0,100.0,100.0,mg,N,1
EX_042-S10-005_BASELINE,042-S10-005,S10,BASELINE,2026-01-15,100.0,100.0,100.0,mg,N,1
EX_042-S10-006_BASELINE,042-S10-006,S10,BASELINE,2026-01-15,0.0,0.0,0.0,mg,N,1
EX_042-S10-007_BASELINE,042-S10-007,S10,BASELINE,2026-01-15,100.0,100.0,100.0,mg,N,1
EX_042-S10-008_BASELINE,042-S10-008,S10,BASELINE,2026-01-15,100.0,100.0,100.0,mg,N,1
EX_042-S10-009_BASELINE,042-S10-009,S10,BASELINE,2026-01-15,0.0,0.0,0.0,mg,N,1
EX_042-S10-010_BASELINE,042-S10-010,S10,BASELINE,2026-01-15,100.0,100.0,100.0,mg,N,1
EX_042-S10-011_BASELINE,042-S10-011,S10,BASELINE,2026-01-15,100.0,100.0,100.0,mg,N,1
EX_042-S10-012_BASELINE,042-S10-012,S10,BASELINE,2026-01-15,0.0,0.0,0.0,mg,N,1
EX_042-S10-013_BASELINE,042-S10-013,S10,BASELINE,2026-01-15,100.0,100.0,100.0,mg,N,1
EX_042-S10-014_BASELINE,042-S10-014,S10,BASELINE,2026-01-15,100.0,100.0,100.0,mg,N,1
EX_042-S10-015_BASELINE,042-S10-015,S10,BASELINE,2026-01-15,0.0,0.0,0.0,mg,N,1
EX_042-S10-016_BASELINE,042-S10-016,S10,BASELINE,2026-01-15,100.0,100.0,100.0,mg,N,1
EX_042-S10-017_BASELINE,042-S10-017,S10,BASELINE,2026-01-15,100.0,100.0,100.0,mg,N,1
EX_042-S10-018_BASELINE,042-S10-018,S10,BASELINE,2026-01-15,0.0,0.0,0.0,mg,N,1
EX_042-S10-019_BASELINE,042-S10-019,S10,BASELINE,2026-01-15,100.0,100.0,100.0,mg,N,1
EX_042-S10-020_BASELINE,042-S10-020,S10,BASELINE,2026-01-15,100.0,100.0,100.0,mg,N,1
EX_042-S11-001_BASELINE,042-S11-001,S11,BASELINE,2026-01-15,100.0,100.0,100.0,mg,N,1
EX_042-S11-002_BASELINE,042-S11-002,S11,BASELINE,2026-01-15,100.0,100.0,100.0,mg,N,1
EX_042-S11-003_BASELINE,042-S11-003,S11,BASELINE,2026-01-15,0.0,0.0,0.0,mg,N,1
EX_042-S11-004_BASELINE,042-S11-004,S11,BASELINE,2026-01-15,100.0,100.0,100.0,mg,N,1
EX_042-S11-005_BASELINE,042-S11-005,S11,BASELINE,2026-01-15,100.0,100.0,100.0,mg,N,1
EX_042-S11-006_BASELINE,042-S11-006,S11,BASELINE,2026-01-15,0.0,0.0,0.0,mg,N,1
EX_042-S11-007_BASELINE,042-S11-007,S11,BASELINE,2026-01-15,100.0,100.0,100.0,mg,N,1
EX_042-S11-008_BASELINE,042-S11-008,S11,BASELINE,2026-01-15,100.0,100.0,100.0,mg,N,1
EX_042-S11-009_BASELINE,042-S11-009,S11,BASELINE,2026-01-15,0.0,0.0,0.0,mg,N,1
EX_042-S11-010_BASELINE,042-S11-010,S11,BASELINE,2026-01-15,100.0,100.0,100.0,mg,N,1
EX_042-S11-011_BASELINE,042-S11-011,S11,BASELINE,2026-01-15,100.0,100.0,100.0,mg,N,1
EX_042-S11-012_BASELINE,042-S11-012,S11,BASELINE,2026-01-15,0.0,0.0,0.0,mg,N,1
EX_042-S11-013_BASELINE,042-S11-013,S11,BASELINE,2026-01-15,100.0,100.0,100.0,mg,N,1
EX_042-S11-014_BASELINE,042-S11-014,S11,BASELINE,2026-01-15,100.0,100.0,100.0,mg,N,1
EX_042-S11-015_BASELINE,042-S11-015,S11,BASELINE,2026-01-15,0.0,0.0,0.0,mg,N,1
EX_042-S11-016_BASELINE,042-S11-016,S11,BASELINE,2026-01-15,100.0,100.0,100.0,mg,N,1
EX_042-S11-017_BASELINE,042-S11-017,S11,BASELINE,2026-01-15,100.0,100.0,100.0,mg,N,1
EX_042-S11-018_BASELINE,042-S11-018,S11,BASELINE,2026-01-15,0.0,0.0,0.0,mg,N,1
EX_042-S11-019_BASELINE,042-S11-019,S11,BASELINE,2026-01-15,100.0,100.0,100.0,mg,N,1
EX_042-S11-020_BASELINE,042-S11-020,S11,BASELINE,2026-01-15,100.0,100.0,100.0,mg,N,1
EX_042-S12-001_BASELINE,042-S12-001,S12,BASELINE,2026-01-15,100.0,100.0,100.0,mg,N,1
EX_042-S12-002_BASELINE,042-S12-002,S12,BASELINE,2026-01-15,100.0,100.0,100.0,mg,N,1
EX_042-S12-003_BASELINE,042-S12-003,S12,BASELINE,2026-01-15,0.0,0.0,0.0,mg,N,1
EX_042-S12-004_BASELINE,042-S12-004,S12,BASELINE,2026-01-15,100.0,100.0,100.0,mg,N,1
EX_042-S12-005_BASELINE,042-S12-005,S12,BASELINE,2026-01-15,100.0,100.0,100.0,mg,N,1
EX_042-S12-006_BASELINE,042-S12-006,S12,BASELINE,2026-01-15,0.0,0.0,0.0,mg,N,1
EX_042-S12-007_BASELINE,042-S12-007,S12,BASELINE,2026-01-15,100.0,100.0,100.0,mg,N,1
EX_042-S12-008_BASELINE,042-S12-008,S12,BASELINE,2026-01-15,100.0,100.0,100.0,mg,N,1
EX_042-S12-009_BASELINE,042-S12-009,S12,BASELINE,2026-01-15,0.0,0.0,0.0,mg,N,1
EX_042-S12-010_BASELINE,042-S12-010,S12,BASELINE,2026-01-15,100.0,100.0,100.0,mg,N,1
EX_042-S12-011_BASELINE,042-S12-011,S12,BASELINE,2026-01-15,100.0,100.0,100.0,mg,N,1
EX_042-S12-012_BASELINE,042-S12-012,S12,BASELINE,2026-01-15,0.0,0.0,0.0,mg,N,1
EX_042-S12-013_BASELINE,042-S12-013,S12,BASELINE,2026-01-15,100.0,100.0,100.0,mg,N,1
EX_042-S12-014_BASELINE,042-S12-014,S12,BASELINE,2026-01-15,100.0,100.0,100.0,mg,N,1
EX_042-S12-015_BASELINE,042-S12-015,S12,BASELINE,2026-01-15,0.0,0.0,0.0,mg,N,1
EX_042-S12-016_BASELINE,042-S12-016,S12,BASELINE,2026-01-15,100.0,100.0,100.0,mg,N,1
EX_042-S12-017_BASELINE,042-S12-017,S12,BASELINE,2026-01-15,100.0,100.0,100.0,mg,N,1
EX_042-S12-018_BASELINE,042-S12-018,S12,BASELINE,2026-01-15,0.0,0.0,0.0,mg,N,1
EX_042-S12-019_BASELINE,042-S12-019,S12,BASELINE,2026-01-15,100.0,100.0,100.0,mg,N,1
EX_042-S12-020_BASELINE,042-S12-020,S12,BASELINE,2026-01-15,100.0,100.0,100.0,mg,N,1
EX_042-S01-001_WEEK2,042-S01-001,S01,WEEK2,2026-02-01,100.0,100.0,100.0,mg,N,2
EX_042-S01-002_WEEK2,042-S01-002,S01,WEEK2,2026-02-01,100.0,100.0,100.0,mg,N,2
EX_042-S01-003_WEEK2,042-S01-003,S01,WEEK2,2026-02-01,0.0,0.0,0.0,mg,N,2
EX_042-S01-004_WEEK2,042-S01-004,S01,WEEK2,2026-02-01,100.0,100.0,100.0,mg,N,2
EX_042-S01-005_WEEK2,042-S01-005,S01,WEEK2,2026-02-01,100.0,100.0,100.0,mg,N,2
EX_042-S01-006_WEEK2,042-S01-006,S01,WEEK2,2026-02-01,0.0,0.0,0.0,mg,N,2
EX_042-S01-007_WEEK2,042-S01-007,S01,WEEK2,2026-02-01,100.0,100.0,100.0,mg,N,2
EX_042-S01-008_WEEK2,042-S01-008,S01,WEEK2,2026-02-01,100.0,100.0,100.0,mg,N,2
EX_042-S01-009_WEEK2,042-S01-009,S01,WEEK2,2026-02-01,0.0,0.0,0.0,mg,N,2
EX_042-S01-010_WEEK2,042-S01-010,S01,WEEK2,2026-02-01,100.0,100.0,100.0,mg,N,2
EX_042-S01-011_WEEK2,042-S01-011,S01,WEEK2,2026-02-01,100.0,100.0,100.0,mg,N,2
EX_042-S01-012_WEEK2,042-S01-012,S01,WEEK2,2026-02-01,0.0,0.0,0.0,mg,N,2
EX_042-S01-013_WEEK2,042-S01-013,S01,WEEK2,2026-02-01,100.0,100.0,100.0,mg,N,2
EX_042-S01-014_WEEK2,042-S01-014,S01,WEEK2,2026-02-01,100.0,100.0,100.0,mg,N,2
EX_042-S01-015_WEEK2,042-S01-015,S01,WEEK2,2026-02-01,0.0,0.0,0.0,mg,N,2
EX_042-S01-016_WEEK2,042-S01-016,S01,WEEK2,2026-02-01,100.0,100.0,100.0,mg,N,2
EX_042-S01-017_WEEK2,042-S01-017,S01,WEEK2,2026-02-01,100.0,100.0,100.0,mg,N,2
EX_042-S01-018_WEEK2,042-S01-018,S01,WEEK2,2026-02-01,0.0,0.0,0.0,mg,N,2
EX_042-S01-019_WEEK2,042-S01-019,S01,WEEK2,2026-02-01,100.0,100.0,100.0,mg,N,2
EX_042-S01-020_WEEK2,042-S01-020,S01,WEEK2,2026-02-01,100.0,100.0,100.0,mg,N,2
EX_042-S01-021_WEEK2,042-S01-021,S01,WEEK2,2026-02-01,0.0,0.0,0.0,mg,N,2
EX_042-S02-001_WEEK2,042-S02-001,S02,WEEK2,2026-02-01,100.0,100.0,100.0,mg,N,2
EX_042-S02-002_WEEK2,042-S02-002,S02,WEEK2,2026-02-01,100.0,100.0,100.0,mg,N,2
EX_042-S02-003_WEEK2,042-S02-003,S02,WEEK2,2026-02-01,0.0,0.0,0.0,mg,N,2
EX_042-S02-004_WEEK2,042-S02-004,S02,WEEK2,2026-02-01,100.0,100.0,100.0,mg,N,2
EX_042-S02-005_WEEK2,042-S02-005,S02,WEEK2,2026-02-01,100.0,100.0,100.0,mg,N,2
EX_042-S02-006_WEEK2,042-S02-006,S02,WEEK2,2026-02-01,0.0,0.0,0.0,mg,N,2
EX_042-S02-007_WEEK2,042-S02-007,S02,WEEK2,2026-02-01,100.0,100.0,100.0,mg,N,2
EX_042-S02-008_WEEK2,042-S02-008,S02,WEEK2,2026-02-01,100.0,100.0,100.0,mg,N,2
EX_042-S02-009_WEEK2,042-S02-009,S02,WEEK2,2026-02-01,0.0,0.0,0.0,mg,N,2
EX_042-S02-010_WEEK2,042-S02-010,S02,WEEK2,2026-02-01,100.0,100.0,100.0,mg,N,2
EX_042-S02-011_WEEK2,042-S02-011,S02,WEEK2,2026-02-01,100.0,100.0,100.0,mg,N,2
EX_042-S02-012_WEEK2,042-S02-012,S02,WEEK2,2026-02-01,0.0,0.0,0.0,mg,N,2
EX_042-S02-013_WEEK2,042-S02-013,S02,WEEK2,2026-02-01,100.0,100.0,100.0,mg,N,2
EX_042-S02-014_WEEK2,042-S02-014,S02,WEEK2,2026-02-01,100.0,100.0,100.0,mg,N,2
EX_042-S02-015_WEEK2,042-S02-015,S02,WEEK2,2026-02-01,0.0,0.0,0.0,mg,N,2
EX_042-S02-016_WEEK2,042-S02-016,S02,WEEK2,2026-02-01,100.0,100.0,100.0,mg,N,2
EX_042-S02-017_WEEK2,042-S02-017,S02,WEEK2,2026-02-01,100.0,100.0,100.0,mg,N,2
EX_042-S02-018_WEEK2,042-S02-018,S02,WEEK2,2026-02-01,0.0,0.0,0.0,mg,N,2
EX_042-S02-019_WEEK2,042-S02-019,S02,WEEK2,2026-02-01,100.0,100.0,100.0,mg,N,2
EX_042-S02-020_WEEK2,042-S02-020,S02,WEEK2,2026-02-01,100.0,100.0,100.0,mg,N,2
EX_042-S03-001_WEEK2,042-S03-001,S03,WEEK2,2026-02-01,100.0,100.0,100.0,mg,N,2
EX_042-S03-002_WEEK2,042-S03-002,S03,WEEK2,2026-02-01,100.0,100.0,100.0,mg,N,2
EX_042-S03-003_WEEK2,042-S03-003,S03,WEEK2,2026-02-01,0.0,0.0,0.0,mg,N,2
EX_042-S03-004_WEEK2,042-S03-004,S03,WEEK2,2026-02-01,100.0,100.0,100.0,mg,N,2
EX_042-S03-005_WEEK2,042-S03-005,S03,WEEK2,2026-02-01,100.0,100.0,100.0,mg,N,2
EX_042-S03-006_WEEK2,042-S03-006,S03,WEEK2,2026-02-01,0.0,0.0,0.0,mg,N,2
EX_042-S03-007_WEEK2,042-S03-007,S03,WEEK2,2026-02-01,100.0,100.0,100.0,mg,N,2
EX_042-S03-008_WEEK2,042-S03-008,S03,WEEK2,2026-02-01,100.0,100.0,100.0,mg,N,2
EX_042-S03-009_WEEK2,042-S03-009,S03,WEEK2,2026-02-01,0.0,0.0,0.0,mg,N,2
EX_042-S03-010_WEEK2,042-S03-010,S03,WEEK2,2026-02-01,100.0,100.0,100.0,mg,N,2
EX_042-S03-011_WEEK2,042-S03-011,S03,WEEK2,2026-02-01,100.0,100.0,100.0,mg,N,2
EX_042-S03-012_WEEK2,042-S03-012,S03,WEEK2,2026-02-01,0.0,0.0,0.0,mg,N,2
EX_042-S03-013_WEEK2,042-S03-013,S03,WEEK2,2026-02-01,100.0,100.0,100.0,mg,N,2
EX_042-S03-014_WEEK2,042-S03-014,S03,WEEK2,2026-02-01,100.0,100.0,100.0,mg,N,2
EX_042-S03-015_WEEK2,042-S03-015,S03,WEEK2,2026-02-01,0.0,0.0,0.0,mg,N,2
EX_042-S03-016_WEEK2,042-S03-016,S03,WEEK2,2026-02-01,100.0,100.0,100.0,mg,N,2
EX_042-S03-017_WEEK2,042-S03-017,S03,WEEK2,2026-02-01,100.0,100.0,100.0,mg,N,2
EX_042-S03-018_WEEK2,042-S03-018,S03,WEEK2,2026-02-01,0.0,0.0,0.0,mg,N,2
EX_042-S03-019_WEEK2,042-S03-019,S03,WEEK2,2026-02-01,100.0,100.0,100.0,mg,N,2
EX_042-S03-020_WEEK2,042-S03-020,S03,WEEK2,2026-02-01,100.0,100.0,100.0,mg,N,2
EX_042-S05-001_WEEK2,042-S05-001,S05,WEEK2,2026-02-01,100.0,100.0,100.0,mg,N,2
EX_042-S05-002_WEEK2,042-S05-002,S05,WEEK2,2026-02-01,100.0,100.0,100.0,mg,N,2
EX_042-S05-003_WEEK2,042-S05-003,S05,WEEK2,2026-02-01,0.0,0.0,0.0,mg,N,2
EX_042-S05-004_WEEK2,042-S05-004,S05,WEEK2,2026-02-01,100.0,100.0,100.0,mg,N,2
EX_042-S05-005_WEEK2,042-S05-005,S05,WEEK2,2026-02-01,100.0,100.0,100.0,mg,N,2
EX_042-S05-006_WEEK2,042-S05-006,S05,WEEK2,2026-02-01,0.0,0.0,0.0,mg,N,2
EX_042-S05-007_WEEK2,042-S05-007,S05,WEEK2,2026-02-01,100.0,100.0,100.0,mg,N,2
EX_042-S05-008_WEEK2,042-S05-008,S05,WEEK2,2026-02-01,100.0,100.0,100.0,mg,N,2
EX_042-S05-009_WEEK2,042-S05-009,S05,WEEK2,2026-02-01,0.0,0.0,0.0,mg,N,2
EX_042-S05-010_WEEK2,042-S05-010,S05,WEEK2,2026-02-01,100.0,100.0,100.0,mg,N,2
EX_042-S05-011_WEEK2,042-S05-011,S05,WEEK2,2026-02-01,100.0,100.0,100.0,mg,N,2
EX_042-S05-012_WEEK2,042-S05-012,S05,WEEK2,2026-02-01,0.0,0.0,0.0,mg,N,2
EX_042-S05-013_WEEK2,042-S05-013,S05,WEEK2,2026-02-01,100.0,100.0,100.0,mg,N,2
EX_042-S05-014_WEEK2,042-S05-014,S05,WEEK2,2026-02-01,100.0,100.0,100.0,mg,N,2
EX_042-S05-015_WEEK2,042-S05-015,S05,WEEK2,2026-02-01,0.0,0.0,0.0,mg,N,2
EX_042-S05-016_WEEK2,042-S05-016,S05,WEEK2,2026-02-01,100.0,100.0,100.0,mg,N,2
EX_042-S05-017_WEEK2,042-S05-017,S05,WEEK2,2026-02-01,100.0,100.0,100.0,mg,N,2
EX_042-S05-018_WEEK2,042-S05-018,S05,WEEK2,2026-02-01,0.0,0.0,0.0,mg,N,2
EX_042-S05-019_WEEK2,042-S05-019,S05,WEEK2,2026-02-01,100.0,100.0,100.0,mg,N,2
EX_042-S05-020_WEEK2,042-S05-020,S05,WEEK2,2026-02-01,100.0,100.0,100.0,mg,N,2
EX_042-S06-001_WEEK2,042-S06-001,S06,WEEK2,2026-02-01,100.0,100.0,100.0,mg,N,2
EX_042-S06-002_WEEK2,042-S06-002,S06,WEEK2,2026-02-01,100.0,100.0,100.0,mg,N,2
EX_042-S06-003_WEEK2,042-S06-003,S06,WEEK2,2026-02-01,0.0,0.0,0.0,mg,N,2
EX_042-S06-004_WEEK2,042-S06-004,S06,WEEK2,2026-02-01,100.0,100.0,100.0,mg,N,2
EX_042-S06-005_WEEK2,042-S06-005,S06,WEEK2,2026-02-01,100.0,100.0,100.0,mg,N,2
EX_042-S06-006_WEEK2,042-S06-006,S06,WEEK2,2026-02-01,0.0,0.0,0.0,mg,N,2
EX_042-S06-007_WEEK2,042-S06-007,S06,WEEK2,2026-02-01,100.0,100.0,100.0,mg,N,2
EX_042-S06-008_WEEK2,042-S06-008,S06,WEEK2,2026-02-01,100.0,100.0,100.0,mg,N,2
EX_042-S06-009_WEEK2,042-S06-009,S06,WEEK2,2026-02-01,0.0,0.0,0.0,mg,N,2
EX_042-S06-010_WEEK2,042-S06-010,S06,WEEK2,2026-02-01,100.0,100.0,100.0,mg,N,2
EX_042-S06-011_WEEK2,042-S06-011,S06,WEEK2,2026-02-01,100.0,100.0,100.0,mg,N,2
EX_042-S06-012_WEEK2,042-S06-012,S06,WEEK2,2026-02-01,0.0,0.0,0.0,mg,N,2
EX_042-S06-013_WEEK2,042-S06-013,S06,WEEK2,2026-02-01,100.0,100.0,100.0,mg,N,2
EX_042-S06-014_WEEK2,042-S06-014,S06,WEEK2,2026-02-01,100.0,100.0,100.0,mg,N,2
EX_042-S06-015_WEEK2,042-S06-015,S06,WEEK2,2026-02-01,0.0,0.0,0.0,mg,N,2
EX_042-S06-016_WEEK2,042-S06-016,S06,WEEK2,2026-02-01,100.0,100.0,100.0,mg,N,2
EX_042-S06-017_WEEK2,042-S06-017,S06,WEEK2,2026-02-01,100.0,100.0,100.0,mg,N,2
EX_042-S06-018_WEEK2,042-S06-018,S06,WEEK2,2026-02-01,0.0,0.0,0.0,mg,N,2
EX_042-S06-019_WEEK2,042-S06-019,S06,WEEK2,2026-02-01,100.0,100.0,100.0,mg,N,2
EX_042-S06-020_WEEK2,042-S06-020,S06,WEEK2,2026-02-01,100.0,100.0,100.0,mg,N,2
EX_042-S07-001_WEEK2,042-S07-001,S07,WEEK2,2026-02-01,100.0,100.0,100.0,mg,N,2
EX_042-S07-002_WEEK2,042-S07-002,S07,WEEK2,2026-02-01,100.0,100.0,100.0,mg,N,2
EX_042-S07-003_WEEK2,042-S07-003,S07,WEEK2,2026-02-01,0.0,0.0,0.0,mg,N,2
EX_042-S07-004_WEEK2,042-S07-004,S07,WEEK2,2026-02-01,100.0,100.0,100.0,mg,N,2
EX_042-S07-005_WEEK2,042-S07-005,S07,WEEK2,2026-02-01,100.0,100.0,100.0,mg,N,2
EX_042-S07-006_WEEK2,042-S07-006,S07,WEEK2,2026-02-01,0.0,0.0,0.0,mg,N,2
EX_042-S07-007_WEEK2,042-S07-007,S07,WEEK2,2026-02-01,100.0,100.0,100.0,mg,N,2
EX_042-S07-008_WEEK2,042-S07-008,S07,WEEK2,2026-02-01,100.0,100.0,100.0,mg,N,2
EX_042-S07-009_WEEK2,042-S07-009,S07,WEEK2,2026-02-01,0.0,0.0,0.0,mg,N,2
EX_042-S07-010_WEEK2,042-S07-010,S07,WEEK2,2026-02-01,100.0,100.0,100.0,mg,N,2
EX_042-S07-011_WEEK2,042-S07-011,S07,WEEK2,2026-02-01,100.0,100.0,100.0,mg,N,2
EX_042-S07-012_WEEK2,042-S07-012,S07,WEEK2,2026-02-01,0.0,0.0,0.0,mg,N,2
EX_042-S07-013_WEEK2,042-S07-013,S07,WEEK2,2026-02-01,100.0,100.0,100.0,mg,N,2
EX_042-S07-014_WEEK2,042-S07-014,S07,WEEK2,2026-02-01,100.0,100.0,100.0,mg,N,2
EX_042-S07-015_WEEK2,042-S07-015,S07,WEEK2,2026-02-01,0.0,0.0,0.0,mg,N,2
EX_042-S07-016_WEEK2,042-S07-016,S07,WEEK2,2026-02-01,100.0,100.0,100.0,mg,N,2
EX_042-S07-017_WEEK2,042-S07-017,S07,WEEK2,2026-02-01,100.0,100.0,100.0,mg,N,2
EX_042-S07-018_WEEK2,042-S07-018,S07,WEEK2,2026-02-01,0.0,0.0,0.0,mg,N,2
EX_042-S07-019_WEEK2,042-S07-019,S07,WEEK2,2026-02-01,100.0,100.0,100.0,mg,N,2
EX_042-S07-020_WEEK2,042-S07-020,S07,WEEK2,2026-02-01,100.0,100.0,100.0,mg,N,2
EX_042-S08-001_WEEK2,042-S08-001,S08,WEEK2,2026-02-01,100.0,100.0,100.0,mg,N,2
EX_042-S08-002_WEEK2,042-S08-002,S08,WEEK2,2026-02-01,100.0,100.0,100.0,mg,N,2
EX_042-S08-003_WEEK2,042-S08-003,S08,WEEK2,2026-02-01,0.0,0.0,0.0,mg,N,2
EX_042-S08-004_WEEK2,042-S08-004,S08,WEEK2,2026-02-01,100.0,100.0,100.0,mg,N,2
EX_042-S08-005_WEEK2,042-S08-005,S08,WEEK2,2026-02-01,100.0,100.0,100.0,mg,N,2
EX_042-S08-006_WEEK2,042-S08-006,S08,WEEK2,2026-02-01,0.0,0.0,0.0,mg,N,2
EX_042-S08-007_WEEK2,042-S08-007,S08,WEEK2,2026-02-01,100.0,100.0,100.0,mg,N,2
EX_042-S08-008_WEEK2,042-S08-008,S08,WEEK2,2026-02-01,100.0,100.0,100.0,mg,N,2
EX_042-S08-009_WEEK2,042-S08-009,S08,WEEK2,2026-02-01,0.0,0.0,0.0,mg,N,2
EX_042-S08-010_WEEK2,042-S08-010,S08,WEEK2,2026-02-01,100.0,100.0,100.0,mg,N,2
EX_042-S08-011_WEEK2,042-S08-011,S08,WEEK2,2026-02-01,100.0,100.0,100.0,mg,N,2
EX_042-S08-012_WEEK2,042-S08-012,S08,WEEK2,2026-02-01,0.0,0.0,0.0,mg,N,2
EX_042-S08-013_WEEK2,042-S08-013,S08,WEEK2,2026-02-01,100.0,100.0,100.0,mg,N,2
EX_042-S08-014_WEEK2,042-S08-014,S08,WEEK2,2026-02-01,100.0,100.0,100.0,mg,N,2
EX_042-S08-015_WEEK2,042-S08-015,S08,WEEK2,2026-02-01,0.0,0.0,0.0,mg,N,2
EX_042-S08-016_WEEK2,042-S08-016,S08,WEEK2,2026-02-01,100.0,100.0,100.0,mg,N,2
EX_042-S08-017_WEEK2,042-S08-017,S08,WEEK2,2026-02-01,100.0,100.0,100.0,mg,N,2
EX_042-S08-018_WEEK2,042-S08-018,S08,WEEK2,2026-02-01,0.0,0.0,0.0,mg,N,2
EX_042-S08-019_WEEK2,042-S08-019,S08,WEEK2,2026-02-01,100.0,100.0,100.0,mg,N,2
EX_042-S08-020_WEEK2,042-S08-020,S08,WEEK2,2026-02-01,100.0,100.0,100.0,mg,N,2
EX_042-S10-001_WEEK2,042-S10-001,S10,WEEK2,2026-02-01,100.0,100.0,100.0,mg,N,2
EX_042-S10-002_WEEK2,042-S10-002,S10,WEEK2,2026-02-01,100.0,100.0,100.0,mg,N,2
EX_042-S10-003_WEEK2,042-S10-003,S10,WEEK2,2026-02-01,0.0,0.0,0.0,mg,N,2
EX_042-S10-004_WEEK2,042-S10-004,S10,WEEK2,2026-02-01,100.0,100.0,100.0,mg,N,2
EX_042-S10-005_WEEK2,042-S10-005,S10,WEEK2,2026-02-01,100.0,100.0,100.0,mg,N,2
EX_042-S10-006_WEEK2,042-S10-006,S10,WEEK2,2026-02-01,0.0,0.0,0.0,mg,N,2
EX_042-S10-007_WEEK2,042-S10-007,S10,WEEK2,2026-02-01,100.0,100.0,100.0,mg,N,2
EX_042-S10-008_WEEK2,042-S10-008,S10,WEEK2,2026-02-01,100.0,100.0,100.0,mg,N,2
EX_042-S10-009_WEEK2,042-S10-009,S10,WEEK2,2026-02-01,0.0,0.0,0.0,mg,N,2
EX_042-S10-010_WEEK2,042-S10-010,S10,WEEK2,2026-02-01,100.0,100.0,100.0,mg,N,2
EX_042-S10-011_WEEK2,042-S10-011,S10,WEEK2,2026-02-01,100.0,100.0,100.0,mg,N,2
EX_042-S10-012_WEEK2,042-S10-012,S10,WEEK2,2026-02-01,0.0,0.0,0.0,mg,N,2
EX_042-S10-013_WEEK2,042-S10-013,S10,WEEK2,2026-02-01,100.0,100.0,100.0,mg,N,2
EX_042-S10-014_WEEK2,042-S10-014,S10,WEEK2,2026-02-01,100.0,100.0,100.0,mg,N,2
EX_042-S10-015_WEEK2,042-S10-015,S10,WEEK2,2026-02-01,0.0,0.0,0.0,mg,N,2
EX_042-S10-016_WEEK2,042-S10-016,S10,WEEK2,2026-02-01,100.0,100.0,100.0,mg,N,2
EX_042-S10-017_WEEK2,042-S10-017,S10,WEEK2,2026-02-01,100.0,100.0,100.0,mg,N,2
EX_042-S10-018_WEEK2,042-S10-018,S10,WEEK2,2026-02-01,0.0,0.0,0.0,mg,N,2
EX_042-S10-019_WEEK2,042-S10-019,S10,WEEK2,2026-02-01,100.0,100.0,100.0,mg,N,2
EX_042-S10-020_WEEK2,042-S10-020,S10,WEEK2,2026-02-01,100.0,100.0,100.0,mg,N,2
EX_042-S11-001_WEEK2,042-S11-001,S11,WEEK2,2026-02-01,100.0,100.0,100.0,mg,N,2
EX_042-S11-002_WEEK2,042-S11-002,S11,WEEK2,2026-02-01,100.0,100.0,100.0,mg,N,2
EX_042-S11-003_WEEK2,042-S11-003,S11,WEEK2,2026-02-01,0.0,0.0,0.0,mg,N,2
EX_042-S11-004_WEEK2,042-S11-004,S11,WEEK2,2026-02-01,100.0,100.0,100.0,mg,N,2
EX_042-S11-005_WEEK2,042-S11-005,S11,WEEK2,2026-02-01,100.0,100.0,100.0,mg,N,2
EX_042-S11-006_WEEK2,042-S11-006,S11,WEEK2,2026-02-01,0.0,0.0,0.0,mg,N,2
EX_042-S11-007_WEEK2,042-S11-007,S11,WEEK2,2026-02-01,100.0,100.0,100.0,mg,N,2
EX_042-S11-008_WEEK2,042-S11-008,S11,WEEK2,2026-02-01,100.0,100.0,100.0,mg,N,2
EX_042-S11-009_WEEK2,042-S11-009,S11,WEEK2,2026-02-01,0.0,0.0,0.0,mg,N,2
EX_042-S11-010_WEEK2,042-S11-010,S11,WEEK2,2026-02-01,100.0,100.0,100.0,mg,N,2
EX_042-S11-011_WEEK2,042-S11-011,S11,WEEK2,2026-02-01,100.0,100.0,100.0,mg,N,2
EX_042-S11-012_WEEK2,042-S11-012,S11,WEEK2,2026-02-01,0.0,0.0,0.0,mg,N,2
EX_042-S11-013_WEEK2,042-S11-013,S11,WEEK2,2026-02-01,100.0,100.0,100.0,mg,N,2
EX_042-S11-014_WEEK2,042-S11-014,S11,WEEK2,2026-02-01,100.0,100.0,100.0,mg,N,2
EX_042-S11-015_WEEK2,042-S11-015,S11,WEEK2,2026-02-01,0.0,0.0,0.0,mg,N,2
EX_042-S11-016_WEEK2,042-S11-016,S11,WEEK2,2026-02-01,100.0,100.0,100.0,mg,N,2
EX_042-S11-017_WEEK2,042-S11-017,S11,WEEK2,2026-02-01,100.0,100.0,100.0,mg,N,2
EX_042-S11-018_WEEK2,042-S11-018,S11,WEEK2,2026-02-01,0.0,0.0,0.0,mg,N,2
EX_042-S11-019_WEEK2,042-S11-019,S11,WEEK2,2026-02-01,100.0,100.0,100.0,mg,N,2
EX_042-S11-020_WEEK2,042-S11-020,S11,WEEK2,2026-02-01,100.0,100.0,100.0,mg,N,2
EX_042-S12-001_WEEK2,042-S12-001,S12,WEEK2,2026-02-01,100.0,100.0,100.0,mg,N,2
EX_042-S12-002_WEEK2,042-S12-002,S12,WEEK2,2026-02-01,100.0,100.0,100.0,mg,N,2
EX_042-S12-003_WEEK2,042-S12-003,S12,WEEK2,2026-02-01,0.0,0.0,0.0,mg,N,2
EX_042-S12-004_WEEK2,042-S12-004,S12,WEEK2,2026-02-01,100.0,100.0,100.0,mg,N,2
EX_042-S12-005_WEEK2,042-S12-005,S12,WEEK2,2026-02-01,100.0,100.0,100.0,mg,N,2
EX_042-S12-006_WEEK2,042-S12-006,S12,WEEK2,2026-02-01,0.0,0.0,0.0,mg,N,2
EX_042-S12-007_WEEK2,042-S12-007,S12,WEEK2,2026-02-01,100.0,100.0,100.0,mg,N,2
EX_042-S12-008_WEEK2,042-S12-008,S12,WEEK2,2026-02-01,100.0,100.0,100.0,mg,N,2
EX_042-S12-009_WEEK2,042-S12-009,S12,WEEK2,2026-02-01,0.0,0.0,0.0,mg,N,2
EX_042-S12-010_WEEK2,042-S12-010,S12,WEEK2,2026-02-01,100.0,100.0,100.0,mg,N,2
EX_042-S12-011_WEEK2,042-S12-011,S12,WEEK2,2026-02-01,100.0,100.0,100.0,mg,N,2
EX_042-S12-012_WEEK2,042-S12-012,S12,WEEK2,2026-02-01,0.0,0.0,0.0,mg,N,2
EX_042-S12-013_WEEK2,042-S12-013,S12,WEEK2,2026-02-01,100.0,100.0,100.0,mg,N,2
EX_042-S12-014_WEEK2,042-S12-014,S12,WEEK2,2026-02-01,100.0,100.0,100.0,mg,N,2
EX_042-S12-015_WEEK2,042-S12-015,S12,WEEK2,2026-02-01,0.0,0.0,0.0,mg,N,2
EX_042-S12-016_WEEK2,042-S12-016,S12,WEEK2,2026-02-01,100.0,100.0,100.0,mg,N,2
EX_042-S12-017_WEEK2,042-S12-017,S12,WEEK2,2026-02-01,100.0,100.0,100.0,mg,N,2
EX_042-S12-018_WEEK2,042-S12-018,S12,WEEK2,2026-02-01,0.0,0.0,0.0,mg,N,2
EX_042-S12-019_WEEK2,042-S12-019,S12,WEEK2,2026-02-01,100.0,100.0,100.0,mg,N,2
EX_042-S12-020_WEEK2,042-S12-020,S12,WEEK2,2026-02-01,100.0,100.0,100.0,mg,N,2
EX_042-S01-001_WEEK4,042-S01-001,S01,WEEK4,2026-02-24,100.0,100.0,100.0,mg,N,3
EX_042-S01-002_WEEK4,042-S01-002,S01,WEEK4,2026-02-24,100.0,100.0,100.0,mg,N,3
EX_042-S01-003_WEEK4,042-S01-003,S01,WEEK4,2026-02-24,0.0,0.0,0.0,mg,N,3
EX_042-S01-004_WEEK4,042-S01-004,S01,WEEK4,2026-02-24,100.0,100.0,100.0,mg,N,3
EX_042-S01-005_WEEK4,042-S01-005,S01,WEEK4,2026-02-24,100.0,100.0,100.0,mg,N,3
EX_042-S01-006_WEEK4,042-S01-006,S01,WEEK4,2026-02-24,0.0,0.0,0.0,mg,N,3
EX_042-S01-007_WEEK4,042-S01-007,S01,WEEK4,2026-02-24,100.0,100.0,100.0,mg,N,3
EX_042-S01-008_WEEK4,042-S01-008,S01,WEEK4,2026-02-24,100.0,100.0,100.0,mg,N,3
EX_042-S01-009_WEEK4,042-S01-009,S01,WEEK4,2026-02-24,0.0,0.0,0.0,mg,N,3
EX_042-S01-010_WEEK4,042-S01-010,S01,WEEK4,2026-02-24,100.0,100.0,100.0,mg,N,3
EX_042-S01-011_WEEK4,042-S01-011,S01,WEEK4,2026-02-24,100.0,100.0,100.0,mg,N,3
EX_042-S01-012_WEEK4,042-S01-012,S01,WEEK4,2026-02-24,0.0,0.0,0.0,mg,N,3
EX_042-S01-013_WEEK4,042-S01-013,S01,WEEK4,2026-02-24,100.0,100.0,100.0,mg,N,3
EX_042-S01-014_WEEK4,042-S01-014,S01,WEEK4,2026-02-24,100.0,100.0,100.0,mg,N,3
EX_042-S01-015_WEEK4,042-S01-015,S01,WEEK4,2026-02-24,0.0,0.0,0.0,mg,N,3
EX_042-S01-016_WEEK4,042-S01-016,S01,WEEK4,2026-02-24,100.0,100.0,100.0,mg,N,3
EX_042-S01-017_WEEK4,042-S01-017,S01,WEEK4,2026-02-24,100.0,100.0,100.0,mg,N,3
EX_042-S01-018_WEEK4,042-S01-018,S01,WEEK4,2026-02-24,0.0,0.0,0.0,mg,N,3
EX_042-S01-019_WEEK4,042-S01-019,S01,WEEK4,2026-02-24,100.0,100.0,100.0,mg,N,3
EX_042-S01-020_WEEK4,042-S01-020,S01,WEEK4,2026-02-24,100.0,100.0,100.0,mg,N,3
EX_042-S01-021_WEEK4,042-S01-021,S01,WEEK4,2026-02-24,0.0,0.0,0.0,mg,N,3
EX_042-S02-001_WEEK4,042-S02-001,S02,WEEK4,2026-02-24,100.0,100.0,100.0,mg,N,3
EX_042-S02-002_WEEK4,042-S02-002,S02,WEEK4,2026-02-24,100.0,100.0,100.0,mg,N,3
EX_042-S02-003_WEEK4,042-S02-003,S02,WEEK4,2026-02-24,0.0,0.0,0.0,mg,N,3
EX_042-S02-004_WEEK4,042-S02-004,S02,WEEK4,2026-02-24,100.0,100.0,100.0,mg,N,3
EX_042-S02-005_WEEK4,042-S02-005,S02,WEEK4,2026-02-24,100.0,100.0,100.0,mg,N,3
EX_042-S02-006_WEEK4,042-S02-006,S02,WEEK4,2026-02-24,0.0,0.0,0.0,mg,N,3
EX_042-S02-007_WEEK4,042-S02-007,S02,WEEK4,2026-02-24,100.0,100.0,100.0,mg,N,3
EX_042-S02-008_WEEK4,042-S02-008,S02,WEEK4,2026-02-24,100.0,100.0,100.0,mg,N,3
EX_042-S02-009_WEEK4,042-S02-009,S02,WEEK4,2026-02-24,0.0,0.0,0.0,mg,N,3
EX_042-S02-010_WEEK4,042-S02-010,S02,WEEK4,2026-02-24,100.0,100.0,100.0,mg,N,3
EX_042-S02-011_WEEK4,042-S02-011,S02,WEEK4,2026-02-24,100.0,100.0,100.0,mg,N,3
EX_042-S02-012_WEEK4,042-S02-012,S02,WEEK4,2026-02-24,0.0,0.0,0.0,mg,N,3
EX_042-S02-013_WEEK4,042-S02-013,S02,WEEK4,2026-02-24,100.0,100.0,100.0,mg,N,3
EX_042-S02-014_WEEK4,042-S02-014,S02,WEEK4,2026-02-24,100.0,100.0,100.0,mg,N,3
EX_042-S02-015_WEEK4,042-S02-015,S02,WEEK4,2026-02-24,0.0,0.0,0.0,mg,N,3
EX_042-S02-016_WEEK4,042-S02-016,S02,WEEK4,2026-02-24,100.0,100.0,100.0,mg,N,3
EX_042-S02-017_WEEK4,042-S02-017,S02,WEEK4,2026-02-24,100.0,100.0,100.0,mg,N,3
EX_042-S02-018_WEEK4,042-S02-018,S02,WEEK4,2026-02-24,0.0,0.0,0.0,mg,N,3
EX_042-S02-019_WEEK4,042-S02-019,S02,WEEK4,2026-02-24,100.0,100.0,100.0,mg,N,3
EX_042-S02-020_WEEK4,042-S02-020,S02,WEEK4,2026-02-24,100.0,100.0,100.0,mg,N,3
EX_042-S03-001_WEEK4,042-S03-001,S03,WEEK4,2026-02-24,100.0,100.0,100.0,mg,N,3
EX_042-S03-002_WEEK4,042-S03-002,S03,WEEK4,2026-02-24,100.0,100.0,100.0,mg,N,3
EX_042-S03-003_WEEK4,042-S03-003,S03,WEEK4,2026-02-24,0.0,0.0,0.0,mg,N,3
EX_042-S03-004_WEEK4,042-S03-004,S03,WEEK4,2026-02-24,100.0,100.0,100.0,mg,N,3
EX_042-S03-005_WEEK4,042-S03-005,S03,WEEK4,2026-02-24,100.0,100.0,100.0,mg,N,3
EX_042-S03-006_WEEK4,042-S03-006,S03,WEEK4,2026-02-24,0.0,0.0,0.0,mg,N,3
EX_042-S03-007_WEEK4,042-S03-007,S03,WEEK4,2026-02-24,100.0,100.0,100.0,mg,N,3
EX_042-S03-008_WEEK4,042-S03-008,S03,WEEK4,2026-02-24,100.0,100.0,100.0,mg,N,3
EX_042-S03-009_WEEK4,042-S03-009,S03,WEEK4,2026-02-24,0.0,0.0,0.0,mg,N,3
EX_042-S03-010_WEEK4,042-S03-010,S03,WEEK4,2026-02-24,100.0,100.0,100.0,mg,N,3
EX_042-S03-011_WEEK4,042-S03-011,S03,WEEK4,2026-02-24,100.0,100.0,100.0,mg,N,3
EX_042-S03-012_WEEK4,042-S03-012,S03,WEEK4,2026-02-24,0.0,0.0,0.0,mg,N,3
EX_042-S03-013_WEEK4,042-S03-013,S03,WEEK4,2026-02-24,100.0,100.0,100.0,mg,N,3
EX_042-S03-014_WEEK4,042-S03-014,S03,WEEK4,2026-02-24,100.0,100.0,100.0,mg,N,3
EX_042-S03-015_WEEK4,042-S03-015,S03,WEEK4,2026-02-24,0.0,0.0,0.0,mg,N,3
EX_042-S03-016_WEEK4,042-S03-016,S03,WEEK4,2026-02-24,100.0,100.0,100.0,mg,N,3
EX_042-S03-017_WEEK4,042-S03-017,S03,WEEK4,2026-02-24,100.0,100.0,100.0,mg,N,3
EX_042-S03-018_WEEK4,042-S03-018,S03,WEEK4,2026-02-24,0.0,0.0,0.0,mg,N,3
EX_042-S03-019_WEEK4,042-S03-019,S03,WEEK4,2026-02-24,100.0,100.0,100.0,mg,N,3
EX_042-S03-020_WEEK4,042-S03-020,S03,WEEK4,2026-02-24,100.0,100.0,100.0,mg,N,3
EX_042-S05-001_WEEK4,042-S05-001,S05,WEEK4,2026-02-24,100.0,100.0,100.0,mg,N,3
EX_042-S05-002_WEEK4,042-S05-002,S05,WEEK4,2026-02-24,100.0,100.0,100.0,mg,N,3
EX_042-S05-003_WEEK4,042-S05-003,S05,WEEK4,2026-02-24,0.0,0.0,0.0,mg,N,3
EX_042-S05-004_WEEK4,042-S05-004,S05,WEEK4,2026-02-24,100.0,100.0,100.0,mg,N,3
EX_042-S05-005_WEEK4,042-S05-005,S05,WEEK4,2026-02-24,100.0,100.0,100.0,mg,N,3
EX_042-S05-006_WEEK4,042-S05-006,S05,WEEK4,2026-02-24,0.0,0.0,0.0,mg,N,3
EX_042-S05-007_WEEK4,042-S05-007,S05,WEEK4,2026-02-24,100.0,100.0,100.0,mg,N,3
EX_042-S05-008_WEEK4,042-S05-008,S05,WEEK4,2026-02-24,100.0,100.0,100.0,mg,N,3
EX_042-S05-009_WEEK4,042-S05-009,S05,WEEK4,2026-02-24,0.0,0.0,0.0,mg,N,3
EX_042-S05-010_WEEK4,042-S05-010,S05,WEEK4,2026-02-24,100.0,100.0,100.0,mg,N,3
EX_042-S05-011_WEEK4,042-S05-011,S05,WEEK4,2026-02-24,100.0,100.0,100.0,mg,N,3
EX_042-S05-012_WEEK4,042-S05-012,S05,WEEK4,2026-02-24,0.0,0.0,0.0,mg,N,3
EX_042-S05-013_WEEK4,042-S05-013,S05,WEEK4,2026-02-24,100.0,100.0,100.0,mg,N,3
EX_042-S05-014_WEEK4,042-S05-014,S05,WEEK4,2026-02-24,100.0,100.0,100.0,mg,N,3
EX_042-S05-015_WEEK4,042-S05-015,S05,WEEK4,2026-02-24,0.0,0.0,0.0,mg,N,3
EX_042-S05-016_WEEK4,042-S05-016,S05,WEEK4,2026-02-24,100.0,100.0,100.0,mg,N,3
EX_042-S05-017_WEEK4,042-S05-017,S05,WEEK4,2026-02-24,100.0,100.0,100.0,mg,N,3
EX_042-S05-018_WEEK4,042-S05-018,S05,WEEK4,2026-02-24,0.0,0.0,0.0,mg,N,3
EX_042-S05-019_WEEK4,042-S05-019,S05,WEEK4,2026-02-24,100.0,100.0,100.0,mg,N,3
EX_042-S05-020_WEEK4,042-S05-020,S05,WEEK4,2026-02-24,100.0,100.0,100.0,mg,N,3
EX_042-S06-001_WEEK4,042-S06-001,S06,WEEK4,2026-02-24,100.0,100.0,100.0,mg,N,3
EX_042-S06-002_WEEK4,042-S06-002,S06,WEEK4,2026-02-24,100.0,100.0,100.0,mg,N,3
EX_042-S06-003_WEEK4,042-S06-003,S06,WEEK4,2026-02-24,0.0,0.0,0.0,mg,N,3
EX_042-S06-004_WEEK4,042-S06-004,S06,WEEK4,2026-02-24,100.0,100.0,100.0,mg,N,3
EX_042-S06-005_WEEK4,042-S06-005,S06,WEEK4,2026-02-24,100.0,100.0,100.0,mg,N,3
EX_042-S06-006_WEEK4,042-S06-006,S06,WEEK4,2026-02-24,0.0,0.0,0.0,mg,N,3
EX_042-S06-007_WEEK4,042-S06-007,S06,WEEK4,2026-02-24,100.0,100.0,100.0,mg,N,3
EX_042-S06-008_WEEK4,042-S06-008,S06,WEEK4,2026-02-24,100.0,100.0,100.0,mg,N,3
EX_042-S06-009_WEEK4,042-S06-009,S06,WEEK4,2026-02-24,0.0,0.0,0.0,mg,N,3
EX_042-S06-010_WEEK4,042-S06-010,S06,WEEK4,2026-02-24,100.0,100.0,100.0,mg,N,3
EX_042-S06-011_WEEK4,042-S06-011,S06,WEEK4,2026-02-24,100.0,100.0,100.0,mg,N,3
EX_042-S06-012_WEEK4,042-S06-012,S06,WEEK4,2026-02-24,0.0,0.0,0.0,mg,N,3
EX_042-S06-013_WEEK4,042-S06-013,S06,WEEK4,2026-02-24,100.0,100.0,100.0,mg,N,3
EX_042-S06-014_WEEK4,042-S06-014,S06,WEEK4,2026-02-24,100.0,100.0,100.0,mg,N,3
EX_042-S06-015_WEEK4,042-S06-015,S06,WEEK4,2026-02-24,0.0,0.0,0.0,mg,N,3
EX_042-S06-016_WEEK4,042-S06-016,S06,WEEK4,2026-02-24,100.0,100.0,100.0,mg,N,3
EX_042-S06-017_WEEK4,042-S06-017,S06,WEEK4,2026-02-24,100.0,100.0,100.0,mg,N,3
EX_042-S06-018_WEEK4,042-S06-018,S06,WEEK4,2026-02-24,0.0,0.0,0.0,mg,N,3
EX_042-S06-019_WEEK4,042-S06-019,S06,WEEK4,2026-02-24,100.0,100.0,100.0,mg,N,3
EX_042-S06-020_WEEK4,042-S06-020,S06,WEEK4,2026-02-24,100.0,100.0,100.0,mg,N,3
EX_042-S07-001_WEEK4,042-S07-001,S07,WEEK4,2026-02-24,100.0,100.0,100.0,mg,N,3
EX_042-S07-002_WEEK4,042-S07-002,S07,WEEK4,2026-02-24,100.0,100.0,100.0,mg,N,3
EX_042-S07-003_WEEK4,042-S07-003,S07,WEEK4,2026-02-24,0.0,0.0,0.0,mg,N,3
EX_042-S07-004_WEEK4,042-S07-004,S07,WEEK4,2026-02-24,100.0,100.0,100.0,mg,N,3
EX_042-S07-005_WEEK4,042-S07-005,S07,WEEK4,2026-02-24,100.0,100.0,100.0,mg,N,3
EX_042-S07-006_WEEK4,042-S07-006,S07,WEEK4,2026-02-24,0.0,0.0,0.0,mg,N,3
EX_042-S07-007_WEEK4,042-S07-007,S07,WEEK4,2026-02-24,100.0,100.0,100.0,mg,N,3
EX_042-S07-008_WEEK4,042-S07-008,S07,WEEK4,2026-02-24,100.0,100.0,100.0,mg,N,3
EX_042-S07-009_WEEK4,042-S07-009,S07,WEEK4,2026-02-24,0.0,0.0,0.0,mg,N,3
EX_042-S07-010_WEEK4,042-S07-010,S07,WEEK4,2026-02-24,100.0,100.0,100.0,mg,N,3
EX_042-S07-011_WEEK4,042-S07-011,S07,WEEK4,2026-02-24,100.0,100.0,100.0,mg,N,3
EX_042-S07-012_WEEK4,042-S07-012,S07,WEEK4,2026-02-24,0.0,0.0,0.0,mg,N,3
EX_042-S07-013_WEEK4,042-S07-013,S07,WEEK4,2026-02-24,100.0,100.0,100.0,mg,N,3
EX_042-S07-014_WEEK4,042-S07-014,S07,WEEK4,2026-02-24,100.0,100.0,100.0,mg,N,3
EX_042-S07-015_WEEK4,042-S07-015,S07,WEEK4,2026-02-24,0.0,0.0,0.0,mg,N,3
EX_042-S07-016_WEEK4,042-S07-016,S07,WEEK4,2026-02-24,100.0,100.0,100.0,mg,N,3
EX_042-S07-017_WEEK4,042-S07-017,S07,WEEK4,2026-02-24,100.0,100.0,100.0,mg,N,3
EX_042-S07-018_WEEK4,042-S07-018,S07,WEEK4,2026-02-24,0.0,0.0,0.0,mg,N,3
EX_042-S07-019_WEEK4,042-S07-019,S07,WEEK4,2026-02-24,100.0,100.0,100.0,mg,N,3
EX_042-S07-020_WEEK4,042-S07-020,S07,WEEK4,2026-02-24,100.0,100.0,100.0,mg,N,3
EX_042-S08-001_WEEK4,042-S08-001,S08,WEEK4,2026-02-24,100.0,100.0,100.0,mg,N,3
EX_042-S08-002_WEEK4,042-S08-002,S08,WEEK4,2026-02-24,100.0,100.0,100.0,mg,N,3
EX_042-S08-003_WEEK4,042-S08-003,S08,WEEK4,2026-02-24,0.0,0.0,0.0,mg,N,3
EX_042-S08-004_WEEK4,042-S08-004,S08,WEEK4,2026-02-24,100.0,100.0,100.0,mg,N,3
EX_042-S08-005_WEEK4,042-S08-005,S08,WEEK4,2026-02-24,100.0,100.0,100.0,mg,N,3
EX_042-S08-006_WEEK4,042-S08-006,S08,WEEK4,2026-02-24,0.0,0.0,0.0,mg,N,3
EX_042-S08-007_WEEK4,042-S08-007,S08,WEEK4,2026-02-24,100.0,100.0,100.0,mg,N,3
EX_042-S08-008_WEEK4,042-S08-008,S08,WEEK4,2026-02-24,100.0,100.0,100.0,mg,N,3
EX_042-S08-009_WEEK4,042-S08-009,S08,WEEK4,2026-02-24,0.0,0.0,0.0,mg,N,3
EX_042-S08-010_WEEK4,042-S08-010,S08,WEEK4,2026-02-24,100.0,100.0,100.0,mg,N,3
EX_042-S08-011_WEEK4,042-S08-011,S08,WEEK4,2026-02-24,100.0,100.0,100.0,mg,N,3
EX_042-S08-012_WEEK4,042-S08-012,S08,WEEK4,2026-02-24,0.0,0.0,0.0,mg,N,3
EX_042-S08-013_WEEK4,042-S08-013,S08,WEEK4,2026-02-24,100.0,100.0,100.0,mg,N,3
EX_042-S08-014_WEEK4,042-S08-014,S08,WEEK4,2026-02-24,100.0,100.0,100.0,mg,N,3
EX_042-S08-015_WEEK4,042-S08-015,S08,WEEK4,2026-02-24,0.0,0.0,0.0,mg,N,3
EX_042-S08-016_WEEK4,042-S08-016,S08,WEEK4,2026-02-24,100.0,100.0,100.0,mg,N,3
EX_042-S08-017_WEEK4,042-S08-017,S08,WEEK4,2026-02-24,100.0,100.0,100.0,mg,N,3
EX_042-S08-018_WEEK4,042-S08-018,S08,WEEK4,2026-02-24,0.0,0.0,0.0,mg,N,3
EX_042-S08-019_WEEK4,042-S08-019,S08,WEEK4,2026-02-24,100.0,100.0,100.0,mg,N,3
EX_042-S08-020_WEEK4,042-S08-020,S08,WEEK4,2026-02-24,100.0,100.0,100.0,mg,N,3
EX_042-S10-001_WEEK4,042-S10-001,S10,WEEK4,2026-02-24,100.0,100.0,100.0,mg,N,3
EX_042-S10-002_WEEK4,042-S10-002,S10,WEEK4,2026-02-24,100.0,100.0,100.0,mg,N,3
EX_042-S10-003_WEEK4,042-S10-003,S10,WEEK4,2026-02-24,0.0,0.0,0.0,mg,N,3
EX_042-S10-004_WEEK4,042-S10-004,S10,WEEK4,2026-02-24,100.0,100.0,100.0,mg,N,3
EX_042-S10-005_WEEK4,042-S10-005,S10,WEEK4,2026-02-24,100.0,100.0,100.0,mg,N,3
EX_042-S10-006_WEEK4,042-S10-006,S10,WEEK4,2026-02-24,0.0,0.0,0.0,mg,N,3
EX_042-S10-007_WEEK4,042-S10-007,S10,WEEK4,2026-02-24,100.0,100.0,100.0,mg,N,3
EX_042-S10-008_WEEK4,042-S10-008,S10,WEEK4,2026-02-24,100.0,100.0,100.0,mg,N,3
EX_042-S10-009_WEEK4,042-S10-009,S10,WEEK4,2026-02-24,0.0,0.0,0.0,mg,N,3
EX_042-S10-010_WEEK4,042-S10-010,S10,WEEK4,2026-02-24,100.0,100.0,100.0,mg,N,3
EX_042-S10-011_WEEK4,042-S10-011,S10,WEEK4,2026-02-24,100.0,100.0,100.0,mg,N,3
EX_042-S10-012_WEEK4,042-S10-012,S10,WEEK4,2026-02-24,0.0,0.0,0.0,mg,N,3
EX_042-S10-013_WEEK4,042-S10-013,S10,WEEK4,2026-02-24,100.0,100.0,100.0,mg,N,3
EX_042-S10-014_WEEK4,042-S10-014,S10,WEEK4,2026-02-24,100.0,100.0,100.0,mg,N,3
EX_042-S10-015_WEEK4,042-S10-015,S10,WEEK4,2026-02-24,0.0,0.0,0.0,mg,N,3
EX_042-S10-016_WEEK4,042-S10-016,S10,WEEK4,2026-02-24,100.0,100.0,100.0,mg,N,3
EX_042-S10-017_WEEK4,042-S10-017,S10,WEEK4,2026-02-24,100.0,100.0,100.0,mg,N,3
EX_042-S10-018_WEEK4,042-S10-018,S10,WEEK4,2026-02-24,0.0,0.0,0.0,mg,N,3
EX_042-S10-019_WEEK4,042-S10-019,S10,WEEK4,2026-02-24,100.0,100.0,100.0,mg,N,3
EX_042-S10-020_WEEK4,042-S10-020,S10,WEEK4,2026-02-24,100.0,100.0,100.0,mg,N,3
EX_042-S11-001_WEEK4,042-S11-001,S11,WEEK4,2026-02-24,100.0,100.0,100.0,mg,N,3
EX_042-S11-002_WEEK4,042-S11-002,S11,WEEK4,2026-02-24,100.0,100.0,100.0,mg,N,3
EX_042-S11-003_WEEK4,042-S11-003,S11,WEEK4,2026-02-24,0.0,0.0,0.0,mg,N,3
EX_042-S11-004_WEEK4,042-S11-004,S11,WEEK4,2026-02-24,100.0,100.0,100.0,mg,N,3
EX_042-S11-005_WEEK4,042-S11-005,S11,WEEK4,2026-02-24,100.0,100.0,100.0,mg,N,3
EX_042-S11-006_WEEK4,042-S11-006,S11,WEEK4,2026-02-24,0.0,0.0,0.0,mg,N,3
EX_042-S11-007_WEEK4,042-S11-007,S11,WEEK4,2026-02-24,100.0,100.0,100.0,mg,N,3
EX_042-S11-008_WEEK4,042-S11-008,S11,WEEK4,2026-02-24,100.0,100.0,100.0,mg,N,3
EX_042-S11-009_WEEK4,042-S11-009,S11,WEEK4,2026-02-24,0.0,0.0,0.0,mg,N,3
EX_042-S11-010_WEEK4,042-S11-010,S11,WEEK4,2026-02-24,100.0,100.0,100.0,mg,N,3
EX_042-S11-011_WEEK4,042-S11-011,S11,WEEK4,2026-02-24,100.0,100.0,100.0,mg,N,3
EX_042-S11-012_WEEK4,042-S11-012,S11,WEEK4,2026-02-24,0.0,0.0,0.0,mg,N,3
EX_042-S11-013_WEEK4,042-S11-013,S11,WEEK4,2026-02-24,100.0,100.0,100.0,mg,N,3
EX_042-S11-014_WEEK4,042-S11-014,S11,WEEK4,2026-02-24,100.0,100.0,100.0,mg,N,3
EX_042-S11-015_WEEK4,042-S11-015,S11,WEEK4,2026-02-24,0.0,0.0,0.0,mg,N,3
EX_042-S11-016_WEEK4,042-S11-016,S11,WEEK4,2026-02-24,100.0,100.0,100.0,mg,N,3
EX_042-S11-017_WEEK4,042-S11-017,S11,WEEK4,2026-02-24,100.0,100.0,100.0,mg,N,3
EX_042-S11-018_WEEK4,042-S11-018,S11,WEEK4,2026-02-24,0.0,0.0,0.0,mg,N,3
EX_042-S11-019_WEEK4,042-S11-019,S11,WEEK4,2026-02-24,100.0,100.0,100.0,mg,N,3
EX_042-S11-020_WEEK4,042-S11-020,S11,WEEK4,2026-02-24,100.0,100.0,100.0,mg,N,3
EX_042-S12-001_WEEK4,042-S12-001,S12,WEEK4,2026-02-24,100.0,100.0,100.0,mg,N,3
EX_042-S12-002_WEEK4,042-S12-002,S12,WEEK4,2026-02-24,100.0,100.0,100.0,mg,N,3
EX_042-S12-003_WEEK4,042-S12-003,S12,WEEK4,2026-02-24,0.0,0.0,0.0,mg,N,3
EX_042-S12-004_WEEK4,042-S12-004,S12,WEEK4,2026-02-24,100.0,100.0,100.0,mg,N,3
EX_042-S12-005_WEEK4,042-S12-005,S12,WEEK4,2026-02-24,100.0,100.0,100.0,mg,N,3
EX_042-S12-006_WEEK4,042-S12-006,S12,WEEK4,2026-02-24,0.0,0.0,0.0,mg,N,3
EX_042-S12-007_WEEK4,042-S12-007,S12,WEEK4,2026-02-24,100.0,100.0,100.0,mg,N,3
EX_042-S12-008_WEEK4,042-S12-008,S12,WEEK4,2026-02-24,100.0,100.0,100.0,mg,N,3
EX_042-S12-009_WEEK4,042-S12-009,S12,WEEK4,2026-02-24,0.0,0.0,0.0,mg,N,3
EX_042-S12-010_WEEK4,042-S12-010,S12,WEEK4,2026-02-24,100.0,100.0,100.0,mg,N,3
EX_042-S12-011_WEEK4,042-S12-011,S12,WEEK4,2026-02-24,100.0,100.0,100.0,mg,N,3
EX_042-S12-012_WEEK4,042-S12-012,S12,WEEK4,2026-02-24,0.0,0.0,0.0,mg,N,3
EX_042-S12-013_WEEK4,042-S12-013,S12,WEEK4,2026-02-24,100.0,100.0,100.0,mg,N,3
EX_042-S12-014_WEEK4,042-S12-014,S12,WEEK4,2026-02-24,100.0,100.0,100.0,mg,N,3
EX_042-S12-015_WEEK4,042-S12-015,S12,WEEK4,2026-02-24,0.0,0.0,0.0,mg,N,3
EX_042-S12-016_WEEK4,042-S12-016,S12,WEEK4,2026-02-24,100.0,100.0,100.0,mg,N,3
EX_042-S12-017_WEEK4,042-S12-017,S12,WEEK4,2026-02-24,100.0,100.0,100.0,mg,N,3
EX_042-S12-018_WEEK4,042-S12-018,S12,WEEK4,2026-02-24,0.0,0.0,0.0,mg,N,3
EX_042-S12-019_WEEK4,042-S12-019,S12,WEEK4,2026-02-24,100.0,100.0,100.0,mg,N,3
EX_042-S12-020_WEEK4,042-S12-020,S12,WEEK4,2026-02-24,100.0,100.0,100.0,mg,N,3
EX_042-S01-001_WEEK6,042-S01-001,S01,WEEK6,2026-03-20,100.0,100.0,100.0,mg,N,5
EX_042-S01-002_WEEK6,042-S01-002,S01,WEEK6,2026-03-20,100.0,100.0,100.0,mg,N,5
EX_042-S01-003_WEEK6,042-S01-003,S01,WEEK6,2026-03-20,0.0,0.0,0.0,mg,N,5
EX_042-S01-004_WEEK6,042-S01-004,S01,WEEK6,2026-03-20,100.0,100.0,100.0,mg,N,5
EX_042-S01-005_WEEK6,042-S01-005,S01,WEEK6,2026-03-20,100.0,100.0,100.0,mg,N,5
EX_042-S01-006_WEEK6,042-S01-006,S01,WEEK6,2026-03-20,0.0,0.0,0.0,mg,N,5
EX_042-S01-007_WEEK6,042-S01-007,S01,WEEK6,2026-03-20,100.0,100.0,100.0,mg,N,5
EX_042-S01-008_WEEK6,042-S01-008,S01,WEEK6,2026-03-20,100.0,100.0,100.0,mg,N,5
EX_042-S01-009_WEEK6,042-S01-009,S01,WEEK6,2026-03-20,0.0,0.0,0.0,mg,N,5
EX_042-S01-010_WEEK6,042-S01-010,S01,WEEK6,2026-03-20,100.0,100.0,100.0,mg,N,5
EX_042-S01-011_WEEK6,042-S01-011,S01,WEEK6,2026-03-20,100.0,100.0,100.0,mg,N,5
EX_042-S01-012_WEEK6,042-S01-012,S01,WEEK6,2026-03-20,0.0,0.0,0.0,mg,N,5
EX_042-S01-013_WEEK6,042-S01-013,S01,WEEK6,2026-03-20,100.0,100.0,100.0,mg,N,5
EX_042-S01-014_WEEK6,042-S01-014,S01,WEEK6,2026-03-20,100.0,100.0,100.0,mg,N,5
EX_042-S01-015_WEEK6,042-S01-015,S01,WEEK6,2026-03-20,0.0,0.0,0.0,mg,N,5
EX_042-S01-016_WEEK6,042-S01-016,S01,WEEK6,2026-03-20,100.0,100.0,100.0,mg,N,5
EX_042-S01-017_WEEK6,042-S01-017,S01,WEEK6,2026-03-20,100.0,100.0,100.0,mg,N,5
EX_042-S01-018_WEEK6,042-S01-018,S01,WEEK6,2026-03-20,0.0,0.0,0.0,mg,N,5
EX_042-S01-019_WEEK6,042-S01-019,S01,WEEK6,2026-03-20,100.0,100.0,100.0,mg,N,5
EX_042-S01-020_WEEK6,042-S01-020,S01,WEEK6,2026-03-20,100.0,100.0,100.0,mg,N,5
EX_042-S01-021_WEEK6,042-S01-021,S01,WEEK6,2026-03-20,0.0,0.0,0.0,mg,N,5
EX_042-S02-001_WEEK6,042-S02-001,S02,WEEK6,2026-03-20,100.0,100.0,100.0,mg,N,5
EX_042-S02-002_WEEK6,042-S02-002,S02,WEEK6,2026-03-20,100.0,100.0,100.0,mg,N,5
EX_042-S02-003_WEEK6,042-S02-003,S02,WEEK6,2026-03-20,0.0,0.0,0.0,mg,N,5
EX_042-S02-004_WEEK6,042-S02-004,S02,WEEK6,2026-03-20,100.0,100.0,100.0,mg,N,5
EX_042-S02-005_WEEK6,042-S02-005,S02,WEEK6,2026-03-20,100.0,100.0,100.0,mg,N,5
EX_042-S02-006_WEEK6,042-S02-006,S02,WEEK6,2026-03-20,0.0,0.0,0.0,mg,N,5
EX_042-S02-007_WEEK6,042-S02-007,S02,WEEK6,2026-03-20,100.0,100.0,100.0,mg,N,5
EX_042-S02-008_WEEK6,042-S02-008,S02,WEEK6,2026-03-20,100.0,100.0,100.0,mg,N,5
EX_042-S02-009_WEEK6,042-S02-009,S02,WEEK6,2026-03-20,0.0,0.0,0.0,mg,N,5
EX_042-S02-010_WEEK6,042-S02-010,S02,WEEK6,2026-03-20,100.0,100.0,100.0,mg,N,5
EX_042-S02-011_WEEK6,042-S02-011,S02,WEEK6,2026-03-20,100.0,100.0,100.0,mg,N,5
EX_042-S02-012_WEEK6,042-S02-012,S02,WEEK6,2026-03-20,0.0,0.0,0.0,mg,N,5
EX_042-S02-013_WEEK6,042-S02-013,S02,WEEK6,2026-03-20,100.0,100.0,100.0,mg,N,5
EX_042-S02-014_WEEK6,042-S02-014,S02,WEEK6,2026-03-20,100.0,100.0,100.0,mg,N,5
EX_042-S02-015_WEEK6,042-S02-015,S02,WEEK6,2026-03-20,0.0,0.0,0.0,mg,N,5
EX_042-S02-016_WEEK6,042-S02-016,S02,WEEK6,2026-03-20,100.0,100.0,100.0,mg,N,5
EX_042-S02-017_WEEK6,042-S02-017,S02,WEEK6,2026-03-20,100.0,100.0,100.0,mg,N,5
EX_042-S02-018_WEEK6,042-S02-018,S02,WEEK6,2026-03-20,0.0,0.0,0.0,mg,N,5
EX_042-S02-019_WEEK6,042-S02-019,S02,WEEK6,2026-03-20,100.0,100.0,100.0,mg,N,5
EX_042-S02-020_WEEK6,042-S02-020,S02,WEEK6,2026-03-20,100.0,100.0,100.0,mg,N,5
EX_042-S03-001_WEEK6,042-S03-001,S03,WEEK6,2026-03-20,50.0,50.0,100.0,mg,Y,5
EX_042-S03-002_WEEK6,042-S03-002,S03,WEEK6,2026-03-20,100.0,100.0,100.0,mg,N,5
EX_042-S03-003_WEEK6,042-S03-003,S03,WEEK6,2026-03-20,0.0,0.0,0.0,mg,N,5
EX_042-S03-004_WEEK6,042-S03-004,S03,WEEK6,2026-03-20,100.0,100.0,100.0,mg,N,5
EX_042-S03-005_WEEK6,042-S03-005,S03,WEEK6,2026-03-20,100.0,100.0,100.0,mg,N,5
EX_042-S03-006_WEEK6,042-S03-006,S03,WEEK6,2026-03-20,0.0,0.0,0.0,mg,N,5
EX_042-S03-007_WEEK6,042-S03-007,S03,WEEK6,2026-03-20,100.0,100.0,100.0,mg,N,5
EX_042-S03-008_WEEK6,042-S03-008,S03,WEEK6,2026-03-20,100.0,100.0,100.0,mg,N,5
EX_042-S03-009_WEEK6,042-S03-009,S03,WEEK6,2026-03-20,0.0,0.0,0.0,mg,N,5
EX_042-S03-010_WEEK6,042-S03-010,S03,WEEK6,2026-03-20,100.0,100.0,100.0,mg,N,5
EX_042-S03-011_WEEK6,042-S03-011,S03,WEEK6,2026-03-20,100.0,100.0,100.0,mg,N,5
EX_042-S03-012_WEEK6,042-S03-012,S03,WEEK6,2026-03-20,0.0,0.0,0.0,mg,N,5
EX_042-S03-013_WEEK6,042-S03-013,S03,WEEK6,2026-03-20,100.0,100.0,100.0,mg,N,5
EX_042-S03-014_WEEK6,042-S03-014,S03,WEEK6,2026-03-20,100.0,100.0,100.0,mg,N,5
EX_042-S03-015_WEEK6,042-S03-015,S03,WEEK6,2026-03-20,0.0,0.0,0.0,mg,N,5
EX_042-S03-016_WEEK6,042-S03-016,S03,WEEK6,2026-03-20,100.0,100.0,100.0,mg,N,5
EX_042-S03-017_WEEK6,042-S03-017,S03,WEEK6,2026-03-20,100.0,100.0,100.0,mg,N,5
EX_042-S03-018_WEEK6,042-S03-018,S03,WEEK6,2026-03-20,0.0,0.0,0.0,mg,N,5
EX_042-S03-019_WEEK6,042-S03-019,S03,WEEK6,2026-03-20,100.0,100.0,100.0,mg,N,5
EX_042-S03-020_WEEK6,042-S03-020,S03,WEEK6,2026-03-20,100.0,100.0,100.0,mg,N,5
EX_042-S05-001_WEEK6,042-S05-001,S05,WEEK6,2026-03-20,100.0,100.0,100.0,mg,N,5
EX_042-S05-002_WEEK6,042-S05-002,S05,WEEK6,2026-03-20,100.0,100.0,100.0,mg,N,5
EX_042-S05-003_WEEK6,042-S05-003,S05,WEEK6,2026-03-20,0.0,0.0,0.0,mg,N,5
EX_042-S05-004_WEEK6,042-S05-004,S05,WEEK6,2026-03-20,100.0,100.0,100.0,mg,N,5
EX_042-S05-005_WEEK6,042-S05-005,S05,WEEK6,2026-03-20,100.0,100.0,100.0,mg,N,5
EX_042-S05-006_WEEK6,042-S05-006,S05,WEEK6,2026-03-20,0.0,0.0,0.0,mg,N,5
EX_042-S05-007_WEEK6,042-S05-007,S05,WEEK6,2026-03-20,100.0,100.0,100.0,mg,N,5
EX_042-S05-008_WEEK6,042-S05-008,S05,WEEK6,2026-03-20,100.0,100.0,100.0,mg,N,5
EX_042-S05-009_WEEK6,042-S05-009,S05,WEEK6,2026-03-20,0.0,0.0,0.0,mg,N,5
EX_042-S05-010_WEEK6,042-S05-010,S05,WEEK6,2026-03-20,100.0,100.0,100.0,mg,N,5
EX_042-S05-011_WEEK6,042-S05-011,S05,WEEK6,2026-03-20,100.0,100.0,100.0,mg,N,5
EX_042-S05-012_WEEK6,042-S05-012,S05,WEEK6,2026-03-20,0.0,0.0,0.0,mg,N,5
EX_042-S05-013_WEEK6,042-S05-013,S05,WEEK6,2026-03-20,100.0,100.0,100.0,mg,N,5
EX_042-S05-014_WEEK6,042-S05-014,S05,WEEK6,2026-03-20,100.0,100.0,100.0,mg,N,5
EX_042-S05-015_WEEK6,042-S05-015,S05,WEEK6,2026-03-20,0.0,0.0,0.0,mg,N,5
EX_042-S05-016_WEEK6,042-S05-016,S05,WEEK6,2026-03-20,100.0,100.0,100.0,mg,N,5
EX_042-S05-017_WEEK6,042-S05-017,S05,WEEK6,2026-03-20,100.0,100.0,100.0,mg,N,5
EX_042-S05-018_WEEK6,042-S05-018,S05,WEEK6,2026-03-20,0.0,0.0,0.0,mg,N,5
EX_042-S05-019_WEEK6,042-S05-019,S05,WEEK6,2026-03-20,100.0,100.0,100.0,mg,N,5
EX_042-S05-020_WEEK6,042-S05-020,S05,WEEK6,2026-03-20,100.0,100.0,100.0,mg,N,5
EX_042-S06-001_WEEK6,042-S06-001,S06,WEEK6,2026-03-20,100.0,100.0,100.0,mg,N,5
EX_042-S06-002_WEEK6,042-S06-002,S06,WEEK6,2026-03-20,100.0,100.0,100.0,mg,N,5
EX_042-S06-003_WEEK6,042-S06-003,S06,WEEK6,2026-03-20,0.0,0.0,0.0,mg,N,5
EX_042-S06-004_WEEK6,042-S06-004,S06,WEEK6,2026-03-20,100.0,100.0,100.0,mg,N,5
EX_042-S06-005_WEEK6,042-S06-005,S06,WEEK6,2026-03-20,100.0,100.0,100.0,mg,N,5
EX_042-S06-006_WEEK6,042-S06-006,S06,WEEK6,2026-03-20,0.0,0.0,0.0,mg,N,5
EX_042-S06-007_WEEK6,042-S06-007,S06,WEEK6,2026-03-20,100.0,100.0,100.0,mg,N,5
EX_042-S06-008_WEEK6,042-S06-008,S06,WEEK6,2026-03-20,100.0,100.0,100.0,mg,N,5
EX_042-S06-009_WEEK6,042-S06-009,S06,WEEK6,2026-03-20,0.0,0.0,0.0,mg,N,5
EX_042-S06-010_WEEK6,042-S06-010,S06,WEEK6,2026-03-20,100.0,100.0,100.0,mg,N,5
EX_042-S06-011_WEEK6,042-S06-011,S06,WEEK6,2026-03-20,100.0,100.0,100.0,mg,N,5
EX_042-S06-012_WEEK6,042-S06-012,S06,WEEK6,2026-03-20,0.0,0.0,0.0,mg,N,5
EX_042-S06-013_WEEK6,042-S06-013,S06,WEEK6,2026-03-20,100.0,100.0,100.0,mg,N,5
EX_042-S06-014_WEEK6,042-S06-014,S06,WEEK6,2026-03-20,100.0,100.0,100.0,mg,N,5
EX_042-S06-015_WEEK6,042-S06-015,S06,WEEK6,2026-03-20,0.0,0.0,0.0,mg,N,5
EX_042-S06-016_WEEK6,042-S06-016,S06,WEEK6,2026-03-20,100.0,100.0,100.0,mg,N,5
EX_042-S06-017_WEEK6,042-S06-017,S06,WEEK6,2026-03-20,100.0,100.0,100.0,mg,N,5
EX_042-S06-018_WEEK6,042-S06-018,S06,WEEK6,2026-03-20,0.0,0.0,0.0,mg,N,5
EX_042-S06-019_WEEK6,042-S06-019,S06,WEEK6,2026-03-20,100.0,100.0,100.0,mg,N,5
EX_042-S06-020_WEEK6,042-S06-020,S06,WEEK6,2026-03-20,100.0,100.0,100.0,mg,N,5
EX_042-S07-001_WEEK6,042-S07-001,S07,WEEK6,2026-03-20,100.0,100.0,100.0,mg,N,5
EX_042-S07-002_WEEK6,042-S07-002,S07,WEEK6,2026-03-20,100.0,100.0,100.0,mg,N,5
EX_042-S07-003_WEEK6,042-S07-003,S07,WEEK6,2026-03-20,0.0,0.0,0.0,mg,N,5
EX_042-S07-004_WEEK6,042-S07-004,S07,WEEK6,2026-03-20,100.0,100.0,100.0,mg,N,5
EX_042-S07-005_WEEK6,042-S07-005,S07,WEEK6,2026-03-20,100.0,100.0,100.0,mg,N,5
EX_042-S07-006_WEEK6,042-S07-006,S07,WEEK6,2026-03-20,0.0,0.0,0.0,mg,N,5
EX_042-S07-007_WEEK6,042-S07-007,S07,WEEK6,2026-03-20,100.0,100.0,100.0,mg,N,5
EX_042-S07-008_WEEK6,042-S07-008,S07,WEEK6,2026-03-20,100.0,100.0,100.0,mg,N,5
EX_042-S07-009_WEEK6,042-S07-009,S07,WEEK6,2026-03-20,0.0,0.0,0.0,mg,N,5
EX_042-S07-010_WEEK6,042-S07-010,S07,WEEK6,2026-03-20,100.0,100.0,100.0,mg,N,5
EX_042-S07-011_WEEK6,042-S07-011,S07,WEEK6,2026-03-20,100.0,100.0,100.0,mg,N,5
EX_042-S07-012_WEEK6,042-S07-012,S07,WEEK6,2026-03-20,0.0,0.0,0.0,mg,N,5
EX_042-S07-013_WEEK6,042-S07-013,S07,WEEK6,2026-03-20,100.0,100.0,100.0,mg,N,5
EX_042-S07-014_WEEK6,042-S07-014,S07,WEEK6,2026-03-20,100.0,100.0,100.0,mg,N,5
EX_042-S07-015_WEEK6,042-S07-015,S07,WEEK6,2026-03-20,0.0,0.0,0.0,mg,N,5
EX_042-S07-016_WEEK6,042-S07-016,S07,WEEK6,2026-03-20,100.0,100.0,100.0,mg,N,5
EX_042-S07-017_WEEK6,042-S07-017,S07,WEEK6,2026-03-20,100.0,100.0,100.0,mg,N,5
EX_042-S07-018_WEEK6,042-S07-018,S07,WEEK6,2026-03-20,0.0,0.0,0.0,mg,N,5
EX_042-S07-019_WEEK6,042-S07-019,S07,WEEK6,2026-03-20,100.0,100.0,100.0,mg,N,5
EX_042-S07-020_WEEK6,042-S07-020,S07,WEEK6,2026-03-20,100.0,100.0,100.0,mg,N,5
EX_042-S08-001_WEEK6,042-S08-001,S08,WEEK6,2026-03-20,100.0,100.0,100.0,mg,N,5
EX_042-S08-002_WEEK6,042-S08-002,S08,WEEK6,2026-03-20,100.0,100.0,100.0,mg,N,5
EX_042-S08-003_WEEK6,042-S08-003,S08,WEEK6,2026-03-20,0.0,0.0,0.0,mg,N,5
EX_042-S08-004_WEEK6,042-S08-004,S08,WEEK6,2026-03-20,100.0,100.0,100.0,mg,N,5
EX_042-S08-005_WEEK6,042-S08-005,S08,WEEK6,2026-03-20,100.0,100.0,100.0,mg,N,5
EX_042-S08-006_WEEK6,042-S08-006,S08,WEEK6,2026-03-20,0.0,0.0,0.0,mg,N,5
EX_042-S08-007_WEEK6,042-S08-007,S08,WEEK6,2026-03-20,100.0,100.0,100.0,mg,N,5
EX_042-S08-008_WEEK6,042-S08-008,S08,WEEK6,2026-03-20,100.0,100.0,100.0,mg,N,5
EX_042-S08-009_WEEK6,042-S08-009,S08,WEEK6,2026-03-20,0.0,0.0,0.0,mg,N,5
EX_042-S08-010_WEEK6,042-S08-010,S08,WEEK6,2026-03-20,100.0,100.0,100.0,mg,N,5
EX_042-S08-011_WEEK6,042-S08-011,S08,WEEK6,2026-03-20,100.0,100.0,100.0,mg,N,5
EX_042-S08-012_WEEK6,042-S08-012,S08,WEEK6,2026-03-20,0.0,0.0,0.0,mg,N,5
EX_042-S08-013_WEEK6,042-S08-013,S08,WEEK6,2026-03-20,100.0,100.0,100.0,mg,N,5
EX_042-S08-014_WEEK6,042-S08-014,S08,WEEK6,2026-03-20,100.0,100.0,100.0,mg,N,5
EX_042-S08-015_WEEK6,042-S08-015,S08,WEEK6,2026-03-20,0.0,0.0,0.0,mg,N,5
EX_042-S08-016_WEEK6,042-S08-016,S08,WEEK6,2026-03-20,100.0,100.0,100.0,mg,N,5
EX_042-S08-017_WEEK6,042-S08-017,S08,WEEK6,2026-03-20,100.0,100.0,100.0,mg,N,5
EX_042-S08-018_WEEK6,042-S08-018,S08,WEEK6,2026-03-20,0.0,0.0,0.0,mg,N,5
EX_042-S08-019_WEEK6,042-S08-019,S08,WEEK6,2026-03-20,100.0,100.0,100.0,mg,N,5
EX_042-S08-020_WEEK6,042-S08-020,S08,WEEK6,2026-03-20,100.0,100.0,100.0,mg,N,5
EX_042-S10-001_WEEK6,042-S10-001,S10,WEEK6,2026-03-20,100.0,100.0,100.0,mg,N,5
EX_042-S10-002_WEEK6,042-S10-002,S10,WEEK6,2026-03-20,100.0,100.0,100.0,mg,N,5
EX_042-S10-003_WEEK6,042-S10-003,S10,WEEK6,2026-03-20,0.0,0.0,0.0,mg,N,5
EX_042-S10-004_WEEK6,042-S10-004,S10,WEEK6,2026-03-20,100.0,100.0,100.0,mg,N,5
EX_042-S10-005_WEEK6,042-S10-005,S10,WEEK6,2026-03-20,100.0,100.0,100.0,mg,N,5
EX_042-S10-006_WEEK6,042-S10-006,S10,WEEK6,2026-03-20,0.0,0.0,0.0,mg,N,5
EX_042-S10-007_WEEK6,042-S10-007,S10,WEEK6,2026-03-20,100.0,100.0,100.0,mg,N,5
EX_042-S10-008_WEEK6,042-S10-008,S10,WEEK6,2026-03-20,100.0,100.0,100.0,mg,N,5
EX_042-S10-009_WEEK6,042-S10-009,S10,WEEK6,2026-03-20,0.0,0.0,0.0,mg,N,5
EX_042-S10-010_WEEK6,042-S10-010,S10,WEEK6,2026-03-20,100.0,100.0,100.0,mg,N,5
EX_042-S10-011_WEEK6,042-S10-011,S10,WEEK6,2026-03-20,100.0,100.0,100.0,mg,N,5
EX_042-S10-012_WEEK6,042-S10-012,S10,WEEK6,2026-03-20,0.0,0.0,0.0,mg,N,5
EX_042-S10-013_WEEK6,042-S10-013,S10,WEEK6,2026-03-20,100.0,100.0,100.0,mg,N,5
EX_042-S10-014_WEEK6,042-S10-014,S10,WEEK6,2026-03-20,100.0,100.0,100.0,mg,N,5
EX_042-S10-015_WEEK6,042-S10-015,S10,WEEK6,2026-03-20,0.0,0.0,0.0,mg,N,5
EX_042-S10-016_WEEK6,042-S10-016,S10,WEEK6,2026-03-20,100.0,100.0,100.0,mg,N,5
EX_042-S10-017_WEEK6,042-S10-017,S10,WEEK6,2026-03-20,100.0,100.0,100.0,mg,N,5
EX_042-S10-018_WEEK6,042-S10-018,S10,WEEK6,2026-03-20,0.0,0.0,0.0,mg,N,5
EX_042-S10-019_WEEK6,042-S10-019,S10,WEEK6,2026-03-20,100.0,100.0,100.0,mg,N,5
EX_042-S10-020_WEEK6,042-S10-020,S10,WEEK6,2026-03-20,100.0,100.0,100.0,mg,N,5
EX_042-S11-001_WEEK6,042-S11-001,S11,WEEK6,2026-03-20,100.0,100.0,100.0,mg,N,5
EX_042-S11-002_WEEK6,042-S11-002,S11,WEEK6,2026-03-20,100.0,100.0,100.0,mg,N,5
EX_042-S11-003_WEEK6,042-S11-003,S11,WEEK6,2026-03-20,0.0,0.0,0.0,mg,N,5
EX_042-S11-004_WEEK6,042-S11-004,S11,WEEK6,2026-03-20,100.0,100.0,100.0,mg,N,5
EX_042-S11-005_WEEK6,042-S11-005,S11,WEEK6,2026-03-20,100.0,100.0,100.0,mg,N,5
EX_042-S11-006_WEEK6,042-S11-006,S11,WEEK6,2026-03-20,0.0,0.0,0.0,mg,N,5
EX_042-S11-007_WEEK6,042-S11-007,S11,WEEK6,2026-03-20,100.0,100.0,100.0,mg,N,5
EX_042-S11-008_WEEK6,042-S11-008,S11,WEEK6,2026-03-20,100.0,100.0,100.0,mg,N,5
EX_042-S11-009_WEEK6,042-S11-009,S11,WEEK6,2026-03-20,0.0,0.0,0.0,mg,N,5
EX_042-S11-010_WEEK6,042-S11-010,S11,WEEK6,2026-03-20,100.0,100.0,100.0,mg,N,5
EX_042-S11-011_WEEK6,042-S11-011,S11,WEEK6,2026-03-20,100.0,100.0,100.0,mg,N,5
EX_042-S11-012_WEEK6,042-S11-012,S11,WEEK6,2026-03-20,0.0,0.0,0.0,mg,N,5
EX_042-S11-013_WEEK6,042-S11-013,S11,WEEK6,2026-03-20,100.0,100.0,100.0,mg,N,5
EX_042-S11-014_WEEK6,042-S11-014,S11,WEEK6,2026-03-20,100.0,100.0,100.0,mg,N,5
EX_042-S11-015_WEEK6,042-S11-015,S11,WEEK6,2026-03-20,0.0,0.0,0.0,mg,N,5
EX_042-S11-016_WEEK6,042-S11-016,S11,WEEK6,2026-03-20,100.0,100.0,100.0,mg,N,5
EX_042-S11-017_WEEK6,042-S11-017,S11,WEEK6,2026-03-20,100.0,100.0,100.0,mg,N,5
EX_042-S11-018_WEEK6,042-S11-018,S11,WEEK6,2026-03-20,0.0,0.0,0.0,mg,N,5
EX_042-S11-019_WEEK6,042-S11-019,S11,WEEK6,2026-03-20,100.0,100.0,100.0,mg,N,5
EX_042-S11-020_WEEK6,042-S11-020,S11,WEEK6,2026-03-20,100.0,100.0,100.0,mg,N,5
EX_042-S12-001_WEEK6,042-S12-001,S12,WEEK6,2026-03-20,100.0,100.0,100.0,mg,N,5
EX_042-S12-002_WEEK6,042-S12-002,S12,WEEK6,2026-03-20,100.0,100.0,100.0,mg,N,5
EX_042-S12-003_WEEK6,042-S12-003,S12,WEEK6,2026-03-20,0.0,0.0,0.0,mg,N,5
EX_042-S12-004_WEEK6,042-S12-004,S12,WEEK6,2026-03-20,100.0,100.0,100.0,mg,N,5
EX_042-S12-005_WEEK6,042-S12-005,S12,WEEK6,2026-03-20,100.0,100.0,100.0,mg,N,5
EX_042-S12-006_WEEK6,042-S12-006,S12,WEEK6,2026-03-20,0.0,0.0,0.0,mg,N,5
EX_042-S12-007_WEEK6,042-S12-007,S12,WEEK6,2026-03-20,100.0,100.0,100.0,mg,N,5
EX_042-S12-008_WEEK6,042-S12-008,S12,WEEK6,2026-03-20,100.0,100.0,100.0,mg,N,5
EX_042-S12-009_WEEK6,042-S12-009,S12,WEEK6,2026-03-20,0.0,0.0,0.0,mg,N,5
EX_042-S12-010_WEEK6,042-S12-010,S12,WEEK6,2026-03-20,100.0,100.0,100.0,mg,N,5
EX_042-S12-011_WEEK6,042-S12-011,S12,WEEK6,2026-03-20,100.0,100.0,100.0,mg,N,5
EX_042-S12-012_WEEK6,042-S12-012,S12,WEEK6,2026-03-20,0.0,0.0,0.0,mg,N,5
EX_042-S12-013_WEEK6,042-S12-013,S12,WEEK6,2026-03-20,100.0,100.0,100.0,mg,N,5
EX_042-S12-014_WEEK6,042-S12-014,S12,WEEK6,2026-03-20,100.0,100.0,100.0,mg,N,5
EX_042-S12-015_WEEK6,042-S12-015,S12,WEEK6,2026-03-20,0.0,0.0,0.0,mg,N,5
EX_042-S12-016_WEEK6,042-S12-016,S12,WEEK6,2026-03-20,100.0,100.0,100.0,mg,N,5
EX_042-S12-017_WEEK6,042-S12-017,S12,WEEK6,2026-03-20,100.0,100.0,100.0,mg,N,5
EX_042-S12-018_WEEK6,042-S12-018,S12,WEEK6,2026-03-20,0.0,0.0,0.0,mg,N,5
EX_042-S12-019_WEEK6,042-S12-019,S12,WEEK6,2026-03-20,100.0,100.0,100.0,mg,N,5
EX_042-S12-020_WEEK6,042-S12-020,S12,WEEK6,2026-03-20,100.0,100.0,100.0,mg,N,5
EX_042-S01-001_WEEK8,042-S01-001,S01,WEEK8,2026-04-10,100.0,100.0,100.0,mg,N,7
EX_042-S01-002_WEEK8,042-S01-002,S01,WEEK8,2026-04-10,100.0,100.0,100.0,mg,N,7
EX_042-S01-003_WEEK8,042-S01-003,S01,WEEK8,2026-04-10,0.0,0.0,0.0,mg,N,7
EX_042-S01-004_WEEK8,042-S01-004,S01,WEEK8,2026-04-10,100.0,100.0,100.0,mg,N,7
EX_042-S01-005_WEEK8,042-S01-005,S01,WEEK8,2026-04-10,100.0,100.0,100.0,mg,N,7
EX_042-S01-006_WEEK8,042-S01-006,S01,WEEK8,2026-04-10,0.0,0.0,0.0,mg,N,7
EX_042-S01-007_WEEK8,042-S01-007,S01,WEEK8,2026-04-10,100.0,100.0,100.0,mg,N,7
EX_042-S01-008_WEEK8,042-S01-008,S01,WEEK8,2026-04-10,100.0,100.0,100.0,mg,N,7
EX_042-S01-009_WEEK8,042-S01-009,S01,WEEK8,2026-04-10,0.0,0.0,0.0,mg,N,7
EX_042-S01-010_WEEK8,042-S01-010,S01,WEEK8,2026-04-10,100.0,100.0,100.0,mg,N,7
EX_042-S01-011_WEEK8,042-S01-011,S01,WEEK8,2026-04-10,100.0,100.0,100.0,mg,N,7
EX_042-S01-012_WEEK8,042-S01-012,S01,WEEK8,2026-04-10,0.0,0.0,0.0,mg,N,7
EX_042-S01-013_WEEK8,042-S01-013,S01,WEEK8,2026-04-10,100.0,100.0,100.0,mg,N,7
EX_042-S01-014_WEEK8,042-S01-014,S01,WEEK8,2026-04-10,100.0,100.0,100.0,mg,N,7
EX_042-S01-015_WEEK8,042-S01-015,S01,WEEK8,2026-04-10,0.0,0.0,0.0,mg,N,7
EX_042-S01-016_WEEK8,042-S01-016,S01,WEEK8,2026-04-10,100.0,100.0,100.0,mg,N,7
EX_042-S01-017_WEEK8,042-S01-017,S01,WEEK8,2026-04-10,100.0,100.0,100.0,mg,N,7
EX_042-S01-018_WEEK8,042-S01-018,S01,WEEK8,2026-04-10,0.0,0.0,0.0,mg,N,7
EX_042-S01-019_WEEK8,042-S01-019,S01,WEEK8,2026-04-10,100.0,100.0,100.0,mg,N,7
EX_042-S01-020_WEEK8,042-S01-020,S01,WEEK8,2026-04-10,100.0,100.0,100.0,mg,N,7
EX_042-S01-021_WEEK8,042-S01-021,S01,WEEK8,2026-04-10,0.0,0.0,0.0,mg,N,7
EX_042-S02-001_WEEK8,042-S02-001,S02,WEEK8,2026-04-10,100.0,100.0,100.0,mg,N,7
EX_042-S02-002_WEEK8,042-S02-002,S02,WEEK8,2026-04-10,100.0,100.0,100.0,mg,N,7
EX_042-S02-003_WEEK8,042-S02-003,S02,WEEK8,2026-04-10,0.0,0.0,0.0,mg,N,7
EX_042-S02-004_WEEK8,042-S02-004,S02,WEEK8,2026-04-10,100.0,100.0,100.0,mg,N,7
EX_042-S02-005_WEEK8,042-S02-005,S02,WEEK8,2026-04-10,100.0,100.0,100.0,mg,N,7
EX_042-S02-006_WEEK8,042-S02-006,S02,WEEK8,2026-04-10,0.0,0.0,0.0,mg,N,7
EX_042-S02-007_WEEK8,042-S02-007,S02,WEEK8,2026-04-10,100.0,100.0,100.0,mg,N,7
EX_042-S02-008_WEEK8,042-S02-008,S02,WEEK8,2026-04-10,100.0,100.0,100.0,mg,N,7
EX_042-S02-009_WEEK8,042-S02-009,S02,WEEK8,2026-04-10,0.0,0.0,0.0,mg,N,7
EX_042-S02-010_WEEK8,042-S02-010,S02,WEEK8,2026-04-10,100.0,100.0,100.0,mg,N,7
EX_042-S02-011_WEEK8,042-S02-011,S02,WEEK8,2026-04-10,100.0,100.0,100.0,mg,N,7
EX_042-S02-012_WEEK8,042-S02-012,S02,WEEK8,2026-04-10,0.0,0.0,0.0,mg,N,7
EX_042-S02-013_WEEK8,042-S02-013,S02,WEEK8,2026-04-10,100.0,100.0,100.0,mg,N,7
EX_042-S02-014_WEEK8,042-S02-014,S02,WEEK8,2026-04-10,100.0,100.0,100.0,mg,N,7
EX_042-S02-015_WEEK8,042-S02-015,S02,WEEK8,2026-04-10,0.0,0.0,0.0,mg,N,7
EX_042-S02-016_WEEK8,042-S02-016,S02,WEEK8,2026-04-10,100.0,100.0,100.0,mg,N,7
EX_042-S02-017_WEEK8,042-S02-017,S02,WEEK8,2026-04-10,100.0,100.0,100.0,mg,N,7
EX_042-S02-018_WEEK8,042-S02-018,S02,WEEK8,2026-04-10,0.0,0.0,0.0,mg,N,7
EX_042-S02-019_WEEK8,042-S02-019,S02,WEEK8,2026-04-10,100.0,100.0,100.0,mg,N,7
EX_042-S02-020_WEEK8,042-S02-020,S02,WEEK8,2026-04-10,100.0,100.0,100.0,mg,N,7
EX_042-S03-001_WEEK8,042-S03-001,S03,WEEK8,2026-04-10,100.0,100.0,100.0,mg,N,7
EX_042-S03-002_WEEK8,042-S03-002,S03,WEEK8,2026-04-10,100.0,100.0,100.0,mg,N,7
EX_042-S03-003_WEEK8,042-S03-003,S03,WEEK8,2026-04-10,0.0,0.0,0.0,mg,N,7
EX_042-S03-004_WEEK8,042-S03-004,S03,WEEK8,2026-04-10,100.0,100.0,100.0,mg,N,7
EX_042-S03-005_WEEK8,042-S03-005,S03,WEEK8,2026-04-10,100.0,100.0,100.0,mg,N,7
EX_042-S03-006_WEEK8,042-S03-006,S03,WEEK8,2026-04-10,0.0,0.0,0.0,mg,N,7
EX_042-S03-007_WEEK8,042-S03-007,S03,WEEK8,2026-04-10,100.0,100.0,100.0,mg,N,7
EX_042-S03-008_WEEK8,042-S03-008,S03,WEEK8,2026-04-10,100.0,100.0,100.0,mg,N,7
EX_042-S03-009_WEEK8,042-S03-009,S03,WEEK8,2026-04-10,0.0,0.0,0.0,mg,N,7
EX_042-S03-010_WEEK8,042-S03-010,S03,WEEK8,2026-04-10,100.0,100.0,100.0,mg,N,7
EX_042-S03-011_WEEK8,042-S03-011,S03,WEEK8,2026-04-10,100.0,100.0,100.0,mg,N,7
EX_042-S03-012_WEEK8,042-S03-012,S03,WEEK8,2026-04-10,0.0,0.0,0.0,mg,N,7
EX_042-S03-013_WEEK8,042-S03-013,S03,WEEK8,2026-04-10,100.0,100.0,100.0,mg,N,7
EX_042-S03-014_WEEK8,042-S03-014,S03,WEEK8,2026-04-10,100.0,100.0,100.0,mg,N,7
EX_042-S03-015_WEEK8,042-S03-015,S03,WEEK8,2026-04-10,0.0,0.0,0.0,mg,N,7
EX_042-S03-016_WEEK8,042-S03-016,S03,WEEK8,2026-04-10,100.0,100.0,100.0,mg,N,7
EX_042-S03-017_WEEK8,042-S03-017,S03,WEEK8,2026-04-10,100.0,100.0,100.0,mg,N,7
EX_042-S03-018_WEEK8,042-S03-018,S03,WEEK8,2026-04-10,0.0,0.0,0.0,mg,N,7
EX_042-S03-019_WEEK8,042-S03-019,S03,WEEK8,2026-04-10,100.0,100.0,100.0,mg,N,7
EX_042-S03-020_WEEK8,042-S03-020,S03,WEEK8,2026-04-10,100.0,100.0,100.0,mg,N,7
EX_042-S04-001_WEEK8,042-S04-001,S04,WEEK8,2026-04-10,100.0,100.0,100.0,mg,N,7
EX_042-S04-002_WEEK8,042-S04-002,S04,WEEK8,2026-04-10,100.0,100.0,100.0,mg,N,7
EX_042-S04-003_WEEK8,042-S04-003,S04,WEEK8,2026-04-10,0.0,0.0,0.0,mg,N,7
EX_042-S04-004_WEEK8,042-S04-004,S04,WEEK8,2026-04-10,100.0,100.0,100.0,mg,N,7
EX_042-S04-005_WEEK8,042-S04-005,S04,WEEK8,2026-04-10,100.0,100.0,100.0,mg,N,7
EX_042-S04-006_WEEK8,042-S04-006,S04,WEEK8,2026-04-10,0.0,0.0,0.0,mg,N,7
EX_042-S04-007_WEEK8,042-S04-007,S04,WEEK8,2026-04-10,100.0,100.0,100.0,mg,N,7
EX_042-S04-008_WEEK8,042-S04-008,S04,WEEK8,2026-04-10,100.0,100.0,100.0,mg,N,7
EX_042-S04-009_WEEK8,042-S04-009,S04,WEEK8,2026-04-10,0.0,0.0,0.0,mg,N,7
EX_042-S04-010_WEEK8,042-S04-010,S04,WEEK8,2026-04-10,100.0,100.0,100.0,mg,N,7
EX_042-S04-011_WEEK8,042-S04-011,S04,WEEK8,2026-04-10,100.0,100.0,100.0,mg,N,7
EX_042-S04-012_WEEK8,042-S04-012,S04,WEEK8,2026-04-10,0.0,0.0,0.0,mg,N,7
EX_042-S04-013_WEEK8,042-S04-013,S04,WEEK8,2026-04-10,100.0,100.0,100.0,mg,N,7
EX_042-S04-014_WEEK8,042-S04-014,S04,WEEK8,2026-04-10,100.0,100.0,100.0,mg,N,7
EX_042-S04-015_WEEK8,042-S04-015,S04,WEEK8,2026-04-10,0.0,0.0,0.0,mg,N,7
EX_042-S04-016_WEEK8,042-S04-016,S04,WEEK8,2026-04-10,100.0,100.0,100.0,mg,N,7
EX_042-S04-017_WEEK8,042-S04-017,S04,WEEK8,2026-04-10,100.0,100.0,100.0,mg,N,7
EX_042-S04-018_WEEK8,042-S04-018,S04,WEEK8,2026-04-10,0.0,0.0,0.0,mg,N,7
EX_042-S04-019_WEEK8,042-S04-019,S04,WEEK8,2026-04-10,100.0,100.0,100.0,mg,N,7
EX_042-S04-020_WEEK8,042-S04-020,S04,WEEK8,2026-04-10,100.0,100.0,100.0,mg,N,7
EX_042-S05-001_WEEK8,042-S05-001,S05,WEEK8,2026-04-10,100.0,100.0,100.0,mg,N,7
EX_042-S05-002_WEEK8,042-S05-002,S05,WEEK8,2026-04-10,100.0,100.0,100.0,mg,N,7
EX_042-S05-003_WEEK8,042-S05-003,S05,WEEK8,2026-04-10,0.0,0.0,0.0,mg,N,7
EX_042-S05-004_WEEK8,042-S05-004,S05,WEEK8,2026-04-10,100.0,100.0,100.0,mg,N,7
EX_042-S05-005_WEEK8,042-S05-005,S05,WEEK8,2026-04-10,100.0,100.0,100.0,mg,N,7
EX_042-S05-006_WEEK8,042-S05-006,S05,WEEK8,2026-04-10,0.0,0.0,0.0,mg,N,7
EX_042-S05-007_WEEK8,042-S05-007,S05,WEEK8,2026-04-10,100.0,100.0,100.0,mg,N,7
EX_042-S05-008_WEEK8,042-S05-008,S05,WEEK8,2026-04-10,100.0,100.0,100.0,mg,N,7
EX_042-S05-009_WEEK8,042-S05-009,S05,WEEK8,2026-04-10,0.0,0.0,0.0,mg,N,7
EX_042-S05-010_WEEK8,042-S05-010,S05,WEEK8,2026-04-10,100.0,100.0,100.0,mg,N,7
EX_042-S05-011_WEEK8,042-S05-011,S05,WEEK8,2026-04-10,100.0,100.0,100.0,mg,N,7
EX_042-S05-012_WEEK8,042-S05-012,S05,WEEK8,2026-04-10,0.0,0.0,0.0,mg,N,7
EX_042-S05-013_WEEK8,042-S05-013,S05,WEEK8,2026-04-10,100.0,100.0,100.0,mg,N,7
EX_042-S05-014_WEEK8,042-S05-014,S05,WEEK8,2026-04-10,100.0,100.0,100.0,mg,N,7
EX_042-S05-015_WEEK8,042-S05-015,S05,WEEK8,2026-04-10,0.0,0.0,0.0,mg,N,7
EX_042-S05-016_WEEK8,042-S05-016,S05,WEEK8,2026-04-10,100.0,100.0,100.0,mg,N,7
EX_042-S05-017_WEEK8,042-S05-017,S05,WEEK8,2026-04-10,100.0,100.0,100.0,mg,N,7
EX_042-S05-018_WEEK8,042-S05-018,S05,WEEK8,2026-04-10,0.0,0.0,0.0,mg,N,7
EX_042-S05-019_WEEK8,042-S05-019,S05,WEEK8,2026-04-10,100.0,100.0,100.0,mg,N,7
EX_042-S05-020_WEEK8,042-S05-020,S05,WEEK8,2026-04-10,100.0,100.0,100.0,mg,N,7
EX_042-S06-001_WEEK8,042-S06-001,S06,WEEK8,2026-04-10,100.0,100.0,100.0,mg,N,7
EX_042-S06-002_WEEK8,042-S06-002,S06,WEEK8,2026-04-10,100.0,100.0,100.0,mg,N,7
EX_042-S06-003_WEEK8,042-S06-003,S06,WEEK8,2026-04-10,0.0,0.0,0.0,mg,N,7
EX_042-S06-004_WEEK8,042-S06-004,S06,WEEK8,2026-04-10,100.0,100.0,100.0,mg,N,7
EX_042-S06-005_WEEK8,042-S06-005,S06,WEEK8,2026-04-10,100.0,100.0,100.0,mg,N,7
EX_042-S06-006_WEEK8,042-S06-006,S06,WEEK8,2026-04-10,0.0,0.0,0.0,mg,N,7
EX_042-S06-007_WEEK8,042-S06-007,S06,WEEK8,2026-04-10,100.0,100.0,100.0,mg,N,7
EX_042-S06-008_WEEK8,042-S06-008,S06,WEEK8,2026-04-10,100.0,100.0,100.0,mg,N,7
EX_042-S06-009_WEEK8,042-S06-009,S06,WEEK8,2026-04-10,0.0,0.0,0.0,mg,N,7
EX_042-S06-010_WEEK8,042-S06-010,S06,WEEK8,2026-04-10,100.0,100.0,100.0,mg,N,7
EX_042-S06-011_WEEK8,042-S06-011,S06,WEEK8,2026-04-10,100.0,100.0,100.0,mg,N,7
EX_042-S06-012_WEEK8,042-S06-012,S06,WEEK8,2026-04-10,0.0,0.0,0.0,mg,N,7
EX_042-S06-013_WEEK8,042-S06-013,S06,WEEK8,2026-04-10,100.0,100.0,100.0,mg,N,7
EX_042-S06-014_WEEK8,042-S06-014,S06,WEEK8,2026-04-10,100.0,100.0,100.0,mg,N,7
EX_042-S06-015_WEEK8,042-S06-015,S06,WEEK8,2026-04-10,0.0,0.0,0.0,mg,N,7
EX_042-S06-016_WEEK8,042-S06-016,S06,WEEK8,2026-04-10,100.0,100.0,100.0,mg,N,7
EX_042-S06-017_WEEK8,042-S06-017,S06,WEEK8,2026-04-10,100.0,100.0,100.0,mg,N,7
EX_042-S06-018_WEEK8,042-S06-018,S06,WEEK8,2026-04-10,0.0,0.0,0.0,mg,N,7
EX_042-S06-019_WEEK8,042-S06-019,S06,WEEK8,2026-04-10,100.0,100.0,100.0,mg,N,7
EX_042-S06-020_WEEK8,042-S06-020,S06,WEEK8,2026-04-10,100.0,100.0,100.0,mg,N,7
EX_042-S07-001_WEEK8,042-S07-001,S07,WEEK8,2026-04-10,100.0,100.0,100.0,mg,N,7
EX_042-S07-002_WEEK8,042-S07-002,S07,WEEK8,2026-04-10,100.0,100.0,100.0,mg,N,7
EX_042-S07-003_WEEK8,042-S07-003,S07,WEEK8,2026-04-10,0.0,0.0,0.0,mg,N,7
EX_042-S07-004_WEEK8,042-S07-004,S07,WEEK8,2026-04-10,100.0,100.0,100.0,mg,N,7
EX_042-S07-005_WEEK8,042-S07-005,S07,WEEK8,2026-04-10,100.0,100.0,100.0,mg,N,7
EX_042-S07-006_WEEK8,042-S07-006,S07,WEEK8,2026-04-10,0.0,0.0,0.0,mg,N,7
EX_042-S07-007_WEEK8,042-S07-007,S07,WEEK8,2026-04-10,100.0,100.0,100.0,mg,N,7
EX_042-S07-008_WEEK8,042-S07-008,S07,WEEK8,2026-04-10,100.0,100.0,100.0,mg,N,7
EX_042-S07-009_WEEK8,042-S07-009,S07,WEEK8,2026-04-10,0.0,0.0,0.0,mg,N,7
EX_042-S07-010_WEEK8,042-S07-010,S07,WEEK8,2026-04-10,100.0,100.0,100.0,mg,N,7
EX_042-S07-011_WEEK8,042-S07-011,S07,WEEK8,2026-04-10,100.0,100.0,100.0,mg,N,7
EX_042-S07-012_WEEK8,042-S07-012,S07,WEEK8,2026-04-10,0.0,0.0,0.0,mg,N,7
EX_042-S07-013_WEEK8,042-S07-013,S07,WEEK8,2026-04-10,100.0,100.0,100.0,mg,N,7
EX_042-S07-014_WEEK8,042-S07-014,S07,WEEK8,2026-04-10,100.0,100.0,100.0,mg,N,7
EX_042-S07-015_WEEK8,042-S07-015,S07,WEEK8,2026-04-10,0.0,0.0,0.0,mg,N,7
EX_042-S07-016_WEEK8,042-S07-016,S07,WEEK8,2026-04-10,100.0,100.0,100.0,mg,N,7
EX_042-S07-017_WEEK8,042-S07-017,S07,WEEK8,2026-04-10,100.0,100.0,100.0,mg,N,7
EX_042-S07-018_WEEK8,042-S07-018,S07,WEEK8,2026-04-10,0.0,0.0,0.0,mg,N,7
EX_042-S07-019_WEEK8,042-S07-019,S07,WEEK8,2026-04-10,100.0,100.0,100.0,mg,N,7
EX_042-S07-020_WEEK8,042-S07-020,S07,WEEK8,2026-04-10,100.0,100.0,100.0,mg,N,7
EX_042-S08-001_WEEK8,042-S08-001,S08,WEEK8,2026-04-10,100.0,100.0,100.0,mg,N,7
EX_042-S08-002_WEEK8,042-S08-002,S08,WEEK8,2026-04-10,100.0,100.0,100.0,mg,N,7
EX_042-S08-003_WEEK8,042-S08-003,S08,WEEK8,2026-04-10,0.0,0.0,0.0,mg,N,7
EX_042-S08-004_WEEK8,042-S08-004,S08,WEEK8,2026-04-10,100.0,100.0,100.0,mg,N,7
EX_042-S08-005_WEEK8,042-S08-005,S08,WEEK8,2026-04-10,100.0,100.0,100.0,mg,N,7
EX_042-S08-006_WEEK8,042-S08-006,S08,WEEK8,2026-04-10,0.0,0.0,0.0,mg,N,7
EX_042-S08-007_WEEK8,042-S08-007,S08,WEEK8,2026-04-10,100.0,100.0,100.0,mg,N,7
EX_042-S08-008_WEEK8,042-S08-008,S08,WEEK8,2026-04-10,100.0,100.0,100.0,mg,N,7
EX_042-S08-009_WEEK8,042-S08-009,S08,WEEK8,2026-04-10,0.0,0.0,0.0,mg,N,7
EX_042-S08-010_WEEK8,042-S08-010,S08,WEEK8,2026-04-10,100.0,100.0,100.0,mg,N,7
EX_042-S08-011_WEEK8,042-S08-011,S08,WEEK8,2026-04-10,100.0,100.0,100.0,mg,N,7
EX_042-S08-012_WEEK8,042-S08-012,S08,WEEK8,2026-04-10,0.0,0.0,0.0,mg,N,7
EX_042-S08-013_WEEK8,042-S08-013,S08,WEEK8,2026-04-10,100.0,100.0,100.0,mg,N,7
EX_042-S08-014_WEEK8,042-S08-014,S08,WEEK8,2026-04-10,100.0,100.0,100.0,mg,N,7
EX_042-S08-015_WEEK8,042-S08-015,S08,WEEK8,2026-04-10,0.0,0.0,0.0,mg,N,7
EX_042-S08-016_WEEK8,042-S08-016,S08,WEEK8,2026-04-10,100.0,100.0,100.0,mg,N,7
EX_042-S08-017_WEEK8,042-S08-017,S08,WEEK8,2026-04-10,100.0,100.0,100.0,mg,N,7
EX_042-S08-018_WEEK8,042-S08-018,S08,WEEK8,2026-04-10,0.0,0.0,0.0,mg,N,7
EX_042-S08-019_WEEK8,042-S08-019,S08,WEEK8,2026-04-10,100.0,100.0,100.0,mg,N,7
EX_042-S08-020_WEEK8,042-S08-020,S08,WEEK8,2026-04-10,100.0,100.0,100.0,mg,N,7
EX_042-S10-001_WEEK8,042-S10-001,S10,WEEK8,2026-04-10,100.0,100.0,100.0,mg,N,7
EX_042-S10-002_WEEK8,042-S10-002,S10,WEEK8,2026-04-10,100.0,100.0,100.0,mg,N,7
EX_042-S10-003_WEEK8,042-S10-003,S10,WEEK8,2026-04-10,0.0,0.0,0.0,mg,N,7
EX_042-S10-004_WEEK8,042-S10-004,S10,WEEK8,2026-04-10,100.0,100.0,100.0,mg,N,7
EX_042-S10-005_WEEK8,042-S10-005,S10,WEEK8,2026-04-10,100.0,100.0,100.0,mg,N,7
EX_042-S10-006_WEEK8,042-S10-006,S10,WEEK8,2026-04-10,0.0,0.0,0.0,mg,N,7
EX_042-S10-007_WEEK8,042-S10-007,S10,WEEK8,2026-04-10,100.0,100.0,100.0,mg,N,7
EX_042-S10-008_WEEK8,042-S10-008,S10,WEEK8,2026-04-10,100.0,100.0,100.0,mg,N,7
EX_042-S10-009_WEEK8,042-S10-009,S10,WEEK8,2026-04-10,0.0,0.0,0.0,mg,N,7
EX_042-S10-010_WEEK8,042-S10-010,S10,WEEK8,2026-04-10,100.0,100.0,100.0,mg,N,7
EX_042-S10-011_WEEK8,042-S10-011,S10,WEEK8,2026-04-10,100.0,100.0,100.0,mg,N,7
EX_042-S10-012_WEEK8,042-S10-012,S10,WEEK8,2026-04-10,0.0,0.0,0.0,mg,N,7
EX_042-S10-013_WEEK8,042-S10-013,S10,WEEK8,2026-04-10,100.0,100.0,100.0,mg,N,7
EX_042-S10-014_WEEK8,042-S10-014,S10,WEEK8,2026-04-10,100.0,100.0,100.0,mg,N,7
EX_042-S10-015_WEEK8,042-S10-015,S10,WEEK8,2026-04-10,0.0,0.0,0.0,mg,N,7
EX_042-S10-016_WEEK8,042-S10-016,S10,WEEK8,2026-04-10,100.0,100.0,100.0,mg,N,7
EX_042-S10-017_WEEK8,042-S10-017,S10,WEEK8,2026-04-10,100.0,100.0,100.0,mg,N,7
EX_042-S10-018_WEEK8,042-S10-018,S10,WEEK8,2026-04-10,0.0,0.0,0.0,mg,N,7
EX_042-S10-019_WEEK8,042-S10-019,S10,WEEK8,2026-04-10,100.0,100.0,100.0,mg,N,7
EX_042-S10-020_WEEK8,042-S10-020,S10,WEEK8,2026-04-10,100.0,100.0,100.0,mg,N,7
EX_042-S11-001_WEEK8,042-S11-001,S11,WEEK8,2026-04-10,100.0,100.0,100.0,mg,N,7
EX_042-S11-002_WEEK8,042-S11-002,S11,WEEK8,2026-04-10,100.0,100.0,100.0,mg,N,7
EX_042-S11-003_WEEK8,042-S11-003,S11,WEEK8,2026-04-10,0.0,0.0,0.0,mg,N,7
EX_042-S11-004_WEEK8,042-S11-004,S11,WEEK8,2026-04-10,100.0,100.0,100.0,mg,N,7
EX_042-S11-005_WEEK8,042-S11-005,S11,WEEK8,2026-04-10,100.0,100.0,100.0,mg,N,7
EX_042-S11-006_WEEK8,042-S11-006,S11,WEEK8,2026-04-10,0.0,0.0,0.0,mg,N,7
EX_042-S11-007_WEEK8,042-S11-007,S11,WEEK8,2026-04-10,100.0,100.0,100.0,mg,N,7
EX_042-S11-008_WEEK8,042-S11-008,S11,WEEK8,2026-04-10,100.0,100.0,100.0,mg,N,7
EX_042-S11-009_WEEK8,042-S11-009,S11,WEEK8,2026-04-10,0.0,0.0,0.0,mg,N,7
EX_042-S11-010_WEEK8,042-S11-010,S11,WEEK8,2026-04-10,100.0,100.0,100.0,mg,N,7
EX_042-S11-011_WEEK8,042-S11-011,S11,WEEK8,2026-04-10,100.0,100.0,100.0,mg,N,7
EX_042-S11-012_WEEK8,042-S11-012,S11,WEEK8,2026-04-10,0.0,0.0,0.0,mg,N,7
EX_042-S11-013_WEEK8,042-S11-013,S11,WEEK8,2026-04-10,100.0,100.0,100.0,mg,N,7
EX_042-S11-014_WEEK8,042-S11-014,S11,WEEK8,2026-04-10,100.0,100.0,100.0,mg,N,7
EX_042-S11-015_WEEK8,042-S11-015,S11,WEEK8,2026-04-10,0.0,0.0,0.0,mg,N,7
EX_042-S11-016_WEEK8,042-S11-016,S11,WEEK8,2026-04-10,100.0,100.0,100.0,mg,N,7
EX_042-S11-017_WEEK8,042-S11-017,S11,WEEK8,2026-04-10,100.0,100.0,100.0,mg,N,7
EX_042-S11-018_WEEK8,042-S11-018,S11,WEEK8,2026-04-10,0.0,0.0,0.0,mg,N,7
EX_042-S11-019_WEEK8,042-S11-019,S11,WEEK8,2026-04-10,100.0,100.0,100.0,mg,N,7
EX_042-S11-020_WEEK8,042-S11-020,S11,WEEK8,2026-04-10,100.0,100.0,100.0,mg,N,7
EX_042-S12-001_WEEK8,042-S12-001,S12,WEEK8,2026-04-10,100.0,100.0,100.0,mg,N,7
EX_042-S12-002_WEEK8,042-S12-002,S12,WEEK8,2026-04-10,100.0,100.0,100.0,mg,N,7
EX_042-S12-003_WEEK8,042-S12-003,S12,WEEK8,2026-04-10,0.0,0.0,0.0,mg,N,7
EX_042-S12-004_WEEK8,042-S12-004,S12,WEEK8,2026-04-10,100.0,100.0,100.0,mg,N,7
EX_042-S12-005_WEEK8,042-S12-005,S12,WEEK8,2026-04-10,100.0,100.0,100.0,mg,N,7
EX_042-S12-006_WEEK8,042-S12-006,S12,WEEK8,2026-04-10,0.0,0.0,0.0,mg,N,7
EX_042-S12-007_WEEK8,042-S12-007,S12,WEEK8,2026-04-10,100.0,100.0,100.0,mg,N,7
EX_042-S12-008_WEEK8,042-S12-008,S12,WEEK8,2026-04-10,100.0,100.0,100.0,mg,N,7
EX_042-S12-009_WEEK8,042-S12-009,S12,WEEK8,2026-04-10,0.0,0.0,0.0,mg,N,7
EX_042-S12-010_WEEK8,042-S12-010,S12,WEEK8,2026-04-10,100.0,100.0,100.0,mg,N,7
EX_042-S12-011_WEEK8,042-S12-011,S12,WEEK8,2026-04-10,100.0,100.0,100.0,mg,N,7
EX_042-S12-012_WEEK8,042-S12-012,S12,WEEK8,2026-04-10,0.0,0.0,0.0,mg,N,7
EX_042-S12-013_WEEK8,042-S12-013,S12,WEEK8,2026-04-10,100.0,100.0,100.0,mg,N,7
EX_042-S12-014_WEEK8,042-S12-014,S12,WEEK8,2026-04-10,100.0,100.0,100.0,mg,N,7
EX_042-S12-015_WEEK8,042-S12-015,S12,WEEK8,2026-04-10,0.0,0.0,0.0,mg,N,7
EX_042-S12-016_WEEK8,042-S12-016,S12,WEEK8,2026-04-10,100.0,100.0,100.0,mg,N,7
EX_042-S12-017_WEEK8,042-S12-017,S12,WEEK8,2026-04-10,100.0,100.0,100.0,mg,N,7
EX_042-S12-018_WEEK8,042-S12-018,S12,WEEK8,2026-04-10,0.0,0.0,0.0,mg,N,7
EX_042-S12-019_WEEK8,042-S12-019,S12,WEEK8,2026-04-10,100.0,100.0,100.0,mg,N,7
EX_042-S12-020_WEEK8,042-S12-020,S12,WEEK8,2026-04-10,100.0,100.0,100.0,mg,N,7
EX_042-S01-001_WEEK12,042-S01-001,S01,WEEK12,2026-05-10,100.0,100.0,100.0,mg,N,9
EX_042-S01-002_WEEK12,042-S01-002,S01,WEEK12,2026-05-10,100.0,100.0,100.0,mg,N,9
EX_042-S01-003_WEEK12,042-S01-003,S01,WEEK12,2026-05-10,0.0,0.0,0.0,mg,N,9
EX_042-S01-004_WEEK12,042-S01-004,S01,WEEK12,2026-05-10,100.0,100.0,100.0,mg,N,9
EX_042-S01-005_WEEK12,042-S01-005,S01,WEEK12,2026-05-10,100.0,100.0,100.0,mg,N,9
EX_042-S01-006_WEEK12,042-S01-006,S01,WEEK12,2026-05-10,0.0,0.0,0.0,mg,N,9
EX_042-S01-007_WEEK12,042-S01-007,S01,WEEK12,2026-05-10,100.0,100.0,100.0,mg,N,9
EX_042-S01-008_WEEK12,042-S01-008,S01,WEEK12,2026-05-10,100.0,100.0,100.0,mg,N,9
EX_042-S01-009_WEEK12,042-S01-009,S01,WEEK12,2026-05-10,0.0,0.0,0.0,mg,N,9
EX_042-S01-010_WEEK12,042-S01-010,S01,WEEK12,2026-05-10,100.0,100.0,100.0,mg,N,9
EX_042-S01-011_WEEK12,042-S01-011,S01,WEEK12,2026-05-10,100.0,100.0,100.0,mg,N,9
EX_042-S01-012_WEEK12,042-S01-012,S01,WEEK12,2026-05-10,0.0,0.0,0.0,mg,N,9
EX_042-S01-013_WEEK12,042-S01-013,S01,WEEK12,2026-05-10,100.0,100.0,100.0,mg,N,9
EX_042-S01-014_WEEK12,042-S01-014,S01,WEEK12,2026-05-10,100.0,100.0,100.0,mg,N,9
EX_042-S01-015_WEEK12,042-S01-015,S01,WEEK12,2026-05-10,0.0,0.0,0.0,mg,N,9
EX_042-S01-016_WEEK12,042-S01-016,S01,WEEK12,2026-05-10,100.0,100.0,100.0,mg,N,9
EX_042-S01-017_WEEK12,042-S01-017,S01,WEEK12,2026-05-10,100.0,100.0,100.0,mg,N,9
EX_042-S01-018_WEEK12,042-S01-018,S01,WEEK12,2026-05-10,0.0,0.0,0.0,mg,N,9
EX_042-S01-019_WEEK12,042-S01-019,S01,WEEK12,2026-05-10,100.0,100.0,100.0,mg,N,9
EX_042-S01-020_WEEK12,042-S01-020,S01,WEEK12,2026-05-10,100.0,100.0,100.0,mg,N,9
EX_042-S01-021_WEEK12,042-S01-021,S01,WEEK12,2026-05-10,0.0,0.0,0.0,mg,N,9
EX_042-S02-001_WEEK12,042-S02-001,S02,WEEK12,2026-05-10,100.0,100.0,100.0,mg,N,9
EX_042-S02-002_WEEK12,042-S02-002,S02,WEEK12,2026-05-10,100.0,100.0,100.0,mg,N,9
EX_042-S02-003_WEEK12,042-S02-003,S02,WEEK12,2026-05-10,0.0,0.0,0.0,mg,N,9
EX_042-S02-004_WEEK12,042-S02-004,S02,WEEK12,2026-05-10,100.0,100.0,100.0,mg,N,9
EX_042-S02-005_WEEK12,042-S02-005,S02,WEEK12,2026-05-10,100.0,100.0,100.0,mg,N,9
EX_042-S02-006_WEEK12,042-S02-006,S02,WEEK12,2026-05-10,0.0,0.0,0.0,mg,N,9
EX_042-S02-007_WEEK12,042-S02-007,S02,WEEK12,2026-05-10,100.0,100.0,100.0,mg,N,9
EX_042-S02-008_WEEK12,042-S02-008,S02,WEEK12,2026-05-10,100.0,100.0,100.0,mg,N,9
EX_042-S02-009_WEEK12,042-S02-009,S02,WEEK12,2026-05-10,0.0,0.0,0.0,mg,N,9
EX_042-S02-010_WEEK12,042-S02-010,S02,WEEK12,2026-05-10,100.0,100.0,100.0,mg,N,9
EX_042-S02-011_WEEK12,042-S02-011,S02,WEEK12,2026-05-10,100.0,100.0,100.0,mg,N,9
EX_042-S02-012_WEEK12,042-S02-012,S02,WEEK12,2026-05-10,0.0,0.0,0.0,mg,N,9
EX_042-S02-013_WEEK12,042-S02-013,S02,WEEK12,2026-05-10,100.0,100.0,100.0,mg,N,9
EX_042-S02-014_WEEK12,042-S02-014,S02,WEEK12,2026-05-10,100.0,100.0,100.0,mg,N,9
EX_042-S02-015_WEEK12,042-S02-015,S02,WEEK12,2026-05-10,0.0,0.0,0.0,mg,N,9
EX_042-S02-016_WEEK12,042-S02-016,S02,WEEK12,2026-05-10,100.0,100.0,100.0,mg,N,9
EX_042-S02-017_WEEK12,042-S02-017,S02,WEEK12,2026-05-10,100.0,100.0,100.0,mg,N,9
EX_042-S02-018_WEEK12,042-S02-018,S02,WEEK12,2026-05-10,0.0,0.0,0.0,mg,N,9
EX_042-S02-019_WEEK12,042-S02-019,S02,WEEK12,2026-05-10,100.0,100.0,100.0,mg,N,9
EX_042-S02-020_WEEK12,042-S02-020,S02,WEEK12,2026-05-10,100.0,100.0,100.0,mg,N,9
EX_042-S03-001_WEEK12,042-S03-001,S03,WEEK12,2026-05-10,100.0,100.0,100.0,mg,N,9
EX_042-S03-002_WEEK12,042-S03-002,S03,WEEK12,2026-05-10,100.0,100.0,100.0,mg,N,9
EX_042-S03-003_WEEK12,042-S03-003,S03,WEEK12,2026-05-10,0.0,0.0,0.0,mg,N,9
EX_042-S03-004_WEEK12,042-S03-004,S03,WEEK12,2026-05-10,100.0,100.0,100.0,mg,N,9
EX_042-S03-005_WEEK12,042-S03-005,S03,WEEK12,2026-05-10,100.0,100.0,100.0,mg,N,9
EX_042-S03-006_WEEK12,042-S03-006,S03,WEEK12,2026-05-10,0.0,0.0,0.0,mg,N,9
EX_042-S03-007_WEEK12,042-S03-007,S03,WEEK12,2026-05-10,100.0,100.0,100.0,mg,N,9
EX_042-S03-008_WEEK12,042-S03-008,S03,WEEK12,2026-05-10,100.0,100.0,100.0,mg,N,9
EX_042-S03-009_WEEK12,042-S03-009,S03,WEEK12,2026-05-10,0.0,0.0,0.0,mg,N,9
EX_042-S03-010_WEEK12,042-S03-010,S03,WEEK12,2026-05-10,100.0,100.0,100.0,mg,N,9
EX_042-S03-011_WEEK12,042-S03-011,S03,WEEK12,2026-05-10,100.0,100.0,100.0,mg,N,9
EX_042-S03-012_WEEK12,042-S03-012,S03,WEEK12,2026-05-10,0.0,0.0,0.0,mg,N,9
EX_042-S03-013_WEEK12,042-S03-013,S03,WEEK12,2026-05-10,100.0,100.0,100.0,mg,N,9
EX_042-S03-014_WEEK12,042-S03-014,S03,WEEK12,2026-05-10,100.0,100.0,100.0,mg,N,9
EX_042-S03-015_WEEK12,042-S03-015,S03,WEEK12,2026-05-10,0.0,0.0,0.0,mg,N,9
EX_042-S03-016_WEEK12,042-S03-016,S03,WEEK12,2026-05-10,100.0,100.0,100.0,mg,N,9
EX_042-S03-017_WEEK12,042-S03-017,S03,WEEK12,2026-05-10,100.0,100.0,100.0,mg,N,9
EX_042-S03-018_WEEK12,042-S03-018,S03,WEEK12,2026-05-10,0.0,0.0,0.0,mg,N,9
EX_042-S03-019_WEEK12,042-S03-019,S03,WEEK12,2026-05-10,100.0,100.0,100.0,mg,N,9
EX_042-S03-020_WEEK12,042-S03-020,S03,WEEK12,2026-05-10,100.0,100.0,100.0,mg,N,9
EX_042-S04-001_WEEK12,042-S04-001,S04,WEEK12,2026-05-10,100.0,100.0,100.0,mg,N,9
EX_042-S04-002_WEEK12,042-S04-002,S04,WEEK12,2026-05-10,100.0,100.0,100.0,mg,N,9
EX_042-S04-003_WEEK12,042-S04-003,S04,WEEK12,2026-05-10,0.0,0.0,0.0,mg,N,9
EX_042-S04-004_WEEK12,042-S04-004,S04,WEEK12,2026-05-10,100.0,100.0,100.0,mg,N,9
EX_042-S04-005_WEEK12,042-S04-005,S04,WEEK12,2026-05-10,100.0,100.0,100.0,mg,N,9
EX_042-S04-006_WEEK12,042-S04-006,S04,WEEK12,2026-05-10,0.0,0.0,0.0,mg,N,9
EX_042-S04-007_WEEK12,042-S04-007,S04,WEEK12,2026-05-10,100.0,100.0,100.0,mg,N,9
EX_042-S04-008_WEEK12,042-S04-008,S04,WEEK12,2026-05-10,100.0,100.0,100.0,mg,N,9
EX_042-S04-009_WEEK12,042-S04-009,S04,WEEK12,2026-05-10,0.0,0.0,0.0,mg,N,9
EX_042-S04-010_WEEK12,042-S04-010,S04,WEEK12,2026-05-10,100.0,100.0,100.0,mg,N,9
EX_042-S04-011_WEEK12,042-S04-011,S04,WEEK12,2026-05-10,100.0,100.0,100.0,mg,N,9
EX_042-S04-012_WEEK12,042-S04-012,S04,WEEK12,2026-05-10,0.0,0.0,0.0,mg,N,9
EX_042-S04-013_WEEK12,042-S04-013,S04,WEEK12,2026-05-10,100.0,100.0,100.0,mg,N,9
EX_042-S04-014_WEEK12,042-S04-014,S04,WEEK12,2026-05-10,100.0,100.0,100.0,mg,N,9
EX_042-S04-015_WEEK12,042-S04-015,S04,WEEK12,2026-05-10,0.0,0.0,0.0,mg,N,9
EX_042-S04-016_WEEK12,042-S04-016,S04,WEEK12,2026-05-10,100.0,100.0,100.0,mg,N,9
EX_042-S04-017_WEEK12,042-S04-017,S04,WEEK12,2026-05-10,100.0,100.0,100.0,mg,N,9
EX_042-S04-018_WEEK12,042-S04-018,S04,WEEK12,2026-05-10,0.0,0.0,0.0,mg,N,9
EX_042-S04-019_WEEK12,042-S04-019,S04,WEEK12,2026-05-10,100.0,100.0,100.0,mg,N,9
EX_042-S04-020_WEEK12,042-S04-020,S04,WEEK12,2026-05-10,100.0,100.0,100.0,mg,N,9
EX_042-S05-001_WEEK12,042-S05-001,S05,WEEK12,2026-05-10,100.0,100.0,100.0,mg,N,9
EX_042-S05-002_WEEK12,042-S05-002,S05,WEEK12,2026-05-10,100.0,100.0,100.0,mg,N,9
EX_042-S05-003_WEEK12,042-S05-003,S05,WEEK12,2026-05-10,0.0,0.0,0.0,mg,N,9
EX_042-S05-004_WEEK12,042-S05-004,S05,WEEK12,2026-05-10,100.0,100.0,100.0,mg,N,9
EX_042-S05-005_WEEK12,042-S05-005,S05,WEEK12,2026-05-10,100.0,100.0,100.0,mg,N,9
EX_042-S05-006_WEEK12,042-S05-006,S05,WEEK12,2026-05-10,0.0,0.0,0.0,mg,N,9
EX_042-S05-007_WEEK12,042-S05-007,S05,WEEK12,2026-05-10,100.0,100.0,100.0,mg,N,9
EX_042-S05-008_WEEK12,042-S05-008,S05,WEEK12,2026-05-10,100.0,100.0,100.0,mg,N,9
EX_042-S05-009_WEEK12,042-S05-009,S05,WEEK12,2026-05-10,0.0,0.0,0.0,mg,N,9
EX_042-S05-010_WEEK12,042-S05-010,S05,WEEK12,2026-05-10,100.0,100.0,100.0,mg,N,9
EX_042-S05-011_WEEK12,042-S05-011,S05,WEEK12,2026-05-10,100.0,100.0,100.0,mg,N,9
EX_042-S05-012_WEEK12,042-S05-012,S05,WEEK12,2026-05-10,0.0,0.0,0.0,mg,N,9
EX_042-S05-013_WEEK12,042-S05-013,S05,WEEK12,2026-05-10,100.0,100.0,100.0,mg,N,9
EX_042-S05-014_WEEK12,042-S05-014,S05,WEEK12,2026-05-10,100.0,100.0,100.0,mg,N,9
EX_042-S05-015_WEEK12,042-S05-015,S05,WEEK12,2026-05-10,0.0,0.0,0.0,mg,N,9
EX_042-S05-016_WEEK12,042-S05-016,S05,WEEK12,2026-05-10,100.0,100.0,100.0,mg,N,9
EX_042-S05-017_WEEK12,042-S05-017,S05,WEEK12,2026-05-10,100.0,100.0,100.0,mg,N,9
EX_042-S05-018_WEEK12,042-S05-018,S05,WEEK12,2026-05-10,0.0,0.0,0.0,mg,N,9
EX_042-S05-019_WEEK12,042-S05-019,S05,WEEK12,2026-05-10,100.0,100.0,100.0,mg,N,9
EX_042-S05-020_WEEK12,042-S05-020,S05,WEEK12,2026-05-10,100.0,100.0,100.0,mg,N,9
EX_042-S06-001_WEEK12,042-S06-001,S06,WEEK12,2026-05-10,100.0,100.0,100.0,mg,N,9
EX_042-S06-002_WEEK12,042-S06-002,S06,WEEK12,2026-05-10,100.0,100.0,100.0,mg,N,9
EX_042-S06-003_WEEK12,042-S06-003,S06,WEEK12,2026-05-10,0.0,0.0,0.0,mg,N,9
EX_042-S06-004_WEEK12,042-S06-004,S06,WEEK12,2026-05-10,100.0,100.0,100.0,mg,N,9
EX_042-S06-005_WEEK12,042-S06-005,S06,WEEK12,2026-05-10,100.0,100.0,100.0,mg,N,9
EX_042-S06-006_WEEK12,042-S06-006,S06,WEEK12,2026-05-10,0.0,0.0,0.0,mg,N,9
EX_042-S06-007_WEEK12,042-S06-007,S06,WEEK12,2026-05-10,100.0,100.0,100.0,mg,N,9
EX_042-S06-008_WEEK12,042-S06-008,S06,WEEK12,2026-05-10,100.0,100.0,100.0,mg,N,9
EX_042-S06-009_WEEK12,042-S06-009,S06,WEEK12,2026-05-10,0.0,0.0,0.0,mg,N,9
EX_042-S06-010_WEEK12,042-S06-010,S06,WEEK12,2026-05-10,100.0,100.0,100.0,mg,N,9
EX_042-S06-011_WEEK12,042-S06-011,S06,WEEK12,2026-05-10,100.0,100.0,100.0,mg,N,9
EX_042-S06-012_WEEK12,042-S06-012,S06,WEEK12,2026-05-10,0.0,0.0,0.0,mg,N,9
EX_042-S06-013_WEEK12,042-S06-013,S06,WEEK12,2026-05-10,100.0,100.0,100.0,mg,N,9
EX_042-S06-014_WEEK12,042-S06-014,S06,WEEK12,2026-05-10,100.0,100.0,100.0,mg,N,9
EX_042-S06-015_WEEK12,042-S06-015,S06,WEEK12,2026-05-10,0.0,0.0,0.0,mg,N,9
EX_042-S06-016_WEEK12,042-S06-016,S06,WEEK12,2026-05-10,100.0,100.0,100.0,mg,N,9
EX_042-S06-017_WEEK12,042-S06-017,S06,WEEK12,2026-05-10,100.0,100.0,100.0,mg,N,9
EX_042-S06-018_WEEK12,042-S06-018,S06,WEEK12,2026-05-10,0.0,0.0,0.0,mg,N,9
EX_042-S06-019_WEEK12,042-S06-019,S06,WEEK12,2026-05-10,100.0,100.0,100.0,mg,N,9
EX_042-S06-020_WEEK12,042-S06-020,S06,WEEK12,2026-05-10,100.0,100.0,100.0,mg,N,9
EX_042-S07-001_WEEK12,042-S07-001,S07,WEEK12,2026-05-10,100.0,100.0,100.0,mg,N,9
EX_042-S07-002_WEEK12,042-S07-002,S07,WEEK12,2026-05-10,100.0,100.0,100.0,mg,N,9
EX_042-S07-003_WEEK12,042-S07-003,S07,WEEK12,2026-05-10,0.0,0.0,0.0,mg,N,9
EX_042-S07-004_WEEK12,042-S07-004,S07,WEEK12,2026-05-10,100.0,100.0,100.0,mg,N,9
EX_042-S07-005_WEEK12,042-S07-005,S07,WEEK12,2026-05-10,100.0,100.0,100.0,mg,N,9
EX_042-S07-006_WEEK12,042-S07-006,S07,WEEK12,2026-05-10,0.0,0.0,0.0,mg,N,9
EX_042-S07-007_WEEK12,042-S07-007,S07,WEEK12,2026-05-10,100.0,100.0,100.0,mg,N,9
EX_042-S07-008_WEEK12,042-S07-008,S07,WEEK12,2026-05-10,100.0,100.0,100.0,mg,N,9
EX_042-S07-009_WEEK12,042-S07-009,S07,WEEK12,2026-05-10,0.0,0.0,0.0,mg,N,9
EX_042-S07-010_WEEK12,042-S07-010,S07,WEEK12,2026-05-10,100.0,100.0,100.0,mg,N,9
EX_042-S07-011_WEEK12,042-S07-011,S07,WEEK12,2026-05-10,100.0,100.0,100.0,mg,N,9
EX_042-S07-012_WEEK12,042-S07-012,S07,WEEK12,2026-05-10,0.0,0.0,0.0,mg,N,9
EX_042-S07-013_WEEK12,042-S07-013,S07,WEEK12,2026-05-10,100.0,100.0,100.0,mg,N,9
EX_042-S07-014_WEEK12,042-S07-014,S07,WEEK12,2026-05-10,100.0,100.0,100.0,mg,N,9
EX_042-S07-015_WEEK12,042-S07-015,S07,WEEK12,2026-05-10,0.0,0.0,0.0,mg,N,9
EX_042-S07-016_WEEK12,042-S07-016,S07,WEEK12,2026-05-10,100.0,100.0,100.0,mg,N,9
EX_042-S07-017_WEEK12,042-S07-017,S07,WEEK12,2026-05-10,100.0,100.0,100.0,mg,N,9
EX_042-S07-018_WEEK12,042-S07-018,S07,WEEK12,2026-05-10,0.0,0.0,0.0,mg,N,9
EX_042-S07-019_WEEK12,042-S07-019,S07,WEEK12,2026-05-10,100.0,100.0,100.0,mg,N,9
EX_042-S07-020_WEEK12,042-S07-020,S07,WEEK12,2026-05-10,100.0,100.0,100.0,mg,N,9
EX_042-S08-001_WEEK12,042-S08-001,S08,WEEK12,2026-05-10,100.0,100.0,100.0,mg,N,9
EX_042-S08-002_WEEK12,042-S08-002,S08,WEEK12,2026-05-10,100.0,100.0,100.0,mg,N,9
EX_042-S08-003_WEEK12,042-S08-003,S08,WEEK12,2026-05-10,0.0,0.0,0.0,mg,N,9
EX_042-S08-004_WEEK12,042-S08-004,S08,WEEK12,2026-05-10,100.0,100.0,100.0,mg,N,9
EX_042-S08-005_WEEK12,042-S08-005,S08,WEEK12,2026-05-10,100.0,100.0,100.0,mg,N,9
EX_042-S08-006_WEEK12,042-S08-006,S08,WEEK12,2026-05-10,0.0,0.0,0.0,mg,N,9
EX_042-S08-007_WEEK12,042-S08-007,S08,WEEK12,2026-05-10,100.0,100.0,100.0,mg,N,9
EX_042-S08-008_WEEK12,042-S08-008,S08,WEEK12,2026-05-10,100.0,100.0,100.0,mg,N,9
EX_042-S08-009_WEEK12,042-S08-009,S08,WEEK12,2026-05-10,0.0,0.0,0.0,mg,N,9
EX_042-S08-010_WEEK12,042-S08-010,S08,WEEK12,2026-05-10,100.0,100.0,100.0,mg,N,9
EX_042-S08-011_WEEK12,042-S08-011,S08,WEEK12,2026-05-10,100.0,100.0,100.0,mg,N,9
EX_042-S08-012_WEEK12,042-S08-012,S08,WEEK12,2026-05-10,0.0,0.0,0.0,mg,N,9
EX_042-S08-013_WEEK12,042-S08-013,S08,WEEK12,2026-05-10,100.0,100.0,100.0,mg,N,9
EX_042-S08-014_WEEK12,042-S08-014,S08,WEEK12,2026-05-10,100.0,100.0,100.0,mg,N,9
EX_042-S08-015_WEEK12,042-S08-015,S08,WEEK12,2026-05-10,0.0,0.0,0.0,mg,N,9
EX_042-S08-016_WEEK12,042-S08-016,S08,WEEK12,2026-05-10,100.0,100.0,100.0,mg,N,9
EX_042-S08-017_WEEK12,042-S08-017,S08,WEEK12,2026-05-10,100.0,100.0,100.0,mg,N,9
EX_042-S08-018_WEEK12,042-S08-018,S08,WEEK12,2026-05-10,0.0,0.0,0.0,mg,N,9
EX_042-S08-019_WEEK12,042-S08-019,S08,WEEK12,2026-05-10,100.0,100.0,100.0,mg,N,9
EX_042-S08-020_WEEK12,042-S08-020,S08,WEEK12,2026-05-10,100.0,100.0,100.0,mg,N,9
EX_042-S09-001_WEEK12,042-S09-001,S09,WEEK12,2026-05-10,100.0,100.0,100.0,mg,N,9
EX_042-S09-002_WEEK12,042-S09-002,S09,WEEK12,2026-05-10,100.0,100.0,100.0,mg,N,9
EX_042-S09-003_WEEK12,042-S09-003,S09,WEEK12,2026-05-10,0.0,0.0,0.0,mg,N,9
EX_042-S09-004_WEEK12,042-S09-004,S09,WEEK12,2026-05-10,100.0,100.0,100.0,mg,N,9
EX_042-S09-005_WEEK12,042-S09-005,S09,WEEK12,2026-05-10,100.0,100.0,100.0,mg,N,9
EX_042-S09-006_WEEK12,042-S09-006,S09,WEEK12,2026-05-10,0.0,0.0,0.0,mg,N,9
EX_042-S09-007_WEEK12,042-S09-007,S09,WEEK12,2026-05-10,100.0,100.0,100.0,mg,N,9
EX_042-S09-008_WEEK12,042-S09-008,S09,WEEK12,2026-05-10,100.0,100.0,100.0,mg,N,9
EX_042-S09-009_WEEK12,042-S09-009,S09,WEEK12,2026-05-10,0.0,0.0,0.0,mg,N,9
EX_042-S09-010_WEEK12,042-S09-010,S09,WEEK12,2026-05-10,100.0,100.0,100.0,mg,N,9
EX_042-S09-011_WEEK12,042-S09-011,S09,WEEK12,2026-05-10,100.0,100.0,100.0,mg,N,9
EX_042-S09-012_WEEK12,042-S09-012,S09,WEEK12,2026-05-10,0.0,0.0,0.0,mg,N,9
EX_042-S09-013_WEEK12,042-S09-013,S09,WEEK12,2026-05-10,100.0,100.0,100.0,mg,N,9
EX_042-S09-014_WEEK12,042-S09-014,S09,WEEK12,2026-05-10,100.0,100.0,100.0,mg,N,9
EX_042-S09-015_WEEK12,042-S09-015,S09,WEEK12,2026-05-10,0.0,0.0,0.0,mg,N,9
EX_042-S09-016_WEEK12,042-S09-016,S09,WEEK12,2026-05-10,100.0,100.0,100.0,mg,N,9
EX_042-S09-017_WEEK12,042-S09-017,S09,WEEK12,2026-05-10,100.0,100.0,100.0,mg,N,9
EX_042-S09-018_WEEK12,042-S09-018,S09,WEEK12,2026-05-10,0.0,0.0,0.0,mg,N,9
EX_042-S09-019_WEEK12,042-S09-019,S09,WEEK12,2026-05-10,100.0,100.0,100.0,mg,N,9
EX_042-S09-020_WEEK12,042-S09-020,S09,WEEK12,2026-05-10,100.0,100.0,100.0,mg,N,9
EX_042-S10-001_WEEK12,042-S10-001,S10,WEEK12,2026-05-10,100.0,100.0,100.0,mg,N,9
EX_042-S10-002_WEEK12,042-S10-002,S10,WEEK12,2026-05-10,100.0,100.0,100.0,mg,N,9
EX_042-S10-003_WEEK12,042-S10-003,S10,WEEK12,2026-05-10,0.0,0.0,0.0,mg,N,9
EX_042-S10-004_WEEK12,042-S10-004,S10,WEEK12,2026-05-10,100.0,100.0,100.0,mg,N,9
EX_042-S10-005_WEEK12,042-S10-005,S10,WEEK12,2026-05-10,100.0,100.0,100.0,mg,N,9
EX_042-S10-006_WEEK12,042-S10-006,S10,WEEK12,2026-05-10,0.0,0.0,0.0,mg,N,9
EX_042-S10-007_WEEK12,042-S10-007,S10,WEEK12,2026-05-10,100.0,100.0,100.0,mg,N,9
EX_042-S10-008_WEEK12,042-S10-008,S10,WEEK12,2026-05-10,100.0,100.0,100.0,mg,N,9
EX_042-S10-009_WEEK12,042-S10-009,S10,WEEK12,2026-05-10,0.0,0.0,0.0,mg,N,9
EX_042-S10-010_WEEK12,042-S10-010,S10,WEEK12,2026-05-10,100.0,100.0,100.0,mg,N,9
EX_042-S10-011_WEEK12,042-S10-011,S10,WEEK12,2026-05-10,100.0,100.0,100.0,mg,N,9
EX_042-S10-012_WEEK12,042-S10-012,S10,WEEK12,2026-05-10,0.0,0.0,0.0,mg,N,9
EX_042-S10-013_WEEK12,042-S10-013,S10,WEEK12,2026-05-10,100.0,100.0,100.0,mg,N,9
EX_042-S10-014_WEEK12,042-S10-014,S10,WEEK12,2026-05-10,100.0,100.0,100.0,mg,N,9
EX_042-S10-015_WEEK12,042-S10-015,S10,WEEK12,2026-05-10,0.0,0.0,0.0,mg,N,9
EX_042-S10-016_WEEK12,042-S10-016,S10,WEEK12,2026-05-10,100.0,100.0,100.0,mg,N,9
EX_042-S10-017_WEEK12,042-S10-017,S10,WEEK12,2026-05-10,100.0,100.0,100.0,mg,N,9
EX_042-S10-018_WEEK12,042-S10-018,S10,WEEK12,2026-05-10,0.0,0.0,0.0,mg,N,9
EX_042-S10-019_WEEK12,042-S10-019,S10,WEEK12,2026-05-10,100.0,100.0,100.0,mg,N,9
EX_042-S10-020_WEEK12,042-S10-020,S10,WEEK12,2026-05-10,100.0,100.0,100.0,mg,N,9
EX_042-S11-001_WEEK12,042-S11-001,S11,WEEK12,2026-05-10,100.0,100.0,100.0,mg,N,9
EX_042-S11-002_WEEK12,042-S11-002,S11,WEEK12,2026-05-10,100.0,100.0,100.0,mg,N,9
EX_042-S11-003_WEEK12,042-S11-003,S11,WEEK12,2026-05-10,0.0,0.0,0.0,mg,N,9
EX_042-S11-004_WEEK12,042-S11-004,S11,WEEK12,2026-05-10,100.0,100.0,100.0,mg,N,9
EX_042-S11-005_WEEK12,042-S11-005,S11,WEEK12,2026-05-10,100.0,100.0,100.0,mg,N,9
EX_042-S11-006_WEEK12,042-S11-006,S11,WEEK12,2026-05-10,0.0,0.0,0.0,mg,N,9
EX_042-S11-007_WEEK12,042-S11-007,S11,WEEK12,2026-05-10,100.0,100.0,100.0,mg,N,9
EX_042-S11-008_WEEK12,042-S11-008,S11,WEEK12,2026-05-10,100.0,100.0,100.0,mg,N,9
EX_042-S11-009_WEEK12,042-S11-009,S11,WEEK12,2026-05-10,0.0,0.0,0.0,mg,N,9
EX_042-S11-010_WEEK12,042-S11-010,S11,WEEK12,2026-05-10,100.0,100.0,100.0,mg,N,9
EX_042-S11-011_WEEK12,042-S11-011,S11,WEEK12,2026-05-10,100.0,100.0,100.0,mg,N,9
EX_042-S11-012_WEEK12,042-S11-012,S11,WEEK12,2026-05-10,0.0,0.0,0.0,mg,N,9
EX_042-S11-013_WEEK12,042-S11-013,S11,WEEK12,2026-05-10,100.0,100.0,100.0,mg,N,9
EX_042-S11-014_WEEK12,042-S11-014,S11,WEEK12,2026-05-10,100.0,100.0,100.0,mg,N,9
EX_042-S11-015_WEEK12,042-S11-015,S11,WEEK12,2026-05-10,0.0,0.0,0.0,mg,N,9
EX_042-S11-016_WEEK12,042-S11-016,S11,WEEK12,2026-05-10,100.0,100.0,100.0,mg,N,9
EX_042-S11-017_WEEK12,042-S11-017,S11,WEEK12,2026-05-10,100.0,100.0,100.0,mg,N,9
EX_042-S11-018_WEEK12,042-S11-018,S11,WEEK12,2026-05-10,0.0,0.0,0.0,mg,N,9
EX_042-S11-019_WEEK12,042-S11-019,S11,WEEK12,2026-05-10,100.0,100.0,100.0,mg,N,9
EX_042-S11-020_WEEK12,042-S11-020,S11,WEEK12,2026-05-10,100.0,100.0,100.0,mg,N,9
EX_042-S12-001_WEEK12,042-S12-001,S12,WEEK12,2026-05-10,100.0,100.0,100.0,mg,N,9
EX_042-S12-002_WEEK12,042-S12-002,S12,WEEK12,2026-05-10,100.0,100.0,100.0,mg,N,9
EX_042-S12-003_WEEK12,042-S12-003,S12,WEEK12,2026-05-10,0.0,0.0,0.0,mg,N,9
EX_042-S12-004_WEEK12,042-S12-004,S12,WEEK12,2026-05-10,100.0,100.0,100.0,mg,N,9
EX_042-S12-005_WEEK12,042-S12-005,S12,WEEK12,2026-05-10,100.0,100.0,100.0,mg,N,9
EX_042-S12-006_WEEK12,042-S12-006,S12,WEEK12,2026-05-10,0.0,0.0,0.0,mg,N,9
EX_042-S12-007_WEEK12,042-S12-007,S12,WEEK12,2026-05-10,100.0,100.0,100.0,mg,N,9
EX_042-S12-008_WEEK12,042-S12-008,S12,WEEK12,2026-05-10,100.0,100.0,100.0,mg,N,9
EX_042-S12-009_WEEK12,042-S12-009,S12,WEEK12,2026-05-10,0.0,0.0,0.0,mg,N,9
EX_042-S12-010_WEEK12,042-S12-010,S12,WEEK12,2026-05-10,100.0,100.0,100.0,mg,N,9
EX_042-S12-011_WEEK12,042-S12-011,S12,WEEK12,2026-05-10,100.0,100.0,100.0,mg,N,9
EX_042-S12-012_WEEK12,042-S12-012,S12,WEEK12,2026-05-10,0.0,0.0,0.0,mg,N,9
EX_042-S12-013_WEEK12,042-S12-013,S12,WEEK12,2026-05-10,100.0,100.0,100.0,mg,N,9
EX_042-S12-014_WEEK12,042-S12-014,S12,WEEK12,2026-05-10,100.0,100.0,100.0,mg,N,9
EX_042-S12-015_WEEK12,042-S12-015,S12,WEEK12,2026-05-10,0.0,0.0,0.0,mg,N,9
EX_042-S12-016_WEEK12,042-S12-016,S12,WEEK12,2026-05-10,100.0,100.0,100.0,mg,N,9
EX_042-S12-017_WEEK12,042-S12-017,S12,WEEK12,2026-05-10,100.0,100.0,100.0,mg,N,9
EX_042-S12-018_WEEK12,042-S12-018,S12,WEEK12,2026-05-10,0.0,0.0,0.0,mg,N,9
EX_042-S12-019_WEEK12,042-S12-019,S12,WEEK12,2026-05-10,100.0,100.0,100.0,mg,N,9
EX_042-S12-020_WEEK12,042-S12-020,S12,WEEK12,2026-05-10,100.0,100.0,100.0,mg,N,9
EX_042-S01-001_WEEK16,042-S01-001,S01,WEEK16,2026-06-05,100.0,100.0,100.0,mg,N,10
EX_042-S01-002_WEEK16,042-S01-002,S01,WEEK16,2026-06-05,100.0,100.0,100.0,mg,N,10
EX_042-S01-003_WEEK16,042-S01-003,S01,WEEK16,2026-06-05,0.0,0.0,0.0,mg,N,10
EX_042-S01-004_WEEK16,042-S01-004,S01,WEEK16,2026-06-05,100.0,100.0,100.0,mg,N,10
EX_042-S01-005_WEEK16,042-S01-005,S01,WEEK16,2026-06-05,100.0,100.0,100.0,mg,N,10
EX_042-S01-006_WEEK16,042-S01-006,S01,WEEK16,2026-06-05,0.0,0.0,0.0,mg,N,10
EX_042-S01-007_WEEK16,042-S01-007,S01,WEEK16,2026-06-05,100.0,100.0,100.0,mg,N,10
EX_042-S01-008_WEEK16,042-S01-008,S01,WEEK16,2026-06-05,100.0,100.0,100.0,mg,N,10
EX_042-S01-009_WEEK16,042-S01-009,S01,WEEK16,2026-06-05,0.0,0.0,0.0,mg,N,10
EX_042-S01-010_WEEK16,042-S01-010,S01,WEEK16,2026-06-05,100.0,100.0,100.0,mg,N,10
EX_042-S01-011_WEEK16,042-S01-011,S01,WEEK16,2026-06-05,100.0,100.0,100.0,mg,N,10
EX_042-S01-012_WEEK16,042-S01-012,S01,WEEK16,2026-06-05,0.0,0.0,0.0,mg,N,10
EX_042-S01-013_WEEK16,042-S01-013,S01,WEEK16,2026-06-05,100.0,100.0,100.0,mg,N,10
EX_042-S01-014_WEEK16,042-S01-014,S01,WEEK16,2026-06-05,100.0,100.0,100.0,mg,N,10
EX_042-S01-015_WEEK16,042-S01-015,S01,WEEK16,2026-06-05,0.0,0.0,0.0,mg,N,10
EX_042-S01-016_WEEK16,042-S01-016,S01,WEEK16,2026-06-05,100.0,100.0,100.0,mg,N,10
EX_042-S01-017_WEEK16,042-S01-017,S01,WEEK16,2026-06-05,100.0,100.0,100.0,mg,N,10
EX_042-S01-018_WEEK16,042-S01-018,S01,WEEK16,2026-06-05,0.0,0.0,0.0,mg,N,10
EX_042-S01-019_WEEK16,042-S01-019,S01,WEEK16,2026-06-05,100.0,100.0,100.0,mg,N,10
EX_042-S01-020_WEEK16,042-S01-020,S01,WEEK16,2026-06-05,100.0,100.0,100.0,mg,N,10
EX_042-S01-021_WEEK16,042-S01-021,S01,WEEK16,2026-06-05,0.0,0.0,0.0,mg,N,10
EX_042-S02-001_WEEK16,042-S02-001,S02,WEEK16,2026-06-05,100.0,100.0,100.0,mg,N,10
EX_042-S02-002_WEEK16,042-S02-002,S02,WEEK16,2026-06-05,100.0,100.0,100.0,mg,N,10
EX_042-S02-003_WEEK16,042-S02-003,S02,WEEK16,2026-06-05,0.0,0.0,0.0,mg,N,10
EX_042-S02-004_WEEK16,042-S02-004,S02,WEEK16,2026-06-05,100.0,100.0,100.0,mg,N,10
EX_042-S02-005_WEEK16,042-S02-005,S02,WEEK16,2026-06-05,100.0,100.0,100.0,mg,N,10
EX_042-S02-006_WEEK16,042-S02-006,S02,WEEK16,2026-06-05,0.0,0.0,0.0,mg,N,10
EX_042-S02-007_WEEK16,042-S02-007,S02,WEEK16,2026-06-05,100.0,100.0,100.0,mg,N,10
EX_042-S02-008_WEEK16,042-S02-008,S02,WEEK16,2026-06-05,100.0,100.0,100.0,mg,N,10
EX_042-S02-009_WEEK16,042-S02-009,S02,WEEK16,2026-06-05,0.0,0.0,0.0,mg,N,10
EX_042-S02-010_WEEK16,042-S02-010,S02,WEEK16,2026-06-05,100.0,100.0,100.0,mg,N,10
EX_042-S02-011_WEEK16,042-S02-011,S02,WEEK16,2026-06-05,100.0,100.0,100.0,mg,N,10
EX_042-S02-012_WEEK16,042-S02-012,S02,WEEK16,2026-06-05,0.0,0.0,0.0,mg,N,10
EX_042-S02-013_WEEK16,042-S02-013,S02,WEEK16,2026-06-05,100.0,100.0,100.0,mg,N,10
EX_042-S02-014_WEEK16,042-S02-014,S02,WEEK16,2026-06-05,100.0,100.0,100.0,mg,N,10
EX_042-S02-015_WEEK16,042-S02-015,S02,WEEK16,2026-06-05,0.0,0.0,0.0,mg,N,10
EX_042-S02-016_WEEK16,042-S02-016,S02,WEEK16,2026-06-05,100.0,100.0,100.0,mg,N,10
EX_042-S02-017_WEEK16,042-S02-017,S02,WEEK16,2026-06-05,100.0,100.0,100.0,mg,N,10
EX_042-S02-018_WEEK16,042-S02-018,S02,WEEK16,2026-06-05,0.0,0.0,0.0,mg,N,10
EX_042-S02-019_WEEK16,042-S02-019,S02,WEEK16,2026-06-05,100.0,100.0,100.0,mg,N,10
EX_042-S02-020_WEEK16,042-S02-020,S02,WEEK16,2026-06-05,100.0,100.0,100.0,mg,N,10
EX_042-S03-001_WEEK16,042-S03-001,S03,WEEK16,2026-06-05,100.0,100.0,100.0,mg,N,10
EX_042-S03-002_WEEK16,042-S03-002,S03,WEEK16,2026-06-05,100.0,100.0,100.0,mg,N,10
EX_042-S03-003_WEEK16,042-S03-003,S03,WEEK16,2026-06-05,0.0,0.0,0.0,mg,N,10
EX_042-S03-004_WEEK16,042-S03-004,S03,WEEK16,2026-06-05,100.0,100.0,100.0,mg,N,10
EX_042-S03-005_WEEK16,042-S03-005,S03,WEEK16,2026-06-05,100.0,100.0,100.0,mg,N,10
EX_042-S03-006_WEEK16,042-S03-006,S03,WEEK16,2026-06-05,0.0,0.0,0.0,mg,N,10
EX_042-S03-007_WEEK16,042-S03-007,S03,WEEK16,2026-06-05,100.0,100.0,100.0,mg,N,10
EX_042-S03-008_WEEK16,042-S03-008,S03,WEEK16,2026-06-05,100.0,100.0,100.0,mg,N,10
EX_042-S03-009_WEEK16,042-S03-009,S03,WEEK16,2026-06-05,0.0,0.0,0.0,mg,N,10
EX_042-S03-010_WEEK16,042-S03-010,S03,WEEK16,2026-06-05,100.0,100.0,100.0,mg,N,10
EX_042-S03-011_WEEK16,042-S03-011,S03,WEEK16,2026-06-05,100.0,100.0,100.0,mg,N,10
EX_042-S03-012_WEEK16,042-S03-012,S03,WEEK16,2026-06-05,0.0,0.0,0.0,mg,N,10
EX_042-S03-013_WEEK16,042-S03-013,S03,WEEK16,2026-06-05,100.0,100.0,100.0,mg,N,10
EX_042-S03-014_WEEK16,042-S03-014,S03,WEEK16,2026-06-05,100.0,100.0,100.0,mg,N,10
EX_042-S03-015_WEEK16,042-S03-015,S03,WEEK16,2026-06-05,0.0,0.0,0.0,mg,N,10
EX_042-S03-016_WEEK16,042-S03-016,S03,WEEK16,2026-06-05,100.0,100.0,100.0,mg,N,10
EX_042-S03-017_WEEK16,042-S03-017,S03,WEEK16,2026-06-05,100.0,100.0,100.0,mg,N,10
EX_042-S03-018_WEEK16,042-S03-018,S03,WEEK16,2026-06-05,0.0,0.0,0.0,mg,N,10
EX_042-S03-019_WEEK16,042-S03-019,S03,WEEK16,2026-06-05,100.0,100.0,100.0,mg,N,10
EX_042-S03-020_WEEK16,042-S03-020,S03,WEEK16,2026-06-05,100.0,100.0,100.0,mg,N,10
EX_042-S04-001_WEEK16,042-S04-001,S04,WEEK16,2026-06-05,100.0,100.0,100.0,mg,N,10
EX_042-S04-002_WEEK16,042-S04-002,S04,WEEK16,2026-06-05,100.0,100.0,100.0,mg,N,10
EX_042-S04-003_WEEK16,042-S04-003,S04,WEEK16,2026-06-05,0.0,0.0,0.0,mg,N,10
EX_042-S04-004_WEEK16,042-S04-004,S04,WEEK16,2026-06-05,100.0,100.0,100.0,mg,N,10
EX_042-S04-005_WEEK16,042-S04-005,S04,WEEK16,2026-06-05,100.0,100.0,100.0,mg,N,10
EX_042-S04-006_WEEK16,042-S04-006,S04,WEEK16,2026-06-05,0.0,0.0,0.0,mg,N,10
EX_042-S04-007_WEEK16,042-S04-007,S04,WEEK16,2026-06-05,100.0,100.0,100.0,mg,N,10
EX_042-S04-008_WEEK16,042-S04-008,S04,WEEK16,2026-06-05,100.0,100.0,100.0,mg,N,10
EX_042-S04-009_WEEK16,042-S04-009,S04,WEEK16,2026-06-05,0.0,0.0,0.0,mg,N,10
EX_042-S04-010_WEEK16,042-S04-010,S04,WEEK16,2026-06-05,100.0,100.0,100.0,mg,N,10
EX_042-S04-011_WEEK16,042-S04-011,S04,WEEK16,2026-06-05,100.0,100.0,100.0,mg,N,10
EX_042-S04-012_WEEK16,042-S04-012,S04,WEEK16,2026-06-05,0.0,0.0,0.0,mg,N,10
EX_042-S04-013_WEEK16,042-S04-013,S04,WEEK16,2026-06-05,100.0,100.0,100.0,mg,N,10
EX_042-S04-014_WEEK16,042-S04-014,S04,WEEK16,2026-06-05,100.0,100.0,100.0,mg,N,10
EX_042-S04-015_WEEK16,042-S04-015,S04,WEEK16,2026-06-05,0.0,0.0,0.0,mg,N,10
EX_042-S04-016_WEEK16,042-S04-016,S04,WEEK16,2026-06-05,100.0,100.0,100.0,mg,N,10
EX_042-S04-017_WEEK16,042-S04-017,S04,WEEK16,2026-06-05,100.0,100.0,100.0,mg,N,10
EX_042-S04-018_WEEK16,042-S04-018,S04,WEEK16,2026-06-05,0.0,0.0,0.0,mg,N,10
EX_042-S04-019_WEEK16,042-S04-019,S04,WEEK16,2026-06-05,100.0,100.0,100.0,mg,N,10
EX_042-S04-020_WEEK16,042-S04-020,S04,WEEK16,2026-06-05,100.0,100.0,100.0,mg,N,10
EX_042-S05-001_WEEK16,042-S05-001,S05,WEEK16,2026-06-05,100.0,100.0,100.0,mg,N,10
EX_042-S05-002_WEEK16,042-S05-002,S05,WEEK16,2026-06-05,100.0,100.0,100.0,mg,N,10
EX_042-S05-003_WEEK16,042-S05-003,S05,WEEK16,2026-06-05,0.0,0.0,0.0,mg,N,10
EX_042-S05-004_WEEK16,042-S05-004,S05,WEEK16,2026-06-05,100.0,100.0,100.0,mg,N,10
EX_042-S05-005_WEEK16,042-S05-005,S05,WEEK16,2026-06-05,100.0,100.0,100.0,mg,N,10
EX_042-S05-006_WEEK16,042-S05-006,S05,WEEK16,2026-06-05,0.0,0.0,0.0,mg,N,10
EX_042-S05-007_WEEK16,042-S05-007,S05,WEEK16,2026-06-05,100.0,100.0,100.0,mg,N,10
EX_042-S05-008_WEEK16,042-S05-008,S05,WEEK16,2026-06-05,100.0,100.0,100.0,mg,N,10
EX_042-S05-009_WEEK16,042-S05-009,S05,WEEK16,2026-06-05,0.0,0.0,0.0,mg,N,10
EX_042-S05-010_WEEK16,042-S05-010,S05,WEEK16,2026-06-05,100.0,100.0,100.0,mg,N,10
EX_042-S05-011_WEEK16,042-S05-011,S05,WEEK16,2026-06-05,100.0,100.0,100.0,mg,N,10
EX_042-S05-012_WEEK16,042-S05-012,S05,WEEK16,2026-06-05,0.0,0.0,0.0,mg,N,10
EX_042-S05-013_WEEK16,042-S05-013,S05,WEEK16,2026-06-05,100.0,100.0,100.0,mg,N,10
EX_042-S05-014_WEEK16,042-S05-014,S05,WEEK16,2026-06-05,100.0,100.0,100.0,mg,N,10
EX_042-S05-015_WEEK16,042-S05-015,S05,WEEK16,2026-06-05,0.0,0.0,0.0,mg,N,10
EX_042-S05-016_WEEK16,042-S05-016,S05,WEEK16,2026-06-05,100.0,100.0,100.0,mg,N,10
EX_042-S05-017_WEEK16,042-S05-017,S05,WEEK16,2026-06-05,100.0,100.0,100.0,mg,N,10
EX_042-S05-018_WEEK16,042-S05-018,S05,WEEK16,2026-06-05,0.0,0.0,0.0,mg,N,10
EX_042-S05-019_WEEK16,042-S05-019,S05,WEEK16,2026-06-05,100.0,100.0,100.0,mg,N,10
EX_042-S05-020_WEEK16,042-S05-020,S05,WEEK16,2026-06-05,100.0,100.0,100.0,mg,N,10
EX_042-S06-001_WEEK16,042-S06-001,S06,WEEK16,2026-06-05,100.0,100.0,100.0,mg,N,10
EX_042-S06-002_WEEK16,042-S06-002,S06,WEEK16,2026-06-05,100.0,100.0,100.0,mg,N,10
EX_042-S06-003_WEEK16,042-S06-003,S06,WEEK16,2026-06-05,0.0,0.0,0.0,mg,N,10
EX_042-S06-004_WEEK16,042-S06-004,S06,WEEK16,2026-06-05,100.0,100.0,100.0,mg,N,10
EX_042-S06-005_WEEK16,042-S06-005,S06,WEEK16,2026-06-05,100.0,100.0,100.0,mg,N,10
EX_042-S06-006_WEEK16,042-S06-006,S06,WEEK16,2026-06-05,0.0,0.0,0.0,mg,N,10
EX_042-S06-007_WEEK16,042-S06-007,S06,WEEK16,2026-06-05,100.0,100.0,100.0,mg,N,10
EX_042-S06-008_WEEK16,042-S06-008,S06,WEEK16,2026-06-05,100.0,100.0,100.0,mg,N,10
EX_042-S06-009_WEEK16,042-S06-009,S06,WEEK16,2026-06-05,0.0,0.0,0.0,mg,N,10
EX_042-S06-010_WEEK16,042-S06-010,S06,WEEK16,2026-06-05,100.0,100.0,100.0,mg,N,10
EX_042-S06-011_WEEK16,042-S06-011,S06,WEEK16,2026-06-05,100.0,100.0,100.0,mg,N,10
EX_042-S06-012_WEEK16,042-S06-012,S06,WEEK16,2026-06-05,0.0,0.0,0.0,mg,N,10
EX_042-S06-013_WEEK16,042-S06-013,S06,WEEK16,2026-06-05,100.0,100.0,100.0,mg,N,10
EX_042-S06-014_WEEK16,042-S06-014,S06,WEEK16,2026-06-05,100.0,100.0,100.0,mg,N,10
EX_042-S06-015_WEEK16,042-S06-015,S06,WEEK16,2026-06-05,0.0,0.0,0.0,mg,N,10
EX_042-S06-016_WEEK16,042-S06-016,S06,WEEK16,2026-06-05,100.0,100.0,100.0,mg,N,10
EX_042-S06-017_WEEK16,042-S06-017,S06,WEEK16,2026-06-05,100.0,100.0,100.0,mg,N,10
EX_042-S06-018_WEEK16,042-S06-018,S06,WEEK16,2026-06-05,0.0,0.0,0.0,mg,N,10
EX_042-S06-019_WEEK16,042-S06-019,S06,WEEK16,2026-06-05,100.0,100.0,100.0,mg,N,10
EX_042-S06-020_WEEK16,042-S06-020,S06,WEEK16,2026-06-05,100.0,100.0,100.0,mg,N,10
EX_042-S07-001_WEEK16,042-S07-001,S07,WEEK16,2026-06-05,100.0,100.0,100.0,mg,N,10
EX_042-S07-002_WEEK16,042-S07-002,S07,WEEK16,2026-06-05,100.0,100.0,100.0,mg,N,10
EX_042-S07-003_WEEK16,042-S07-003,S07,WEEK16,2026-06-05,0.0,0.0,0.0,mg,N,10
EX_042-S07-004_WEEK16,042-S07-004,S07,WEEK16,2026-06-05,100.0,100.0,100.0,mg,N,10
EX_042-S07-005_WEEK16,042-S07-005,S07,WEEK16,2026-06-05,100.0,100.0,100.0,mg,N,10
EX_042-S07-006_WEEK16,042-S07-006,S07,WEEK16,2026-06-05,0.0,0.0,0.0,mg,N,10
EX_042-S07-007_WEEK16,042-S07-007,S07,WEEK16,2026-06-05,100.0,100.0,100.0,mg,N,10
EX_042-S07-008_WEEK16,042-S07-008,S07,WEEK16,2026-06-05,100.0,100.0,100.0,mg,N,10
EX_042-S07-009_WEEK16,042-S07-009,S07,WEEK16,2026-06-05,0.0,0.0,0.0,mg,N,10
EX_042-S07-010_WEEK16,042-S07-010,S07,WEEK16,2026-06-05,100.0,100.0,100.0,mg,N,10
EX_042-S07-011_WEEK16,042-S07-011,S07,WEEK16,2026-06-05,100.0,100.0,100.0,mg,N,10
EX_042-S07-012_WEEK16,042-S07-012,S07,WEEK16,2026-06-05,0.0,0.0,0.0,mg,N,10
EX_042-S07-013_WEEK16,042-S07-013,S07,WEEK16,2026-06-05,100.0,100.0,100.0,mg,N,10
EX_042-S07-014_WEEK16,042-S07-014,S07,WEEK16,2026-06-05,100.0,100.0,100.0,mg,N,10
EX_042-S07-015_WEEK16,042-S07-015,S07,WEEK16,2026-06-05,0.0,0.0,0.0,mg,N,10
EX_042-S07-016_WEEK16,042-S07-016,S07,WEEK16,2026-06-05,100.0,100.0,100.0,mg,N,10
EX_042-S07-017_WEEK16,042-S07-017,S07,WEEK16,2026-06-05,100.0,100.0,100.0,mg,N,10
EX_042-S07-018_WEEK16,042-S07-018,S07,WEEK16,2026-06-05,0.0,0.0,0.0,mg,N,10
EX_042-S07-019_WEEK16,042-S07-019,S07,WEEK16,2026-06-05,100.0,100.0,100.0,mg,N,10
EX_042-S07-020_WEEK16,042-S07-020,S07,WEEK16,2026-06-05,100.0,100.0,100.0,mg,N,10
EX_042-S08-001_WEEK16,042-S08-001,S08,WEEK16,2026-06-05,100.0,100.0,100.0,mg,N,10
EX_042-S08-002_WEEK16,042-S08-002,S08,WEEK16,2026-06-05,100.0,100.0,100.0,mg,N,10
EX_042-S08-003_WEEK16,042-S08-003,S08,WEEK16,2026-06-05,0.0,0.0,0.0,mg,N,10
EX_042-S08-004_WEEK16,042-S08-004,S08,WEEK16,2026-06-05,100.0,100.0,100.0,mg,N,10
EX_042-S08-005_WEEK16,042-S08-005,S08,WEEK16,2026-06-05,100.0,100.0,100.0,mg,N,10
EX_042-S08-006_WEEK16,042-S08-006,S08,WEEK16,2026-06-05,0.0,0.0,0.0,mg,N,10
EX_042-S08-007_WEEK16,042-S08-007,S08,WEEK16,2026-06-05,100.0,100.0,100.0,mg,N,10
EX_042-S08-008_WEEK16,042-S08-008,S08,WEEK16,2026-06-05,100.0,100.0,100.0,mg,N,10
EX_042-S08-009_WEEK16,042-S08-009,S08,WEEK16,2026-06-05,0.0,0.0,0.0,mg,N,10
EX_042-S08-010_WEEK16,042-S08-010,S08,WEEK16,2026-06-05,100.0,100.0,100.0,mg,N,10
EX_042-S08-011_WEEK16,042-S08-011,S08,WEEK16,2026-06-05,100.0,100.0,100.0,mg,N,10
EX_042-S08-012_WEEK16,042-S08-012,S08,WEEK16,2026-06-05,0.0,0.0,0.0,mg,N,10
EX_042-S08-013_WEEK16,042-S08-013,S08,WEEK16,2026-06-05,100.0,100.0,100.0,mg,N,10
EX_042-S08-014_WEEK16,042-S08-014,S08,WEEK16,2026-06-05,100.0,100.0,100.0,mg,N,10
EX_042-S08-015_WEEK16,042-S08-015,S08,WEEK16,2026-06-05,0.0,0.0,0.0,mg,N,10
EX_042-S08-016_WEEK16,042-S08-016,S08,WEEK16,2026-06-05,100.0,100.0,100.0,mg,N,10
EX_042-S08-017_WEEK16,042-S08-017,S08,WEEK16,2026-06-05,100.0,100.0,100.0,mg,N,10
EX_042-S08-018_WEEK16,042-S08-018,S08,WEEK16,2026-06-05,0.0,0.0,0.0,mg,N,10
EX_042-S08-019_WEEK16,042-S08-019,S08,WEEK16,2026-06-05,100.0,100.0,100.0,mg,N,10
EX_042-S08-020_WEEK16,042-S08-020,S08,WEEK16,2026-06-05,100.0,100.0,100.0,mg,N,10
EX_042-S09-001_WEEK16,042-S09-001,S09,WEEK16,2026-06-05,100.0,100.0,100.0,mg,N,10
EX_042-S09-002_WEEK16,042-S09-002,S09,WEEK16,2026-06-05,100.0,100.0,100.0,mg,N,10
EX_042-S09-003_WEEK16,042-S09-003,S09,WEEK16,2026-06-05,0.0,0.0,0.0,mg,N,10
EX_042-S09-004_WEEK16,042-S09-004,S09,WEEK16,2026-06-05,100.0,100.0,100.0,mg,N,10
EX_042-S09-005_WEEK16,042-S09-005,S09,WEEK16,2026-06-05,100.0,100.0,100.0,mg,N,10
EX_042-S09-006_WEEK16,042-S09-006,S09,WEEK16,2026-06-05,0.0,0.0,0.0,mg,N,10
EX_042-S09-007_WEEK16,042-S09-007,S09,WEEK16,2026-06-05,100.0,100.0,100.0,mg,N,10
EX_042-S09-008_WEEK16,042-S09-008,S09,WEEK16,2026-06-05,100.0,100.0,100.0,mg,N,10
EX_042-S09-009_WEEK16,042-S09-009,S09,WEEK16,2026-06-05,0.0,0.0,0.0,mg,N,10
EX_042-S09-010_WEEK16,042-S09-010,S09,WEEK16,2026-06-05,100.0,100.0,100.0,mg,N,10
EX_042-S09-011_WEEK16,042-S09-011,S09,WEEK16,2026-06-05,100.0,100.0,100.0,mg,N,10
EX_042-S09-012_WEEK16,042-S09-012,S09,WEEK16,2026-06-05,0.0,0.0,0.0,mg,N,10
EX_042-S09-013_WEEK16,042-S09-013,S09,WEEK16,2026-06-05,100.0,100.0,100.0,mg,N,10
EX_042-S09-014_WEEK16,042-S09-014,S09,WEEK16,2026-06-05,100.0,100.0,100.0,mg,N,10
EX_042-S09-015_WEEK16,042-S09-015,S09,WEEK16,2026-06-05,0.0,0.0,0.0,mg,N,10
EX_042-S09-016_WEEK16,042-S09-016,S09,WEEK16,2026-06-05,100.0,100.0,100.0,mg,N,10
EX_042-S09-017_WEEK16,042-S09-017,S09,WEEK16,2026-06-05,100.0,100.0,100.0,mg,N,10
EX_042-S09-018_WEEK16,042-S09-018,S09,WEEK16,2026-06-05,0.0,0.0,0.0,mg,N,10
EX_042-S09-019_WEEK16,042-S09-019,S09,WEEK16,2026-06-05,100.0,100.0,100.0,mg,N,10
EX_042-S09-020_WEEK16,042-S09-020,S09,WEEK16,2026-06-05,100.0,100.0,100.0,mg,N,10
EX_042-S10-001_WEEK16,042-S10-001,S10,WEEK16,2026-06-05,100.0,100.0,100.0,mg,N,10
EX_042-S10-002_WEEK16,042-S10-002,S10,WEEK16,2026-06-05,100.0,100.0,100.0,mg,N,10
EX_042-S10-003_WEEK16,042-S10-003,S10,WEEK16,2026-06-05,0.0,0.0,0.0,mg,N,10
EX_042-S10-004_WEEK16,042-S10-004,S10,WEEK16,2026-06-05,100.0,100.0,100.0,mg,N,10
EX_042-S10-005_WEEK16,042-S10-005,S10,WEEK16,2026-06-05,100.0,100.0,100.0,mg,N,10
EX_042-S10-006_WEEK16,042-S10-006,S10,WEEK16,2026-06-05,0.0,0.0,0.0,mg,N,10
EX_042-S10-007_WEEK16,042-S10-007,S10,WEEK16,2026-06-05,100.0,100.0,100.0,mg,N,10
EX_042-S10-008_WEEK16,042-S10-008,S10,WEEK16,2026-06-05,100.0,100.0,100.0,mg,N,10
EX_042-S10-009_WEEK16,042-S10-009,S10,WEEK16,2026-06-05,0.0,0.0,0.0,mg,N,10
EX_042-S10-010_WEEK16,042-S10-010,S10,WEEK16,2026-06-05,100.0,100.0,100.0,mg,N,10
EX_042-S10-011_WEEK16,042-S10-011,S10,WEEK16,2026-06-05,100.0,100.0,100.0,mg,N,10
EX_042-S10-012_WEEK16,042-S10-012,S10,WEEK16,2026-06-05,0.0,0.0,0.0,mg,N,10
EX_042-S10-013_WEEK16,042-S10-013,S10,WEEK16,2026-06-05,100.0,100.0,100.0,mg,N,10
EX_042-S10-014_WEEK16,042-S10-014,S10,WEEK16,2026-06-05,100.0,100.0,100.0,mg,N,10
EX_042-S10-015_WEEK16,042-S10-015,S10,WEEK16,2026-06-05,0.0,0.0,0.0,mg,N,10
EX_042-S10-016_WEEK16,042-S10-016,S10,WEEK16,2026-06-05,100.0,100.0,100.0,mg,N,10
EX_042-S10-017_WEEK16,042-S10-017,S10,WEEK16,2026-06-05,100.0,100.0,100.0,mg,N,10
EX_042-S10-018_WEEK16,042-S10-018,S10,WEEK16,2026-06-05,0.0,0.0,0.0,mg,N,10
EX_042-S10-019_WEEK16,042-S10-019,S10,WEEK16,2026-06-05,100.0,100.0,100.0,mg,N,10
EX_042-S10-020_WEEK16,042-S10-020,S10,WEEK16,2026-06-05,100.0,100.0,100.0,mg,N,10
EX_042-S11-001_WEEK16,042-S11-001,S11,WEEK16,2026-06-05,100.0,100.0,100.0,mg,N,10
EX_042-S11-002_WEEK16,042-S11-002,S11,WEEK16,2026-06-05,100.0,100.0,100.0,mg,N,10
EX_042-S11-003_WEEK16,042-S11-003,S11,WEEK16,2026-06-05,0.0,0.0,0.0,mg,N,10
EX_042-S11-004_WEEK16,042-S11-004,S11,WEEK16,2026-06-05,100.0,100.0,100.0,mg,N,10
EX_042-S11-005_WEEK16,042-S11-005,S11,WEEK16,2026-06-05,100.0,100.0,100.0,mg,N,10
EX_042-S11-006_WEEK16,042-S11-006,S11,WEEK16,2026-06-05,0.0,0.0,0.0,mg,N,10
EX_042-S11-007_WEEK16,042-S11-007,S11,WEEK16,2026-06-05,100.0,100.0,100.0,mg,N,10
EX_042-S11-008_WEEK16,042-S11-008,S11,WEEK16,2026-06-05,100.0,100.0,100.0,mg,N,10
EX_042-S11-009_WEEK16,042-S11-009,S11,WEEK16,2026-06-05,0.0,0.0,0.0,mg,N,10
EX_042-S11-010_WEEK16,042-S11-010,S11,WEEK16,2026-06-05,100.0,100.0,100.0,mg,N,10
EX_042-S11-011_WEEK16,042-S11-011,S11,WEEK16,2026-06-05,100.0,100.0,100.0,mg,N,10
EX_042-S11-012_WEEK16,042-S11-012,S11,WEEK16,2026-06-05,0.0,0.0,0.0,mg,N,10
EX_042-S11-013_WEEK16,042-S11-013,S11,WEEK16,2026-06-05,100.0,100.0,100.0,mg,N,10
EX_042-S11-014_WEEK16,042-S11-014,S11,WEEK16,2026-06-05,100.0,100.0,100.0,mg,N,10
EX_042-S11-015_WEEK16,042-S11-015,S11,WEEK16,2026-06-05,0.0,0.0,0.0,mg,N,10
EX_042-S11-016_WEEK16,042-S11-016,S11,WEEK16,2026-06-05,100.0,100.0,100.0,mg,N,10
EX_042-S11-017_WEEK16,042-S11-017,S11,WEEK16,2026-06-05,100.0,100.0,100.0,mg,N,10
EX_042-S11-018_WEEK16,042-S11-018,S11,WEEK16,2026-06-05,0.0,0.0,0.0,mg,N,10
EX_042-S11-019_WEEK16,042-S11-019,S11,WEEK16,2026-06-05,100.0,100.0,100.0,mg,N,10
EX_042-S11-020_WEEK16,042-S11-020,S11,WEEK16,2026-06-05,100.0,100.0,100.0,mg,N,10
EX_042-S12-001_WEEK16,042-S12-001,S12,WEEK16,2026-06-05,100.0,100.0,100.0,mg,N,10
EX_042-S12-002_WEEK16,042-S12-002,S12,WEEK16,2026-06-05,100.0,100.0,100.0,mg,N,10
EX_042-S12-003_WEEK16,042-S12-003,S12,WEEK16,2026-06-05,0.0,0.0,0.0,mg,N,10
EX_042-S12-004_WEEK16,042-S12-004,S12,WEEK16,2026-06-05,100.0,100.0,100.0,mg,N,10
EX_042-S12-005_WEEK16,042-S12-005,S12,WEEK16,2026-06-05,100.0,100.0,100.0,mg,N,10
EX_042-S12-006_WEEK16,042-S12-006,S12,WEEK16,2026-06-05,0.0,0.0,0.0,mg,N,10
EX_042-S12-007_WEEK16,042-S12-007,S12,WEEK16,2026-06-05,100.0,100.0,100.0,mg,N,10
EX_042-S12-008_WEEK16,042-S12-008,S12,WEEK16,2026-06-05,100.0,100.0,100.0,mg,N,10
EX_042-S12-009_WEEK16,042-S12-009,S12,WEEK16,2026-06-05,0.0,0.0,0.0,mg,N,10
EX_042-S12-010_WEEK16,042-S12-010,S12,WEEK16,2026-06-05,100.0,100.0,100.0,mg,N,10
EX_042-S12-011_WEEK16,042-S12-011,S12,WEEK16,2026-06-05,100.0,100.0,100.0,mg,N,10
EX_042-S12-012_WEEK16,042-S12-012,S12,WEEK16,2026-06-05,0.0,0.0,0.0,mg,N,10
EX_042-S12-013_WEEK16,042-S12-013,S12,WEEK16,2026-06-05,100.0,100.0,100.0,mg,N,10
EX_042-S12-014_WEEK16,042-S12-014,S12,WEEK16,2026-06-05,100.0,100.0,100.0,mg,N,10
EX_042-S12-015_WEEK16,042-S12-015,S12,WEEK16,2026-06-05,0.0,0.0,0.0,mg,N,10
EX_042-S12-016_WEEK16,042-S12-016,S12,WEEK16,2026-06-05,100.0,100.0,100.0,mg,N,10
EX_042-S12-017_WEEK16,042-S12-017,S12,WEEK16,2026-06-05,100.0,100.0,100.0,mg,N,10
EX_042-S12-018_WEEK16,042-S12-018,S12,WEEK16,2026-06-05,0.0,0.0,0.0,mg,N,10
EX_042-S12-019_WEEK16,042-S12-019,S12,WEEK16,2026-06-05,100.0,100.0,100.0,mg,N,10
EX_042-S12-020_WEEK16,042-S12-020,S12,WEEK16,2026-06-05,100.0,100.0,100.0,mg,N,10
EX_042-S01-001_WEEK24,042-S01-001,S01,WEEK24,2026-07-15,100.0,100.0,100.0,mg,N,12
EX_042-S01-002_WEEK24,042-S01-002,S01,WEEK24,2026-07-15,100.0,100.0,100.0,mg,N,12
EX_042-S01-003_WEEK24,042-S01-003,S01,WEEK24,2026-07-15,0.0,0.0,0.0,mg,N,12
EX_042-S01-004_WEEK24,042-S01-004,S01,WEEK24,2026-07-15,100.0,100.0,100.0,mg,N,12
EX_042-S01-005_WEEK24,042-S01-005,S01,WEEK24,2026-07-15,100.0,100.0,100.0,mg,N,12
EX_042-S01-006_WEEK24,042-S01-006,S01,WEEK24,2026-07-15,0.0,0.0,0.0,mg,N,12
EX_042-S01-007_WEEK24,042-S01-007,S01,WEEK24,2026-07-15,100.0,100.0,100.0,mg,N,12
EX_042-S01-008_WEEK24,042-S01-008,S01,WEEK24,2026-07-15,100.0,100.0,100.0,mg,N,12
EX_042-S01-009_WEEK24,042-S01-009,S01,WEEK24,2026-07-15,0.0,0.0,0.0,mg,N,12
EX_042-S01-010_WEEK24,042-S01-010,S01,WEEK24,2026-07-15,100.0,100.0,100.0,mg,N,12
EX_042-S01-011_WEEK24,042-S01-011,S01,WEEK24,2026-07-15,100.0,100.0,100.0,mg,N,12
EX_042-S01-012_WEEK24,042-S01-012,S01,WEEK24,2026-07-15,0.0,0.0,0.0,mg,N,12
EX_042-S01-013_WEEK24,042-S01-013,S01,WEEK24,2026-07-15,100.0,100.0,100.0,mg,N,12
EX_042-S01-014_WEEK24,042-S01-014,S01,WEEK24,2026-07-15,100.0,100.0,100.0,mg,N,12
EX_042-S01-015_WEEK24,042-S01-015,S01,WEEK24,2026-07-15,0.0,0.0,0.0,mg,N,12
EX_042-S01-016_WEEK24,042-S01-016,S01,WEEK24,2026-07-15,100.0,100.0,100.0,mg,N,12
EX_042-S01-017_WEEK24,042-S01-017,S01,WEEK24,2026-07-15,100.0,100.0,100.0,mg,N,12
EX_042-S01-018_WEEK24,042-S01-018,S01,WEEK24,2026-07-15,0.0,0.0,0.0,mg,N,12
EX_042-S01-019_WEEK24,042-S01-019,S01,WEEK24,2026-07-15,100.0,100.0,100.0,mg,N,12
EX_042-S01-020_WEEK24,042-S01-020,S01,WEEK24,2026-07-15,100.0,100.0,100.0,mg,N,12
EX_042-S01-021_WEEK24,042-S01-021,S01,WEEK24,2026-07-15,0.0,0.0,0.0,mg,N,12
EX_042-S02-001_WEEK24,042-S02-001,S02,WEEK24,2026-07-15,100.0,100.0,100.0,mg,N,12
EX_042-S02-002_WEEK24,042-S02-002,S02,WEEK24,2026-07-15,100.0,100.0,100.0,mg,N,12
EX_042-S02-003_WEEK24,042-S02-003,S02,WEEK24,2026-07-15,0.0,0.0,0.0,mg,N,12
EX_042-S02-004_WEEK24,042-S02-004,S02,WEEK24,2026-07-15,100.0,100.0,100.0,mg,N,12
EX_042-S02-005_WEEK24,042-S02-005,S02,WEEK24,2026-07-15,100.0,100.0,100.0,mg,N,12
EX_042-S02-006_WEEK24,042-S02-006,S02,WEEK24,2026-07-15,0.0,0.0,0.0,mg,N,12
EX_042-S02-007_WEEK24,042-S02-007,S02,WEEK24,2026-07-15,100.0,100.0,100.0,mg,N,12
EX_042-S02-008_WEEK24,042-S02-008,S02,WEEK24,2026-07-15,100.0,100.0,100.0,mg,N,12
EX_042-S02-009_WEEK24,042-S02-009,S02,WEEK24,2026-07-15,0.0,0.0,0.0,mg,N,12
EX_042-S02-010_WEEK24,042-S02-010,S02,WEEK24,2026-07-15,100.0,100.0,100.0,mg,N,12
EX_042-S02-011_WEEK24,042-S02-011,S02,WEEK24,2026-07-15,100.0,100.0,100.0,mg,N,12
EX_042-S02-012_WEEK24,042-S02-012,S02,WEEK24,2026-07-15,0.0,0.0,0.0,mg,N,12
EX_042-S02-013_WEEK24,042-S02-013,S02,WEEK24,2026-07-15,100.0,100.0,100.0,mg,N,12
EX_042-S02-014_WEEK24,042-S02-014,S02,WEEK24,2026-07-15,100.0,100.0,100.0,mg,N,12
EX_042-S02-015_WEEK24,042-S02-015,S02,WEEK24,2026-07-15,0.0,0.0,0.0,mg,N,12
EX_042-S02-016_WEEK24,042-S02-016,S02,WEEK24,2026-07-15,100.0,100.0,100.0,mg,N,12
EX_042-S02-017_WEEK24,042-S02-017,S02,WEEK24,2026-07-15,100.0,100.0,100.0,mg,N,12
EX_042-S02-018_WEEK24,042-S02-018,S02,WEEK24,2026-07-15,0.0,0.0,0.0,mg,N,12
EX_042-S02-019_WEEK24,042-S02-019,S02,WEEK24,2026-07-15,100.0,100.0,100.0,mg,N,12
EX_042-S02-020_WEEK24,042-S02-020,S02,WEEK24,2026-07-15,100.0,100.0,100.0,mg,N,12
EX_042-S03-001_WEEK24,042-S03-001,S03,WEEK24,2026-07-15,100.0,100.0,100.0,mg,N,12
EX_042-S03-002_WEEK24,042-S03-002,S03,WEEK24,2026-07-15,100.0,100.0,100.0,mg,N,12
EX_042-S03-003_WEEK24,042-S03-003,S03,WEEK24,2026-07-15,0.0,0.0,0.0,mg,N,12
EX_042-S03-004_WEEK24,042-S03-004,S03,WEEK24,2026-07-15,100.0,100.0,100.0,mg,N,12
EX_042-S03-005_WEEK24,042-S03-005,S03,WEEK24,2026-07-15,100.0,100.0,100.0,mg,N,12
EX_042-S03-006_WEEK24,042-S03-006,S03,WEEK24,2026-07-15,0.0,0.0,0.0,mg,N,12
EX_042-S03-007_WEEK24,042-S03-007,S03,WEEK24,2026-07-15,100.0,100.0,100.0,mg,N,12
EX_042-S03-008_WEEK24,042-S03-008,S03,WEEK24,2026-07-15,100.0,100.0,100.0,mg,N,12
EX_042-S03-009_WEEK24,042-S03-009,S03,WEEK24,2026-07-15,0.0,0.0,0.0,mg,N,12
EX_042-S03-010_WEEK24,042-S03-010,S03,WEEK24,2026-07-15,100.0,100.0,100.0,mg,N,12
EX_042-S03-011_WEEK24,042-S03-011,S03,WEEK24,2026-07-15,100.0,100.0,100.0,mg,N,12
EX_042-S03-012_WEEK24,042-S03-012,S03,WEEK24,2026-07-15,0.0,0.0,0.0,mg,N,12
EX_042-S03-013_WEEK24,042-S03-013,S03,WEEK24,2026-07-15,100.0,100.0,100.0,mg,N,12
EX_042-S03-014_WEEK24,042-S03-014,S03,WEEK24,2026-07-15,100.0,100.0,100.0,mg,N,12
EX_042-S03-015_WEEK24,042-S03-015,S03,WEEK24,2026-07-15,0.0,0.0,0.0,mg,N,12
EX_042-S03-016_WEEK24,042-S03-016,S03,WEEK24,2026-07-15,100.0,100.0,100.0,mg,N,12
EX_042-S03-017_WEEK24,042-S03-017,S03,WEEK24,2026-07-15,100.0,100.0,100.0,mg,N,12
EX_042-S03-018_WEEK24,042-S03-018,S03,WEEK24,2026-07-15,0.0,0.0,0.0,mg,N,12
EX_042-S03-019_WEEK24,042-S03-019,S03,WEEK24,2026-07-15,100.0,100.0,100.0,mg,N,12
EX_042-S03-020_WEEK24,042-S03-020,S03,WEEK24,2026-07-15,100.0,100.0,100.0,mg,N,12
EX_042-S04-001_WEEK24,042-S04-001,S04,WEEK24,2026-07-15,100.0,100.0,100.0,mg,N,12
EX_042-S04-002_WEEK24,042-S04-002,S04,WEEK24,2026-07-15,100.0,100.0,100.0,mg,N,12
EX_042-S04-003_WEEK24,042-S04-003,S04,WEEK24,2026-07-15,0.0,0.0,0.0,mg,N,12
EX_042-S04-004_WEEK24,042-S04-004,S04,WEEK24,2026-07-15,100.0,100.0,100.0,mg,N,12
EX_042-S04-005_WEEK24,042-S04-005,S04,WEEK24,2026-07-15,100.0,100.0,100.0,mg,N,12
EX_042-S04-006_WEEK24,042-S04-006,S04,WEEK24,2026-07-15,0.0,0.0,0.0,mg,N,12
EX_042-S04-007_WEEK24,042-S04-007,S04,WEEK24,2026-07-15,100.0,100.0,100.0,mg,N,12
EX_042-S04-008_WEEK24,042-S04-008,S04,WEEK24,2026-07-15,100.0,100.0,100.0,mg,N,12
EX_042-S04-009_WEEK24,042-S04-009,S04,WEEK24,2026-07-15,0.0,0.0,0.0,mg,N,12
EX_042-S04-010_WEEK24,042-S04-010,S04,WEEK24,2026-07-15,100.0,100.0,100.0,mg,N,12
EX_042-S04-011_WEEK24,042-S04-011,S04,WEEK24,2026-07-15,100.0,100.0,100.0,mg,N,12
EX_042-S04-012_WEEK24,042-S04-012,S04,WEEK24,2026-07-15,0.0,0.0,0.0,mg,N,12
EX_042-S04-013_WEEK24,042-S04-013,S04,WEEK24,2026-07-15,100.0,100.0,100.0,mg,N,12
EX_042-S04-014_WEEK24,042-S04-014,S04,WEEK24,2026-07-15,100.0,100.0,100.0,mg,N,12
EX_042-S04-015_WEEK24,042-S04-015,S04,WEEK24,2026-07-15,0.0,0.0,0.0,mg,N,12
EX_042-S04-016_WEEK24,042-S04-016,S04,WEEK24,2026-07-15,100.0,100.0,100.0,mg,N,12
EX_042-S04-017_WEEK24,042-S04-017,S04,WEEK24,2026-07-15,100.0,100.0,100.0,mg,N,12
EX_042-S04-018_WEEK24,042-S04-018,S04,WEEK24,2026-07-15,0.0,0.0,0.0,mg,N,12
EX_042-S04-019_WEEK24,042-S04-019,S04,WEEK24,2026-07-15,100.0,100.0,100.0,mg,N,12
EX_042-S04-020_WEEK24,042-S04-020,S04,WEEK24,2026-07-15,100.0,100.0,100.0,mg,N,12
EX_042-S05-001_WEEK24,042-S05-001,S05,WEEK24,2026-07-15,100.0,100.0,100.0,mg,N,12
EX_042-S05-002_WEEK24,042-S05-002,S05,WEEK24,2026-07-15,100.0,100.0,100.0,mg,N,12
EX_042-S05-003_WEEK24,042-S05-003,S05,WEEK24,2026-07-15,0.0,0.0,0.0,mg,N,12
EX_042-S05-004_WEEK24,042-S05-004,S05,WEEK24,2026-07-15,100.0,100.0,100.0,mg,N,12
EX_042-S05-005_WEEK24,042-S05-005,S05,WEEK24,2026-07-15,100.0,100.0,100.0,mg,N,12
EX_042-S05-006_WEEK24,042-S05-006,S05,WEEK24,2026-07-15,0.0,0.0,0.0,mg,N,12
EX_042-S05-007_WEEK24,042-S05-007,S05,WEEK24,2026-07-15,100.0,100.0,100.0,mg,N,12
EX_042-S05-008_WEEK24,042-S05-008,S05,WEEK24,2026-07-15,100.0,100.0,100.0,mg,N,12
EX_042-S05-009_WEEK24,042-S05-009,S05,WEEK24,2026-07-15,0.0,0.0,0.0,mg,N,12
EX_042-S05-010_WEEK24,042-S05-010,S05,WEEK24,2026-07-15,100.0,100.0,100.0,mg,N,12
EX_042-S05-011_WEEK24,042-S05-011,S05,WEEK24,2026-07-15,100.0,100.0,100.0,mg,N,12
EX_042-S05-012_WEEK24,042-S05-012,S05,WEEK24,2026-07-15,0.0,0.0,0.0,mg,N,12
EX_042-S05-013_WEEK24,042-S05-013,S05,WEEK24,2026-07-15,100.0,100.0,100.0,mg,N,12
EX_042-S05-014_WEEK24,042-S05-014,S05,WEEK24,2026-07-15,100.0,100.0,100.0,mg,N,12
EX_042-S05-015_WEEK24,042-S05-015,S05,WEEK24,2026-07-15,0.0,0.0,0.0,mg,N,12
EX_042-S05-016_WEEK24,042-S05-016,S05,WEEK24,2026-07-15,100.0,100.0,100.0,mg,N,12
EX_042-S05-017_WEEK24,042-S05-017,S05,WEEK24,2026-07-15,100.0,100.0,100.0,mg,N,12
EX_042-S05-018_WEEK24,042-S05-018,S05,WEEK24,2026-07-15,0.0,0.0,0.0,mg,N,12
EX_042-S05-019_WEEK24,042-S05-019,S05,WEEK24,2026-07-15,100.0,100.0,100.0,mg,N,12
EX_042-S05-020_WEEK24,042-S05-020,S05,WEEK24,2026-07-15,100.0,100.0,100.0,mg,N,12
EX_042-S06-001_WEEK24,042-S06-001,S06,WEEK24,2026-07-15,100.0,100.0,100.0,mg,N,12
EX_042-S06-002_WEEK24,042-S06-002,S06,WEEK24,2026-07-15,100.0,100.0,100.0,mg,N,12
EX_042-S06-003_WEEK24,042-S06-003,S06,WEEK24,2026-07-15,0.0,0.0,0.0,mg,N,12
EX_042-S06-004_WEEK24,042-S06-004,S06,WEEK24,2026-07-15,100.0,100.0,100.0,mg,N,12
EX_042-S06-005_WEEK24,042-S06-005,S06,WEEK24,2026-07-15,100.0,100.0,100.0,mg,N,12
EX_042-S06-006_WEEK24,042-S06-006,S06,WEEK24,2026-07-15,0.0,0.0,0.0,mg,N,12
EX_042-S06-007_WEEK24,042-S06-007,S06,WEEK24,2026-07-15,100.0,100.0,100.0,mg,N,12
EX_042-S06-008_WEEK24,042-S06-008,S06,WEEK24,2026-07-15,100.0,100.0,100.0,mg,N,12
EX_042-S06-009_WEEK24,042-S06-009,S06,WEEK24,2026-07-15,0.0,0.0,0.0,mg,N,12
EX_042-S06-010_WEEK24,042-S06-010,S06,WEEK24,2026-07-15,100.0,100.0,100.0,mg,N,12
EX_042-S06-011_WEEK24,042-S06-011,S06,WEEK24,2026-07-15,100.0,100.0,100.0,mg,N,12
EX_042-S06-012_WEEK24,042-S06-012,S06,WEEK24,2026-07-15,0.0,0.0,0.0,mg,N,12
EX_042-S06-013_WEEK24,042-S06-013,S06,WEEK24,2026-07-15,100.0,100.0,100.0,mg,N,12
EX_042-S06-014_WEEK24,042-S06-014,S06,WEEK24,2026-07-15,100.0,100.0,100.0,mg,N,12
EX_042-S06-015_WEEK24,042-S06-015,S06,WEEK24,2026-07-15,0.0,0.0,0.0,mg,N,12
EX_042-S06-016_WEEK24,042-S06-016,S06,WEEK24,2026-07-15,100.0,100.0,100.0,mg,N,12
EX_042-S06-017_WEEK24,042-S06-017,S06,WEEK24,2026-07-15,100.0,100.0,100.0,mg,N,12
EX_042-S06-018_WEEK24,042-S06-018,S06,WEEK24,2026-07-15,0.0,0.0,0.0,mg,N,12
EX_042-S06-019_WEEK24,042-S06-019,S06,WEEK24,2026-07-15,100.0,100.0,100.0,mg,N,12
EX_042-S06-020_WEEK24,042-S06-020,S06,WEEK24,2026-07-15,100.0,100.0,100.0,mg,N,12
EX_042-S07-001_WEEK24,042-S07-001,S07,WEEK24,2026-07-15,100.0,100.0,100.0,mg,N,12
EX_042-S07-002_WEEK24,042-S07-002,S07,WEEK24,2026-07-15,100.0,100.0,100.0,mg,N,12
EX_042-S07-003_WEEK24,042-S07-003,S07,WEEK24,2026-07-15,0.0,0.0,0.0,mg,N,12
EX_042-S07-004_WEEK24,042-S07-004,S07,WEEK24,2026-07-15,100.0,100.0,100.0,mg,N,12
EX_042-S07-005_WEEK24,042-S07-005,S07,WEEK24,2026-07-15,100.0,100.0,100.0,mg,N,12
EX_042-S07-006_WEEK24,042-S07-006,S07,WEEK24,2026-07-15,0.0,0.0,0.0,mg,N,12
EX_042-S07-007_WEEK24,042-S07-007,S07,WEEK24,2026-07-15,100.0,100.0,100.0,mg,N,12
EX_042-S07-008_WEEK24,042-S07-008,S07,WEEK24,2026-07-15,100.0,100.0,100.0,mg,N,12
EX_042-S07-009_WEEK24,042-S07-009,S07,WEEK24,2026-07-15,0.0,0.0,0.0,mg,N,12
EX_042-S07-010_WEEK24,042-S07-010,S07,WEEK24,2026-07-15,100.0,100.0,100.0,mg,N,12
EX_042-S07-011_WEEK24,042-S07-011,S07,WEEK24,2026-07-15,100.0,100.0,100.0,mg,N,12
EX_042-S07-012_WEEK24,042-S07-012,S07,WEEK24,2026-07-15,0.0,0.0,0.0,mg,N,12
EX_042-S07-013_WEEK24,042-S07-013,S07,WEEK24,2026-07-15,100.0,100.0,100.0,mg,N,12
EX_042-S07-014_WEEK24,042-S07-014,S07,WEEK24,2026-07-15,100.0,100.0,100.0,mg,N,12
EX_042-S07-015_WEEK24,042-S07-015,S07,WEEK24,2026-07-15,0.0,0.0,0.0,mg,N,12
EX_042-S07-016_WEEK24,042-S07-016,S07,WEEK24,2026-07-15,100.0,100.0,100.0,mg,N,12
EX_042-S07-017_WEEK24,042-S07-017,S07,WEEK24,2026-07-15,100.0,100.0,100.0,mg,N,12
EX_042-S07-018_WEEK24,042-S07-018,S07,WEEK24,2026-07-15,0.0,0.0,0.0,mg,N,12
EX_042-S07-019_WEEK24,042-S07-019,S07,WEEK24,2026-07-15,100.0,100.0,100.0,mg,N,12
EX_042-S07-020_WEEK24,042-S07-020,S07,WEEK24,2026-07-15,100.0,100.0,100.0,mg,N,12
EX_042-S08-001_WEEK24,042-S08-001,S08,WEEK24,2026-07-15,100.0,100.0,100.0,mg,N,12
EX_042-S08-002_WEEK24,042-S08-002,S08,WEEK24,2026-07-15,100.0,100.0,100.0,mg,N,12
EX_042-S08-003_WEEK24,042-S08-003,S08,WEEK24,2026-07-15,0.0,0.0,0.0,mg,N,12
EX_042-S08-004_WEEK24,042-S08-004,S08,WEEK24,2026-07-15,100.0,100.0,100.0,mg,N,12
EX_042-S08-005_WEEK24,042-S08-005,S08,WEEK24,2026-07-15,100.0,100.0,100.0,mg,N,12
EX_042-S08-006_WEEK24,042-S08-006,S08,WEEK24,2026-07-15,0.0,0.0,0.0,mg,N,12
EX_042-S08-007_WEEK24,042-S08-007,S08,WEEK24,2026-07-15,100.0,100.0,100.0,mg,N,12
EX_042-S08-008_WEEK24,042-S08-008,S08,WEEK24,2026-07-15,100.0,100.0,100.0,mg,N,12
EX_042-S08-009_WEEK24,042-S08-009,S08,WEEK24,2026-07-15,0.0,0.0,0.0,mg,N,12
EX_042-S08-010_WEEK24,042-S08-010,S08,WEEK24,2026-07-15,100.0,100.0,100.0,mg,N,12
EX_042-S08-011_WEEK24,042-S08-011,S08,WEEK24,2026-07-15,100.0,100.0,100.0,mg,N,12
EX_042-S08-012_WEEK24,042-S08-012,S08,WEEK24,2026-07-15,0.0,0.0,0.0,mg,N,12
EX_042-S08-013_WEEK24,042-S08-013,S08,WEEK24,2026-07-15,100.0,100.0,100.0,mg,N,12
EX_042-S08-014_WEEK24,042-S08-014,S08,WEEK24,2026-07-15,100.0,100.0,100.0,mg,N,12
EX_042-S08-015_WEEK24,042-S08-015,S08,WEEK24,2026-07-15,0.0,0.0,0.0,mg,N,12
EX_042-S08-016_WEEK24,042-S08-016,S08,WEEK24,2026-07-15,100.0,100.0,100.0,mg,N,12
EX_042-S08-017_WEEK24,042-S08-017,S08,WEEK24,2026-07-15,100.0,100.0,100.0,mg,N,12
EX_042-S08-018_WEEK24,042-S08-018,S08,WEEK24,2026-07-15,0.0,0.0,0.0,mg,N,12
EX_042-S08-019_WEEK24,042-S08-019,S08,WEEK24,2026-07-15,100.0,100.0,100.0,mg,N,12
EX_042-S08-020_WEEK24,042-S08-020,S08,WEEK24,2026-07-15,100.0,100.0,100.0,mg,N,12
EX_042-S09-001_WEEK24,042-S09-001,S09,WEEK24,2026-07-15,100.0,100.0,100.0,mg,N,12
EX_042-S09-002_WEEK24,042-S09-002,S09,WEEK24,2026-07-15,100.0,100.0,100.0,mg,N,12
EX_042-S09-003_WEEK24,042-S09-003,S09,WEEK24,2026-07-15,0.0,0.0,0.0,mg,N,12
EX_042-S09-004_WEEK24,042-S09-004,S09,WEEK24,2026-07-15,100.0,100.0,100.0,mg,N,12
EX_042-S09-005_WEEK24,042-S09-005,S09,WEEK24,2026-07-15,100.0,100.0,100.0,mg,N,12
EX_042-S09-006_WEEK24,042-S09-006,S09,WEEK24,2026-07-15,0.0,0.0,0.0,mg,N,12
EX_042-S09-007_WEEK24,042-S09-007,S09,WEEK24,2026-07-15,100.0,100.0,100.0,mg,N,12
EX_042-S09-008_WEEK24,042-S09-008,S09,WEEK24,2026-07-15,100.0,100.0,100.0,mg,N,12
EX_042-S09-009_WEEK24,042-S09-009,S09,WEEK24,2026-07-15,0.0,0.0,0.0,mg,N,12
EX_042-S09-010_WEEK24,042-S09-010,S09,WEEK24,2026-07-15,100.0,100.0,100.0,mg,N,12
EX_042-S09-011_WEEK24,042-S09-011,S09,WEEK24,2026-07-15,100.0,100.0,100.0,mg,N,12
EX_042-S09-012_WEEK24,042-S09-012,S09,WEEK24,2026-07-15,0.0,0.0,0.0,mg,N,12
EX_042-S09-013_WEEK24,042-S09-013,S09,WEEK24,2026-07-15,100.0,100.0,100.0,mg,N,12
EX_042-S09-014_WEEK24,042-S09-014,S09,WEEK24,2026-07-15,100.0,100.0,100.0,mg,N,12
EX_042-S09-015_WEEK24,042-S09-015,S09,WEEK24,2026-07-15,0.0,0.0,0.0,mg,N,12
EX_042-S09-016_WEEK24,042-S09-016,S09,WEEK24,2026-07-15,100.0,100.0,100.0,mg,N,12
EX_042-S09-017_WEEK24,042-S09-017,S09,WEEK24,2026-07-15,100.0,100.0,100.0,mg,N,12
EX_042-S09-018_WEEK24,042-S09-018,S09,WEEK24,2026-07-15,0.0,0.0,0.0,mg,N,12
EX_042-S09-019_WEEK24,042-S09-019,S09,WEEK24,2026-07-15,100.0,100.0,100.0,mg,N,12
EX_042-S09-020_WEEK24,042-S09-020,S09,WEEK24,2026-07-15,100.0,100.0,100.0,mg,N,12
EX_042-S10-001_WEEK24,042-S10-001,S10,WEEK24,2026-07-15,100.0,100.0,100.0,mg,N,12
EX_042-S10-002_WEEK24,042-S10-002,S10,WEEK24,2026-07-15,100.0,100.0,100.0,mg,N,12
EX_042-S10-003_WEEK24,042-S10-003,S10,WEEK24,2026-07-15,0.0,0.0,0.0,mg,N,12
EX_042-S10-004_WEEK24,042-S10-004,S10,WEEK24,2026-07-15,100.0,100.0,100.0,mg,N,12
EX_042-S10-005_WEEK24,042-S10-005,S10,WEEK24,2026-07-15,100.0,100.0,100.0,mg,N,12
EX_042-S10-006_WEEK24,042-S10-006,S10,WEEK24,2026-07-15,0.0,0.0,0.0,mg,N,12
EX_042-S10-007_WEEK24,042-S10-007,S10,WEEK24,2026-07-15,100.0,100.0,100.0,mg,N,12
EX_042-S10-008_WEEK24,042-S10-008,S10,WEEK24,2026-07-15,100.0,100.0,100.0,mg,N,12
EX_042-S10-009_WEEK24,042-S10-009,S10,WEEK24,2026-07-15,0.0,0.0,0.0,mg,N,12
EX_042-S10-010_WEEK24,042-S10-010,S10,WEEK24,2026-07-15,100.0,100.0,100.0,mg,N,12
EX_042-S10-011_WEEK24,042-S10-011,S10,WEEK24,2026-07-15,100.0,100.0,100.0,mg,N,12
EX_042-S10-012_WEEK24,042-S10-012,S10,WEEK24,2026-07-15,0.0,0.0,0.0,mg,N,12
EX_042-S10-013_WEEK24,042-S10-013,S10,WEEK24,2026-07-15,100.0,100.0,100.0,mg,N,12
EX_042-S10-014_WEEK24,042-S10-014,S10,WEEK24,2026-07-15,100.0,100.0,100.0,mg,N,12
EX_042-S10-015_WEEK24,042-S10-015,S10,WEEK24,2026-07-15,0.0,0.0,0.0,mg,N,12
EX_042-S10-016_WEEK24,042-S10-016,S10,WEEK24,2026-07-15,100.0,100.0,100.0,mg,N,12
EX_042-S10-017_WEEK24,042-S10-017,S10,WEEK24,2026-07-15,100.0,100.0,100.0,mg,N,12
EX_042-S10-018_WEEK24,042-S10-018,S10,WEEK24,2026-07-15,0.0,0.0,0.0,mg,N,12
EX_042-S10-019_WEEK24,042-S10-019,S10,WEEK24,2026-07-15,100.0,100.0,100.0,mg,N,12
EX_042-S10-020_WEEK24,042-S10-020,S10,WEEK24,2026-07-15,100.0,100.0,100.0,mg,N,12
EX_042-S11-001_WEEK24,042-S11-001,S11,WEEK24,2026-07-15,100.0,100.0,100.0,mg,N,12
EX_042-S11-002_WEEK24,042-S11-002,S11,WEEK24,2026-07-15,100.0,100.0,100.0,mg,N,12
EX_042-S11-003_WEEK24,042-S11-003,S11,WEEK24,2026-07-15,0.0,0.0,0.0,mg,N,12
EX_042-S11-004_WEEK24,042-S11-004,S11,WEEK24,2026-07-15,100.0,100.0,100.0,mg,N,12
EX_042-S11-005_WEEK24,042-S11-005,S11,WEEK24,2026-07-15,100.0,100.0,100.0,mg,N,12
EX_042-S11-006_WEEK24,042-S11-006,S11,WEEK24,2026-07-15,0.0,0.0,0.0,mg,N,12
EX_042-S11-007_WEEK24,042-S11-007,S11,WEEK24,2026-07-15,100.0,100.0,100.0,mg,N,12
EX_042-S11-008_WEEK24,042-S11-008,S11,WEEK24,2026-07-15,100.0,100.0,100.0,mg,N,12
EX_042-S11-009_WEEK24,042-S11-009,S11,WEEK24,2026-07-15,0.0,0.0,0.0,mg,N,12
EX_042-S11-010_WEEK24,042-S11-010,S11,WEEK24,2026-07-15,100.0,100.0,100.0,mg,N,12
EX_042-S11-011_WEEK24,042-S11-011,S11,WEEK24,2026-07-15,100.0,100.0,100.0,mg,N,12
EX_042-S11-012_WEEK24,042-S11-012,S11,WEEK24,2026-07-15,0.0,0.0,0.0,mg,N,12
EX_042-S11-013_WEEK24,042-S11-013,S11,WEEK24,2026-07-15,100.0,100.0,100.0,mg,N,12
EX_042-S11-014_WEEK24,042-S11-014,S11,WEEK24,2026-07-15,100.0,100.0,100.0,mg,N,12
EX_042-S11-015_WEEK24,042-S11-015,S11,WEEK24,2026-07-15,0.0,0.0,0.0,mg,N,12
EX_042-S11-016_WEEK24,042-S11-016,S11,WEEK24,2026-07-15,100.0,100.0,100.0,mg,N,12
EX_042-S11-017_WEEK24,042-S11-017,S11,WEEK24,2026-07-15,100.0,100.0,100.0,mg,N,12
EX_042-S11-018_WEEK24,042-S11-018,S11,WEEK24,2026-07-15,0.0,0.0,0.0,mg,N,12
EX_042-S11-019_WEEK24,042-S11-019,S11,WEEK24,2026-07-15,100.0,100.0,100.0,mg,N,12
EX_042-S11-020_WEEK24,042-S11-020,S11,WEEK24,2026-07-15,100.0,100.0,100.0,mg,N,12
EX_042-S12-001_WEEK24,042-S12-001,S12,WEEK24,2026-07-15,100.0,100.0,100.0,mg,N,12
EX_042-S12-002_WEEK24,042-S12-002,S12,WEEK24,2026-07-15,100.0,100.0,100.0,mg,N,12
EX_042-S12-003_WEEK24,042-S12-003,S12,WEEK24,2026-07-15,0.0,0.0,0.0,mg,N,12
EX_042-S12-004_WEEK24,042-S12-004,S12,WEEK24,2026-07-15,100.0,100.0,100.0,mg,N,12
EX_042-S12-005_WEEK24,042-S12-005,S12,WEEK24,2026-07-15,100.0,100.0,100.0,mg,N,12
EX_042-S12-006_WEEK24,042-S12-006,S12,WEEK24,2026-07-15,0.0,0.0,0.0,mg,N,12
EX_042-S12-007_WEEK24,042-S12-007,S12,WEEK24,2026-07-15,100.0,100.0,100.0,mg,N,12
EX_042-S12-008_WEEK24,042-S12-008,S12,WEEK24,2026-07-15,100.0,100.0,100.0,mg,N,12
EX_042-S12-009_WEEK24,042-S12-009,S12,WEEK24,2026-07-15,0.0,0.0,0.0,mg,N,12
EX_042-S12-010_WEEK24,042-S12-010,S12,WEEK24,2026-07-15,100.0,100.0,100.0,mg,N,12
EX_042-S12-011_WEEK24,042-S12-011,S12,WEEK24,2026-07-15,100.0,100.0,100.0,mg,N,12
EX_042-S12-012_WEEK24,042-S12-012,S12,WEEK24,2026-07-15,0.0,0.0,0.0,mg,N,12
EX_042-S12-013_WEEK24,042-S12-013,S12,WEEK24,2026-07-15,100.0,100.0,100.0,mg,N,12
EX_042-S12-014_WEEK24,042-S12-014,S12,WEEK24,2026-07-15,100.0,100.0,100.0,mg,N,12
EX_042-S12-015_WEEK24,042-S12-015,S12,WEEK24,2026-07-15,0.0,0.0,0.0,mg,N,12
EX_042-S12-016_WEEK24,042-S12-016,S12,WEEK24,2026-07-15,100.0,100.0,100.0,mg,N,12
EX_042-S12-017_WEEK24,042-S12-017,S12,WEEK24,2026-07-15,100.0,100.0,100.0,mg,N,12
EX_042-S12-018_WEEK24,042-S12-018,S12,WEEK24,2026-07-15,0.0,0.0,0.0,mg,N,12
EX_042-S12-019_WEEK24,042-S12-019,S12,WEEK24,2026-07-15,100.0,100.0,100.0,mg,N,12
EX_042-S12-020_WEEK24,042-S12-020,S12,WEEK24,2026-07-15,100.0,100.0,100.0,mg,N,12
EX_042-S04-001_EXTRA_1748,042-S04-001,S04,UNSCHEDULED,2026-03-01,100.0,100.0,100.0,mg,N,5
EX_042-S04-002_EXTRA_1749,042-S04-002,S04,UNSCHEDULED,2026-03-01,100.0,100.0,100.0,mg,N,5
EX_042-S04-003_EXTRA_1750,042-S04-003,S04,UNSCHEDULED,2026-03-01,100.0,100.0,100.0,mg,N,5
EX_042-S04-004_EXTRA_1751,042-S04-004,S04,UNSCHEDULED,2026-03-01,100.0,100.0,100.0,mg,N,5
EX_042-S04-005_EXTRA_1752,042-S04-005,S04,UNSCHEDULED,2026-03-01,100.0,100.0,100.0,mg,N,5
EX_042-S04-006_EXTRA_1753,042-S04-006,S04,UNSCHEDULED,2026-03-01,100.0,100.0,100.0,mg,N,5
EX_042-S04-007_EXTRA_1754,042-S04-007,S04,UNSCHEDULED,2026-03-01,100.0,100.0,100.0,mg,N,5
EX_042-S04-008_EXTRA_1755,042-S04-008,S04,UNSCHEDULED,2026-03-01,100.0,100.0,100.0,mg,N,5
EX_042-S04-009_EXTRA_1756,042-S04-009,S04,UNSCHEDULED,2026-03-01,100.0,100.0,100.0,mg,N,5
EX_042-S04-010_EXTRA_1757,042-S04-010,S04,UNSCHEDULED,2026-03-01,100.0,100.0,100.0,mg,N,5
EX_042-S04-011_EXTRA_1758,042-S04-011,S04,UNSCHEDULED,2026-03-01,100.0,100.0,100.0,mg,N,5
EX_042-S04-012_EXTRA_1759,042-S04-012,S04,UNSCHEDULED,2026-03-01,100.0,100.0,100.0,mg,N,5
EX_042-S04-013_EXTRA_1760,042-S04-013,S04,UNSCHEDULED,2026-03-01,100.0,100.0,100.0,mg,N,5
EX_042-S04-014_EXTRA_1761,042-S04-014,S04,UNSCHEDULED,2026-03-01,100.0,100.0,100.0,mg,N,5
EX_042-S04-015_EXTRA_1762,042-S04-015,S04,UNSCHEDULED,2026-03-01,100.0,100.0,100.0,mg,N,5
EX_042-S04-016_EXTRA_1763,042-S04-016,S04,UNSCHEDULED,2026-03-01,100.0,100.0,100.0,mg,N,5
EX_042-S04-017_EXTRA_1764,042-S04-017,S04,UNSCHEDULED,2026-03-01,100.0,100.0,100.0,mg,N,5
EX_042-S04-018_EXTRA_1765,042-S04-018,S04,UNSCHEDULED,2026-03-01,100.0,100.0,100.0,mg,N,5
EX_042-S04-019_EXTRA_1766,042-S04-019,S04,UNSCHEDULED,2026-03-01,100.0,100.0,100.0,mg,N,5
EX_042-S04-020_EXTRA_1767,042-S04-020,S04,UNSCHEDULED,2026-03-01,100.0,100.0,100.0,mg,N,5
EX_042-S05-001_EXTRA_1768,042-S05-001,S05,UNSCHEDULED,2026-03-01,100.0,100.0,100.0,mg,N,5
EX_042-S05-002_EXTRA_1769,042-S05-002,S05,UNSCHEDULED,2026-03-01,100.0,100.0,100.0,mg,N,5
EX_042-S05-003_EXTRA_1770,042-S05-003,S05,UNSCHEDULED,2026-03-01,100.0,100.0,100.0,mg,N,5
EX_042-S05-004_EXTRA_1771,042-S05-004,S05,UNSCHEDULED,2026-03-01,100.0,100.0,100.0,mg,N,5
EX_042-S05-005_EXTRA_1772,042-S05-005,S05,UNSCHEDULED,2026-03-01,100.0,100.0,100.0,mg,N,5
EX_042-S05-006_EXTRA_1773,042-S05-006,S05,UNSCHEDULED,2026-03-01,100.0,100.0,100.0,mg,N,5
EX_042-S05-007_EXTRA_1774,042-S05-007,S05,UNSCHEDULED,2026-03-01,100.0,100.0,100.0,mg,N,5
EX_042-S05-008_EXTRA_1775,042-S05-008,S05,UNSCHEDULED,2026-03-01,100.0,100.0,100.0,mg,N,5
EX_042-S05-009_EXTRA_1776,042-S05-009,S05,UNSCHEDULED,2026-03-01,100.0,100.0,100.0,mg,N,5
EX_042-S05-010_EXTRA_1777,042-S05-010,S05,UNSCHEDULED,2026-03-01,100.0,100.0,100.0,mg,N,5
EX_042-S05-011_EXTRA_1778,042-S05-011,S05,UNSCHEDULED,2026-03-01,100.0,100.0,100.0,mg,N,5
EX_042-S05-012_EXTRA_1779,042-S05-012,S05,UNSCHEDULED,2026-03-01,100.0,100.0,100.0,mg,N,5
EX_042-S05-013_EXTRA_1780,042-S05-013,S05,UNSCHEDULED,2026-03-01,100.0,100.0,100.0,mg,N,5
EX_042-S05-014_EXTRA_1781,042-S05-014,S05,UNSCHEDULED,2026-03-01,100.0,100.0,100.0,mg,N,5
EX_042-S05-015_EXTRA_1782,042-S05-015,S05,UNSCHEDULED,2026-03-01,100.0,100.0,100.0,mg,N,5
EX_042-S05-016_EXTRA_1783,042-S05-016,S05,UNSCHEDULED,2026-03-01,100.0,100.0,100.0,mg,N,5
EX_042-S05-017_EXTRA_1784,042-S05-017,S05,UNSCHEDULED,2026-03-01,100.0,100.0,100.0,mg,N,5
EX_042-S05-018_EXTRA_1785,042-S05-018,S05,UNSCHEDULED,2026-03-01,100.0,100.0,100.0,mg,N,5
EX_042-S05-019_EXTRA_1786,042-S05-019,S05,UNSCHEDULED,2026-03-01,100.0,100.0,100.0,mg,N,5
EX_042-S05-020_EXTRA_1787,042-S05-020,S05,UNSCHEDULED,2026-03-01,100.0,100.0,100.0,mg,N,5
EX_042-S06-001_EXTRA_1788,042-S06-001,S06,UNSCHEDULED,2026-03-01,100.0,100.0,100.0,mg,N,5
EX_042-S06-002_EXTRA_1789,042-S06-002,S06,UNSCHEDULED,2026-03-01,100.0,100.0,100.0,mg,N,5
EX_042-S06-003_EXTRA_1790,042-S06-003,S06,UNSCHEDULED,2026-03-01,100.0,100.0,100.0,mg,N,5
EX_042-S06-004_EXTRA_1791,042-S06-004,S06,UNSCHEDULED,2026-03-01,100.0,100.0,100.0,mg,N,5
EX_042-S06-005_EXTRA_1792,042-S06-005,S06,UNSCHEDULED,2026-03-01,100.0,100.0,100.0,mg,N,5
EX_042-S06-006_EXTRA_1793,042-S06-006,S06,UNSCHEDULED,2026-03-01,100.0,100.0,100.0,mg,N,5
EX_042-S06-007_EXTRA_1794,042-S06-007,S06,UNSCHEDULED,2026-03-01,100.0,100.0,100.0,mg,N,5
EX_042-S06-008_EXTRA_1795,042-S06-008,S06,UNSCHEDULED,2026-03-01,100.0,100.0,100.0,mg,N,5
EX_042-S06-009_EXTRA_1796,042-S06-009,S06,UNSCHEDULED,2026-03-01,100.0,100.0,100.0,mg,N,5
EX_042-S06-010_EXTRA_1797,042-S06-010,S06,UNSCHEDULED,2026-03-01,100.0,100.0,100.0,mg,N,5
EX_042-S06-011_EXTRA_1798,042-S06-011,S06,UNSCHEDULED,2026-03-01,100.0,100.0,100.0,mg,N,5
EX_042-S06-012_EXTRA_1799,042-S06-012,S06,UNSCHEDULED,2026-03-01,100.0,100.0,100.0,mg,N,5
EX_042-S06-013_EXTRA_1800,042-S06-013,S06,UNSCHEDULED,2026-03-01,100.0,100.0,100.0,mg,N,5
EX_042-S06-014_EXTRA_1801,042-S06-014,S06,UNSCHEDULED,2026-03-01,100.0,100.0,100.0,mg,N,5
EX_042-S06-015_EXTRA_1802,042-S06-015,S06,UNSCHEDULED,2026-03-01,100.0,100.0,100.0,mg,N,5
EX_042-S06-016_EXTRA_1803,042-S06-016,S06,UNSCHEDULED,2026-03-01,100.0,100.0,100.0,mg,N,5
EX_042-S06-017_EXTRA_1804,042-S06-017,S06,UNSCHEDULED,2026-03-01,100.0,100.0,100.0,mg,N,5
EX_042-S06-018_EXTRA_1805,042-S06-018,S06,UNSCHEDULED,2026-03-01,100.0,100.0,100.0,mg,N,5
EX_042-S06-019_EXTRA_1806,042-S06-019,S06,UNSCHEDULED,2026-03-01,100.0,100.0,100.0,mg,N,5
EX_042-S06-020_EXTRA_1807,042-S06-020,S06,UNSCHEDULED,2026-03-01,100.0,100.0,100.0,mg,N,5
EX_042-S07-001_EXTRA_1808,042-S07-001,S07,UNSCHEDULED,2026-03-01,100.0,100.0,100.0,mg,N,5
EX_042-S07-002_EXTRA_1809,042-S07-002,S07,UNSCHEDULED,2026-03-01,100.0,100.0,100.0,mg,N,5
EX_042-S07-003_EXTRA_1810,042-S07-003,S07,UNSCHEDULED,2026-03-01,100.0,100.0,100.0,mg,N,5
EX_042-S07-004_EXTRA_1811,042-S07-004,S07,UNSCHEDULED,2026-03-01,100.0,100.0,100.0,mg,N,5
EX_042-S07-005_EXTRA_1812,042-S07-005,S07,UNSCHEDULED,2026-03-01,100.0,100.0,100.0,mg,N,5
EX_042-S07-006_EXTRA_1813,042-S07-006,S07,UNSCHEDULED,2026-03-01,100.0,100.0,100.0,mg,N,5
EX_042-S07-007_EXTRA_1814,042-S07-007,S07,UNSCHEDULED,2026-03-01,100.0,100.0,100.0,mg,N,5
EX_042-S07-008_EXTRA_1815,042-S07-008,S07,UNSCHEDULED,2026-03-01,100.0,100.0,100.0,mg,N,5
EX_042-S07-009_EXTRA_1816,042-S07-009,S07,UNSCHEDULED,2026-03-01,100.0,100.0,100.0,mg,N,5
EX_042-S07-010_EXTRA_1817,042-S07-010,S07,UNSCHEDULED,2026-03-01,100.0,100.0,100.0,mg,N,5
EX_042-S07-011_EXTRA_1818,042-S07-011,S07,UNSCHEDULED,2026-03-01,100.0,100.0,100.0,mg,N,5
EX_042-S07-012_EXTRA_1819,042-S07-012,S07,UNSCHEDULED,2026-03-01,100.0,100.0,100.0,mg,N,5
EX_042-S07-013_EXTRA_1820,042-S07-013,S07,UNSCHEDULED,2026-03-01,100.0,100.0,100.0,mg,N,5
EX_042-S07-014_EXTRA_1821,042-S07-014,S07,UNSCHEDULED,2026-03-01,100.0,100.0,100.0,mg,N,5
EX_042-S07-015_EXTRA_1822,042-S07-015,S07,UNSCHEDULED,2026-03-01,100.0,100.0,100.0,mg,N,5
EX_042-S07-016_EXTRA_1823,042-S07-016,S07,UNSCHEDULED,2026-03-01,100.0,100.0,100.0,mg,N,5
EX_042-S07-017_EXTRA_1824,042-S07-017,S07,UNSCHEDULED,2026-03-01,100.0,100.0,100.0,mg,N,5
EX_042-S07-018_EXTRA_1825,042-S07-018,S07,UNSCHEDULED,2026-03-01,100.0,100.0,100.0,mg,N,5
EX_042-S07-019_EXTRA_1826,042-S07-019,S07,UNSCHEDULED,2026-03-01,100.0,100.0,100.0,mg,N,5
EX_042-S07-020_EXTRA_1827,042-S07-020,S07,UNSCHEDULED,2026-03-01,100.0,100.0,100.0,mg,N,5
EX_042-S08-001_EXTRA_1828,042-S08-001,S08,UNSCHEDULED,2026-03-01,100.0,100.0,100.0,mg,N,5
EX_042-S08-002_EXTRA_1829,042-S08-002,S08,UNSCHEDULED,2026-03-01,100.0,100.0,100.0,mg,N,5
EX_042-S08-003_EXTRA_1830,042-S08-003,S08,UNSCHEDULED,2026-03-01,100.0,100.0,100.0,mg,N,5
EX_042-S08-004_EXTRA_1831,042-S08-004,S08,UNSCHEDULED,2026-03-01,100.0,100.0,100.0,mg,N,5
EX_042-S08-005_EXTRA_1832,042-S08-005,S08,UNSCHEDULED,2026-03-01,100.0,100.0,100.0,mg,N,5
EX_042-S08-006_EXTRA_1833,042-S08-006,S08,UNSCHEDULED,2026-03-01,100.0,100.0,100.0,mg,N,5
EX_042-S08-007_EXTRA_1834,042-S08-007,S08,UNSCHEDULED,2026-03-01,100.0,100.0,100.0,mg,N,5
EX_042-S08-008_EXTRA_1835,042-S08-008,S08,UNSCHEDULED,2026-03-01,100.0,100.0,100.0,mg,N,5
EX_042-S08-009_EXTRA_1836,042-S08-009,S08,UNSCHEDULED,2026-03-01,100.0,100.0,100.0,mg,N,5
EX_042-S08-010_EXTRA_1837,042-S08-010,S08,UNSCHEDULED,2026-03-01,100.0,100.0,100.0,mg,N,5
EX_042-S08-011_EXTRA_1838,042-S08-011,S08,UNSCHEDULED,2026-03-01,100.0,100.0,100.0,mg,N,5
EX_042-S08-012_EXTRA_1839,042-S08-012,S08,UNSCHEDULED,2026-03-01,100.0,100.0,100.0,mg,N,5
EX_042-S08-013_EXTRA_1840,042-S08-013,S08,UNSCHEDULED,2026-03-01,100.0,100.0,100.0,mg,N,5
EX_042-S08-014_EXTRA_1841,042-S08-014,S08,UNSCHEDULED,2026-03-01,100.0,100.0,100.0,mg,N,5
EX_042-S08-015_EXTRA_1842,042-S08-015,S08,UNSCHEDULED,2026-03-01,100.0,100.0,100.0,mg,N,5
EX_042-S08-016_EXTRA_1843,042-S08-016,S08,UNSCHEDULED,2026-03-01,100.0,100.0,100.0,mg,N,5
EX_042-S08-017_EXTRA_1844,042-S08-017,S08,UNSCHEDULED,2026-03-01,100.0,100.0,100.0,mg,N,5
EX_042-S08-018_EXTRA_1845,042-S08-018,S08,UNSCHEDULED,2026-03-01,100.0,100.0,100.0,mg,N,5
EX_042-S08-019_EXTRA_1846,042-S08-019,S08,UNSCHEDULED,2026-03-01,100.0,100.0,100.0,mg,N,5
EX_042-S08-020_EXTRA_1847,042-S08-020,S08,UNSCHEDULED,2026-03-01,100.0,100.0,100.0,mg,N,5
EX_042-S09-001_EXTRA_1848,042-S09-001,S09,UNSCHEDULED,2026-03-01,100.0,100.0,100.0,mg,N,5
EX_042-S09-002_EXTRA_1849,042-S09-002,S09,UNSCHEDULED,2026-03-01,100.0,100.0,100.0,mg,N,5
EX_042-S09-003_EXTRA_1850,042-S09-003,S09,UNSCHEDULED,2026-03-01,100.0,100.0,100.0,mg,N,5
EX_042-S09-004_EXTRA_1851,042-S09-004,S09,UNSCHEDULED,2026-03-01,100.0,100.0,100.0,mg,N,5
EX_042-S09-005_EXTRA_1852,042-S09-005,S09,UNSCHEDULED,2026-03-01,100.0,100.0,100.0,mg,N,5
EX_042-S09-006_EXTRA_1853,042-S09-006,S09,UNSCHEDULED,2026-03-01,100.0,100.0,100.0,mg,N,5
EX_042-S09-007_EXTRA_1854,042-S09-007,S09,UNSCHEDULED,2026-03-01,100.0,100.0,100.0,mg,N,5
EX_042-S09-008_EXTRA_1855,042-S09-008,S09,UNSCHEDULED,2026-03-01,100.0,100.0,100.0,mg,N,5
EX_042-S09-009_EXTRA_1856,042-S09-009,S09,UNSCHEDULED,2026-03-01,100.0,100.0,100.0,mg,N,5
EX_042-S09-010_EXTRA_1857,042-S09-010,S09,UNSCHEDULED,2026-03-01,100.0,100.0,100.0,mg,N,5
EX_042-S09-011_EXTRA_1858,042-S09-011,S09,UNSCHEDULED,2026-03-01,100.0,100.0,100.0,mg,N,5
EX_042-S09-012_EXTRA_1859,042-S09-012,S09,UNSCHEDULED,2026-03-01,100.0,100.0,100.0,mg,N,5
EX_042-S09-013_EXTRA_1860,042-S09-013,S09,UNSCHEDULED,2026-03-01,100.0,100.0,100.0,mg,N,5
EX_042-S09-014_EXTRA_1861,042-S09-014,S09,UNSCHEDULED,2026-03-01,100.0,100.0,100.0,mg,N,5
EX_042-S09-015_EXTRA_1862,042-S09-015,S09,UNSCHEDULED,2026-03-01,100.0,100.0,100.0,mg,N,5
EX_042-S09-016_EXTRA_1863,042-S09-016,S09,UNSCHEDULED,2026-03-01,100.0,100.0,100.0,mg,N,5
EX_042-S09-017_EXTRA_1864,042-S09-017,S09,UNSCHEDULED,2026-03-01,100.0,100.0,100.0,mg,N,5
EX_042-S09-018_EXTRA_1865,042-S09-018,S09,UNSCHEDULED,2026-03-01,100.0,100.0,100.0,mg,N,5
EX_042-S09-019_EXTRA_1866,042-S09-019,S09,UNSCHEDULED,2026-03-01,100.0,100.0,100.0,mg,N,5
EX_042-S09-020_EXTRA_1867,042-S09-020,S09,UNSCHEDULED,2026-03-01,100.0,100.0,100.0,mg,N,5
EX_042-S10-001_EXTRA_1868,042-S10-001,S10,UNSCHEDULED,2026-03-01,100.0,100.0,100.0,mg,N,5
EX_042-S10-002_EXTRA_1869,042-S10-002,S10,UNSCHEDULED,2026-03-01,100.0,100.0,100.0,mg,N,5
EX_042-S10-003_EXTRA_1870,042-S10-003,S10,UNSCHEDULED,2026-03-01,100.0,100.0,100.0,mg,N,5
EX_042-S10-004_EXTRA_1871,042-S10-004,S10,UNSCHEDULED,2026-03-01,100.0,100.0,100.0,mg,N,5
EX_042-S10-005_EXTRA_1872,042-S10-005,S10,UNSCHEDULED,2026-03-01,100.0,100.0,100.0,mg,N,5
EX_042-S10-006_EXTRA_1873,042-S10-006,S10,UNSCHEDULED,2026-03-01,100.0,100.0,100.0,mg,N,5
EX_042-S10-007_EXTRA_1874,042-S10-007,S10,UNSCHEDULED,2026-03-01,100.0,100.0,100.0,mg,N,5
EX_042-S10-008_EXTRA_1875,042-S10-008,S10,UNSCHEDULED,2026-03-01,100.0,100.0,100.0,mg,N,5
EX_042-S10-009_EXTRA_1876,042-S10-009,S10,UNSCHEDULED,2026-03-01,100.0,100.0,100.0,mg,N,5
EX_042-S10-010_EXTRA_1877,042-S10-010,S10,UNSCHEDULED,2026-03-01,100.0,100.0,100.0,mg,N,5
EX_042-S10-011_EXTRA_1878,042-S10-011,S10,UNSCHEDULED,2026-03-01,100.0,100.0,100.0,mg,N,5
EX_042-S10-012_EXTRA_1879,042-S10-012,S10,UNSCHEDULED,2026-03-01,100.0,100.0,100.0,mg,N,5
EX_042-S10-013_EXTRA_1880,042-S10-013,S10,UNSCHEDULED,2026-03-01,100.0,100.0,100.0,mg,N,5
EX_042-S10-014_EXTRA_1881,042-S10-014,S10,UNSCHEDULED,2026-03-01,100.0,100.0,100.0,mg,N,5
EX_042-S10-015_EXTRA_1882,042-S10-015,S10,UNSCHEDULED,2026-03-01,100.0,100.0,100.0,mg,N,5
EX_042-S10-016_EXTRA_1883,042-S10-016,S10,UNSCHEDULED,2026-03-01,100.0,100.0,100.0,mg,N,5
EX_042-S10-017_EXTRA_1884,042-S10-017,S10,UNSCHEDULED,2026-03-01,100.0,100.0,100.0,mg,N,5
EX_042-S10-018_EXTRA_1885,042-S10-018,S10,UNSCHEDULED,2026-03-01,100.0,100.0,100.0,mg,N,5
EX_042-S10-019_EXTRA_1886,042-S10-019,S10,UNSCHEDULED,2026-03-01,100.0,100.0,100.0,mg,N,5
EX_042-S10-020_EXTRA_1887,042-S10-020,S10,UNSCHEDULED,2026-03-01,100.0,100.0,100.0,mg,N,5
EX_042-S11-001_EXTRA_1888,042-S11-001,S11,UNSCHEDULED,2026-03-01,100.0,100.0,100.0,mg,N,5
EX_042-S11-002_EXTRA_1889,042-S11-002,S11,UNSCHEDULED,2026-03-01,100.0,100.0,100.0,mg,N,5
EX_042-S11-003_EXTRA_1890,042-S11-003,S11,UNSCHEDULED,2026-03-01,100.0,100.0,100.0,mg,N,5
EX_042-S11-004_EXTRA_1891,042-S11-004,S11,UNSCHEDULED,2026-03-01,100.0,100.0,100.0,mg,N,5
EX_042-S11-005_EXTRA_1892,042-S11-005,S11,UNSCHEDULED,2026-03-01,100.0,100.0,100.0,mg,N,5
EX_042-S11-006_EXTRA_1893,042-S11-006,S11,UNSCHEDULED,2026-03-01,100.0,100.0,100.0,mg,N,5
EX_042-S11-007_EXTRA_1894,042-S11-007,S11,UNSCHEDULED,2026-03-01,100.0,100.0,100.0,mg,N,5
EX_042-S11-008_EXTRA_1895,042-S11-008,S11,UNSCHEDULED,2026-03-01,100.0,100.0,100.0,mg,N,5
EX_042-S11-009_EXTRA_1896,042-S11-009,S11,UNSCHEDULED,2026-03-01,100.0,100.0,100.0,mg,N,5
EX_042-S11-010_EXTRA_1897,042-S11-010,S11,UNSCHEDULED,2026-03-01,100.0,100.0,100.0,mg,N,5
EX_042-S11-011_EXTRA_1898,042-S11-011,S11,UNSCHEDULED,2026-03-01,100.0,100.0,100.0,mg,N,5
EX_042-S11-012_EXTRA_1899,042-S11-012,S11,UNSCHEDULED,2026-03-01,100.0,100.0,100.0,mg,N,5
EX_042-S11-013_EXTRA_1900,042-S11-013,S11,UNSCHEDULED,2026-03-01,100.0,100.0,100.0,mg,N,5
EX_042-S11-014_EXTRA_1901,042-S11-014,S11,UNSCHEDULED,2026-03-01,100.0,100.0,100.0,mg,N,5
EX_042-S11-015_EXTRA_1902,042-S11-015,S11,UNSCHEDULED,2026-03-01,100.0,100.0,100.0,mg,N,5
EX_042-S11-016_EXTRA_1903,042-S11-016,S11,UNSCHEDULED,2026-03-01,100.0,100.0,100.0,mg,N,5
EX_042-S11-017_EXTRA_1904,042-S11-017,S11,UNSCHEDULED,2026-03-01,100.0,100.0,100.0,mg,N,5
EX_042-S11-018_EXTRA_1905,042-S11-018,S11,UNSCHEDULED,2026-03-01,100.0,100.0,100.0,mg,N,5
EX_042-S11-019_EXTRA_1906,042-S11-019,S11,UNSCHEDULED,2026-03-01,100.0,100.0,100.0,mg,N,5
EX_042-S11-020_EXTRA_1907,042-S11-020,S11,UNSCHEDULED,2026-03-01,100.0,100.0,100.0,mg,N,5
EX_042-S12-001_EXTRA_1908,042-S12-001,S12,UNSCHEDULED,2026-03-01,100.0,100.0,100.0,mg,N,5
EX_042-S12-002_EXTRA_1909,042-S12-002,S12,UNSCHEDULED,2026-03-01,100.0,100.0,100.0,mg,N,5
EX_042-S12-003_EXTRA_1910,042-S12-003,S12,UNSCHEDULED,2026-03-01,100.0,100.0,100.0,mg,N,5
EX_042-S12-004_EXTRA_1911,042-S12-004,S12,UNSCHEDULED,2026-03-01,100.0,100.0,100.0,mg,N,5
EX_042-S12-005_EXTRA_1912,042-S12-005,S12,UNSCHEDULED,2026-03-01,100.0,100.0,100.0,mg,N,5
EX_042-S12-006_EXTRA_1913,042-S12-006,S12,UNSCHEDULED,2026-03-01,100.0,100.0,100.0,mg,N,5
EX_042-S12-007_EXTRA_1914,042-S12-007,S12,UNSCHEDULED,2026-03-01,100.0,100.0,100.0,mg,N,5
EX_042-S12-008_EXTRA_1915,042-S12-008,S12,UNSCHEDULED,2026-03-01,100.0,100.0,100.0,mg,N,5
EX_042-S12-009_EXTRA_1916,042-S12-009,S12,UNSCHEDULED,2026-03-01,100.0,100.0,100.0,mg,N,5
EX_042-S12-010_EXTRA_1917,042-S12-010,S12,UNSCHEDULED,2026-03-01,100.0,100.0,100.0,mg,N,5
EX_042-S12-011_EXTRA_1918,042-S12-011,S12,UNSCHEDULED,2026-03-01,100.0,100.0,100.0,mg,N,5
EX_042-S12-012_EXTRA_1919,042-S12-012,S12,UNSCHEDULED,2026-03-01,100.0,100.0,100.0,mg,N,5
EX_042-S12-013_EXTRA_1920,042-S12-013,S12,UNSCHEDULED,2026-03-01,100.0,100.0,100.0,mg,N,5
EX_042-S12-014_EXTRA_1921,042-S12-014,S12,UNSCHEDULED,2026-03-01,100.0,100.0,100.0,mg,N,5
EX_042-S12-015_EXTRA_1922,042-S12-015,S12,UNSCHEDULED,2026-03-01,100.0,100.0,100.0,mg,N,5
EX_042-S12-016_EXTRA_1923,042-S12-016,S12,UNSCHEDULED,2026-03-01,100.0,100.0,100.0,mg,N,5
EX_042-S12-017_EXTRA_1924,042-S12-017,S12,UNSCHEDULED,2026-03-01,100.0,100.0,100.0,mg,N,5
EX_042-S12-018_EXTRA_1925,042-S12-018,S12,UNSCHEDULED,2026-03-01,100.0,100.0,100.0,mg,N,5
EX_042-S12-019_EXTRA_1926,042-S12-019,S12,UNSCHEDULED,2026-03-01,100.0,100.0,100.0,mg,N,5
EX_042-S12-020_EXTRA_1927,042-S12-020,S12,UNSCHEDULED,2026-03-01,100.0,100.0,100.0,mg,N,5
EX_042-S01-001_EXTRA_1928,042-S01-001,S01,UNSCHEDULED,2026-03-01,100.0,100.0,100.0,mg,N,5
EX_042-S01-002_EXTRA_1929,042-S01-002,S01,UNSCHEDULED,2026-03-01,100.0,100.0,100.0,mg,N,5
EX_042-S01-003_EXTRA_1930,042-S01-003,S01,UNSCHEDULED,2026-03-01,100.0,100.0,100.0,mg,N,5
EX_042-S01-004_EXTRA_1931,042-S01-004,S01,UNSCHEDULED,2026-03-01,100.0,100.0,100.0,mg,N,5
EX_042-S01-005_EXTRA_1932,042-S01-005,S01,UNSCHEDULED,2026-03-01,100.0,100.0,100.0,mg,N,5
EX_042-S01-006_EXTRA_1933,042-S01-006,S01,UNSCHEDULED,2026-03-01,100.0,100.0,100.0,mg,N,5
EX_042-S01-007_EXTRA_1934,042-S01-007,S01,UNSCHEDULED,2026-03-01,100.0,100.0,100.0,mg,N,5
EX_042-S01-008_EXTRA_1935,042-S01-008,S01,UNSCHEDULED,2026-03-01,100.0,100.0,100.0,mg,N,5
EX_042-S01-009_EXTRA_1936,042-S01-009,S01,UNSCHEDULED,2026-03-01,100.0,100.0,100.0,mg,N,5
EX_042-S01-010_EXTRA_1937,042-S01-010,S01,UNSCHEDULED,2026-03-01,100.0,100.0,100.0,mg,N,5
EX_042-S01-011_EXTRA_1938,042-S01-011,S01,UNSCHEDULED,2026-03-01,100.0,100.0,100.0,mg,N,5
EX_042-S01-012_EXTRA_1939,042-S01-012,S01,UNSCHEDULED,2026-03-01,100.0,100.0,100.0,mg,N,5
EX_042-S01-013_EXTRA_1940,042-S01-013,S01,UNSCHEDULED,2026-03-01,100.0,100.0,100.0,mg,N,5
EX_042-S01-014_EXTRA_1941,042-S01-014,S01,UNSCHEDULED,2026-03-01,100.0,100.0,100.0,mg,N,5
EX_042-S01-015_EXTRA_1942,042-S01-015,S01,UNSCHEDULED,2026-03-01,100.0,100.0,100.0,mg,N,5
EX_042-S01-016_EXTRA_1943,042-S01-016,S01,UNSCHEDULED,2026-03-01,100.0,100.0,100.0,mg,N,5
EX_042-S01-017_EXTRA_1944,042-S01-017,S01,UNSCHEDULED,2026-03-01,100.0,100.0,100.0,mg,N,5
EX_042-S01-018_EXTRA_1945,042-S01-018,S01,UNSCHEDULED,2026-03-01,100.0,100.0,100.0,mg,N,5
EX_042-S01-019_EXTRA_1946,042-S01-019,S01,UNSCHEDULED,2026-03-01,100.0,100.0,100.0,mg,N,5
EX_042-S01-020_EXTRA_1947,042-S01-020,S01,UNSCHEDULED,2026-03-01,100.0,100.0,100.0,mg,N,5
EX_042-S01-021_EXTRA_1948,042-S01-021,S01,UNSCHEDULED,2026-03-01,100.0,100.0,100.0,mg,N,5
EX_042-S02-001_EXTRA_1949,042-S02-001,S02,UNSCHEDULED,2026-03-01,100.0,100.0,100.0,mg,N,5
EX_042-S02-002_EXTRA_1950,042-S02-002,S02,UNSCHEDULED,2026-03-01,100.0,100.0,100.0,mg,N,5
EX_042-S02-003_EXTRA_1951,042-S02-003,S02,UNSCHEDULED,2026-03-01,100.0,100.0,100.0,mg,N,5
EX_042-S02-004_EXTRA_1952,042-S02-004,S02,UNSCHEDULED,2026-03-01,100.0,100.0,100.0,mg,N,5
EX_042-S02-005_EXTRA_1953,042-S02-005,S02,UNSCHEDULED,2026-03-01,100.0,100.0,100.0,mg,N,5
EX_042-S02-006_EXTRA_1954,042-S02-006,S02,UNSCHEDULED,2026-03-01,100.0,100.0,100.0,mg,N,5
EX_042-S02-007_EXTRA_1955,042-S02-007,S02,UNSCHEDULED,2026-03-01,100.0,100.0,100.0,mg,N,5
EX_042-S02-008_EXTRA_1956,042-S02-008,S02,UNSCHEDULED,2026-03-01,100.0,100.0,100.0,mg,N,5
EX_042-S02-009_EXTRA_1957,042-S02-009,S02,UNSCHEDULED,2026-03-01,100.0,100.0,100.0,mg,N,5
EX_042-S02-010_EXTRA_1958,042-S02-010,S02,UNSCHEDULED,2026-03-01,100.0,100.0,100.0,mg,N,5
EX_042-S02-011_EXTRA_1959,042-S02-011,S02,UNSCHEDULED,2026-03-01,100.0,100.0,100.0,mg,N,5
EX_042-S02-012_EXTRA_1960,042-S02-012,S02,UNSCHEDULED,2026-03-01,100.0,100.0,100.0,mg,N,5
EX_042-S02-013_EXTRA_1961,042-S02-013,S02,UNSCHEDULED,2026-03-01,100.0,100.0,100.0,mg,N,5
EX_042-S02-014_EXTRA_1962,042-S02-014,S02,UNSCHEDULED,2026-03-01,100.0,100.0,100.0,mg,N,5
EX_042-S02-015_EXTRA_1963,042-S02-015,S02,UNSCHEDULED,2026-03-01,100.0,100.0,100.0,mg,N,5
EX_042-S02-016_EXTRA_1964,042-S02-016,S02,UNSCHEDULED,2026-03-01,100.0,100.0,100.0,mg,N,5
EX_042-S02-017_EXTRA_1965,042-S02-017,S02,UNSCHEDULED,2026-03-01,100.0,100.0,100.0,mg,N,5
EX_042-S02-018_EXTRA_1966,042-S02-018,S02,UNSCHEDULED,2026-03-01,100.0,100.0,100.0,mg,N,5
EX_042-S02-019_EXTRA_1967,042-S02-019,S02,UNSCHEDULED,2026-03-01,100.0,100.0,100.0,mg,N,5
EX_042-S02-020_EXTRA_1968,042-S02-020,S02,UNSCHEDULED,2026-03-01,100.0,100.0,100.0,mg,N,5
EX_042-S03-001_EXTRA_1969,042-S03-001,S03,UNSCHEDULED,2026-03-01,100.0,100.0,100.0,mg,N,5
EX_042-S03-002_EXTRA_1970,042-S03-002,S03,UNSCHEDULED,2026-03-01,100.0,100.0,100.0,mg,N,5
EX_042-S03-003_EXTRA_1971,042-S03-003,S03,UNSCHEDULED,2026-03-01,100.0,100.0,100.0,mg,N,5
EX_042-S03-004_EXTRA_1972,042-S03-004,S03,UNSCHEDULED,2026-03-01,100.0,100.0,100.0,mg,N,5
EX_042-S03-005_EXTRA_1973,042-S03-005,S03,UNSCHEDULED,2026-03-01,100.0,100.0,100.0,mg,N,5
EX_042-S03-006_EXTRA_1974,042-S03-006,S03,UNSCHEDULED,2026-03-01,100.0,100.0,100.0,mg,N,5
EX_042-S03-007_EXTRA_1975,042-S03-007,S03,UNSCHEDULED,2026-03-01,100.0,100.0,100.0,mg,N,5
EX_042-S03-008_EXTRA_1976,042-S03-008,S03,UNSCHEDULED,2026-03-01,100.0,100.0,100.0,mg,N,5
EX_042-S03-009_EXTRA_1977,042-S03-009,S03,UNSCHEDULED,2026-03-01,100.0,100.0,100.0,mg,N,5
EX_042-S03-010_EXTRA_1978,042-S03-010,S03,UNSCHEDULED,2026-03-01,100.0,100.0,100.0,mg,N,5
EX_042-S03-011_EXTRA_1979,042-S03-011,S03,UNSCHEDULED,2026-03-01,100.0,100.0,100.0,mg,N,5
EX_042-S03-012_EXTRA_1980,042-S03-012,S03,UNSCHEDULED,2026-03-01,100.0,100.0,100.0,mg,N,5
EX_042-S03-013_EXTRA_1981,042-S03-013,S03,UNSCHEDULED,2026-03-01,100.0,100.0,100.0,mg,N,5
EX_042-S03-014_EXTRA_1982,042-S03-014,S03,UNSCHEDULED,2026-03-01,100.0,100.0,100.0,mg,N,5
EX_042-S03-015_EXTRA_1983,042-S03-015,S03,UNSCHEDULED,2026-03-01,100.0,100.0,100.0,mg,N,5
EX_042-S03-016_EXTRA_1984,042-S03-016,S03,UNSCHEDULED,2026-03-01,100.0,100.0,100.0,mg,N,5
EX_042-S03-017_EXTRA_1985,042-S03-017,S03,UNSCHEDULED,2026-03-01,100.0,100.0,100.0,mg,N,5
EX_042-S03-018_EXTRA_1986,042-S03-018,S03,UNSCHEDULED,2026-03-01,100.0,100.0,100.0,mg,N,5
EX_042-S03-019_EXTRA_1987,042-S03-019,S03,UNSCHEDULED,2026-03-01,100.0,100.0,100.0,mg,N,5
EX_042-S03-020_EXTRA_1988,042-S03-020,S03,UNSCHEDULED,2026-03-01,100.0,100.0,100.0,mg,N,5
EX_042-S04-001_EXTRA_1989,042-S04-001,S04,UNSCHEDULED,2026-03-01,100.0,100.0,100.0,mg,N,5
EX_042-S04-002_EXTRA_1990,042-S04-002,S04,UNSCHEDULED,2026-03-01,100.0,100.0,100.0,mg,N,5
EX_042-S04-003_EXTRA_1991,042-S04-003,S04,UNSCHEDULED,2026-03-01,100.0,100.0,100.0,mg,N,5
EX_042-S04-004_EXTRA_1992,042-S04-004,S04,UNSCHEDULED,2026-03-01,100.0,100.0,100.0,mg,N,5
EX_042-S04-005_EXTRA_1993,042-S04-005,S04,UNSCHEDULED,2026-03-01,100.0,100.0,100.0,mg,N,5
EX_042-S04-006_EXTRA_1994,042-S04-006,S04,UNSCHEDULED,2026-03-01,100.0,100.0,100.0,mg,N,5
EX_042-S04-007_EXTRA_1995,042-S04-007,S04,UNSCHEDULED,2026-03-01,100.0,100.0,100.0,mg,N,5
EX_042-S04-008_EXTRA_1996,042-S04-008,S04,UNSCHEDULED,2026-03-01,100.0,100.0,100.0,mg,N,5
EX_042-S04-009_EXTRA_1997,042-S04-009,S04,UNSCHEDULED,2026-03-01,100.0,100.0,100.0,mg,N,5
EX_042-S04-010_EXTRA_1998,042-S04-010,S04,UNSCHEDULED,2026-03-01,100.0,100.0,100.0,mg,N,5
EX_042-S04-011_EXTRA_1999,042-S04-011,S04,UNSCHEDULED,2026-03-01,100.0,100.0,100.0,mg,N,5
EX_042-S04-012_EXTRA_2000,042-S04-012,S04,UNSCHEDULED,2026-03-01,100.0,100.0,100.0,mg,N,5
EX_042-S04-013_EXTRA_2001,042-S04-013,S04,UNSCHEDULED,2026-03-01,100.0,100.0,100.0,mg,N,5
EX_042-S04-014_EXTRA_2002,042-S04-014,S04,UNSCHEDULED,2026-03-01,100.0,100.0,100.0,mg,N,5
EX_042-S04-015_EXTRA_2003,042-S04-015,S04,UNSCHEDULED,2026-03-01,100.0,100.0,100.0,mg,N,5
EX_042-S04-016_EXTRA_2004,042-S04-016,S04,UNSCHEDULED,2026-03-01,100.0,100.0,100.0,mg,N,5
EX_042-S04-017_EXTRA_2005,042-S04-017,S04,UNSCHEDULED,2026-03-01,100.0,100.0,100.0,mg,N,5
EX_042-S04-018_EXTRA_2006,042-S04-018,S04,UNSCHEDULED,2026-03-01,100.0,100.0,100.0,mg,N,5
EX_042-S04-019_EXTRA_2007,042-S04-019,S04,UNSCHEDULED,2026-03-01,100.0,100.0,100.0,mg,N,5
EX_042-S04-020_EXTRA_2008,042-S04-020,S04,UNSCHEDULED,2026-03-01,100.0,100.0,100.0,mg,N,5
EX_042-S05-001_EXTRA_2009,042-S05-001,S05,UNSCHEDULED,2026-03-01,100.0,100.0,100.0,mg,N,5
EX_042-S05-002_EXTRA_2010,042-S05-002,S05,UNSCHEDULED,2026-03-01,100.0,100.0,100.0,mg,N,5
EX_042-S05-003_EXTRA_2011,042-S05-003,S05,UNSCHEDULED,2026-03-01,100.0,100.0,100.0,mg,N,5
EX_042-S05-004_EXTRA_2012,042-S05-004,S05,UNSCHEDULED,2026-03-01,100.0,100.0,100.0,mg,N,5
EX_042-S05-005_EXTRA_2013,042-S05-005,S05,UNSCHEDULED,2026-03-01,100.0,100.0,100.0,mg,N,5
EX_042-S05-006_EXTRA_2014,042-S05-006,S05,UNSCHEDULED,2026-03-01,100.0,100.0,100.0,mg,N,5
EX_042-S05-007_EXTRA_2015,042-S05-007,S05,UNSCHEDULED,2026-03-01,100.0,100.0,100.0,mg,N,5
EX_042-S05-008_EXTRA_2016,042-S05-008,S05,UNSCHEDULED,2026-03-01,100.0,100.0,100.0,mg,N,5
EX_042-S05-009_EXTRA_2017,042-S05-009,S05,UNSCHEDULED,2026-03-01,100.0,100.0,100.0,mg,N,5
EX_042-S05-010_EXTRA_2018,042-S05-010,S05,UNSCHEDULED,2026-03-01,100.0,100.0,100.0,mg,N,5
EX_042-S05-011_EXTRA_2019,042-S05-011,S05,UNSCHEDULED,2026-03-01,100.0,100.0,100.0,mg,N,5
EX_042-S05-012_EXTRA_2020,042-S05-012,S05,UNSCHEDULED,2026-03-01,100.0,100.0,100.0,mg,N,5
EX_042-S05-013_EXTRA_2021,042-S05-013,S05,UNSCHEDULED,2026-03-01,100.0,100.0,100.0,mg,N,5
EX_042-S05-014_EXTRA_2022,042-S05-014,S05,UNSCHEDULED,2026-03-01,100.0,100.0,100.0,mg,N,5
EX_042-S05-015_EXTRA_2023,042-S05-015,S05,UNSCHEDULED,2026-03-01,100.0,100.0,100.0,mg,N,5
EX_042-S05-016_EXTRA_2024,042-S05-016,S05,UNSCHEDULED,2026-03-01,100.0,100.0,100.0,mg,N,5
EX_042-S05-017_EXTRA_2025,042-S05-017,S05,UNSCHEDULED,2026-03-01,100.0,100.0,100.0,mg,N,5
EX_042-S05-018_EXTRA_2026,042-S05-018,S05,UNSCHEDULED,2026-03-01,100.0,100.0,100.0,mg,N,5
EX_042-S05-019_EXTRA_2027,042-S05-019,S05,UNSCHEDULED,2026-03-01,100.0,100.0,100.0,mg,N,5
EX_042-S05-020_EXTRA_2028,042-S05-020,S05,UNSCHEDULED,2026-03-01,100.0,100.0,100.0,mg,N,5
EX_042-S06-001_EXTRA_2029,042-S06-001,S06,UNSCHEDULED,2026-03-01,100.0,100.0,100.0,mg,N,5
EX_042-S06-002_EXTRA_2030,042-S06-002,S06,UNSCHEDULED,2026-03-01,100.0,100.0,100.0,mg,N,5
EX_042-S06-003_EXTRA_2031,042-S06-003,S06,UNSCHEDULED,2026-03-01,100.0,100.0,100.0,mg,N,5
EX_042-S06-004_EXTRA_2032,042-S06-004,S06,UNSCHEDULED,2026-03-01,100.0,100.0,100.0,mg,N,5
EX_042-S06-005_EXTRA_2033,042-S06-005,S06,UNSCHEDULED,2026-03-01,100.0,100.0,100.0,mg,N,5
EX_042-S06-006_EXTRA_2034,042-S06-006,S06,UNSCHEDULED,2026-03-01,100.0,100.0,100.0,mg,N,5
EX_042-S06-007_EXTRA_2035,042-S06-007,S06,UNSCHEDULED,2026-03-01,100.0,100.0,100.0,mg,N,5
EX_042-S06-008_EXTRA_2036,042-S06-008,S06,UNSCHEDULED,2026-03-01,100.0,100.0,100.0,mg,N,5
EX_042-S06-009_EXTRA_2037,042-S06-009,S06,UNSCHEDULED,2026-03-01,100.0,100.0,100.0,mg,N,5
EX_042-S06-010_EXTRA_2038,042-S06-010,S06,UNSCHEDULED,2026-03-01,100.0,100.0,100.0,mg,N,5
EX_042-S06-011_EXTRA_2039,042-S06-011,S06,UNSCHEDULED,2026-03-01,100.0,100.0,100.0,mg,N,5
EX_042-S06-012_EXTRA_2040,042-S06-012,S06,UNSCHEDULED,2026-03-01,100.0,100.0,100.0,mg,N,5
EX_042-S06-013_EXTRA_2041,042-S06-013,S06,UNSCHEDULED,2026-03-01,100.0,100.0,100.0,mg,N,5
EX_042-S06-014_EXTRA_2042,042-S06-014,S06,UNSCHEDULED,2026-03-01,100.0,100.0,100.0,mg,N,5
EX_042-S06-015_EXTRA_2043,042-S06-015,S06,UNSCHEDULED,2026-03-01,100.0,100.0,100.0,mg,N,5
EX_042-S06-016_EXTRA_2044,042-S06-016,S06,UNSCHEDULED,2026-03-01,100.0,100.0,100.0,mg,N,5
EX_042-S06-017_EXTRA_2045,042-S06-017,S06,UNSCHEDULED,2026-03-01,100.0,100.0,100.0,mg,N,5
EX_042-S06-018_EXTRA_2046,042-S06-018,S06,UNSCHEDULED,2026-03-01,100.0,100.0,100.0,mg,N,5
EX_042-S06-019_EXTRA_2047,042-S06-019,S06,UNSCHEDULED,2026-03-01,100.0,100.0,100.0,mg,N,5
EX_042-S06-020_EXTRA_2048,042-S06-020,S06,UNSCHEDULED,2026-03-01,100.0,100.0,100.0,mg,N,5
EX_042-S07-001_EXTRA_2049,042-S07-001,S07,UNSCHEDULED,2026-03-01,100.0,100.0,100.0,mg,N,5
EX_042-S07-002_EXTRA_2050,042-S07-002,S07,UNSCHEDULED,2026-03-01,100.0,100.0,100.0,mg,N,5
EX_042-S07-003_EXTRA_2051,042-S07-003,S07,UNSCHEDULED,2026-03-01,100.0,100.0,100.0,mg,N,5
EX_042-S07-004_EXTRA_2052,042-S07-004,S07,UNSCHEDULED,2026-03-01,100.0,100.0,100.0,mg,N,5
EX_042-S07-005_EXTRA_2053,042-S07-005,S07,UNSCHEDULED,2026-03-01,100.0,100.0,100.0,mg,N,5
EX_042-S07-006_EXTRA_2054,042-S07-006,S07,UNSCHEDULED,2026-03-01,100.0,100.0,100.0,mg,N,5
EX_042-S07-007_EXTRA_2055,042-S07-007,S07,UNSCHEDULED,2026-03-01,100.0,100.0,100.0,mg,N,5
EX_042-S07-008_EXTRA_2056,042-S07-008,S07,UNSCHEDULED,2026-03-01,100.0,100.0,100.0,mg,N,5
EX_042-S07-009_EXTRA_2057,042-S07-009,S07,UNSCHEDULED,2026-03-01,100.0,100.0,100.0,mg,N,5
EX_042-S07-010_EXTRA_2058,042-S07-010,S07,UNSCHEDULED,2026-03-01,100.0,100.0,100.0,mg,N,5
EX_042-S07-011_EXTRA_2059,042-S07-011,S07,UNSCHEDULED,2026-03-01,100.0,100.0,100.0,mg,N,5
EX_042-S07-012_EXTRA_2060,042-S07-012,S07,UNSCHEDULED,2026-03-01,100.0,100.0,100.0,mg,N,5
EX_042-S07-013_EXTRA_2061,042-S07-013,S07,UNSCHEDULED,2026-03-01,100.0,100.0,100.0,mg,N,5
EX_042-S07-014_EXTRA_2062,042-S07-014,S07,UNSCHEDULED,2026-03-01,100.0,100.0,100.0,mg,N,5
EX_042-S07-015_EXTRA_2063,042-S07-015,S07,UNSCHEDULED,2026-03-01,100.0,100.0,100.0,mg,N,5
EX_042-S07-016_EXTRA_2064,042-S07-016,S07,UNSCHEDULED,2026-03-01,100.0,100.0,100.0,mg,N,5
EX_042-S07-017_EXTRA_2065,042-S07-017,S07,UNSCHEDULED,2026-03-01,100.0,100.0,100.0,mg,N,5
EX_042-S07-018_EXTRA_2066,042-S07-018,S07,UNSCHEDULED,2026-03-01,100.0,100.0,100.0,mg,N,5
EX_042-S07-019_EXTRA_2067,042-S07-019,S07,UNSCHEDULED,2026-03-01,100.0,100.0,100.0,mg,N,5
EX_042-S07-020_EXTRA_2068,042-S07-020,S07,UNSCHEDULED,2026-03-01,100.0,100.0,100.0,mg,N,5
EX_042-S08-001_EXTRA_2069,042-S08-001,S08,UNSCHEDULED,2026-03-01,100.0,100.0,100.0,mg,N,5
EX_042-S08-002_EXTRA_2070,042-S08-002,S08,UNSCHEDULED,2026-03-01,100.0,100.0,100.0,mg,N,5
EX_042-S08-003_EXTRA_2071,042-S08-003,S08,UNSCHEDULED,2026-03-01,100.0,100.0,100.0,mg,N,5
EX_042-S08-004_EXTRA_2072,042-S08-004,S08,UNSCHEDULED,2026-03-01,100.0,100.0,100.0,mg,N,5
EX_042-S08-005_EXTRA_2073,042-S08-005,S08,UNSCHEDULED,2026-03-01,100.0,100.0,100.0,mg,N,5
EX_042-S08-006_EXTRA_2074,042-S08-006,S08,UNSCHEDULED,2026-03-01,100.0,100.0,100.0,mg,N,5
EX_042-S08-007_EXTRA_2075,042-S08-007,S08,UNSCHEDULED,2026-03-01,100.0,100.0,100.0,mg,N,5
EX_042-S08-008_EXTRA_2076,042-S08-008,S08,UNSCHEDULED,2026-03-01,100.0,100.0,100.0,mg,N,5
EX_042-S08-009_EXTRA_2077,042-S08-009,S08,UNSCHEDULED,2026-03-01,100.0,100.0,100.0,mg,N,5
EX_042-S08-010_EXTRA_2078,042-S08-010,S08,UNSCHEDULED,2026-03-01,100.0,100.0,100.0,mg,N,5
EX_042-S08-011_EXTRA_2079,042-S08-011,S08,UNSCHEDULED,2026-03-01,100.0,100.0,100.0,mg,N,5
EX_042-S08-012_EXTRA_2080,042-S08-012,S08,UNSCHEDULED,2026-03-01,100.0,100.0,100.0,mg,N,5
EX_042-S08-013_EXTRA_2081,042-S08-013,S08,UNSCHEDULED,2026-03-01,100.0,100.0,100.0,mg,N,5
EX_042-S08-014_EXTRA_2082,042-S08-014,S08,UNSCHEDULED,2026-03-01,100.0,100.0,100.0,mg,N,5
EX_042-S08-015_EXTRA_2083,042-S08-015,S08,UNSCHEDULED,2026-03-01,100.0,100.0,100.0,mg,N,5
EX_042-S08-016_EXTRA_2084,042-S08-016,S08,UNSCHEDULED,2026-03-01,100.0,100.0,100.0,mg,N,5
EX_042-S08-017_EXTRA_2085,042-S08-017,S08,UNSCHEDULED,2026-03-01,100.0,100.0,100.0,mg,N,5
EX_042-S08-018_EXTRA_2086,042-S08-018,S08,UNSCHEDULED,2026-03-01,100.0,100.0,100.0,mg,N,5
EX_042-S08-019_EXTRA_2087,042-S08-019,S08,UNSCHEDULED,2026-03-01,100.0,100.0,100.0,mg,N,5
EX_042-S08-020_EXTRA_2088,042-S08-020,S08,UNSCHEDULED,2026-03-01,100.0,100.0,100.0,mg,N,5
EX_042-S09-001_EXTRA_2089,042-S09-001,S09,UNSCHEDULED,2026-03-01,100.0,100.0,100.0,mg,N,5
EX_042-S09-002_EXTRA_2090,042-S09-002,S09,UNSCHEDULED,2026-03-01,100.0,100.0,100.0,mg,N,5
EX_042-S09-003_EXTRA_2091,042-S09-003,S09,UNSCHEDULED,2026-03-01,100.0,100.0,100.0,mg,N,5
EX_042-S09-004_EXTRA_2092,042-S09-004,S09,UNSCHEDULED,2026-03-01,100.0,100.0,100.0,mg,N,5
EX_042-S09-005_EXTRA_2093,042-S09-005,S09,UNSCHEDULED,2026-03-01,100.0,100.0,100.0,mg,N,5
EX_042-S09-006_EXTRA_2094,042-S09-006,S09,UNSCHEDULED,2026-03-01,100.0,100.0,100.0,mg,N,5
EX_042-S09-007_EXTRA_2095,042-S09-007,S09,UNSCHEDULED,2026-03-01,100.0,100.0,100.0,mg,N,5
EX_042-S09-008_EXTRA_2096,042-S09-008,S09,UNSCHEDULED,2026-03-01,100.0,100.0,100.0,mg,N,5
EX_042-S09-009_EXTRA_2097,042-S09-009,S09,UNSCHEDULED,2026-03-01,100.0,100.0,100.0,mg,N,5
EX_042-S09-010_EXTRA_2098,042-S09-010,S09,UNSCHEDULED,2026-03-01,100.0,100.0,100.0,mg,N,5
EX_042-S09-011_EXTRA_2099,042-S09-011,S09,UNSCHEDULED,2026-03-01,100.0,100.0,100.0,mg,N,5
EX_042-S09-012_EXTRA_2100,042-S09-012,S09,UNSCHEDULED,2026-03-01,100.0,100.0,100.0,mg,N,5
EX_042-S09-013_EXTRA_2101,042-S09-013,S09,UNSCHEDULED,2026-03-01,100.0,100.0,100.0,mg,N,5
EX_042-S09-014_EXTRA_2102,042-S09-014,S09,UNSCHEDULED,2026-03-01,100.0,100.0,100.0,mg,N,5
EX_042-S09-015_EXTRA_2103,042-S09-015,S09,UNSCHEDULED,2026-03-01,100.0,100.0,100.0,mg,N,5
EX_042-S09-016_EXTRA_2104,042-S09-016,S09,UNSCHEDULED,2026-03-01,100.0,100.0,100.0,mg,N,5
EX_042-S09-017_EXTRA_2105,042-S09-017,S09,UNSCHEDULED,2026-03-01,100.0,100.0,100.0,mg,N,5
EX_042-S09-018_EXTRA_2106,042-S09-018,S09,UNSCHEDULED,2026-03-01,100.0,100.0,100.0,mg,N,5
EX_042-S09-019_EXTRA_2107,042-S09-019,S09,UNSCHEDULED,2026-03-01,100.0,100.0,100.0,mg,N,5
EX_042-S09-020_EXTRA_2108,042-S09-020,S09,UNSCHEDULED,2026-03-01,100.0,100.0,100.0,mg,N,5
EX_042-S10-001_EXTRA_2109,042-S10-001,S10,UNSCHEDULED,2026-03-01,100.0,100.0,100.0,mg,N,5
EX_042-S10-002_EXTRA_2110,042-S10-002,S10,UNSCHEDULED,2026-03-01,100.0,100.0,100.0,mg,N,5
EX_042-S10-003_EXTRA_2111,042-S10-003,S10,UNSCHEDULED,2026-03-01,100.0,100.0,100.0,mg,N,5
EX_042-S10-004_EXTRA_2112,042-S10-004,S10,UNSCHEDULED,2026-03-01,100.0,100.0,100.0,mg,N,5
EX_042-S10-005_EXTRA_2113,042-S10-005,S10,UNSCHEDULED,2026-03-01,100.0,100.0,100.0,mg,N,5
EX_042-S10-006_EXTRA_2114,042-S10-006,S10,UNSCHEDULED,2026-03-01,100.0,100.0,100.0,mg,N,5
EX_042-S10-007_EXTRA_2115,042-S10-007,S10,UNSCHEDULED,2026-03-01,100.0,100.0,100.0,mg,N,5
EX_042-S10-008_EXTRA_2116,042-S10-008,S10,UNSCHEDULED,2026-03-01,100.0,100.0,100.0,mg,N,5
EX_042-S10-009_EXTRA_2117,042-S10-009,S10,UNSCHEDULED,2026-03-01,100.0,100.0,100.0,mg,N,5
EX_042-S10-010_EXTRA_2118,042-S10-010,S10,UNSCHEDULED,2026-03-01,100.0,100.0,100.0,mg,N,5
EX_042-S10-011_EXTRA_2119,042-S10-011,S10,UNSCHEDULED,2026-03-01,100.0,100.0,100.0,mg,N,5
EX_042-S10-012_EXTRA_2120,042-S10-012,S10,UNSCHEDULED,2026-03-01,100.0,100.0,100.0,mg,N,5
EX_042-S10-013_EXTRA_2121,042-S10-013,S10,UNSCHEDULED,2026-03-01,100.0,100.0,100.0,mg,N,5
EX_042-S10-014_EXTRA_2122,042-S10-014,S10,UNSCHEDULED,2026-03-01,100.0,100.0,100.0,mg,N,5
EX_042-S10-015_EXTRA_2123,042-S10-015,S10,UNSCHEDULED,2026-03-01,100.0,100.0,100.0,mg,N,5
EX_042-S10-016_EXTRA_2124,042-S10-016,S10,UNSCHEDULED,2026-03-01,100.0,100.0,100.0,mg,N,5
EX_042-S10-017_EXTRA_2125,042-S10-017,S10,UNSCHEDULED,2026-03-01,100.0,100.0,100.0,mg,N,5
EX_042-S10-018_EXTRA_2126,042-S10-018,S10,UNSCHEDULED,2026-03-01,100.0,100.0,100.0,mg,N,5
EX_042-S10-019_EXTRA_2127,042-S10-019,S10,UNSCHEDULED,2026-03-01,100.0,100.0,100.0,mg,N,5
EX_042-S10-020_EXTRA_2128,042-S10-020,S10,UNSCHEDULED,2026-03-01,100.0,100.0,100.0,mg,N,5
EX_042-S11-001_EXTRA_2129,042-S11-001,S11,UNSCHEDULED,2026-03-01,100.0,100.0,100.0,mg,N,5
EX_042-S11-002_EXTRA_2130,042-S11-002,S11,UNSCHEDULED,2026-03-01,100.0,100.0,100.0,mg,N,5
EX_042-S11-003_EXTRA_2131,042-S11-003,S11,UNSCHEDULED,2026-03-01,100.0,100.0,100.0,mg,N,5
EX_042-S11-004_EXTRA_2132,042-S11-004,S11,UNSCHEDULED,2026-03-01,100.0,100.0,100.0,mg,N,5
EX_042-S11-005_EXTRA_2133,042-S11-005,S11,UNSCHEDULED,2026-03-01,100.0,100.0,100.0,mg,N,5
EX_042-S11-006_EXTRA_2134,042-S11-006,S11,UNSCHEDULED,2026-03-01,100.0,100.0,100.0,mg,N,5
EX_042-S11-007_EXTRA_2135,042-S11-007,S11,UNSCHEDULED,2026-03-01,100.0,100.0,100.0,mg,N,5
EX_042-S11-008_EXTRA_2136,042-S11-008,S11,UNSCHEDULED,2026-03-01,100.0,100.0,100.0,mg,N,5
EX_042-S11-009_EXTRA_2137,042-S11-009,S11,UNSCHEDULED,2026-03-01,100.0,100.0,100.0,mg,N,5
EX_042-S11-010_EXTRA_2138,042-S11-010,S11,UNSCHEDULED,2026-03-01,100.0,100.0,100.0,mg,N,5
EX_042-S11-011_EXTRA_2139,042-S11-011,S11,UNSCHEDULED,2026-03-01,100.0,100.0,100.0,mg,N,5
EX_042-S11-012_EXTRA_2140,042-S11-012,S11,UNSCHEDULED,2026-03-01,100.0,100.0,100.0,mg,N,5
EX_042-S11-013_EXTRA_2141,042-S11-013,S11,UNSCHEDULED,2026-03-01,100.0,100.0,100.0,mg,N,5
EX_042-S11-014_EXTRA_2142,042-S11-014,S11,UNSCHEDULED,2026-03-01,100.0,100.0,100.0,mg,N,5
EX_042-S11-015_EXTRA_2143,042-S11-015,S11,UNSCHEDULED,2026-03-01,100.0,100.0,100.0,mg,N,5
EX_042-S11-016_EXTRA_2144,042-S11-016,S11,UNSCHEDULED,2026-03-01,100.0,100.0,100.0,mg,N,5
EX_042-S11-017_EXTRA_2145,042-S11-017,S11,UNSCHEDULED,2026-03-01,100.0,100.0,100.0,mg,N,5
EX_042-S11-018_EXTRA_2146,042-S11-018,S11,UNSCHEDULED,2026-03-01,100.0,100.0,100.0,mg,N,5
EX_042-S11-019_EXTRA_2147,042-S11-019,S11,UNSCHEDULED,2026-03-01,100.0,100.0,100.0,mg,N,5
EX_042-S11-020_EXTRA_2148,042-S11-020,S11,UNSCHEDULED,2026-03-01,100.0,100.0,100.0,mg,N,5
EX_042-S12-001_EXTRA_2149,042-S12-001,S12,UNSCHEDULED,2026-03-01,100.0,100.0,100.0,mg,N,5
EX_042-S12-002_EXTRA_2150,042-S12-002,S12,UNSCHEDULED,2026-03-01,100.0,100.0,100.0,mg,N,5
EX_042-S12-003_EXTRA_2151,042-S12-003,S12,UNSCHEDULED,2026-03-01,100.0,100.0,100.0,mg,N,5
EX_042-S12-004_EXTRA_2152,042-S12-004,S12,UNSCHEDULED,2026-03-01,100.0,100.0,100.0,mg,N,5
EX_042-S12-005_EXTRA_2153,042-S12-005,S12,UNSCHEDULED,2026-03-01,100.0,100.0,100.0,mg,N,5
EX_042-S12-006_EXTRA_2154,042-S12-006,S12,UNSCHEDULED,2026-03-01,100.0,100.0,100.0,mg,N,5
EX_042-S12-007_EXTRA_2155,042-S12-007,S12,UNSCHEDULED,2026-03-01,100.0,100.0,100.0,mg,N,5
EX_042-S12-008_EXTRA_2156,042-S12-008,S12,UNSCHEDULED,2026-03-01,100.0,100.0,100.0,mg,N,5
EX_042-S12-009_EXTRA_2157,042-S12-009,S12,UNSCHEDULED,2026-03-01,100.0,100.0,100.0,mg,N,5
EX_042-S12-010_EXTRA_2158,042-S12-010,S12,UNSCHEDULED,2026-03-01,100.0,100.0,100.0,mg,N,5
EX_042-S12-011_EXTRA_2159,042-S12-011,S12,UNSCHEDULED,2026-03-01,100.0,100.0,100.0,mg,N,5
EX_042-S12-012_EXTRA_2160,042-S12-012,S12,UNSCHEDULED,2026-03-01,100.0,100.0,100.0,mg,N,5
EX_042-S12-013_EXTRA_2161,042-S12-013,S12,UNSCHEDULED,2026-03-01,100.0,100.0,100.0,mg,N,5
EX_042-S12-014_EXTRA_2162,042-S12-014,S12,UNSCHEDULED,2026-03-01,100.0,100.0,100.0,mg,N,5
EX_042-S12-015_EXTRA_2163,042-S12-015,S12,UNSCHEDULED,2026-03-01,100.0,100.0,100.0,mg,N,5
EX_042-S12-016_EXTRA_2164,042-S12-016,S12,UNSCHEDULED,2026-03-01,100.0,100.0,100.0,mg,N,5
EX_042-S12-017_EXTRA_2165,042-S12-017,S12,UNSCHEDULED,2026-03-01,100.0,100.0,100.0,mg,N,5
EX_042-S12-018_EXTRA_2166,042-S12-018,S12,UNSCHEDULED,2026-03-01,100.0,100.0,100.0,mg,N,5
EX_042-S12-019_EXTRA_2167,042-S12-019,S12,UNSCHEDULED,2026-03-01,100.0,100.0,100.0,mg,N,5
EX_042-S12-020_EXTRA_2168,042-S12-020,S12,UNSCHEDULED,2026-03-01,100.0,100.0,100.0,mg,N,5
EX_042-S01-001_EXTRA_2169,042-S01-001,S01,UNSCHEDULED,2026-03-01,100.0,100.0,100.0,mg,N,5
EX_042-S01-002_EXTRA_2170,042-S01-002,S01,UNSCHEDULED,2026-03-01,100.0,100.0,100.0,mg,N,5
EX_042-S01-003_EXTRA_2171,042-S01-003,S01,UNSCHEDULED,2026-03-01,100.0,100.0,100.0,mg,N,5
EX_042-S01-004_EXTRA_2172,042-S01-004,S01,UNSCHEDULED,2026-03-01,100.0,100.0,100.0,mg,N,5
EX_042-S01-005_EXTRA_2173,042-S01-005,S01,UNSCHEDULED,2026-03-01,100.0,100.0,100.0,mg,N,5
EX_042-S01-006_EXTRA_2174,042-S01-006,S01,UNSCHEDULED,2026-03-01,100.0,100.0,100.0,mg,N,5
EX_042-S01-007_EXTRA_2175,042-S01-007,S01,UNSCHEDULED,2026-03-01,100.0,100.0,100.0,mg,N,5
EX_042-S01-008_EXTRA_2176,042-S01-008,S01,UNSCHEDULED,2026-03-01,100.0,100.0,100.0,mg,N,5
EX_042-S01-009_EXTRA_2177,042-S01-009,S01,UNSCHEDULED,2026-03-01,100.0,100.0,100.0,mg,N,5
EX_042-S01-010_EXTRA_2178,042-S01-010,S01,UNSCHEDULED,2026-03-01,100.0,100.0,100.0,mg,N,5
EX_042-S01-011_EXTRA_2179,042-S01-011,S01,UNSCHEDULED,2026-03-01,100.0,100.0,100.0,mg,N,5
EX_042-S01-012_EXTRA_2180,042-S01-012,S01,UNSCHEDULED,2026-03-01,100.0,100.0,100.0,mg,N,5
EX_042-S01-013_EXTRA_2181,042-S01-013,S01,UNSCHEDULED,2026-03-01,100.0,100.0,100.0,mg,N,5
EX_042-S01-014_EXTRA_2182,042-S01-014,S01,UNSCHEDULED,2026-03-01,100.0,100.0,100.0,mg,N,5
EX_042-S01-015_EXTRA_2183,042-S01-015,S01,UNSCHEDULED,2026-03-01,100.0,100.0,100.0,mg,N,5
EX_042-S01-016_EXTRA_2184,042-S01-016,S01,UNSCHEDULED,2026-03-01,100.0,100.0,100.0,mg,N,5
EX_042-S01-017_EXTRA_2185,042-S01-017,S01,UNSCHEDULED,2026-03-01,100.0,100.0,100.0,mg,N,5
EX_042-S01-018_EXTRA_2186,042-S01-018,S01,UNSCHEDULED,2026-03-01,100.0,100.0,100.0,mg,N,5
EX_042-S01-019_EXTRA_2187,042-S01-019,S01,UNSCHEDULED,2026-03-01,100.0,100.0,100.0,mg,N,5
EX_042-S01-020_EXTRA_2188,042-S01-020,S01,UNSCHEDULED,2026-03-01,100.0,100.0,100.0,mg,N,5
EX_042-S01-021_EXTRA_2189,042-S01-021,S01,UNSCHEDULED,2026-03-01,100.0,100.0,100.0,mg,N,5
EX_042-S02-001_EXTRA_2190,042-S02-001,S02,UNSCHEDULED,2026-03-01,100.0,100.0,100.0,mg,N,5
EX_042-S02-002_EXTRA_2191,042-S02-002,S02,UNSCHEDULED,2026-03-01,100.0,100.0,100.0,mg,N,5
EX_042-S02-003_EXTRA_2192,042-S02-003,S02,UNSCHEDULED,2026-03-01,100.0,100.0,100.0,mg,N,5
EX_042-S02-004_EXTRA_2193,042-S02-004,S02,UNSCHEDULED,2026-03-01,100.0,100.0,100.0,mg,N,5
EX_042-S02-005_EXTRA_2194,042-S02-005,S02,UNSCHEDULED,2026-03-01,100.0,100.0,100.0,mg,N,5
EX_042-S02-006_EXTRA_2195,042-S02-006,S02,UNSCHEDULED,2026-03-01,100.0,100.0,100.0,mg,N,5
EX_042-S02-007_EXTRA_2196,042-S02-007,S02,UNSCHEDULED,2026-03-01,100.0,100.0,100.0,mg,N,5
EX_042-S02-008_EXTRA_2197,042-S02-008,S02,UNSCHEDULED,2026-03-01,100.0,100.0,100.0,mg,N,5
EX_042-S02-009_EXTRA_2198,042-S02-009,S02,UNSCHEDULED,2026-03-01,100.0,100.0,100.0,mg,N,5
EX_042-S02-010_EXTRA_2199,042-S02-010,S02,UNSCHEDULED,2026-03-01,100.0,100.0,100.0,mg,N,5
EX_042-S02-011_EXTRA_2200,042-S02-011,S02,UNSCHEDULED,2026-03-01,100.0,100.0,100.0,mg,N,5
EX_042-S02-012_EXTRA_2201,042-S02-012,S02,UNSCHEDULED,2026-03-01,100.0,100.0,100.0,mg,N,5
EX_042-S02-013_EXTRA_2202,042-S02-013,S02,UNSCHEDULED,2026-03-01,100.0,100.0,100.0,mg,N,5
EX_042-S02-014_EXTRA_2203,042-S02-014,S02,UNSCHEDULED,2026-03-01,100.0,100.0,100.0,mg,N,5
EX_042-S02-015_EXTRA_2204,042-S02-015,S02,UNSCHEDULED,2026-03-01,100.0,100.0,100.0,mg,N,5
EX_042-S02-016_EXTRA_2205,042-S02-016,S02,UNSCHEDULED,2026-03-01,100.0,100.0,100.0,mg,N,5
EX_042-S02-017_EXTRA_2206,042-S02-017,S02,UNSCHEDULED,2026-03-01,100.0,100.0,100.0,mg,N,5
EX_042-S02-018_EXTRA_2207,042-S02-018,S02,UNSCHEDULED,2026-03-01,100.0,100.0,100.0,mg,N,5
EX_042-S02-019_EXTRA_2208,042-S02-019,S02,UNSCHEDULED,2026-03-01,100.0,100.0,100.0,mg,N,5
EX_042-S02-020_EXTRA_2209,042-S02-020,S02,UNSCHEDULED,2026-03-01,100.0,100.0,100.0,mg,N,5
EX_042-S03-001_EXTRA_2210,042-S03-001,S03,UNSCHEDULED,2026-03-01,100.0,100.0,100.0,mg,N,5
EX_042-S03-002_EXTRA_2211,042-S03-002,S03,UNSCHEDULED,2026-03-01,100.0,100.0,100.0,mg,N,5
EX_042-S03-003_EXTRA_2212,042-S03-003,S03,UNSCHEDULED,2026-03-01,100.0,100.0,100.0,mg,N,5
EX_042-S03-004_EXTRA_2213,042-S03-004,S03,UNSCHEDULED,2026-03-01,100.0,100.0,100.0,mg,N,5
EX_042-S03-005_EXTRA_2214,042-S03-005,S03,UNSCHEDULED,2026-03-01,100.0,100.0,100.0,mg,N,5
EX_042-S03-006_EXTRA_2215,042-S03-006,S03,UNSCHEDULED,2026-03-01,100.0,100.0,100.0,mg,N,5
EX_042-S03-007_EXTRA_2216,042-S03-007,S03,UNSCHEDULED,2026-03-01,100.0,100.0,100.0,mg,N,5
EX_042-S03-008_EXTRA_2217,042-S03-008,S03,UNSCHEDULED,2026-03-01,100.0,100.0,100.0,mg,N,5
EX_042-S03-009_EXTRA_2218,042-S03-009,S03,UNSCHEDULED,2026-03-01,100.0,100.0,100.0,mg,N,5
EX_042-S03-010_EXTRA_2219,042-S03-010,S03,UNSCHEDULED,2026-03-01,100.0,100.0,100.0,mg,N,5
EX_042-S03-011_EXTRA_2220,042-S03-011,S03,UNSCHEDULED,2026-03-01,100.0,100.0,100.0,mg,N,5
EX_042-S03-012_EXTRA_2221,042-S03-012,S03,UNSCHEDULED,2026-03-01,100.0,100.0,100.0,mg,N,5
EX_042-S03-013_EXTRA_2222,042-S03-013,S03,UNSCHEDULED,2026-03-01,100.0,100.0,100.0,mg,N,5
EX_042-S03-014_EXTRA_2223,042-S03-014,S03,UNSCHEDULED,2026-03-01,100.0,100.0,100.0,mg,N,5
EX_042-S03-015_EXTRA_2224,042-S03-015,S03,UNSCHEDULED,2026-03-01,100.0,100.0,100.0,mg,N,5
EX_042-S03-016_EXTRA_2225,042-S03-016,S03,UNSCHEDULED,2026-03-01,100.0,100.0,100.0,mg,N,5
EX_042-S03-017_EXTRA_2226,042-S03-017,S03,UNSCHEDULED,2026-03-01,100.0,100.0,100.0,mg,N,5
EX_042-S03-018_EXTRA_2227,042-S03-018,S03,UNSCHEDULED,2026-03-01,100.0,100.0,100.0,mg,N,5
EX_042-S03-019_EXTRA_2228,042-S03-019,S03,UNSCHEDULED,2026-03-01,100.0,100.0,100.0,mg,N,5
EX_042-S03-020_EXTRA_2229,042-S03-020,S03,UNSCHEDULED,2026-03-01,100.0,100.0,100.0,mg,N,5
EX_042-S04-001_EXTRA_2230,042-S04-001,S04,UNSCHEDULED,2026-03-01,100.0,100.0,100.0,mg,N,5
EX_042-S04-002_EXTRA_2231,042-S04-002,S04,UNSCHEDULED,2026-03-01,100.0,100.0,100.0,mg,N,5
EX_042-S04-003_EXTRA_2232,042-S04-003,S04,UNSCHEDULED,2026-03-01,100.0,100.0,100.0,mg,N,5
EX_042-S04-004_EXTRA_2233,042-S04-004,S04,UNSCHEDULED,2026-03-01,100.0,100.0,100.0,mg,N,5
EX_042-S04-005_EXTRA_2234,042-S04-005,S04,UNSCHEDULED,2026-03-01,100.0,100.0,100.0,mg,N,5
EX_042-S04-006_EXTRA_2235,042-S04-006,S04,UNSCHEDULED,2026-03-01,100.0,100.0,100.0,mg,N,5
EX_042-S04-007_EXTRA_2236,042-S04-007,S04,UNSCHEDULED,2026-03-01,100.0,100.0,100.0,mg,N,5
EX_042-S04-008_EXTRA_2237,042-S04-008,S04,UNSCHEDULED,2026-03-01,100.0,100.0,100.0,mg,N,5
EX_042-S04-009_EXTRA_2238,042-S04-009,S04,UNSCHEDULED,2026-03-01,100.0,100.0,100.0,mg,N,5
EX_042-S04-010_EXTRA_2239,042-S04-010,S04,UNSCHEDULED,2026-03-01,100.0,100.0,100.0,mg,N,5
EX_042-S04-011_EXTRA_2240,042-S04-011,S04,UNSCHEDULED,2026-03-01,100.0,100.0,100.0,mg,N,5
EX_042-S04-012_EXTRA_2241,042-S04-012,S04,UNSCHEDULED,2026-03-01,100.0,100.0,100.0,mg,N,5
EX_042-S04-013_EXTRA_2242,042-S04-013,S04,UNSCHEDULED,2026-03-01,100.0,100.0,100.0,mg,N,5
EX_042-S04-014_EXTRA_2243,042-S04-014,S04,UNSCHEDULED,2026-03-01,100.0,100.0,100.0,mg,N,5
EX_042-S04-015_EXTRA_2244,042-S04-015,S04,UNSCHEDULED,2026-03-01,100.0,100.0,100.0,mg,N,5
EX_042-S04-016_EXTRA_2245,042-S04-016,S04,UNSCHEDULED,2026-03-01,100.0,100.0,100.0,mg,N,5
EX_042-S04-017_EXTRA_2246,042-S04-017,S04,UNSCHEDULED,2026-03-01,100.0,100.0,100.0,mg,N,5
EX_042-S04-018_EXTRA_2247,042-S04-018,S04,UNSCHEDULED,2026-03-01,100.0,100.0,100.0,mg,N,5
EX_042-S04-019_EXTRA_2248,042-S04-019,S04,UNSCHEDULED,2026-03-01,100.0,100.0,100.0,mg,N,5
EX_042-S04-020_EXTRA_2249,042-S04-020,S04,UNSCHEDULED,2026-03-01,100.0,100.0,100.0,mg,N,5
EX_042-S05-001_EXTRA_2250,042-S05-001,S05,UNSCHEDULED,2026-03-01,100.0,100.0,100.0,mg,N,5
EX_042-S05-002_EXTRA_2251,042-S05-002,S05,UNSCHEDULED,2026-03-01,100.0,100.0,100.0,mg,N,5
EX_042-S05-003_EXTRA_2252,042-S05-003,S05,UNSCHEDULED,2026-03-01,100.0,100.0,100.0,mg,N,5
EX_042-S05-004_EXTRA_2253,042-S05-004,S05,UNSCHEDULED,2026-03-01,100.0,100.0,100.0,mg,N,5
EX_042-S05-005_EXTRA_2254,042-S05-005,S05,UNSCHEDULED,2026-03-01,100.0,100.0,100.0,mg,N,5
EX_042-S05-006_EXTRA_2255,042-S05-006,S05,UNSCHEDULED,2026-03-01,100.0,100.0,100.0,mg,N,5
EX_042-S05-007_EXTRA_2256,042-S05-007,S05,UNSCHEDULED,2026-03-01,100.0,100.0,100.0,mg,N,5
EX_042-S05-008_EXTRA_2257,042-S05-008,S05,UNSCHEDULED,2026-03-01,100.0,100.0,100.0,mg,N,5
EX_042-S05-009_EXTRA_2258,042-S05-009,S05,UNSCHEDULED,2026-03-01,100.0,100.0,100.0,mg,N,5
EX_042-S05-010_EXTRA_2259,042-S05-010,S05,UNSCHEDULED,2026-03-01,100.0,100.0,100.0,mg,N,5
EX_042-S05-011_EXTRA_2260,042-S05-011,S05,UNSCHEDULED,2026-03-01,100.0,100.0,100.0,mg,N,5
EX_042-S05-012_EXTRA_2261,042-S05-012,S05,UNSCHEDULED,2026-03-01,100.0,100.0,100.0,mg,N,5
EX_042-S05-013_EXTRA_2262,042-S05-013,S05,UNSCHEDULED,2026-03-01,100.0,100.0,100.0,mg,N,5
EX_042-S05-014_EXTRA_2263,042-S05-014,S05,UNSCHEDULED,2026-03-01,100.0,100.0,100.0,mg,N,5
EX_042-S05-015_EXTRA_2264,042-S05-015,S05,UNSCHEDULED,2026-03-01,100.0,100.0,100.0,mg,N,5
EX_042-S05-016_EXTRA_2265,042-S05-016,S05,UNSCHEDULED,2026-03-01,100.0,100.0,100.0,mg,N,5
EX_042-S05-017_EXTRA_2266,042-S05-017,S05,UNSCHEDULED,2026-03-01,100.0,100.0,100.0,mg,N,5
EX_042-S05-018_EXTRA_2267,042-S05-018,S05,UNSCHEDULED,2026-03-01,100.0,100.0,100.0,mg,N,5
EX_042-S05-019_EXTRA_2268,042-S05-019,S05,UNSCHEDULED,2026-03-01,100.0,100.0,100.0,mg,N,5
EX_042-S05-020_EXTRA_2269,042-S05-020,S05,UNSCHEDULED,2026-03-01,100.0,100.0,100.0,mg,N,5
EX_042-S06-001_EXTRA_2270,042-S06-001,S06,UNSCHEDULED,2026-03-01,100.0,100.0,100.0,mg,N,5
EX_042-S06-002_EXTRA_2271,042-S06-002,S06,UNSCHEDULED,2026-03-01,100.0,100.0,100.0,mg,N,5
EX_042-S06-003_EXTRA_2272,042-S06-003,S06,UNSCHEDULED,2026-03-01,100.0,100.0,100.0,mg,N,5
EX_042-S06-004_EXTRA_2273,042-S06-004,S06,UNSCHEDULED,2026-03-01,100.0,100.0,100.0,mg,N,5
EX_042-S06-005_EXTRA_2274,042-S06-005,S06,UNSCHEDULED,2026-03-01,100.0,100.0,100.0,mg,N,5
EX_042-S06-006_EXTRA_2275,042-S06-006,S06,UNSCHEDULED,2026-03-01,100.0,100.0,100.0,mg,N,5
EX_042-S06-007_EXTRA_2276,042-S06-007,S06,UNSCHEDULED,2026-03-01,100.0,100.0,100.0,mg,N,5
EX_042-S06-008_EXTRA_2277,042-S06-008,S06,UNSCHEDULED,2026-03-01,100.0,100.0,100.0,mg,N,5
EX_042-S06-009_EXTRA_2278,042-S06-009,S06,UNSCHEDULED,2026-03-01,100.0,100.0,100.0,mg,N,5
EX_042-S06-010_EXTRA_2279,042-S06-010,S06,UNSCHEDULED,2026-03-01,100.0,100.0,100.0,mg,N,5
EX_042-S06-011_EXTRA_2280,042-S06-011,S06,UNSCHEDULED,2026-03-01,100.0,100.0,100.0,mg,N,5
EX_042-S06-012_EXTRA_2281,042-S06-012,S06,UNSCHEDULED,2026-03-01,100.0,100.0,100.0,mg,N,5
EX_042-S06-013_EXTRA_2282,042-S06-013,S06,UNSCHEDULED,2026-03-01,100.0,100.0,100.0,mg,N,5
EX_042-S06-014_EXTRA_2283,042-S06-014,S06,UNSCHEDULED,2026-03-01,100.0,100.0,100.0,mg,N,5
EX_042-S06-015_EXTRA_2284,042-S06-015,S06,UNSCHEDULED,2026-03-01,100.0,100.0,100.0,mg,N,5
EX_042-S06-016_EXTRA_2285,042-S06-016,S06,UNSCHEDULED,2026-03-01,100.0,100.0,100.0,mg,N,5
EX_042-S06-017_EXTRA_2286,042-S06-017,S06,UNSCHEDULED,2026-03-01,100.0,100.0,100.0,mg,N,5
EX_042-S06-018_EXTRA_2287,042-S06-018,S06,UNSCHEDULED,2026-03-01,100.0,100.0,100.0,mg,N,5
EX_042-S06-019_EXTRA_2288,042-S06-019,S06,UNSCHEDULED,2026-03-01,100.0,100.0,100.0,mg,N,5
EX_042-S06-020_EXTRA_2289,042-S06-020,S06,UNSCHEDULED,2026-03-01,100.0,100.0,100.0,mg,N,5
EX_042-S07-001_EXTRA_2290,042-S07-001,S07,UNSCHEDULED,2026-03-01,100.0,100.0,100.0,mg,N,5
EX_042-S07-002_EXTRA_2291,042-S07-002,S07,UNSCHEDULED,2026-03-01,100.0,100.0,100.0,mg,N,5
EX_042-S07-003_EXTRA_2292,042-S07-003,S07,UNSCHEDULED,2026-03-01,100.0,100.0,100.0,mg,N,5
EX_042-S07-004_EXTRA_2293,042-S07-004,S07,UNSCHEDULED,2026-03-01,100.0,100.0,100.0,mg,N,5
EX_042-S07-005_EXTRA_2294,042-S07-005,S07,UNSCHEDULED,2026-03-01,100.0,100.0,100.0,mg,N,5
EX_042-S07-006_EXTRA_2295,042-S07-006,S07,UNSCHEDULED,2026-03-01,100.0,100.0,100.0,mg,N,5
EX_042-S07-007_EXTRA_2296,042-S07-007,S07,UNSCHEDULED,2026-03-01,100.0,100.0,100.0,mg,N,5
EX_042-S07-008_EXTRA_2297,042-S07-008,S07,UNSCHEDULED,2026-03-01,100.0,100.0,100.0,mg,N,5
EX_042-S07-009_EXTRA_2298,042-S07-009,S07,UNSCHEDULED,2026-03-01,100.0,100.0,100.0,mg,N,5
EX_042-S07-010_EXTRA_2299,042-S07-010,S07,UNSCHEDULED,2026-03-01,100.0,100.0,100.0,mg,N,5
EX_042-S07-011_EXTRA_2300,042-S07-011,S07,UNSCHEDULED,2026-03-01,100.0,100.0,100.0,mg,N,5
EX_042-S07-012_EXTRA_2301,042-S07-012,S07,UNSCHEDULED,2026-03-01,100.0,100.0,100.0,mg,N,5
EX_042-S07-013_EXTRA_2302,042-S07-013,S07,UNSCHEDULED,2026-03-01,100.0,100.0,100.0,mg,N,5
EX_042-S07-014_EXTRA_2303,042-S07-014,S07,UNSCHEDULED,2026-03-01,100.0,100.0,100.0,mg,N,5
EX_042-S07-015_EXTRA_2304,042-S07-015,S07,UNSCHEDULED,2026-03-01,100.0,100.0,100.0,mg,N,5
EX_042-S07-016_EXTRA_2305,042-S07-016,S07,UNSCHEDULED,2026-03-01,100.0,100.0,100.0,mg,N,5
EX_042-S07-017_EXTRA_2306,042-S07-017,S07,UNSCHEDULED,2026-03-01,100.0,100.0,100.0,mg,N,5
EX_042-S07-018_EXTRA_2307,042-S07-018,S07,UNSCHEDULED,2026-03-01,100.0,100.0,100.0,mg,N,5
EX_042-S07-019_EXTRA_2308,042-S07-019,S07,UNSCHEDULED,2026-03-01,100.0,100.0,100.0,mg,N,5
EX_042-S07-020_EXTRA_2309,042-S07-020,S07,UNSCHEDULED,2026-03-01,100.0,100.0,100.0,mg,N,5
EX_042-S08-001_EXTRA_2310,042-S08-001,S08,UNSCHEDULED,2026-03-01,100.0,100.0,100.0,mg,N,5
EX_042-S08-002_EXTRA_2311,042-S08-002,S08,UNSCHEDULED,2026-03-01,100.0,100.0,100.0,mg,N,5
EX_042-S08-003_EXTRA_2312,042-S08-003,S08,UNSCHEDULED,2026-03-01,100.0,100.0,100.0,mg,N,5
EX_042-S08-004_EXTRA_2313,042-S08-004,S08,UNSCHEDULED,2026-03-01,100.0,100.0,100.0,mg,N,5
EX_042-S08-005_EXTRA_2314,042-S08-005,S08,UNSCHEDULED,2026-03-01,100.0,100.0,100.0,mg,N,5
EX_042-S08-006_EXTRA_2315,042-S08-006,S08,UNSCHEDULED,2026-03-01,100.0,100.0,100.0,mg,N,5
EX_042-S08-007_EXTRA_2316,042-S08-007,S08,UNSCHEDULED,2026-03-01,100.0,100.0,100.0,mg,N,5
EX_042-S08-008_EXTRA_2317,042-S08-008,S08,UNSCHEDULED,2026-03-01,100.0,100.0,100.0,mg,N,5
EX_042-S08-009_EXTRA_2318,042-S08-009,S08,UNSCHEDULED,2026-03-01,100.0,100.0,100.0,mg,N,5
EX_042-S08-010_EXTRA_2319,042-S08-010,S08,UNSCHEDULED,2026-03-01,100.0,100.0,100.0,mg,N,5
EX_042-S08-011_EXTRA_2320,042-S08-011,S08,UNSCHEDULED,2026-03-01,100.0,100.0,100.0,mg,N,5
EX_042-S08-012_EXTRA_2321,042-S08-012,S08,UNSCHEDULED,2026-03-01,100.0,100.0,100.0,mg,N,5
EX_042-S08-013_EXTRA_2322,042-S08-013,S08,UNSCHEDULED,2026-03-01,100.0,100.0,100.0,mg,N,5
EX_042-S08-014_EXTRA_2323,042-S08-014,S08,UNSCHEDULED,2026-03-01,100.0,100.0,100.0,mg,N,5
EX_042-S08-015_EXTRA_2324,042-S08-015,S08,UNSCHEDULED,2026-03-01,100.0,100.0,100.0,mg,N,5
EX_042-S08-016_EXTRA_2325,042-S08-016,S08,UNSCHEDULED,2026-03-01,100.0,100.0,100.0,mg,N,5
EX_042-S08-017_EXTRA_2326,042-S08-017,S08,UNSCHEDULED,2026-03-01,100.0,100.0,100.0,mg,N,5
EX_042-S08-018_EXTRA_2327,042-S08-018,S08,UNSCHEDULED,2026-03-01,100.0,100.0,100.0,mg,N,5
EX_042-S08-019_EXTRA_2328,042-S08-019,S08,UNSCHEDULED,2026-03-01,100.0,100.0,100.0,mg,N,5
EX_042-S08-020_EXTRA_2329,042-S08-020,S08,UNSCHEDULED,2026-03-01,100.0,100.0,100.0,mg,N,5
EX_042-S09-001_EXTRA_2330,042-S09-001,S09,UNSCHEDULED,2026-03-01,100.0,100.0,100.0,mg,N,5
EX_042-S09-002_EXTRA_2331,042-S09-002,S09,UNSCHEDULED,2026-03-01,100.0,100.0,100.0,mg,N,5
EX_042-S09-003_EXTRA_2332,042-S09-003,S09,UNSCHEDULED,2026-03-01,100.0,100.0,100.0,mg,N,5
EX_042-S09-004_EXTRA_2333,042-S09-004,S09,UNSCHEDULED,2026-03-01,100.0,100.0,100.0,mg,N,5
EX_042-S09-005_EXTRA_2334,042-S09-005,S09,UNSCHEDULED,2026-03-01,100.0,100.0,100.0,mg,N,5
EX_042-S09-006_EXTRA_2335,042-S09-006,S09,UNSCHEDULED,2026-03-01,100.0,100.0,100.0,mg,N,5
EX_042-S09-007_EXTRA_2336,042-S09-007,S09,UNSCHEDULED,2026-03-01,100.0,100.0,100.0,mg,N,5
EX_042-S09-008_EXTRA_2337,042-S09-008,S09,UNSCHEDULED,2026-03-01,100.0,100.0,100.0,mg,N,5
EX_042-S09-009_EXTRA_2338,042-S09-009,S09,UNSCHEDULED,2026-03-01,100.0,100.0,100.0,mg,N,5
EX_042-S09-010_EXTRA_2339,042-S09-010,S09,UNSCHEDULED,2026-03-01,100.0,100.0,100.0,mg,N,5
EX_042-S09-011_EXTRA_2340,042-S09-011,S09,UNSCHEDULED,2026-03-01,100.0,100.0,100.0,mg,N,5
EX_042-S09-012_EXTRA_2341,042-S09-012,S09,UNSCHEDULED,2026-03-01,100.0,100.0,100.0,mg,N,5
EX_042-S09-013_EXTRA_2342,042-S09-013,S09,UNSCHEDULED,2026-03-01,100.0,100.0,100.0,mg,N,5
EX_042-S09-014_EXTRA_2343,042-S09-014,S09,UNSCHEDULED,2026-03-01,100.0,100.0,100.0,mg,N,5
EX_042-S09-015_EXTRA_2344,042-S09-015,S09,UNSCHEDULED,2026-03-01,100.0,100.0,100.0,mg,N,5
EX_042-S09-016_EXTRA_2345,042-S09-016,S09,UNSCHEDULED,2026-03-01,100.0,100.0,100.0,mg,N,5
EX_042-S09-017_EXTRA_2346,042-S09-017,S09,UNSCHEDULED,2026-03-01,100.0,100.0,100.0,mg,N,5
EX_042-S09-018_EXTRA_2347,042-S09-018,S09,UNSCHEDULED,2026-03-01,100.0,100.0,100.0,mg,N,5
EX_042-S09-019_EXTRA_2348,042-S09-019,S09,UNSCHEDULED,2026-03-01,100.0,100.0,100.0,mg,N,5
EX_042-S09-020_EXTRA_2349,042-S09-020,S09,UNSCHEDULED,2026-03-01,100.0,100.0,100.0,mg,N,5
EX_042-S10-001_EXTRA_2350,042-S10-001,S10,UNSCHEDULED,2026-03-01,100.0,100.0,100.0,mg,N,5
EX_042-S10-002_EXTRA_2351,042-S10-002,S10,UNSCHEDULED,2026-03-01,100.0,100.0,100.0,mg,N,5
EX_042-S10-003_EXTRA_2352,042-S10-003,S10,UNSCHEDULED,2026-03-01,100.0,100.0,100.0,mg,N,5
EX_042-S10-004_EXTRA_2353,042-S10-004,S10,UNSCHEDULED,2026-03-01,100.0,100.0,100.0,mg,N,5
EX_042-S10-005_EXTRA_2354,042-S10-005,S10,UNSCHEDULED,2026-03-01,100.0,100.0,100.0,mg,N,5
EX_042-S10-006_EXTRA_2355,042-S10-006,S10,UNSCHEDULED,2026-03-01,100.0,100.0,100.0,mg,N,5
EX_042-S10-007_EXTRA_2356,042-S10-007,S10,UNSCHEDULED,2026-03-01,100.0,100.0,100.0,mg,N,5
EX_042-S10-008_EXTRA_2357,042-S10-008,S10,UNSCHEDULED,2026-03-01,100.0,100.0,100.0,mg,N,5
EX_042-S10-009_EXTRA_2358,042-S10-009,S10,UNSCHEDULED,2026-03-01,100.0,100.0,100.0,mg,N,5
EX_042-S10-010_EXTRA_2359,042-S10-010,S10,UNSCHEDULED,2026-03-01,100.0,100.0,100.0,mg,N,5
EX_042-S10-011_EXTRA_2360,042-S10-011,S10,UNSCHEDULED,2026-03-01,100.0,100.0,100.0,mg,N,5
EX_042-S10-012_EXTRA_2361,042-S10-012,S10,UNSCHEDULED,2026-03-01,100.0,100.0,100.0,mg,N,5
EX_042-S10-013_EXTRA_2362,042-S10-013,S10,UNSCHEDULED,2026-03-01,100.0,100.0,100.0,mg,N,5
EX_042-S10-014_EXTRA_2363,042-S10-014,S10,UNSCHEDULED,2026-03-01,100.0,100.0,100.0,mg,N,5
EX_042-S10-015_EXTRA_2364,042-S10-015,S10,UNSCHEDULED,2026-03-01,100.0,100.0,100.0,mg,N,5
EX_042-S10-016_EXTRA_2365,042-S10-016,S10,UNSCHEDULED,2026-03-01,100.0,100.0,100.0,mg,N,5
EX_042-S10-017_EXTRA_2366,042-S10-017,S10,UNSCHEDULED,2026-03-01,100.0,100.0,100.0,mg,N,5
EX_042-S10-018_EXTRA_2367,042-S10-018,S10,UNSCHEDULED,2026-03-01,100.0,100.0,100.0,mg,N,5
EX_042-S10-019_EXTRA_2368,042-S10-019,S10,UNSCHEDULED,2026-03-01,100.0,100.0,100.0,mg,N,5
EX_042-S10-020_EXTRA_2369,042-S10-020,S10,UNSCHEDULED,2026-03-01,100.0,100.0,100.0,mg,N,5
EX_042-S11-001_EXTRA_2370,042-S11-001,S11,UNSCHEDULED,2026-03-01,100.0,100.0,100.0,mg,N,5
EX_042-S11-002_EXTRA_2371,042-S11-002,S11,UNSCHEDULED,2026-03-01,100.0,100.0,100.0,mg,N,5
EX_042-S11-003_EXTRA_2372,042-S11-003,S11,UNSCHEDULED,2026-03-01,100.0,100.0,100.0,mg,N,5
EX_042-S11-004_EXTRA_2373,042-S11-004,S11,UNSCHEDULED,2026-03-01,100.0,100.0,100.0,mg,N,5
EX_042-S11-005_EXTRA_2374,042-S11-005,S11,UNSCHEDULED,2026-03-01,100.0,100.0,100.0,mg,N,5
EX_042-S11-006_EXTRA_2375,042-S11-006,S11,UNSCHEDULED,2026-03-01,100.0,100.0,100.0,mg,N,5
EX_042-S11-007_EXTRA_2376,042-S11-007,S11,UNSCHEDULED,2026-03-01,100.0,100.0,100.0,mg,N,5
EX_042-S11-008_EXTRA_2377,042-S11-008,S11,UNSCHEDULED,2026-03-01,100.0,100.0,100.0,mg,N,5
EX_042-S11-009_EXTRA_2378,042-S11-009,S11,UNSCHEDULED,2026-03-01,100.0,100.0,100.0,mg,N,5
EX_042-S11-010_EXTRA_2379,042-S11-010,S11,UNSCHEDULED,2026-03-01,100.0,100.0,100.0,mg,N,5
EX_042-S11-011_EXTRA_2380,042-S11-011,S11,UNSCHEDULED,2026-03-01,100.0,100.0,100.0,mg,N,5
EX_042-S11-012_EXTRA_2381,042-S11-012,S11,UNSCHEDULED,2026-03-01,100.0,100.0,100.0,mg,N,5
EX_042-S11-013_EXTRA_2382,042-S11-013,S11,UNSCHEDULED,2026-03-01,100.0,100.0,100.0,mg,N,5
EX_042-S11-014_EXTRA_2383,042-S11-014,S11,UNSCHEDULED,2026-03-01,100.0,100.0,100.0,mg,N,5
EX_042-S11-015_EXTRA_2384,042-S11-015,S11,UNSCHEDULED,2026-03-01,100.0,100.0,100.0,mg,N,5
EX_042-S11-016_EXTRA_2385,042-S11-016,S11,UNSCHEDULED,2026-03-01,100.0,100.0,100.0,mg,N,5
EX_042-S11-017_EXTRA_2386,042-S11-017,S11,UNSCHEDULED,2026-03-01,100.0,100.0,100.0,mg,N,5
EX_042-S11-018_EXTRA_2387,042-S11-018,S11,UNSCHEDULED,2026-03-01,100.0,100.0,100.0,mg,N,5
EX_042-S11-019_EXTRA_2388,042-S11-019,S11,UNSCHEDULED,2026-03-01,100.0,100.0,100.0,mg,N,5
EX_042-S11-020_EXTRA_2389,042-S11-020,S11,UNSCHEDULED,2026-03-01,100.0,100.0,100.0,mg,N,5
EX_042-S12-001_EXTRA_2390,042-S12-001,S12,UNSCHEDULED,2026-03-01,100.0,100.0,100.0,mg,N,5
EX_042-S12-002_EXTRA_2391,042-S12-002,S12,UNSCHEDULED,2026-03-01,100.0,100.0,100.0,mg,N,5
EX_042-S12-003_EXTRA_2392,042-S12-003,S12,UNSCHEDULED,2026-03-01,100.0,100.0,100.0,mg,N,5
EX_042-S12-004_EXTRA_2393,042-S12-004,S12,UNSCHEDULED,2026-03-01,100.0,100.0,100.0,mg,N,5
EX_042-S12-005_EXTRA_2394,042-S12-005,S12,UNSCHEDULED,2026-03-01,100.0,100.0,100.0,mg,N,5
EX_042-S12-006_EXTRA_2395,042-S12-006,S12,UNSCHEDULED,2026-03-01,100.0,100.0,100.0,mg,N,5
EX_042-S12-007_EXTRA_2396,042-S12-007,S12,UNSCHEDULED,2026-03-01,100.0,100.0,100.0,mg,N,5
EX_042-S12-008_EXTRA_2397,042-S12-008,S12,UNSCHEDULED,2026-03-01,100.0,100.0,100.0,mg,N,5
EX_042-S12-009_EXTRA_2398,042-S12-009,S12,UNSCHEDULED,2026-03-01,100.0,100.0,100.0,mg,N,5
EX_042-S12-010_EXTRA_2399,042-S12-010,S12,UNSCHEDULED,2026-03-01,100.0,100.0,100.0,mg,N,5
EX_042-S12-011_EXTRA_2400,042-S12-011,S12,UNSCHEDULED,2026-03-01,100.0,100.0,100.0,mg,N,5
EX_042-S12-012_EXTRA_2401,042-S12-012,S12,UNSCHEDULED,2026-03-01,100.0,100.0,100.0,mg,N,5
EX_042-S12-013_EXTRA_2402,042-S12-013,S12,UNSCHEDULED,2026-03-01,100.0,100.0,100.0,mg,N,5
EX_042-S12-014_EXTRA_2403,042-S12-014,S12,UNSCHEDULED,2026-03-01,100.0,100.0,100.0,mg,N,5
EX_042-S12-015_EXTRA_2404,042-S12-015,S12,UNSCHEDULED,2026-03-01,100.0,100.0,100.0,mg,N,5
EX_042-S12-016_EXTRA_2405,042-S12-016,S12,UNSCHEDULED,2026-03-01,100.0,100.0,100.0,mg,N,5
EX_042-S12-017_EXTRA_2406,042-S12-017,S12,UNSCHEDULED,2026-03-01,100.0,100.0,100.0,mg,N,5
EX_042-S12-018_EXTRA_2407,042-S12-018,S12,UNSCHEDULED,2026-03-01,100.0,100.0,100.0,mg,N,5
EX_042-S12-019_EXTRA_2408,042-S12-019,S12,UNSCHEDULED,2026-03-01,100.0,100.0,100.0,mg,N,5
EX_042-S12-020_EXTRA_2409,042-S12-020,S12,UNSCHEDULED,2026-03-01,100.0,100.0,100.0,mg,N,5
EX_042-S01-001_EXTRA_2410,042-S01-001,S01,UNSCHEDULED,2026-03-01,100.0,100.0,100.0,mg,N,5
EX_042-S01-002_EXTRA_2411,042-S01-002,S01,UNSCHEDULED,2026-03-01,100.0,100.0,100.0,mg,N,5
EX_042-S01-003_EXTRA_2412,042-S01-003,S01,UNSCHEDULED,2026-03-01,100.0,100.0,100.0,mg,N,5
EX_042-S01-004_EXTRA_2413,042-S01-004,S01,UNSCHEDULED,2026-03-01,100.0,100.0,100.0,mg,N,5
EX_042-S01-005_EXTRA_2414,042-S01-005,S01,UNSCHEDULED,2026-03-01,100.0,100.0,100.0,mg,N,5
EX_042-S01-006_EXTRA_2415,042-S01-006,S01,UNSCHEDULED,2026-03-01,100.0,100.0,100.0,mg,N,5
EX_042-S01-007_EXTRA_2416,042-S01-007,S01,UNSCHEDULED,2026-03-01,100.0,100.0,100.0,mg,N,5
EX_042-S01-008_EXTRA_2417,042-S01-008,S01,UNSCHEDULED,2026-03-01,100.0,100.0,100.0,mg,N,5
EX_042-S01-009_EXTRA_2418,042-S01-009,S01,UNSCHEDULED,2026-03-01,100.0,100.0,100.0,mg,N,5
EX_042-S01-010_EXTRA_2419,042-S01-010,S01,UNSCHEDULED,2026-03-01,100.0,100.0,100.0,mg,N,5
EX_042-S01-011_EXTRA_2420,042-S01-011,S01,UNSCHEDULED,2026-03-01,100.0,100.0,100.0,mg,N,5
EX_042-S01-012_EXTRA_2421,042-S01-012,S01,UNSCHEDULED,2026-03-01,100.0,100.0,100.0,mg,N,5
EX_042-S01-013_EXTRA_2422,042-S01-013,S01,UNSCHEDULED,2026-03-01,100.0,100.0,100.0,mg,N,5
EX_042-S01-014_EXTRA_2423,042-S01-014,S01,UNSCHEDULED,2026-03-01,100.0,100.0,100.0,mg,N,5
EX_042-S01-015_EXTRA_2424,042-S01-015,S01,UNSCHEDULED,2026-03-01,100.0,100.0,100.0,mg,N,5
EX_042-S01-016_EXTRA_2425,042-S01-016,S01,UNSCHEDULED,2026-03-01,100.0,100.0,100.0,mg,N,5
EX_042-S01-017_EXTRA_2426,042-S01-017,S01,UNSCHEDULED,2026-03-01,100.0,100.0,100.0,mg,N,5
EX_042-S01-018_EXTRA_2427,042-S01-018,S01,UNSCHEDULED,2026-03-01,100.0,100.0,100.0,mg,N,5
EX_042-S01-019_EXTRA_2428,042-S01-019,S01,UNSCHEDULED,2026-03-01,100.0,100.0,100.0,mg,N,5
EX_042-S01-020_EXTRA_2429,042-S01-020,S01,UNSCHEDULED,2026-03-01,100.0,100.0,100.0,mg,N,5
EX_042-S01-021_EXTRA_2430,042-S01-021,S01,UNSCHEDULED,2026-03-01,100.0,100.0,100.0,mg,N,5
EX_042-S02-001_EXTRA_2431,042-S02-001,S02,UNSCHEDULED,2026-03-01,100.0,100.0,100.0,mg,N,5
EX_042-S02-002_EXTRA_2432,042-S02-002,S02,UNSCHEDULED,2026-03-01,100.0,100.0,100.0,mg,N,5
EX_042-S02-003_EXTRA_2433,042-S02-003,S02,UNSCHEDULED,2026-03-01,100.0,100.0,100.0,mg,N,5
EX_042-S02-004_EXTRA_2434,042-S02-004,S02,UNSCHEDULED,2026-03-01,100.0,100.0,100.0,mg,N,5
EX_042-S02-005_EXTRA_2435,042-S02-005,S02,UNSCHEDULED,2026-03-01,100.0,100.0,100.0,mg,N,5
EX_042-S02-006_EXTRA_2436,042-S02-006,S02,UNSCHEDULED,2026-03-01,100.0,100.0,100.0,mg,N,5
EX_042-S02-007_EXTRA_2437,042-S02-007,S02,UNSCHEDULED,2026-03-01,100.0,100.0,100.0,mg,N,5
EX_042-S02-008_EXTRA_2438,042-S02-008,S02,UNSCHEDULED,2026-03-01,100.0,100.0,100.0,mg,N,5
EX_042-S02-009_EXTRA_2439,042-S02-009,S02,UNSCHEDULED,2026-03-01,100.0,100.0,100.0,mg,N,5
EX_042-S02-010_EXTRA_2440,042-S02-010,S02,UNSCHEDULED,2026-03-01,100.0,100.0,100.0,mg,N,5
EX_042-S02-011_EXTRA_2441,042-S02-011,S02,UNSCHEDULED,2026-03-01,100.0,100.0,100.0,mg,N,5
EX_042-S02-012_EXTRA_2442,042-S02-012,S02,UNSCHEDULED,2026-03-01,100.0,100.0,100.0,mg,N,5
EX_042-S02-013_EXTRA_2443,042-S02-013,S02,UNSCHEDULED,2026-03-01,100.0,100.0,100.0,mg,N,5
EX_042-S02-014_EXTRA_2444,042-S02-014,S02,UNSCHEDULED,2026-03-01,100.0,100.0,100.0,mg,N,5
EX_042-S02-015_EXTRA_2445,042-S02-015,S02,UNSCHEDULED,2026-03-01,100.0,100.0,100.0,mg,N,5
EX_042-S02-016_EXTRA_2446,042-S02-016,S02,UNSCHEDULED,2026-03-01,100.0,100.0,100.0,mg,N,5
EX_042-S02-017_EXTRA_2447,042-S02-017,S02,UNSCHEDULED,2026-03-01,100.0,100.0,100.0,mg,N,5
EX_042-S02-018_EXTRA_2448,042-S02-018,S02,UNSCHEDULED,2026-03-01,100.0,100.0,100.0,mg,N,5
EX_042-S02-019_EXTRA_2449,042-S02-019,S02,UNSCHEDULED,2026-03-01,100.0,100.0,100.0,mg,N,5
EX_042-S02-020_EXTRA_2450,042-S02-020,S02,UNSCHEDULED,2026-03-01,100.0,100.0,100.0,mg,N,5
EX_042-S03-001_EXTRA_2451,042-S03-001,S03,UNSCHEDULED,2026-03-01,100.0,100.0,100.0,mg,N,5
EX_042-S03-002_EXTRA_2452,042-S03-002,S03,UNSCHEDULED,2026-03-01,100.0,100.0,100.0,mg,N,5
EX_042-S03-003_EXTRA_2453,042-S03-003,S03,UNSCHEDULED,2026-03-01,100.0,100.0,100.0,mg,N,5
EX_042-S03-004_EXTRA_2454,042-S03-004,S03,UNSCHEDULED,2026-03-01,100.0,100.0,100.0,mg,N,5
EX_042-S03-005_EXTRA_2455,042-S03-005,S03,UNSCHEDULED,2026-03-01,100.0,100.0,100.0,mg,N,5
EX_042-S03-006_EXTRA_2456,042-S03-006,S03,UNSCHEDULED,2026-03-01,100.0,100.0,100.0,mg,N,5
EX_042-S03-007_EXTRA_2457,042-S03-007,S03,UNSCHEDULED,2026-03-01,100.0,100.0,100.0,mg,N,5
EX_042-S03-008_EXTRA_2458,042-S03-008,S03,UNSCHEDULED,2026-03-01,100.0,100.0,100.0,mg,N,5
EX_042-S03-009_EXTRA_2459,042-S03-009,S03,UNSCHEDULED,2026-03-01,100.0,100.0,100.0,mg,N,5
EX_042-S03-010_EXTRA_2460,042-S03-010,S03,UNSCHEDULED,2026-03-01,100.0,100.0,100.0,mg,N,5
EX_042-S03-011_EXTRA_2461,042-S03-011,S03,UNSCHEDULED,2026-03-01,100.0,100.0,100.0,mg,N,5
EX_042-S03-012_EXTRA_2462,042-S03-012,S03,UNSCHEDULED,2026-03-01,100.0,100.0,100.0,mg,N,5
EX_042-S03-013_EXTRA_2463,042-S03-013,S03,UNSCHEDULED,2026-03-01,100.0,100.0,100.0,mg,N,5
EX_042-S03-014_EXTRA_2464,042-S03-014,S03,UNSCHEDULED,2026-03-01,100.0,100.0,100.0,mg,N,5
EX_042-S03-015_EXTRA_2465,042-S03-015,S03,UNSCHEDULED,2026-03-01,100.0,100.0,100.0,mg,N,5
EX_042-S03-016_EXTRA_2466,042-S03-016,S03,UNSCHEDULED,2026-03-01,100.0,100.0,100.0,mg,N,5
EX_042-S03-017_EXTRA_2467,042-S03-017,S03,UNSCHEDULED,2026-03-01,100.0,100.0,100.0,mg,N,5
EX_042-S03-018_EXTRA_2468,042-S03-018,S03,UNSCHEDULED,2026-03-01,100.0,100.0,100.0,mg,N,5
EX_042-S03-019_EXTRA_2469,042-S03-019,S03,UNSCHEDULED,2026-03-01,100.0,100.0,100.0,mg,N,5
EX_042-S03-020_EXTRA_2470,042-S03-020,S03,UNSCHEDULED,2026-03-01,100.0,100.0,100.0,mg,N,5
EX_042-S04-001_EXTRA_2471,042-S04-001,S04,UNSCHEDULED,2026-03-01,100.0,100.0,100.0,mg,N,5
EX_042-S04-002_EXTRA_2472,042-S04-002,S04,UNSCHEDULED,2026-03-01,100.0,100.0,100.0,mg,N,5
EX_042-S04-003_EXTRA_2473,042-S04-003,S04,UNSCHEDULED,2026-03-01,100.0,100.0,100.0,mg,N,5
EX_042-S04-004_EXTRA_2474,042-S04-004,S04,UNSCHEDULED,2026-03-01,100.0,100.0,100.0,mg,N,5
EX_042-S04-005_EXTRA_2475,042-S04-005,S04,UNSCHEDULED,2026-03-01,100.0,100.0,100.0,mg,N,5
EX_042-S04-006_EXTRA_2476,042-S04-006,S04,UNSCHEDULED,2026-03-01,100.0,100.0,100.0,mg,N,5
EX_042-S04-007_EXTRA_2477,042-S04-007,S04,UNSCHEDULED,2026-03-01,100.0,100.0,100.0,mg,N,5
EX_042-S04-008_EXTRA_2478,042-S04-008,S04,UNSCHEDULED,2026-03-01,100.0,100.0,100.0,mg,N,5
EX_042-S04-009_EXTRA_2479,042-S04-009,S04,UNSCHEDULED,2026-03-01,100.0,100.0,100.0,mg,N,5
EX_042-S04-010_EXTRA_2480,042-S04-010,S04,UNSCHEDULED,2026-03-01,100.0,100.0,100.0,mg,N,5
EX_042-S04-011_EXTRA_2481,042-S04-011,S04,UNSCHEDULED,2026-03-01,100.0,100.0,100.0,mg,N,5
EX_042-S04-012_EXTRA_2482,042-S04-012,S04,UNSCHEDULED,2026-03-01,100.0,100.0,100.0,mg,N,5
EX_042-S04-013_EXTRA_2483,042-S04-013,S04,UNSCHEDULED,2026-03-01,100.0,100.0,100.0,mg,N,5
EX_042-S04-014_EXTRA_2484,042-S04-014,S04,UNSCHEDULED,2026-03-01,100.0,100.0,100.0,mg,N,5
EX_042-S04-015_EXTRA_2485,042-S04-015,S04,UNSCHEDULED,2026-03-01,100.0,100.0,100.0,mg,N,5
EX_042-S04-016_EXTRA_2486,042-S04-016,S04,UNSCHEDULED,2026-03-01,100.0,100.0,100.0,mg,N,5
EX_042-S04-017_EXTRA_2487,042-S04-017,S04,UNSCHEDULED,2026-03-01,100.0,100.0,100.0,mg,N,5
EX_042-S04-018_EXTRA_2488,042-S04-018,S04,UNSCHEDULED,2026-03-01,100.0,100.0,100.0,mg,N,5
EX_042-S04-019_EXTRA_2489,042-S04-019,S04,UNSCHEDULED,2026-03-01,100.0,100.0,100.0,mg,N,5
EX_042-S04-020_EXTRA_2490,042-S04-020,S04,UNSCHEDULED,2026-03-01,100.0,100.0,100.0,mg,N,5
EX_042-S05-001_EXTRA_2491,042-S05-001,S05,UNSCHEDULED,2026-03-01,100.0,100.0,100.0,mg,N,5
EX_042-S05-002_EXTRA_2492,042-S05-002,S05,UNSCHEDULED,2026-03-01,100.0,100.0,100.0,mg,N,5
EX_042-S05-003_EXTRA_2493,042-S05-003,S05,UNSCHEDULED,2026-03-01,100.0,100.0,100.0,mg,N,5
EX_042-S05-004_EXTRA_2494,042-S05-004,S05,UNSCHEDULED,2026-03-01,100.0,100.0,100.0,mg,N,5
EX_042-S05-005_EXTRA_2495,042-S05-005,S05,UNSCHEDULED,2026-03-01,100.0,100.0,100.0,mg,N,5
EX_042-S05-006_EXTRA_2496,042-S05-006,S05,UNSCHEDULED,2026-03-01,100.0,100.0,100.0,mg,N,5
EX_042-S05-007_EXTRA_2497,042-S05-007,S05,UNSCHEDULED,2026-03-01,100.0,100.0,100.0,mg,N,5
EX_042-S05-008_EXTRA_2498,042-S05-008,S05,UNSCHEDULED,2026-03-01,100.0,100.0,100.0,mg,N,5
EX_042-S05-009_EXTRA_2499,042-S05-009,S05,UNSCHEDULED,2026-03-01,100.0,100.0,100.0,mg,N,5
