record_id,usubjid,site,mhterm,condition,meddra_pt,onset_year,status,cut_available
MH_042-S01-001_1,042-S01-001,S01,Type 2 Diabetes Mellitus,Type 2 Diabetes Mellitus,Type 2 Diabetes Mellitus,2018,CHRONIC,1
MH_042-S01-002_2,042-S01-002,S01,Essential Hypertension,Essential Hypertension,Essential Hypertension,2019,CHRONIC,1
MH_042-S01-003_3,042-S01-003,S01,Hyperlipidemia,Hyperlipidemia,Hyperlipidemia,2020,CHRONIC,1
MH_042-S01-004_4,042-S01-004,S01,Diabetic Neuropathy,Diabetic Neuropathy,Diabetic Neuropathy,2021,CHRONIC,1
MH_042-S01-005_5,042-S01-005,S01,Obesity,Obesity,Obesity,2022,CHRONIC,1
MH_042-S01-006_6,042-S01-006,S01,Type 2 Diabetes Mellitus,Type 2 Diabetes Mellitus,Type 2 Diabetes Mellitus,2023,CHRONIC,1
MH_042-S01-007_7,042-S01-007,S01,Essential Hypertension,Essential Hypertension,Essential Hypertension,2018,CHRONIC,1
MH_042-S01-008_8,042-S01-008,S01,Hyperlipidemia,Hyperlipidemia,Hyperlipidemia,2019,CHRONIC,1
MH_042-S01-009_9,042-S01-009,S01,Diabetic Neuropathy,Diabetic Neuropathy,Diabetic Neuropathy,2020,CHRONIC,1
MH_042-S01-010_10,042-S01-010,S01,Obesity,Obesity,Obesity,2021,CHRONIC,1
MH_042-S01-011_11,042-S01-011,S01,Type 2 Diabetes Mellitus,Type 2 Diabetes Mellitus,Type 2 Diabetes Mellitus,2022,CHRONIC,1
MH_042-S01-012_12,042-S01-012,S01,Essential Hypertension,Essential Hypertension,Essential Hypertension,2023,CHRONIC,1
MH_042-S01-013_13,042-S01-013,S01,Hyperlipidemia,Hyperlipidemia,Hyperlipidemia,2018,CHRONIC,1
MH_042-S01-014_14,042-S01-014,S01,Diabetic Neuropathy,Diabetic Neuropathy,Diabetic Neuropathy,2019,CHRONIC,1
MH_042-S01-015_15,042-S01-015,S01,Obesity,Obesity,Obesity,2020,CHRONIC,1
MH_042-S01-016_16,042-S01-016,S01,Type 2 Diabetes Mellitus,Type 2 Diabetes Mellitus,Type 2 Diabetes Mellitus,2021,CHRONIC,1
MH_042-S01-017_17,042-S01-017,S01,Essential Hypertension,Essential Hypertension,Essential Hypertension,2022,CHRONIC,1
MH_042-S01-018_18,042-S01-018,S01,Hyperlipidemia,Hyperlipidemia,Hyperlipidemia,2023,CHRONIC,1
MH_042-S01-019_19,042-S01-019,S01,Diabetic Neuropathy,Diabetic Neuropathy,Diabetic Neuropathy,2018,CHRONIC,1
MH_042-S01-020_20,042-S01-020,S01,Obesity,Obesity,Obesity,2019,CHRONIC,1
MH_042-S01-021_21,042-S01-021,S01,Type 2 Diabetes Mellitus,Type 2 Diabetes Mellitus,Type 2 Diabetes Mellitus,2020,CHRONIC,1
MH_042-S02-001_22,042-S02-001,S02,Essential Hypertension,Essential Hypertension,Essential Hypertension,2021,CHRONIC,1
MH_042-S02-002_23,042-S02-002,S02,Hyperlipidemia,Hyperlipidemia,Hyperlipidemia,2022,CHRONIC,1
MH_042-S02-003_24,042-S02-003,S02,Diabetic Neuropathy,Diabetic Neuropathy,Diabetic Neuropathy,2023,CHRONIC,1
MH_042-S02-004_25,042-S02-004,S02,Obesity,Obesity,Obesity,2018,CHRONIC,1
MH_042-S02-005_26,042-S02-005,S02,Type 2 Diabetes Mellitus,Type 2 Diabetes Mellitus,Type 2 Diabetes Mellitus,2019,CHRONIC,1
MH_042-S02-006_27,042-S02-006,S02,Essential Hypertension,Essential Hypertension,Essential Hypertension,2020,CHRONIC,1
MH_042-S02-007_28,042-S02-007,S02,Hyperlipidemia,Hyperlipidemia,Hyperlipidemia,2021,CHRONIC,1
MH_042-S02-008_29,042-S02-008,S02,Diabetic Neuropathy,Diabetic Neuropathy,Diabetic Neuropathy,2022,CHRONIC,1
MH_042-S02-009_30,042-S02-009,S02,Obesity,Obesity,Obesity,2023,CHRONIC,1
MH_042-S02-010_31,042-S02-010,S02,Type 2 Diabetes Mellitus,Type 2 Diabetes Mellitus,Type 2 Diabetes Mellitus,2018,CHRONIC,1
MH_042-S02-011_32,042-S02-011,S02,Essential Hypertension,Essential Hypertension,Essential Hypertension,2019,CHRONIC,1
MH_042-S02-012_33,042-S02-012,S02,Hyperlipidemia,Hyperlipidemia,Hyperlipidemia,2020,CHRONIC,1
MH_042-S02-013_34,042-S02-013,S02,Diabetic Neuropathy,Diabetic Neuropathy,Diabetic Neuropathy,2021,CHRONIC,1
MH_042-S02-014_35,042-S02-014,S02,Obesity,Obesity,Obesity,2022,CHRONIC,1
MH_042-S02-015_36,042-S02-015,S02,Type 2 Diabetes Mellitus,Type 2 Diabetes Mellitus,Type 2 Diabetes Mellitus,2023,CHRONIC,1
MH_042-S02-016_37,042-S02-016,S02,Essential Hypertension,Essential Hypertension,Essential Hypertension,2018,CHRONIC,1
MH_042-S02-017_38,042-S02-017,S02,Hyperlipidemia,Hyperlipidemia,Hyperlipidemia,2019,CHRONIC,1
MH_042-S02-018_39,042-S02-018,S02,Diabetic Neuropathy,Diabetic Neuropathy,Diabetic Neuropathy,2020,CHRONIC,1
MH_042-S02-019_40,042-S02-019,S02,Obesity,Obesity,Obesity,2021,CHRONIC,1
MH_042-S02-020_41,042-S02-020,S02,Type 2 Diabetes Mellitus,Type 2 Diabetes Mellitus,Type 2 Diabetes Mellitus,2022,CHRONIC,1
MH_042-S03-001_42,042-S03-001,S03,Essential Hypertension,Essential Hypertension,Essential Hypertension,2023,CHRONIC,1
MH_042-S03-002_43,042-S03-002,S03,Hyperlipidemia,Hyperlipidemia,Hyperlipidemia,2018,CHRONIC,1
MH_042-S03-003_44,042-S03-003,S03,Diabetic Neuropathy,Diabetic Neuropathy,Diabetic Neuropathy,2019,CHRONIC,1
MH_042-S03-004_45,042-S03-004,S03,Obesity,Obesity,Obesity,2020,CHRONIC,1
MH_042-S03-005_46,042-S03-005,S03,Type 2 Diabetes Mellitus,Type 2 Diabetes Mellitus,Type 2 Diabetes Mellitus,2021,CHRONIC,1
MH_042-S03-006_47,042-S03-006,S03,Essential Hypertension,Essential Hypertension,Essential Hypertension,2022,CHRONIC,1
MH_042-S03-007_48,042-S03-007,S03,Hyperlipidemia,Hyperlipidemia,Hyperlipidemia,2023,CHRONIC,1
MH_042-S03-008_49,042-S03-008,S03,Diabetic Neuropathy,Diabetic Neuropathy,Diabetic Neuropathy,2018,CHRONIC,1
MH_042-S03-009_50,042-S03-009,S03,Obesity,Obesity,Obesity,2019,CHRONIC,1
MH_042-S03-010_51,042-S03-010,S03,Type 2 Diabetes Mellitus,Type 2 Diabetes Mellitus,Type 2 Diabetes Mellitus,2020,CHRONIC,1
MH_042-S03-011_52,042-S03-011,S03,Essential Hypertension,Essential Hypertension,Essential Hypertension,2021,CHRONIC,1
MH_042-S03-012_53,042-S03-012,S03,Hyperlipidemia,Hyperlipidemia,Hyperlipidemia,2022,CHRONIC,1
MH_042-S03-013_54,042-S03-013,S03,Diabetic Neuropathy,Diabetic Neuropathy,Diabetic Neuropathy,2023,CHRONIC,1
MH_042-S03-014_55,042-S03-014,S03,Obesity,Obesity,Obesity,2018,CHRONIC,1
MH_042-S03-015_56,042-S03-015,S03,Type 2 Diabetes Mellitus,Type 2 Diabetes Mellitus,Type 2 Diabetes Mellitus,2019,CHRONIC,1
MH_042-S03-016_57,042-S03-016,S03,Essential Hypertension,Essential Hypertension,Essential Hypertension,2020,CHRONIC,1
MH_042-S03-017_58,042-S03-017,S03,Hyperlipidemia,Hyperlipidemia,Hyperlipidemia,2021,CHRONIC,1
MH_042-S03-018_59,042-S03-018,S03,Diabetic Neuropathy,Diabetic Neuropathy,Diabetic Neuropathy,2022,CHRONIC,1
MH_042-S03-019_60,042-S03-019,S03,Obesity,Obesity,Obesity,2023,CHRONIC,1
MH_042-S03-020_61,042-S03-020,S03,Type 2 Diabetes Mellitus,Type 2 Diabetes Mellitus,Type 2 Diabetes Mellitus,2018,CHRONIC,1
MH_042-S04-001_62,042-S04-001,S04,Essential Hypertension,Essential Hypertension,Essential Hypertension,2019,CHRONIC,6
MH_042-S04-002_63,042-S04-002,S04,Hyperlipidemia,Hyperlipidemia,Hyperlipidemia,2020,CHRONIC,6
MH_042-S04-003_64,042-S04-003,S04,Diabetic Neuropathy,Diabetic Neuropathy,Diabetic Neuropathy,2021,CHRONIC,6
MH_042-S04-004_65,042-S04-004,S04,Obesity,Obesity,Obesity,2022,CHRONIC,6
MH_042-S04-005_66,042-S04-005,S04,Type 2 Diabetes Mellitus,Type 2 Diabetes Mellitus,Type 2 Diabetes Mellitus,2023,CHRONIC,6
MH_042-S04-006_67,042-S04-006,S04,Essential Hypertension,Essential Hypertension,Essential Hypertension,2018,CHRONIC,6
MH_042-S04-007_68,042-S04-007,S04,Hyperlipidemia,Hyperlipidemia,Hyperlipidemia,2019,CHRONIC,6
MH_042-S04-008_69,042-S04-008,S04,Diabetic Neuropathy,Diabetic Neuropathy,Diabetic Neuropathy,2020,CHRONIC,6
MH_042-S04-009_70,042-S04-009,S04,Obesity,Obesity,Obesity,2021,CHRONIC,6
MH_042-S04-010_71,042-S04-010,S04,Type 2 Diabetes Mellitus,Type 2 Diabetes Mellitus,Type 2 Diabetes Mellitus,2022,CHRONIC,6
MH_042-S04-011_72,042-S04-011,S04,Essential Hypertension,Essential Hypertension,Essential Hypertension,2023,CHRONIC,6
MH_042-S04-012_73,042-S04-012,S04,Hyperlipidemia,Hyperlipidemia,Hyperlipidemia,2018,CHRONIC,6
MH_042-S04-013_74,042-S04-013,S04,Diabetic Neuropathy,Diabetic Neuropathy,Diabetic Neuropathy,2019,CHRONIC,6
MH_042-S04-014_75,042-S04-014,S04,Obesity,Obesity,Obesity,2020,CHRONIC,6
MH_042-S04-015_76,042-S04-015,S04,Type 2 Diabetes Mellitus,Type 2 Diabetes Mellitus,Type 2 Diabetes Mellitus,2021,CHRONIC,6
MH_042-S04-016_77,042-S04-016,S04,Essential Hypertension,Essential Hypertension,Essential Hypertension,2022,CHRONIC,6
MH_042-S04-017_78,042-S04-017,S04,Hyperlipidemia,Hyperlipidemia,Hyperlipidemia,2023,CHRONIC,6
MH_042-S04-018_79,042-S04-018,S04,Diabetic Neuropathy,Diabetic Neuropathy,Diabetic Neuropathy,2018,CHRONIC,6
MH_042-S04-019_80,042-S04-019,S04,Obesity,Obesity,Obesity,2019,CHRONIC,6
MH_042-S04-020_81,042-S04-020,S04,Type 2 Diabetes Mellitus,Type 2 Diabetes Mellitus,Type 2 Diabetes Mellitus,2020,CHRONIC,6
MH_042-S05-001_82,042-S05-001,S05,Essential Hypertension,Essential Hypertension,Essential Hypertension,2021,CHRONIC,1
MH_042-S05-002_83,042-S05-002,S05,Hyperlipidemia,Hyperlipidemia,Hyperlipidemia,2022,CHRONIC,1
MH_042-S05-003_84,042-S05-003,S05,Diabetic Neuropathy,Diabetic Neuropathy,Diabetic Neuropathy,2023,CHRONIC,1
MH_042-S05-004_85,042-S05-004,S05,Obesity,Obesity,Obesity,2018,CHRONIC,1
MH_042-S05-005_86,042-S05-005,S05,Type 2 Diabetes Mellitus,Type 2 Diabetes Mellitus,Type 2 Diabetes Mellitus,2019,CHRONIC,1
MH_042-S05-006_87,042-S05-006,S05,Essential Hypertension,Essential Hypertension,Essential Hypertension,2020,CHRONIC,1
MH_042-S05-007_88,042-S05-007,S05,Hyperlipidemia,Hyperlipidemia,Hyperlipidemia,2021,CHRONIC,1
MH_042-S05-008_89,042-S05-008,S05,Diabetic Neuropathy,Diabetic Neuropathy,Diabetic Neuropathy,2022,CHRONIC,1
MH_042-S05-009_90,042-S05-009,S05,Obesity,Obesity,Obesity,2023,CHRONIC,1
MH_042-S05-010_91,042-S05-010,S05,Type 2 Diabetes Mellitus,Type 2 Diabetes Mellitus,Type 2 Diabetes Mellitus,2018,CHRONIC,1
MH_042-S05-011_92,042-S05-011,S05,Essential Hypertension,Essential Hypertension,Essential Hypertension,2019,CHRONIC,1
MH_042-S05-012_93,042-S05-012,S05,Hyperlipidemia,Hyperlipidemia,Hyperlipidemia,2020,CHRONIC,1
MH_042-S05-013_94,042-S05-013,S05,Diabetic Neuropathy,Diabetic Neuropathy,Diabetic Neuropathy,2021,CHRONIC,1
MH_042-S05-014_95,042-S05-014,S05,Obesity,Obesity,Obesity,2022,CHRONIC,1
MH_042-S05-015_96,042-S05-015,S05,Type 2 Diabetes Mellitus,Type 2 Diabetes Mellitus,Type 2 Diabetes Mellitus,2023,CHRONIC,1
MH_042-S05-016_97,042-S05-016,S05,Essential Hypertension,Essential Hypertension,Essential Hypertension,2018,CHRONIC,1
MH_042-S05-017_98,042-S05-017,S05,Hyperlipidemia,Hyperlipidemia,Hyperlipidemia,2019,CHRONIC,1
MH_042-S05-018_99,042-S05-018,S05,Diabetic Neuropathy,Diabetic Neuropathy,Diabetic Neuropathy,2020,CHRONIC,1
MH_042-S05-019_100,042-S05-019,S05,Obesity,Obesity,Obesity,2021,CHRONIC,1
MH_042-S05-020_101,042-S05-020,S05,Type 2 Diabetes Mellitus,Type 2 Diabetes Mellitus,Type 2 Diabetes Mellitus,2022,CHRONIC,1
MH_042-S06-001_102,042-S06-001,S06,Essential Hypertension,Essential Hypertension,Essential Hypertension,2023,CHRONIC,1
MH_042-S06-002_103,042-S06-002,S06,Hyperlipidemia,Hyperlipidemia,Hyperlipidemia,2018,CHRONIC,1
MH_042-S06-003_104,042-S06-003,S06,Diabetic Neuropathy,Diabetic Neuropathy,Diabetic Neuropathy,2019,CHRONIC,1
MH_042-S06-004_105,042-S06-004,S06,Obesity,Obesity,Obesity,2020,CHRONIC,1
MH_042-S06-005_106,042-S06-005,S06,Type 2 Diabetes Mellitus,Type 2 Diabetes Mellitus,Type 2 Diabetes Mellitus,2021,CHRONIC,1
MH_042-S06-006_107,042-S06-006,S06,Essential Hypertension,Essential Hypertension,Essential Hypertension,2022,CHRONIC,1
MH_042-S06-007_108,042-S06-007,S06,Hyperlipidemia,Hyperlipidemia,Hyperlipidemia,2023,CHRONIC,1
MH_042-S06-008_109,042-S06-008,S06,Diabetic Neuropathy,Diabetic Neuropathy,Diabetic Neuropathy,2018,CHRONIC,1
MH_042-S06-009_110,042-S06-009,S06,Obesity,Obesity,Obesity,2019,CHRONIC,1
MH_042-S06-010_111,042-S06-010,S06,Type 2 Diabetes Mellitus,Type 2 Diabetes Mellitus,Type 2 Diabetes Mellitus,2020,CHRONIC,1
MH_042-S06-011_112,042-S06-011,S06,Essential Hypertension,Essential Hypertension,Essential Hypertension,2021,CHRONIC,1
MH_042-S06-012_113,042-S06-012,S06,Hyperlipidemia,Hyperlipidemia,Hyperlipidemia,2022,CHRONIC,1
MH_042-S06-013_114,042-S06-013,S06,Diabetic Neuropathy,Diabetic Neuropathy,Diabetic Neuropathy,2023,CHRONIC,1
MH_042-S06-014_115,042-S06-014,S06,Obesity,Obesity,Obesity,2018,CHRONIC,1
MH_042-S06-015_116,042-S06-015,S06,Type 2 Diabetes Mellitus,Type 2 Diabetes Mellitus,Type 2 Diabetes Mellitus,2019,CHRONIC,1
MH_042-S06-016_117,042-S06-016,S06,Essential Hypertension,Essential Hypertension,Essential Hypertension,2020,CHRONIC,1
MH_042-S06-017_118,042-S06-017,S06,Hyperlipidemia,Hyperlipidemia,Hyperlipidemia,2021,CHRONIC,1
MH_042-S06-018_119,042-S06-018,S06,Diabetic Neuropathy,Diabetic Neuropathy,Diabetic Neuropathy,2022,CHRONIC,1
MH_042-S06-019_120,042-S06-019,S06,Obesity,Obesity,Obesity,2023,CHRONIC,1
MH_042-S06-020_121,042-S06-020,S06,Type 2 Diabetes Mellitus,Type 2 Diabetes Mellitus,Type 2 Diabetes Mellitus,2018,CHRONIC,1
MH_042-S07-001_122,042-S07-001,S07,Essential Hypertension,Essential Hypertension,Essential Hypertension,2019,CHRONIC,1
MH_042-S07-002_123,042-S07-002,S07,Hyperlipidemia,Hyperlipidemia,Hyperlipidemia,2020,CHRONIC,1
MH_042-S07-003_124,042-S07-003,S07,Diabetic Neuropathy,Diabetic Neuropathy,Diabetic Neuropathy,2021,CHRONIC,1
MH_042-S07-004_125,042-S07-004,S07,Obesity,Obesity,Obesity,2022,CHRONIC,1
MH_042-S07-005_126,042-S07-005,S07,Type 2 Diabetes Mellitus,Type 2 Diabetes Mellitus,Type 2 Diabetes Mellitus,2023,CHRONIC,1
MH_042-S07-006_127,042-S07-006,S07,Essential Hypertension,Essential Hypertension,Essential Hypertension,2018,CHRONIC,1
MH_042-S07-007_128,042-S07-007,S07,Hyperlipidemia,Hyperlipidemia,Hyperlipidemia,2019,CHRONIC,1
MH_042-S07-008_129,042-S07-008,S07,Diabetic Neuropathy,Diabetic Neuropathy,Diabetic Neuropathy,2020,CHRONIC,1
MH_042-S07-009_130,042-S07-009,S07,Obesity,Obesity,Obesity,2021,CHRONIC,1
MH_042-S07-010_131,042-S07-010,S07,Type 2 Diabetes Mellitus,Type 2 Diabetes Mellitus,Type 2 Diabetes Mellitus,2022,CHRONIC,1
MH_042-S07-011_132,042-S07-011,S07,Essential Hypertension,Essential Hypertension,Essential Hypertension,2023,CHRONIC,1
MH_042-S07-012_133,042-S07-012,S07,Hyperlipidemia,Hyperlipidemia,Hyperlipidemia,2018,CHRONIC,1
MH_042-S07-013_134,042-S07-013,S07,Diabetic Neuropathy,Diabetic Neuropathy,Diabetic Neuropathy,2019,CHRONIC,1
MH_042-S07-014_135,042-S07-014,S07,Obesity,Obesity,Obesity,2020,CHRONIC,1
MH_042-S07-015_136,042-S07-015,S07,Type 2 Diabetes Mellitus,Type 2 Diabetes Mellitus,Type 2 Diabetes Mellitus,2021,CHRONIC,1
MH_042-S07-016_137,042-S07-016,S07,Essential Hypertension,Essential Hypertension,Essential Hypertension,2022,CHRONIC,1
MH_042-S07-017_138,042-S07-017,S07,Hyperlipidemia,Hyperlipidemia,Hyperlipidemia,2023,CHRONIC,1
MH_042-S07-018_139,042-S07-018,S07,Diabetic Neuropathy,Diabetic Neuropathy,Diabetic Neuropathy,2018,CHRONIC,1
MH_042-S07-019_140,042-S07-019,S07,Obesity,Obesity,Obesity,2019,CHRONIC,1
MH_042-S07-020_141,042-S07-020,S07,Type 2 Diabetes Mellitus,Type 2 Diabetes Mellitus,Type 2 Diabetes Mellitus,2020,CHRONIC,1
MH_042-S08-001_142,042-S08-001,S08,Essential Hypertension,Essential Hypertension,Essential Hypertension,2021,CHRONIC,1
MH_042-S08-002_143,042-S08-002,S08,Hyperlipidemia,Hyperlipidemia,Hyperlipidemia,2022,CHRONIC,1
MH_042-S08-003_144,042-S08-003,S08,Diabetic Neuropathy,Diabetic Neuropathy,Diabetic Neuropathy,2023,CHRONIC,1
MH_042-S08-004_145,042-S08-004,S08,Obesity,Obesity,Obesity,2018,CHRONIC,1
MH_042-S08-005_146,042-S08-005,S08,Type 2 Diabetes Mellitus,Type 2 Diabetes Mellitus,Type 2 Diabetes Mellitus,2019,CHRONIC,1
MH_042-S08-006_147,042-S08-006,S08,Essential Hypertension,Essential Hypertension,Essential Hypertension,2020,CHRONIC,1
MH_042-S08-007_148,042-S08-007,S08,Hyperlipidemia,Hyperlipidemia,Hyperlipidemia,2021,CHRONIC,1
MH_042-S08-008_149,042-S08-008,S08,Diabetic Neuropathy,Diabetic Neuropathy,Diabetic Neuropathy,2022,CHRONIC,1
MH_042-S08-009_150,042-S08-009,S08,Obesity,Obesity,Obesity,2023,CHRONIC,1
MH_042-S08-010_151,042-S08-010,S08,Type 2 Diabetes Mellitus,Type 2 Diabetes Mellitus,Type 2 Diabetes Mellitus,2018,CHRONIC,1
MH_042-S08-011_152,042-S08-011,S08,Essential Hypertension,Essential Hypertension,Essential Hypertension,2019,CHRONIC,1
MH_042-S08-012_153,042-S08-012,S08,Hyperlipidemia,Hyperlipidemia,Hyperlipidemia,2020,CHRONIC,1
MH_042-S08-013_154,042-S08-013,S08,Diabetic Neuropathy,Diabetic Neuropathy,Diabetic Neuropathy,2021,CHRONIC,1
MH_042-S08-014_155,042-S08-014,S08,Obesity,Obesity,Obesity,2022,CHRONIC,1
MH_042-S08-015_156,042-S08-015,S08,Type 2 Diabetes Mellitus,Type 2 Diabetes Mellitus,Type 2 Diabetes Mellitus,2023,CHRONIC,1
MH_042-S08-016_157,042-S08-016,S08,Essential Hypertension,Essential Hypertension,Essential Hypertension,2018,CHRONIC,1
MH_042-S08-017_158,042-S08-017,S08,Hyperlipidemia,Hyperlipidemia,Hyperlipidemia,2019,CHRONIC,1
MH_042-S08-018_159,042-S08-018,S08,Diabetic Neuropathy,Diabetic Neuropathy,Diabetic Neuropathy,2020,CHRONIC,1
MH_042-S08-019_160,042-S08-019,S08,Obesity,Obesity,Obesity,2021,CHRONIC,1
MH_042-S08-020_161,042-S08-020,S08,Type 2 Diabetes Mellitus,Type 2 Diabetes Mellitus,Type 2 Diabetes Mellitus,2022,CHRONIC,1
MH_042-S09-001_162,042-S09-001,S09,Essential Hypertension,Essential Hypertension,Essential Hypertension,2023,CHRONIC,9
MH_042-S09-002_163,042-S09-002,S09,Hyperlipidemia,Hyperlipidemia,Hyperlipidemia,2018,CHRONIC,9
MH_042-S09-003_164,042-S09-003,S09,Diabetic Neuropathy,Diabetic Neuropathy,Diabetic Neuropathy,2019,CHRONIC,9
MH_042-S09-004_165,042-S09-004,S09,Obesity,Obesity,Obesity,2020,CHRONIC,9
MH_042-S09-005_166,042-S09-005,S09,Type 2 Diabetes Mellitus,Type 2 Diabetes Mellitus,Type 2 Diabetes Mellitus,2021,CHRONIC,9
MH_042-S09-006_167,042-S09-006,S09,Essential Hypertension,Essential Hypertension,Essential Hypertension,2022,CHRONIC,9
MH_042-S09-007_168,042-S09-007,S09,Hyperlipidemia,Hyperlipidemia,Hyperlipidemia,2023,CHRONIC,9
MH_042-S09-008_169,042-S09-008,S09,Diabetic Neuropathy,Diabetic Neuropathy,Diabetic Neuropathy,2018,CHRONIC,9
MH_042-S09-009_170,042-S09-009,S09,Obesity,Obesity,Obesity,2019,CHRONIC,9
MH_042-S09-010_171,042-S09-010,S09,Type 2 Diabetes Mellitus,Type 2 Diabetes Mellitus,Type 2 Diabetes Mellitus,2020,CHRONIC,9
MH_042-S09-011_172,042-S09-011,S09,Essential Hypertension,Essential Hypertension,Essential Hypertension,2021,CHRONIC,9
MH_042-S09-012_173,042-S09-012,S09,Hyperlipidemia,Hyperlipidemia,Hyperlipidemia,2022,CHRONIC,9
MH_042-S09-013_174,042-S09-013,S09,Diabetic Neuropathy,Diabetic Neuropathy,Diabetic Neuropathy,2023,CHRONIC,9
MH_042-S09-014_175,042-S09-014,S09,Obesity,Obesity,Obesity,2018,CHRONIC,9
MH_042-S09-015_176,042-S09-015,S09,Type 2 Diabetes Mellitus,Type 2 Diabetes Mellitus,Type 2 Diabetes Mellitus,2019,CHRONIC,9
MH_042-S09-016_177,042-S09-016,S09,Essential Hypertension,Essential Hypertension,Essential Hypertension,2020,CHRONIC,9
MH_042-S09-017_178,042-S09-017,S09,Hyperlipidemia,Hyperlipidemia,Hyperlipidemia,2021,CHRONIC,9
MH_042-S09-018_179,042-S09-018,S09,Diabetic Neuropathy,Diabetic Neuropathy,Diabetic Neuropathy,2022,CHRONIC,9
MH_042-S09-019_180,042-S09-019,S09,Obesity,Obesity,Obesity,2023,CHRONIC,9
MH_042-S09-020_181,042-S09-020,S09,Type 2 Diabetes Mellitus,Type 2 Diabetes Mellitus,Type 2 Diabetes Mellitus,2018,CHRONIC,9
MH_042-S10-001_182,042-S10-001,S10,Essential Hypertension,Essential Hypertension,Essential Hypertension,2019,CHRONIC,1
MH_042-S10-002_183,042-S10-002,S10,Hyperlipidemia,Hyperlipidemia,Hyperlipidemia,2020,CHRONIC,1
MH_042-S10-003_184,042-S10-003,S10,Diabetic Neuropathy,Diabetic Neuropathy,Diabetic Neuropathy,2021,CHRONIC,1
MH_042-S10-004_185,042-S10-004,S10,Obesity,Obesity,Obesity,2022,CHRONIC,1
MH_042-S10-005_186,042-S10-005,S10,Type 2 Diabetes Mellitus,Type 2 Diabetes Mellitus,Type 2 Diabetes Mellitus,2023,CHRONIC,1
MH_042-S10-006_187,042-S10-006,S10,Essential Hypertension,Essential Hypertension,Essential Hypertension,2018,CHRONIC,1
MH_042-S10-007_188,042-S10-007,S10,Hyperlipidemia,Hyperlipidemia,Hyperlipidemia,2019,CHRONIC,1
MH_042-S10-008_189,042-S10-008,S10,Diabetic Neuropathy,Diabetic Neuropathy,Diabetic Neuropathy,2020,CHRONIC,1
MH_042-S10-009_190,042-S10-009,S10,Obesity,Obesity,Obesity,2021,CHRONIC,1
MH_042-S10-010_191,042-S10-010,S10,Type 2 Diabetes Mellitus,Type 2 Diabetes Mellitus,Type 2 Diabetes Mellitus,2022,CHRONIC,1
MH_042-S10-011_192,042-S10-011,S10,Essential Hypertension,Essential Hypertension,Essential Hypertension,2023,CHRONIC,1
MH_042-S10-012_193,042-S10-012,S10,Hyperlipidemia,Hyperlipidemia,Hyperlipidemia,2018,CHRONIC,1
MH_042-S10-013_194,042-S10-013,S10,Diabetic Neuropathy,Diabetic Neuropathy,Diabetic Neuropathy,2019,CHRONIC,1
MH_042-S10-014_195,042-S10-014,S10,Obesity,Obesity,Obesity,2020,CHRONIC,1
MH_042-S10-015_196,042-S10-015,S10,Type 2 Diabetes Mellitus,Type 2 Diabetes Mellitus,Type 2 Diabetes Mellitus,2021,CHRONIC,1
MH_042-S10-016_197,042-S10-016,S10,Essential Hypertension,Essential Hypertension,Essential Hypertension,2022,CHRONIC,1
MH_042-S10-017_198,042-S10-017,S10,Hyperlipidemia,Hyperlipidemia,Hyperlipidemia,2023,CHRONIC,1
MH_042-S10-018_199,042-S10-018,S10,Diabetic Neuropathy,Diabetic Neuropathy,Diabetic Neuropathy,2018,CHRONIC,1
MH_042-S10-019_200,042-S10-019,S10,Obesity,Obesity,Obesity,2019,CHRONIC,1
MH_042-S10-020_201,042-S10-020,S10,Type 2 Diabetes Mellitus,Type 2 Diabetes Mellitus,Type 2 Diabetes Mellitus,2020,CHRONIC,1
MH_042-S11-001_202,042-S11-001,S11,Essential Hypertension,Essential Hypertension,Essential Hypertension,2021,CHRONIC,1
MH_042-S11-002_203,042-S11-002,S11,Hyperlipidemia,Hyperlipidemia,Hyperlipidemia,2022,CHRONIC,1
MH_042-S11-003_204,042-S11-003,S11,Diabetic Neuropathy,Diabetic Neuropathy,Diabetic Neuropathy,2023,CHRONIC,1
MH_042-S11-004_205,042-S11-004,S11,Obesity,Obesity,Obesity,2018,CHRONIC,1
MH_042-S11-005_206,042-S11-005,S11,Type 2 Diabetes Mellitus,Type 2 Diabetes Mellitus,Type 2 Diabetes Mellitus,2019,CHRONIC,1
MH_042-S11-006_207,042-S11-006,S11,Essential Hypertension,Essential Hypertension,Essential Hypertension,2020,CHRONIC,1
MH_042-S11-007_208,042-S11-007,S11,Hyperlipidemia,Hyperlipidemia,Hyperlipidemia,2021,CHRONIC,1
MH_042-S11-008_209,042-S11-008,S11,Diabetic Neuropathy,Diabetic Neuropathy,Diabetic Neuropathy,2022,CHRONIC,1
MH_042-S11-009_210,042-S11-009,S11,Obesity,Obesity,Obesity,2023,CHRONIC,1
MH_042-S11-010_211,042-S11-010,S11,Type 2 Diabetes Mellitus,Type 2 Diabetes Mellitus,Type 2 Diabetes Mellitus,2018,CHRONIC,1
MH_042-S11-011_212,042-S11-011,S11,Essential Hypertension,Essential Hypertension,Essential Hypertension,2019,CHRONIC,1
MH_042-S11-012_213,042-S11-012,S11,Hyperlipidemia,Hyperlipidemia,Hyperlipidemia,2020,CHRONIC,1
MH_042-S11-013_214,042-S11-013,S11,Diabetic Neuropathy,Diabetic Neuropathy,Diabetic Neuropathy,2021,CHRONIC,1
MH_042-S11-014_215,042-S11-014,S11,Obesity,Obesity,Obesity,2022,CHRONIC,1
MH_042-S11-015_216,042-S11-015,S11,Type 2 Diabetes Mellitus,Type 2 Diabetes Mellitus,Type 2 Diabetes Mellitus,2023,CHRONIC,1
MH_042-S11-016_217,042-S11-016,S11,Essential Hypertension,Essential Hypertension,Essential Hypertension,2018,CHRONIC,1
MH_042-S11-017_218,042-S11-017,S11,Hyperlipidemia,Hyperlipidemia,Hyperlipidemia,2019,CHRONIC,1
MH_042-S11-018_219,042-S11-018,S11,Diabetic Neuropathy,Diabetic Neuropathy,Diabetic Neuropathy,2020,CHRONIC,1
MH_042-S11-019_220,042-S11-019,S11,Obesity,Obesity,Obesity,2021,CHRONIC,1
MH_042-S11-020_221,042-S11-020,S11,Type 2 Diabetes Mellitus,Type 2 Diabetes Mellitus,Type 2 Diabetes Mellitus,2022,CHRONIC,1
MH_042-S12-001_222,042-S12-001,S12,Essential Hypertension,Essential Hypertension,Essential Hypertension,2023,CHRONIC,1
MH_042-S12-002_223,042-S12-002,S12,Hyperlipidemia,Hyperlipidemia,Hyperlipidemia,2018,CHRONIC,1
MH_042-S12-003_224,042-S12-003,S12,Diabetic Neuropathy,Diabetic Neuropathy,Diabetic Neuropathy,2019,CHRONIC,1
MH_042-S12-004_225,042-S12-004,S12,Obesity,Obesity,Obesity,2020,CHRONIC,1
MH_042-S12-005_226,042-S12-005,S12,Type 2 Diabetes Mellitus,Type 2 Diabetes Mellitus,Type 2 Diabetes Mellitus,2021,CHRONIC,1
MH_042-S12-006_227,042-S12-006,S12,Essential Hypertension,Essential Hypertension,Essential Hypertension,2022,CHRONIC,1
MH_042-S12-007_228,042-S12-007,S12,Hyperlipidemia,Hyperlipidemia,Hyperlipidemia,2023,CHRONIC,1
MH_042-S12-008_229,042-S12-008,S12,Diabetic Neuropathy,Diabetic Neuropathy,Diabetic Neuropathy,2018,CHRONIC,1
MH_042-S12-009_230,042-S12-009,S12,Obesity,Obesity,Obesity,2019,CHRONIC,1
MH_042-S12-010_231,042-S12-010,S12,Type 2 Diabetes Mellitus,Type 2 Diabetes Mellitus,Type 2 Diabetes Mellitus,2020,CHRONIC,1
MH_042-S12-011_232,042-S12-011,S12,Essential Hypertension,Essential Hypertension,Essential Hypertension,2021,CHRONIC,1
MH_042-S12-012_233,042-S12-012,S12,Hyperlipidemia,Hyperlipidemia,Hyperlipidemia,2022,CHRONIC,1
MH_042-S12-013_234,042-S12-013,S12,Diabetic Neuropathy,Diabetic Neuropathy,Diabetic Neuropathy,2023,CHRONIC,1
MH_042-S12-014_235,042-S12-014,S12,Obesity,Obesity,Obesity,2018,CHRONIC,1
MH_042-S12-015_236,042-S12-015,S12,Type 2 Diabetes Mellitus,Type 2 Diabetes Mellitus,Type 2 Diabetes Mellitus,2019,CHRONIC,1
MH_042-S12-016_237,042-S12-016,S12,Essential Hypertension,Essential Hypertension,Essential Hypertension,2020,CHRONIC,1
MH_042-S12-017_238,042-S12-017,S12,Hyperlipidemia,Hyperlipidemia,Hyperlipidemia,2021,CHRONIC,1
MH_042-S12-018_239,042-S12-018,S12,Diabetic Neuropathy,Diabetic Neuropathy,Diabetic Neuropathy,2022,CHRONIC,1
MH_042-S12-019_240,042-S12-019,S12,Obesity,Obesity,Obesity,2023,CHRONIC,1
MH_042-S12-020_241,042-S12-020,S12,Type 2 Diabetes Mellitus,Type 2 Diabetes Mellitus,Type 2 Diabetes Mellitus,2018,CHRONIC,1
MH_042-S01-001_242,042-S01-001,S01,Essential Hypertension,Essential Hypertension,Essential Hypertension,2019,CHRONIC,1
MH_042-S01-002_243,042-S01-002,S01,Hyperlipidemia,Hyperlipidemia,Hyperlipidemia,2020,CHRONIC,1
MH_042-S01-003_244,042-S01-003,S01,Diabetic Neuropathy,Diabetic Neuropathy,Diabetic Neuropathy,2021,CHRONIC,1
MH_042-S01-004_245,042-S01-004,S01,Obesity,Obesity,Obesity,2022,CHRONIC,1
MH_042-S01-005_246,042-S01-005,S01,Type 2 Diabetes Mellitus,Type 2 Diabetes Mellitus,Type 2 Diabetes Mellitus,2023,CHRONIC,1
MH_042-S01-006_247,042-S01-006,S01,Essential Hypertension,Essential Hypertension,Essential Hypertension,2018,CHRONIC,1
MH_042-S01-007_248,042-S01-007,S01,Hyperlipidemia,Hyperlipidemia,Hyperlipidemia,2019,CHRONIC,1
MH_042-S01-008_249,042-S01-008,S01,Diabetic Neuropathy,Diabetic Neuropathy,Diabetic Neuropathy,2020,CHRONIC,1
MH_042-S01-009_250,042-S01-009,S01,Obesity,Obesity,Obesity,2021,CHRONIC,1
MH_042-S01-010_251,042-S01-010,S01,Type 2 Diabetes Mellitus,Type 2 Diabetes Mellitus,Type 2 Diabetes Mellitus,2022,CHRONIC,1
MH_042-S01-011_252,042-S01-011,S01,Essential Hypertension,Essential Hypertension,Essential Hypertension,2023,CHRONIC,1
MH_042-S01-012_253,042-S01-012,S01,Hyperlipidemia,Hyperlipidemia,Hyperlipidemia,2018,CHRONIC,1
MH_042-S01-013_254,042-S01-013,S01,Diabetic Neuropathy,Diabetic Neuropathy,Diabetic Neuropathy,2019,CHRONIC,1
MH_042-S01-014_255,042-S01-014,S01,Obesity,Obesity,Obesity,2020,CHRONIC,1
MH_042-S01-015_256,042-S01-015,S01,Type 2 Diabetes Mellitus,Type 2 Diabetes Mellitus,Type 2 Diabetes Mellitus,2021,CHRONIC,1
MH_042-S01-016_257,042-S01-016,S01,Essential Hypertension,Essential Hypertension,Essential Hypertension,2022,CHRONIC,1
MH_042-S01-017_258,042-S01-017,S01,Hyperlipidemia,Hyperlipidemia,Hyperlipidemia,2023,CHRONIC,1
MH_042-S01-018_259,042-S01-018,S01,Diabetic Neuropathy,Diabetic Neuropathy,Diabetic Neuropathy,2018,CHRONIC,1
MH_042-S01-019_260,042-S01-019,S01,Obesity,Obesity,Obesity,2019,CHRONIC,1
MH_042-S01-020_261,042-S01-020,S01,Type 2 Diabetes Mellitus,Type 2 Diabetes Mellitus,Type 2 Diabetes Mellitus,2020,CHRONIC,1
MH_042-S01-021_262,042-S01-021,S01,Essential Hypertension,Essential Hypertension,Essential Hypertension,2021,CHRONIC,1
MH_042-S02-001_263,042-S02-001,S02,Hyperlipidemia,Hyperlipidemia,Hyperlipidemia,2022,CHRONIC,1
MH_042-S02-002_264,042-S02-002,S02,Diabetic Neuropathy,Diabetic Neuropathy,Diabetic Neuropathy,2023,CHRONIC,1
MH_042-S02-003_265,042-S02-003,S02,Obesity,Obesity,Obesity,2018,CHRONIC,1
MH_042-S02-004_266,042-S02-004,S02,Type 2 Diabetes Mellitus,Type 2 Diabetes Mellitus,Type 2 Diabetes Mellitus,2019,CHRONIC,1
MH_042-S02-005_267,042-S02-005,S02,Essential Hypertension,Essential Hypertension,Essential Hypertension,2020,CHRONIC,1
MH_042-S02-006_268,042-S02-006,S02,Hyperlipidemia,Hyperlipidemia,Hyperlipidemia,2021,CHRONIC,1
MH_042-S02-007_269,042-S02-007,S02,Diabetic Neuropathy,Diabetic Neuropathy,Diabetic Neuropathy,2022,CHRONIC,1
MH_042-S02-008_270,042-S02-008,S02,Obesity,Obesity,Obesity,2023,CHRONIC,1
MH_042-S02-009_271,042-S02-009,S02,Type 2 Diabetes Mellitus,Type 2 Diabetes Mellitus,Type 2 Diabetes Mellitus,2018,CHRONIC,1
MH_042-S02-010_272,042-S02-010,S02,Essential Hypertension,Essential Hypertension,Essential Hypertension,2019,CHRONIC,1
MH_042-S02-011_273,042-S02-011,S02,Hyperlipidemia,Hyperlipidemia,Hyperlipidemia,2020,CHRONIC,1
MH_042-S02-012_274,042-S02-012,S02,Diabetic Neuropathy,Diabetic Neuropathy,Diabetic Neuropathy,2021,CHRONIC,1
MH_042-S02-013_275,042-S02-013,S02,Obesity,Obesity,Obesity,2022,CHRONIC,1
MH_042-S02-014_276,042-S02-014,S02,Type 2 Diabetes Mellitus,Type 2 Diabetes Mellitus,Type 2 Diabetes Mellitus,2023,CHRONIC,1
MH_042-S02-015_277,042-S02-015,S02,Essential Hypertension,Essential Hypertension,Essential Hypertension,2018,CHRONIC,1
MH_042-S02-016_278,042-S02-016,S02,Hyperlipidemia,Hyperlipidemia,Hyperlipidemia,2019,CHRONIC,1
MH_042-S02-017_279,042-S02-017,S02,Diabetic Neuropathy,Diabetic Neuropathy,Diabetic Neuropathy,2020,CHRONIC,1
MH_042-S02-018_280,042-S02-018,S02,Obesity,Obesity,Obesity,2021,CHRONIC,1
MH_042-S02-019_281,042-S02-019,S02,Type 2 Diabetes Mellitus,Type 2 Diabetes Mellitus,Type 2 Diabetes Mellitus,2022,CHRONIC,1
MH_042-S02-020_282,042-S02-020,S02,Essential Hypertension,Essential Hypertension,Essential Hypertension,2023,CHRONIC,1
MH_042-S03-001_283,042-S03-001,S03,Hyperlipidemia,Hyperlipidemia,Hyperlipidemia,2018,CHRONIC,1
MH_042-S03-002_284,042-S03-002,S03,Diabetic Neuropathy,Diabetic Neuropathy,Diabetic Neuropathy,2019,CHRONIC,1
MH_042-S03-003_285,042-S03-003,S03,Obesity,Obesity,Obesity,2020,CHRONIC,1
MH_042-S03-004_286,042-S03-004,S03,Type 2 Diabetes Mellitus,Type 2 Diabetes Mellitus,Type 2 Diabetes Mellitus,2021,CHRONIC,1
MH_042-S03-005_287,042-S03-005,S03,Essential Hypertension,Essential Hypertension,Essential Hypertension,2022,CHRONIC,1
MH_042-S03-006_288,042-S03-006,S03,Hyperlipidemia,Hyperlipidemia,Hyperlipidemia,2023,CHRONIC,1
MH_042-S03-007_289,042-S03-007,S03,Diabetic Neuropathy,Diabetic Neuropathy,Diabetic Neuropathy,2018,CHRONIC,1
MH_042-S03-008_290,042-S03-008,S03,Obesity,Obesity,Obesity,2019,CHRONIC,1
MH_042-S03-009_291,042-S03-009,S03,Type 2 Diabetes Mellitus,Type 2 Diabetes Mellitus,Type 2 Diabetes Mellitus,2020,CHRONIC,1
MH_042-S03-010_292,042-S03-010,S03,Essential Hypertension,Essential Hypertension,Essential Hypertension,2021,CHRONIC,1
MH_042-S03-011_293,042-S03-011,S03,Hyperlipidemia,Hyperlipidemia,Hyperlipidemia,2022,CHRONIC,1
MH_042-S03-012_294,042-S03-012,S03,Diabetic Neuropathy,Diabetic Neuropathy,Diabetic Neuropathy,2023,CHRONIC,1
MH_042-S03-013_295,042-S03-013,S03,Obesity,Obesity,Obesity,2018,CHRONIC,1
MH_042-S03-014_296,042-S03-014,S03,Type 2 Diabetes Mellitus,Type 2 Diabetes Mellitus,Type 2 Diabetes Mellitus,2019,CHRONIC,1
MH_042-S03-015_297,042-S03-015,S03,Essential Hypertension,Essential Hypertension,Essential Hypertension,2020,CHRONIC,1
MH_042-S03-016_298,042-S03-016,S03,Hyperlipidemia,Hyperlipidemia,Hyperlipidemia,2021,CHRONIC,1
MH_042-S03-017_299,042-S03-017,S03,Diabetic Neuropathy,Diabetic Neuropathy,Diabetic Neuropathy,2022,CHRONIC,1
MH_042-S03-018_300,042-S03-018,S03,Obesity,Obesity,Obesity,2023,CHRONIC,1
MH_042-S03-019_301,042-S03-019,S03,Type 2 Diabetes Mellitus,Type 2 Diabetes Mellitus,Type 2 Diabetes Mellitus,2018,CHRONIC,1
MH_042-S03-020_302,042-S03-020,S03,Essential Hypertension,Essential Hypertension,Essential Hypertension,2019,CHRONIC,1
MH_042-S04-001_303,042-S04-001,S04,Hyperlipidemia,Hyperlipidemia,Hyperlipidemia,2020,CHRONIC,6
MH_042-S04-002_304,042-S04-002,S04,Diabetic Neuropathy,Diabetic Neuropathy,Diabetic Neuropathy,2021,CHRONIC,6
MH_042-S04-003_305,042-S04-003,S04,Obesity,Obesity,Obesity,2022,CHRONIC,6
MH_042-S04-004_306,042-S04-004,S04,Type 2 Diabetes Mellitus,Type 2 Diabetes Mellitus,Type 2 Diabetes Mellitus,2023,CHRONIC,6
MH_042-S04-005_307,042-S04-005,S04,Essential Hypertension,Essential Hypertension,Essential Hypertension,2018,CHRONIC,6
MH_042-S04-006_308,042-S04-006,S04,Hyperlipidemia,Hyperlipidemia,Hyperlipidemia,2019,CHRONIC,6
MH_042-S04-007_309,042-S04-007,S04,Diabetic Neuropathy,Diabetic Neuropathy,Diabetic Neuropathy,2020,CHRONIC,6
MH_042-S04-008_310,042-S04-008,S04,Obesity,Obesity,Obesity,2021,CHRONIC,6
MH_042-S04-009_311,042-S04-009,S04,Type 2 Diabetes Mellitus,Type 2 Diabetes Mellitus,Type 2 Diabetes Mellitus,2022,CHRONIC,6
MH_042-S04-010_312,042-S04-010,S04,Essential Hypertension,Essential Hypertension,Essential Hypertension,2023,CHRONIC,6
MH_042-S04-011_313,042-S04-011,S04,Hyperlipidemia,Hyperlipidemia,Hyperlipidemia,2018,CHRONIC,6
MH_042-S04-012_314,042-S04-012,S04,Diabetic Neuropathy,Diabetic Neuropathy,Diabetic Neuropathy,2019,CHRONIC,6
MH_042-S04-013_315,042-S04-013,S04,Obesity,Obesity,Obesity,2020,CHRONIC,6
MH_042-S04-014_316,042-S04-014,S04,Type 2 Diabetes Mellitus,Type 2 Diabetes Mellitus,Type 2 Diabetes Mellitus,2021,CHRONIC,6
MH_042-S04-015_317,042-S04-015,S04,Essential Hypertension,Essential Hypertension,Essential Hypertension,2022,CHRONIC,6
MH_042-S04-016_318,042-S04-016,S04,Hyperlipidemia,Hyperlipidemia,Hyperlipidemia,2023,CHRONIC,6
MH_042-S04-017_319,042-S04-017,S04,Diabetic Neuropathy,Diabetic Neuropathy,Diabetic Neuropathy,2018,CHRONIC,6
MH_042-S04-018_320,042-S04-018,S04,Obesity,Obesity,Obesity,2019,CHRONIC,6
MH_042-S04-019_321,042-S04-019,S04,Type 2 Diabetes Mellitus,Type 2 Diabetes Mellitus,Type 2 Diabetes Mellitus,2020,CHRONIC,6
MH_042-S04-020_322,042-S04-020,S04,Essential Hypertension,Essential Hypertension,Essential Hypertension,2021,CHRONIC,6
MH_042-S05-001_323,042-S05-001,S05,Hyperlipidemia,Hyperlipidemia,Hyperlipidemia,2022,CHRONIC,1
MH_042-S05-002_324,042-S05-002,S05,Diabetic Neuropathy,Diabetic Neuropathy,Diabetic Neuropathy,2023,CHRONIC,1
MH_042-S05-003_325,042-S05-003,S05,Obesity,Obesity,Obesity,2018,CHRONIC,1
MH_042-S05-004_326,042-S05-004,S05,Type 2 Diabetes Mellitus,Type 2 Diabetes Mellitus,Type 2 Diabetes Mellitus,2019,CHRONIC,1
MH_042-S05-005_327,042-S05-005,S05,Essential Hypertension,Essential Hypertension,Essential Hypertension,2020,CHRONIC,1
MH_042-S05-006_328,042-S05-006,S05,Hyperlipidemia,Hyperlipidemia,Hyperlipidemia,2021,CHRONIC,1
MH_042-S05-007_329,042-S05-007,S05,Diabetic Neuropathy,Diabetic Neuropathy,Diabetic Neuropathy,2022,CHRONIC,1
MH_042-S05-008_330,042-S05-008,S05,Obesity,Obesity,Obesity,2023,CHRONIC,1
MH_042-S05-009_331,042-S05-009,S05,Type 2 Diabetes Mellitus,Type 2 Diabetes Mellitus,Type 2 Diabetes Mellitus,2018,CHRONIC,1
MH_042-S05-010_332,042-S05-010,S05,Essential Hypertension,Essential Hypertension,Essential Hypertension,2019,CHRONIC,1
MH_042-S05-011_333,042-S05-011,S05,Hyperlipidemia,Hyperlipidemia,Hyperlipidemia,2020,CHRONIC,1
MH_042-S05-012_334,042-S05-012,S05,Diabetic Neuropathy,Diabetic Neuropathy,Diabetic Neuropathy,2021,CHRONIC,1
MH_042-S05-013_335,042-S05-013,S05,Obesity,Obesity,Obesity,2022,CHRONIC,1
MH_042-S05-014_336,042-S05-014,S05,Type 2 Diabetes Mellitus,Type 2 Diabetes Mellitus,Type 2 Diabetes Mellitus,2023,CHRONIC,1
MH_042-S05-015_337,042-S05-015,S05,Essential Hypertension,Essential Hypertension,Essential Hypertension,2018,CHRONIC,1
MH_042-S05-016_338,042-S05-016,S05,Hyperlipidemia,Hyperlipidemia,Hyperlipidemia,2019,CHRONIC,1
MH_042-S05-017_339,042-S05-017,S05,Diabetic Neuropathy,Diabetic Neuropathy,Diabetic Neuropathy,2020,CHRONIC,1
MH_042-S05-018_340,042-S05-018,S05,Obesity,Obesity,Obesity,2021,CHRONIC,1
MH_042-S05-019_341,042-S05-019,S05,Type 2 Diabetes Mellitus,Type 2 Diabetes Mellitus,Type 2 Diabetes Mellitus,2022,CHRONIC,1
MH_042-S05-020_342,042-S05-020,S05,Essential Hypertension,Essential Hypertension,Essential Hypertension,2023,CHRONIC,1
MH_042-S06-001_343,042-S06-001,S06,Hyperlipidemia,Hyperlipidemia,Hyperlipidemia,2018,CHRONIC,1
MH_042-S06-002_344,042-S06-002,S06,Diabetic Neuropathy,Diabetic Neuropathy,Diabetic Neuropathy,2019,CHRONIC,1
MH_042-S06-003_345,042-S06-003,S06,Obesity,Obesity,Obesity,2020,CHRONIC,1
MH_042-S06-004_346,042-S06-004,S06,Type 2 Diabetes Mellitus,Type 2 Diabetes Mellitus,Type 2 Diabetes Mellitus,2021,CHRONIC,1
MH_042-S06-005_347,042-S06-005,S06,Essential Hypertension,Essential Hypertension,Essential Hypertension,2022,CHRONIC,1
MH_042-S06-006_348,042-S06-006,S06,Hyperlipidemia,Hyperlipidemia,Hyperlipidemia,2023,CHRONIC,1
MH_042-S06-007_349,042-S06-007,S06,Diabetic Neuropathy,Diabetic Neuropathy,Diabetic Neuropathy,2018,CHRONIC,1
MH_042-S06-008_350,042-S06-008,S06,Obesity,Obesity,Obesity,2019,CHRONIC,1
MH_042-S06-009_351,042-S06-009,S06,Type 2 Diabetes Mellitus,Type 2 Diabetes Mellitus,Type 2 Diabetes Mellitus,2020,CHRONIC,1
MH_042-S06-010_352,042-S06-010,S06,Essential Hypertension,Essential Hypertension,Essential Hypertension,2021,CHRONIC,1
MH_042-S06-011_353,042-S06-011,S06,Hyperlipidemia,Hyperlipidemia,Hyperlipidemia,2022,CHRONIC,1
MH_042-S06-012_354,042-S06-012,S06,Diabetic Neuropathy,Diabetic Neuropathy,Diabetic Neuropathy,2023,CHRONIC,1
MH_042-S06-013_355,042-S06-013,S06,Obesity,Obesity,Obesity,2018,CHRONIC,1
MH_042-S06-014_356,042-S06-014,S06,Type 2 Diabetes Mellitus,Type 2 Diabetes Mellitus,Type 2 Diabetes Mellitus,2019,CHRONIC,1
MH_042-S06-015_357,042-S06-015,S06,Essential Hypertension,Essential Hypertension,Essential Hypertension,2020,CHRONIC,1
MH_042-S06-016_358,042-S06-016,S06,Hyperlipidemia,Hyperlipidemia,Hyperlipidemia,2021,CHRONIC,1
MH_042-S06-017_359,042-S06-017,S06,Diabetic Neuropathy,Diabetic Neuropathy,Diabetic Neuropathy,2022,CHRONIC,1
MH_042-S06-018_360,042-S06-018,S06,Obesity,Obesity,Obesity,2023,CHRONIC,1
MH_042-S06-019_361,042-S06-019,S06,Type 2 Diabetes Mellitus,Type 2 Diabetes Mellitus,Type 2 Diabetes Mellitus,2018,CHRONIC,1
MH_042-S06-020_362,042-S06-020,S06,Essential Hypertension,Essential Hypertension,Essential Hypertension,2019,CHRONIC,1
MH_042-S07-001_363,042-S07-001,S07,Hyperlipidemia,Hyperlipidemia,Hyperlipidemia,2020,CHRONIC,1
MH_042-S07-002_364,042-S07-002,S07,Diabetic Neuropathy,Diabetic Neuropathy,Diabetic Neuropathy,2021,CHRONIC,1
MH_042-S07-003_365,042-S07-003,S07,Obesity,Obesity,Obesity,2022,CHRONIC,1
MH_042-S07-004_366,042-S07-004,S07,Type 2 Diabetes Mellitus,Type 2 Diabetes Mellitus,Type 2 Diabetes Mellitus,2023,CHRONIC,1
MH_042-S07-005_367,042-S07-005,S07,Essential Hypertension,Essential Hypertension,Essential Hypertension,2018,CHRONIC,1
MH_042-S07-006_368,042-S07-006,S07,Hyperlipidemia,Hyperlipidemia,Hyperlipidemia,2019,CHRONIC,1
MH_042-S07-007_369,042-S07-007,S07,Diabetic Neuropathy,Diabetic Neuropathy,Diabetic Neuropathy,2020,CHRONIC,1
MH_042-S07-008_370,042-S07-008,S07,Obesity,Obesity,Obesity,2021,CHRONIC,1
MH_042-S07-009_371,042-S07-009,S07,Type 2 Diabetes Mellitus,Type 2 Diabetes Mellitus,Type 2 Diabetes Mellitus,2022,CHRONIC,1
MH_042-S07-010_372,042-S07-010,S07,Essential Hypertension,Essential Hypertension,Essential Hypertension,2023,CHRONIC,1
MH_042-S07-011_373,042-S07-011,S07,Hyperlipidemia,Hyperlipidemia,Hyperlipidemia,2018,CHRONIC,1
MH_042-S07-012_374,042-S07-012,S07,Diabetic Neuropathy,Diabetic Neuropathy,Diabetic Neuropathy,2019,CHRONIC,1
MH_042-S07-013_375,042-S07-013,S07,Obesity,Obesity,Obesity,2020,CHRONIC,1
MH_042-S07-014_376,042-S07-014,S07,Type 2 Diabetes Mellitus,Type 2 Diabetes Mellitus,Type 2 Diabetes Mellitus,2021,CHRONIC,1
MH_042-S07-015_377,042-S07-015,S07,Essential Hypertension,Essential Hypertension,Essential Hypertension,2022,CHRONIC,1
MH_042-S07-016_378,042-S07-016,S07,Hyperlipidemia,Hyperlipidemia,Hyperlipidemia,2023,CHRONIC,1
MH_042-S07-017_379,042-S07-017,S07,Diabetic Neuropathy,Diabetic Neuropathy,Diabetic Neuropathy,2018,CHRONIC,1
MH_042-S07-018_380,042-S07-018,S07,Obesity,Obesity,Obesity,2019,CHRONIC,1
MH_042-S07-019_381,042-S07-019,S07,Type 2 Diabetes Mellitus,Type 2 Diabetes Mellitus,Type 2 Diabetes Mellitus,2020,CHRONIC,1
MH_042-S07-020_382,042-S07-020,S07,Essential Hypertension,Essential Hypertension,Essential Hypertension,2021,CHRONIC,1
MH_042-S08-001_383,042-S08-001,S08,Hyperlipidemia,Hyperlipidemia,Hyperlipidemia,2022,CHRONIC,1
MH_042-S08-002_384,042-S08-002,S08,Diabetic Neuropathy,Diabetic Neuropathy,Diabetic Neuropathy,2023,CHRONIC,1
MH_042-S08-003_385,042-S08-003,S08,Obesity,Obesity,Obesity,2018,CHRONIC,1
MH_042-S08-004_386,042-S08-004,S08,Type 2 Diabetes Mellitus,Type 2 Diabetes Mellitus,Type 2 Diabetes Mellitus,2019,CHRONIC,1
MH_042-S08-005_387,042-S08-005,S08,Essential Hypertension,Essential Hypertension,Essential Hypertension,2020,CHRONIC,1
MH_042-S08-006_388,042-S08-006,S08,Hyperlipidemia,Hyperlipidemia,Hyperlipidemia,2021,CHRONIC,1
MH_042-S08-007_389,042-S08-007,S08,Diabetic Neuropathy,Diabetic Neuropathy,Diabetic Neuropathy,2022,CHRONIC,1
MH_042-S08-008_390,042-S08-008,S08,Obesity,Obesity,Obesity,2023,CHRONIC,1
MH_042-S08-009_391,042-S08-009,S08,Type 2 Diabetes Mellitus,Type 2 Diabetes Mellitus,Type 2 Diabetes Mellitus,2018,CHRONIC,1
MH_042-S08-010_392,042-S08-010,S08,Essential Hypertension,Essential Hypertension,Essential Hypertension,2019,CHRONIC,1
MH_042-S08-011_393,042-S08-011,S08,Hyperlipidemia,Hyperlipidemia,Hyperlipidemia,2020,CHRONIC,1
MH_042-S08-012_394,042-S08-012,S08,Diabetic Neuropathy,Diabetic Neuropathy,Diabetic Neuropathy,2021,CHRONIC,1
MH_042-S08-013_395,042-S08-013,S08,Obesity,Obesity,Obesity,2022,CHRONIC,1
MH_042-S08-014_396,042-S08-014,S08,Type 2 Diabetes Mellitus,Type 2 Diabetes Mellitus,Type 2 Diabetes Mellitus,2023,CHRONIC,1
MH_042-S08-015_397,042-S08-015,S08,Essential Hypertension,Essential Hypertension,Essential Hypertension,2018,CHRONIC,1
MH_042-S08-016_398,042-S08-016,S08,Hyperlipidemia,Hyperlipidemia,Hyperlipidemia,2019,CHRONIC,1
MH_042-S08-017_399,042-S08-017,S08,Diabetic Neuropathy,Diabetic Neuropathy,Diabetic Neuropathy,2020,CHRONIC,1
MH_042-S08-018_400,042-S08-018,S08,Obesity,Obesity,Obesity,2021,CHRONIC,1
MH_042-S08-019_401,042-S08-019,S08,Type 2 Diabetes Mellitus,Type 2 Diabetes Mellitus,Type 2 Diabetes Mellitus,2022,CHRONIC,1
MH_042-S08-020_402,042-S08-020,S08,Essential Hypertension,Essential Hypertension,Essential Hypertension,2023,CHRONIC,1
MH_042-S09-001_403,042-S09-001,S09,Hyperlipidemia,Hyperlipidemia,Hyperlipidemia,2018,CHRONIC,9
MH_042-S09-002_404,042-S09-002,S09,Diabetic Neuropathy,Diabetic Neuropathy,Diabetic Neuropathy,2019,CHRONIC,9
MH_042-S09-003_405,042-S09-003,S09,Obesity,Obesity,Obesity,2020,CHRONIC,9
MH_042-S09-004_406,042-S09-004,S09,Type 2 Diabetes Mellitus,Type 2 Diabetes Mellitus,Type 2 Diabetes Mellitus,2021,CHRONIC,9
MH_042-S09-005_407,042-S09-005,S09,Essential Hypertension,Essential Hypertension,Essential Hypertension,2022,CHRONIC,9
MH_042-S09-006_408,042-S09-006,S09,Hyperlipidemia,Hyperlipidemia,Hyperlipidemia,2023,CHRONIC,9
MH_042-S09-007_409,042-S09-007,S09,Diabetic Neuropathy,Diabetic Neuropathy,Diabetic Neuropathy,2018,CHRONIC,9
MH_042-S09-008_410,042-S09-008,S09,Obesity,Obesity,Obesity,2019,CHRONIC,9
MH_042-S09-009_411,042-S09-009,S09,Type 2 Diabetes Mellitus,Type 2 Diabetes Mellitus,Type 2 Diabetes Mellitus,2020,CHRONIC,9
MH_042-S09-010_412,042-S09-010,S09,Essential Hypertension,Essential Hypertension,Essential Hypertension,2021,CHRONIC,9
MH_042-S09-011_413,042-S09-011,S09,Hyperlipidemia,Hyperlipidemia,Hyperlipidemia,2022,CHRONIC,9
MH_042-S09-012_414,042-S09-012,S09,Diabetic Neuropathy,Diabetic Neuropathy,Diabetic Neuropathy,2023,CHRONIC,9
MH_042-S09-013_415,042-S09-013,S09,Obesity,Obesity,Obesity,2018,CHRONIC,9
MH_042-S09-014_416,042-S09-014,S09,Type 2 Diabetes Mellitus,Type 2 Diabetes Mellitus,Type 2 Diabetes Mellitus,2019,CHRONIC,9
MH_042-S09-015_417,042-S09-015,S09,Essential Hypertension,Essential Hypertension,Essential Hypertension,2020,CHRONIC,9
MH_042-S09-016_418,042-S09-016,S09,Hyperlipidemia,Hyperlipidemia,Hyperlipidemia,2021,CHRONIC,9
MH_042-S09-017_419,042-S09-017,S09,Diabetic Neuropathy,Diabetic Neuropathy,Diabetic Neuropathy,2022,CHRONIC,9
MH_042-S09-018_420,042-S09-018,S09,Obesity,Obesity,Obesity,2023,CHRONIC,9
MH_042-S09-019_421,042-S09-019,S09,Type 2 Diabetes Mellitus,Type 2 Diabetes Mellitus,Type 2 Diabetes Mellitus,2018,CHRONIC,9
MH_042-S09-020_422,042-S09-020,S09,Essential Hypertension,Essential Hypertension,Essential Hypertension,2019,CHRONIC,9
MH_042-S10-001_423,042-S10-001,S10,Hyperlipidemia,Hyperlipidemia,Hyperlipidemia,2020,CHRONIC,1
MH_042-S10-002_424,042-S10-002,S10,Diabetic Neuropathy,Diabetic Neuropathy,Diabetic Neuropathy,2021,CHRONIC,1
MH_042-S10-003_425,042-S10-003,S10,Obesity,Obesity,Obesity,2022,CHRONIC,1
MH_042-S10-004_426,042-S10-004,S10,Type 2 Diabetes Mellitus,Type 2 Diabetes Mellitus,Type 2 Diabetes Mellitus,2023,CHRONIC,1
MH_042-S10-005_427,042-S10-005,S10,Essential Hypertension,Essential Hypertension,Essential Hypertension,2018,CHRONIC,1
MH_042-S10-006_428,042-S10-006,S10,Hyperlipidemia,Hyperlipidemia,Hyperlipidemia,2019,CHRONIC,1
MH_042-S10-007_429,042-S10-007,S10,Diabetic Neuropathy,Diabetic Neuropathy,Diabetic Neuropathy,2020,CHRONIC,1
MH_042-S10-008_430,042-S10-008,S10,Obesity,Obesity,Obesity,2021,CHRONIC,1
MH_042-S10-009_431,042-S10-009,S10,Type 2 Diabetes Mellitus,Type 2 Diabetes Mellitus,Type 2 Diabetes Mellitus,2022,CHRONIC,1
MH_042-S10-010_432,042-S10-010,S10,Essential Hypertension,Essential Hypertension,Essential Hypertension,2023,CHRONIC,1
MH_042-S10-011_433,042-S10-011,S10,Hyperlipidemia,Hyperlipidemia,Hyperlipidemia,2018,CHRONIC,1
MH_042-S10-012_434,042-S10-012,S10,Diabetic Neuropathy,Diabetic Neuropathy,Diabetic Neuropathy,2019,CHRONIC,1
MH_042-S10-013_435,042-S10-013,S10,Obesity,Obesity,Obesity,2020,CHRONIC,1
MH_042-S10-014_436,042-S10-014,S10,Type 2 Diabetes Mellitus,Type 2 Diabetes Mellitus,Type 2 Diabetes Mellitus,2021,CHRONIC,1
MH_042-S10-015_437,042-S10-015,S10,Essential Hypertension,Essential Hypertension,Essential Hypertension,2022,CHRONIC,1
MH_042-S10-016_438,042-S10-016,S10,Hyperlipidemia,Hyperlipidemia,Hyperlipidemia,2023,CHRONIC,1
MH_042-S10-017_439,042-S10-017,S10,Diabetic Neuropathy,Diabetic Neuropathy,Diabetic Neuropathy,2018,CHRONIC,1
MH_042-S10-018_440,042-S10-018,S10,Obesity,Obesity,Obesity,2019,CHRONIC,1
MH_042-S10-019_441,042-S10-019,S10,Type 2 Diabetes Mellitus,Type 2 Diabetes Mellitus,Type 2 Diabetes Mellitus,2020,CHRONIC,1
MH_042-S10-020_442,042-S10-020,S10,Essential Hypertension,Essential Hypertension,Essential Hypertension,2021,CHRONIC,1
MH_042-S11-001_443,042-S11-001,S11,Hyperlipidemia,Hyperlipidemia,Hyperlipidemia,2022,CHRONIC,1
MH_042-S11-002_444,042-S11-002,S11,Diabetic Neuropathy,Diabetic Neuropathy,Diabetic Neuropathy,2023,CHRONIC,1
MH_042-S11-003_445,042-S11-003,S11,Obesity,Obesity,Obesity,2018,CHRONIC,1
MH_042-S11-004_446,042-S11-004,S11,Type 2 Diabetes Mellitus,Type 2 Diabetes Mellitus,Type 2 Diabetes Mellitus,2019,CHRONIC,1
MH_042-S11-005_447,042-S11-005,S11,Essential Hypertension,Essential Hypertension,Essential Hypertension,2020,CHRONIC,1
MH_042-S11-006_448,042-S11-006,S11,Hyperlipidemia,Hyperlipidemia,Hyperlipidemia,2021,CHRONIC,1
MH_042-S11-007_449,042-S11-007,S11,Diabetic Neuropathy,Diabetic Neuropathy,Diabetic Neuropathy,2022,CHRONIC,1
MH_042-S11-008_450,042-S11-008,S11,Obesity,Obesity,Obesity,2023,CHRONIC,1
MH_042-S11-009_451,042-S11-009,S11,Type 2 Diabetes Mellitus,Type 2 Diabetes Mellitus,Type 2 Diabetes Mellitus,2018,CHRONIC,1
MH_042-S11-010_452,042-S11-010,S11,Essential Hypertension,Essential Hypertension,Essential Hypertension,2019,CHRONIC,1
MH_042-S11-011_453,042-S11-011,S11,Hyperlipidemia,Hyperlipidemia,Hyperlipidemia,2020,CHRONIC,1
MH_042-S11-012_454,042-S11-012,S11,Diabetic Neuropathy,Diabetic Neuropathy,Diabetic Neuropathy,2021,CHRONIC,1
MH_042-S11-013_455,042-S11-013,S11,Obesity,Obesity,Obesity,2022,CHRONIC,1
MH_042-S11-014_456,042-S11-014,S11,Type 2 Diabetes Mellitus,Type 2 Diabetes Mellitus,Type 2 Diabetes Mellitus,2023,CHRONIC,1
MH_042-S11-015_457,042-S11-015,S11,Essential Hypertension,Essential Hypertension,Essential Hypertension,2018,CHRONIC,1
MH_042-S11-016_458,042-S11-016,S11,Hyperlipidemia,Hyperlipidemia,Hyperlipidemia,2019,CHRONIC,1
MH_042-S11-017_459,042-S11-017,S11,Diabetic Neuropathy,Diabetic Neuropathy,Diabetic Neuropathy,2020,CHRONIC,1
MH_042-S11-018_460,042-S11-018,S11,Obesity,Obesity,Obesity,2021,CHRONIC,1
MH_042-S11-019_461,042-S11-019,S11,Type 2 Diabetes Mellitus,Type 2 Diabetes Mellitus,Type 2 Diabetes Mellitus,2022,CHRONIC,1
MH_042-S11-020_462,042-S11-020,S11,Essential Hypertension,Essential Hypertension,Essential Hypertension,2023,CHRONIC,1
MH_042-S12-001_463,042-S12-001,S12,Hyperlipidemia,Hyperlipidemia,Hyperlipidemia,2018,CHRONIC,1
MH_042-S12-002_464,042-S12-002,S12,Diabetic Neuropathy,Diabetic Neuropathy,Diabetic Neuropathy,2019,CHRONIC,1
MH_042-S12-003_465,042-S12-003,S12,Obesity,Obesity,Obesity,2020,CHRONIC,1
MH_042-S12-004_466,042-S12-004,S12,Type 2 Diabetes Mellitus,Type 2 Diabetes Mellitus,Type 2 Diabetes Mellitus,2021,CHRONIC,1
MH_042-S12-005_467,042-S12-005,S12,Essential Hypertension,Essential Hypertension,Essential Hypertension,2022,CHRONIC,1
MH_042-S12-006_468,042-S12-006,S12,Hyperlipidemia,Hyperlipidemia,Hyperlipidemia,2023,CHRONIC,1
MH_042-S12-007_469,042-S12-007,S12,Diabetic Neuropathy,Diabetic Neuropathy,Diabetic Neuropathy,2018,CHRONIC,1
MH_042-S12-008_470,042-S12-008,S12,Obesity,Obesity,Obesity,2019,CHRONIC,1
MH_042-S12-009_471,042-S12-009,S12,Type 2 Diabetes Mellitus,Type 2 Diabetes Mellitus,Type 2 Diabetes Mellitus,2020,CHRONIC,1
MH_042-S12-010_472,042-S12-010,S12,Essential Hypertension,Essential Hypertension,Essential Hypertension,2021,CHRONIC,1
MH_042-S12-011_473,042-S12-011,S12,Hyperlipidemia,Hyperlipidemia,Hyperlipidemia,2022,CHRONIC,1
MH_042-S12-012_474,042-S12-012,S12,Diabetic Neuropathy,Diabetic Neuropathy,Diabetic Neuropathy,2023,CHRONIC,1
MH_042-S12-013_475,042-S12-013,S12,Obesity,Obesity,Obesity,2018,CHRONIC,1
MH_042-S12-014_476,042-S12-014,S12,Type 2 Diabetes Mellitus,Type 2 Diabetes Mellitus,Type 2 Diabetes Mellitus,2019,CHRONIC,1
MH_042-S12-015_477,042-S12-015,S12,Essential Hypertension,Essential Hypertension,Essential Hypertension,2020,CHRONIC,1
MH_042-S12-016_478,042-S12-016,S12,Hyperlipidemia,Hyperlipidemia,Hyperlipidemia,2021,CHRONIC,1
MH_042-S12-017_479,042-S12-017,S12,Diabetic Neuropathy,Diabetic Neuropathy,Diabetic Neuropathy,2022,CHRONIC,1
MH_042-S12-018_480,042-S12-018,S12,Obesity,Obesity,Obesity,2023,CHRONIC,1
MH_042-S12-019_481,042-S12-019,S12,Type 2 Diabetes Mellitus,Type 2 Diabetes Mellitus,Type 2 Diabetes Mellitus,2018,CHRONIC,1
MH_042-S12-020_482,042-S12-020,S12,Essential Hypertension,Essential Hypertension,Essential Hypertension,2019,CHRONIC,1
MH_042-S01-001_483,042-S01-001,S01,Hyperlipidemia,Hyperlipidemia,Hyperlipidemia,2020,CHRONIC,1
MH_042-S01-002_484,042-S01-002,S01,Diabetic Neuropathy,Diabetic Neuropathy,Diabetic Neuropathy,2021,CHRONIC,1
MH_042-S01-003_485,042-S01-003,S01,Obesity,Obesity,Obesity,2022,CHRONIC,1
MH_042-S01-004_486,042-S01-004,S01,Type 2 Diabetes Mellitus,Type 2 Diabetes Mellitus,Type 2 Diabetes Mellitus,2023,CHRONIC,1
MH_042-S01-005_487,042-S01-005,S01,Essential Hypertension,Essential Hypertension,Essential Hypertension,2018,CHRONIC,1
MH_042-S01-006_488,042-S01-006,S01,Hyperlipidemia,Hyperlipidemia,Hyperlipidemia,2019,CHRONIC,1
MH_042-S01-007_489,042-S01-007,S01,Diabetic Neuropathy,Diabetic Neuropathy,Diabetic Neuropathy,2020,CHRONIC,1
MH_042-S01-008_490,042-S01-008,S01,Obesity,Obesity,Obesity,2021,CHRONIC,1
MH_042-S01-009_491,042-S01-009,S01,Type 2 Diabetes Mellitus,Type 2 Diabetes Mellitus,Type 2 Diabetes Mellitus,2022,CHRONIC,1
MH_042-S01-010_492,042-S01-010,S01,Essential Hypertension,Essential Hypertension,Essential Hypertension,2023,CHRONIC,1
MH_042-S01-011_493,042-S01-011,S01,Hyperlipidemia,Hyperlipidemia,Hyperlipidemia,2018,CHRONIC,1
MH_042-S01-012_494,042-S01-012,S01,Diabetic Neuropathy,Diabetic Neuropathy,Diabetic Neuropathy,2019,CHRONIC,1
MH_042-S01-013_495,042-S01-013,S01,Obesity,Obesity,Obesity,2020,CHRONIC,1
MH_042-S01-014_496,042-S01-014,S01,Type 2 Diabetes Mellitus,Type 2 Diabetes Mellitus,Type 2 Diabetes Mellitus,2021,CHRONIC,1
MH_042-S01-015_497,042-S01-015,S01,Essential Hypertension,Essential Hypertension,Essential Hypertension,2022,CHRONIC,1
MH_042-S01-016_498,042-S01-016,S01,Hyperlipidemia,Hyperlipidemia,Hyperlipidemia,2023,CHRONIC,1
MH_042-S01-017_499,042-S01-017,S01,Diabetic Neuropathy,Diabetic Neuropathy,Diabetic Neuropathy,2018,CHRONIC,1
MH_042-S01-018_500,042-S01-018,S01,Obesity,Obesity,Obesity,2019,CHRONIC,1
MH_042-S01-019_501,042-S01-019,S01,Type 2 Diabetes Mellitus,Type 2 Diabetes Mellitus,Type 2 Diabetes Mellitus,2020,CHRONIC,1
MH_042-S01-020_502,042-S01-020,S01,Essential Hypertension,Essential Hypertension,Essential Hypertension,2021,CHRONIC,1
MH_042-S01-021_503,042-S01-021,S01,Hyperlipidemia,Hyperlipidemia,Hyperlipidemia,2022,CHRONIC,1
MH_042-S02-001_504,042-S02-001,S02,Diabetic Neuropathy,Diabetic Neuropathy,Diabetic Neuropathy,2023,CHRONIC,1
MH_042-S02-002_505,042-S02-002,S02,Obesity,Obesity,Obesity,2018,CHRONIC,1
MH_042-S02-003_506,042-S02-003,S02,Type 2 Diabetes Mellitus,Type 2 Diabetes Mellitus,Type 2 Diabetes Mellitus,2019,CHRONIC,1
MH_042-S02-004_507,042-S02-004,S02,Essential Hypertension,Essential Hypertension,Essential Hypertension,2020,CHRONIC,1
MH_042-S02-005_508,042-S02-005,S02,Hyperlipidemia,Hyperlipidemia,Hyperlipidemia,2021,CHRONIC,1
MH_042-S02-006_509,042-S02-006,S02,Diabetic Neuropathy,Diabetic Neuropathy,Diabetic Neuropathy,2022,CHRONIC,1
MH_042-S02-007_510,042-S02-007,S02,Obesity,Obesity,Obesity,2023,CHRONIC,1
MH_042-S02-008_511,042-S02-008,S02,Type 2 Diabetes Mellitus,Type 2 Diabetes Mellitus,Type 2 Diabetes Mellitus,2018,CHRONIC,1
MH_042-S02-009_512,042-S02-009,S02,Essential Hypertension,Essential Hypertension,Essential Hypertension,2019,CHRONIC,1
MH_042-S02-010_513,042-S02-010,S02,Hyperlipidemia,Hyperlipidemia,Hyperlipidemia,2020,CHRONIC,1
MH_042-S02-011_514,042-S02-011,S02,Diabetic Neuropathy,Diabetic Neuropathy,Diabetic Neuropathy,2021,CHRONIC,1
MH_042-S02-012_515,042-S02-012,S02,Obesity,Obesity,Obesity,2022,CHRONIC,1
MH_042-S02-013_516,042-S02-013,S02,Type 2 Diabetes Mellitus,Type 2 Diabetes Mellitus,Type 2 Diabetes Mellitus,2023,CHRONIC,1
MH_042-S02-014_517,042-S02-014,S02,Essential Hypertension,Essential Hypertension,Essential Hypertension,2018,CHRONIC,1
MH_042-S02-015_518,042-S02-015,S02,Hyperlipidemia,Hyperlipidemia,Hyperlipidemia,2019,CHRONIC,1
MH_042-S02-016_519,042-S02-016,S02,Diabetic Neuropathy,Diabetic Neuropathy,Diabetic Neuropathy,2020,CHRONIC,1
MH_042-S02-017_520,042-S02-017,S02,Obesity,Obesity,Obesity,2021,CHRONIC,1
MH_042-S02-018_521,042-S02-018,S02,Type 2 Diabetes Mellitus,Type 2 Diabetes Mellitus,Type 2 Diabetes Mellitus,2022,CHRONIC,1
MH_042-S02-019_522,042-S02-019,S02,Essential Hypertension,Essential Hypertension,Essential Hypertension,2023,CHRONIC,1
MH_042-S02-020_523,042-S02-020,S02,Hyperlipidemia,Hyperlipidemia,Hyperlipidemia,2018,CHRONIC,1
MH_042-S03-001_524,042-S03-001,S03,Diabetic Neuropathy,Diabetic Neuropathy,Diabetic Neuropathy,2019,CHRONIC,1
MH_042-S03-002_525,042-S03-002,S03,Obesity,Obesity,Obesity,2020,CHRONIC,1
MH_042-S03-003_526,042-S03-003,S03,Type 2 Diabetes Mellitus,Type 2 Diabetes Mellitus,Type 2 Diabetes Mellitus,2021,CHRONIC,1
MH_042-S03-004_527,042-S03-004,S03,Essential Hypertension,Essential Hypertension,Essential Hypertension,2022,CHRONIC,1
MH_042-S03-005_528,042-S03-005,S03,Hyperlipidemia,Hyperlipidemia,Hyperlipidemia,2023,CHRONIC,1
MH_042-S03-006_529,042-S03-006,S03,Diabetic Neuropathy,Diabetic Neuropathy,Diabetic Neuropathy,2018,CHRONIC,1
MH_042-S03-007_530,042-S03-007,S03,Obesity,Obesity,Obesity,2019,CHRONIC,1
MH_042-S03-008_531,042-S03-008,S03,Type 2 Diabetes Mellitus,Type 2 Diabetes Mellitus,Type 2 Diabetes Mellitus,2020,CHRONIC,1
MH_042-S03-009_532,042-S03-009,S03,Essential Hypertension,Essential Hypertension,Essential Hypertension,2021,CHRONIC,1
MH_042-S03-010_533,042-S03-010,S03,Hyperlipidemia,Hyperlipidemia,Hyperlipidemia,2022,CHRONIC,1
MH_042-S03-011_534,042-S03-011,S03,Diabetic Neuropathy,Diabetic Neuropathy,Diabetic Neuropathy,2023,CHRONIC,1
MH_042-S03-012_535,042-S03-012,S03,Obesity,Obesity,Obesity,2018,CHRONIC,1
MH_042-S03-013_536,042-S03-013,S03,Type 2 Diabetes Mellitus,Type 2 Diabetes Mellitus,Type 2 Diabetes Mellitus,2019,CHRONIC,1
MH_042-S03-014_537,042-S03-014,S03,Essential Hypertension,Essential Hypertension,Essential Hypertension,2020,CHRONIC,1
MH_042-S03-015_538,042-S03-015,S03,Hyperlipidemia,Hyperlipidemia,Hyperlipidemia,2021,CHRONIC,1
MH_042-S03-016_539,042-S03-016,S03,Diabetic Neuropathy,Diabetic Neuropathy,Diabetic Neuropathy,2022,CHRONIC,1
MH_042-S03-017_540,042-S03-017,S03,Obesity,Obesity,Obesity,2023,CHRONIC,1
MH_042-S03-018_541,042-S03-018,S03,Type 2 Diabetes Mellitus,Type 2 Diabetes Mellitus,Type 2 Diabetes Mellitus,2018,CHRONIC,1
MH_042-S03-019_542,042-S03-019,S03,Essential Hypertension,Essential Hypertension,Essential Hypertension,2019,CHRONIC,1
MH_042-S03-020_543,042-S03-020,S03,Hyperlipidemia,Hyperlipidemia,Hyperlipidemia,2020,CHRONIC,1
MH_042-S04-001_544,042-S04-001,S04,Diabetic Neuropathy,Diabetic Neuropathy,Diabetic Neuropathy,2021,CHRONIC,6
MH_042-S04-002_545,042-S04-002,S04,Obesity,Obesity,Obesity,2022,CHRONIC,6
MH_042-S04-003_546,042-S04-003,S04,Type 2 Diabetes Mellitus,Type 2 Diabetes Mellitus,Type 2 Diabetes Mellitus,2023,CHRONIC,6
MH_042-S04-004_547,042-S04-004,S04,Essential Hypertension,Essential Hypertension,Essential Hypertension,2018,CHRONIC,6
MH_042-S04-005_548,042-S04-005,S04,Hyperlipidemia,Hyperlipidemia,Hyperlipidemia,2019,CHRONIC,6
MH_042-S04-006_549,042-S04-006,S04,Diabetic Neuropathy,Diabetic Neuropathy,Diabetic Neuropathy,2020,CHRONIC,6
MH_042-S04-007_550,042-S04-007,S04,Obesity,Obesity,Obesity,2021,CHRONIC,6
MH_042-S04-008_551,042-S04-008,S04,Type 2 Diabetes Mellitus,Type 2 Diabetes Mellitus,Type 2 Diabetes Mellitus,2022,CHRONIC,6
MH_042-S04-009_552,042-S04-009,S04,Essential Hypertension,Essential Hypertension,Essential Hypertension,2023,CHRONIC,6
MH_042-S04-010_553,042-S04-010,S04,Hyperlipidemia,Hyperlipidemia,Hyperlipidemia,2018,CHRONIC,6
MH_042-S04-011_554,042-S04-011,S04,Diabetic Neuropathy,Diabetic Neuropathy,Diabetic Neuropathy,2019,CHRONIC,6
MH_042-S04-012_555,042-S04-012,S04,Obesity,Obesity,Obesity,2020,CHRONIC,6
MH_042-S04-013_556,042-S04-013,S04,Type 2 Diabetes Mellitus,Type 2 Diabetes Mellitus,Type 2 Diabetes Mellitus,2021,CHRONIC,6
MH_042-S04-014_557,042-S04-014,S04,Essential Hypertension,Essential Hypertension,Essential Hypertension,2022,CHRONIC,6
MH_042-S04-015_558,042-S04-015,S04,Hyperlipidemia,Hyperlipidemia,Hyperlipidemia,2023,CHRONIC,6
MH_042-S04-016_559,042-S04-016,S04,Diabetic Neuropathy,Diabetic Neuropathy,Diabetic Neuropathy,2018,CHRONIC,6
MH_042-S04-017_560,042-S04-017,S04,Obesity,Obesity,Obesity,2019,CHRONIC,6
MH_042-S04-018_561,042-S04-018,S04,Type 2 Diabetes Mellitus,Type 2 Diabetes Mellitus,Type 2 Diabetes Mellitus,2020,CHRONIC,6
MH_042-S04-019_562,042-S04-019,S04,Essential Hypertension,Essential Hypertension,Essential Hypertension,2021,CHRONIC,6
MH_042-S04-020_563,042-S04-020,S04,Hyperlipidemia,Hyperlipidemia,Hyperlipidemia,2022,CHRONIC,6
MH_042-S05-001_564,042-S05-001,S05,Diabetic Neuropathy,Diabetic Neuropathy,Diabetic Neuropathy,2023,CHRONIC,1
MH_042-S05-002_565,042-S05-002,S05,Obesity,Obesity,Obesity,2018,CHRONIC,1
MH_042-S05-003_566,042-S05-003,S05,Type 2 Diabetes Mellitus,Type 2 Diabetes Mellitus,Type 2 Diabetes Mellitus,2019,CHRONIC,1
MH_042-S05-004_567,042-S05-004,S05,Essential Hypertension,Essential Hypertension,Essential Hypertension,2020,CHRONIC,1
MH_042-S05-005_568,042-S05-005,S05,Hyperlipidemia,Hyperlipidemia,Hyperlipidemia,2021,CHRONIC,1
MH_042-S05-006_569,042-S05-006,S05,Diabetic Neuropathy,Diabetic Neuropathy,Diabetic Neuropathy,2022,CHRONIC,1
MH_042-S05-007_570,042-S05-007,S05,Obesity,Obesity,Obesity,2023,CHRONIC,1
MH_042-S05-008_571,042-S05-008,S05,Type 2 Diabetes Mellitus,Type 2 Diabetes Mellitus,Type 2 Diabetes Mellitus,2018,CHRONIC,1
MH_042-S05-009_572,042-S05-009,S05,Essential Hypertension,Essential Hypertension,Essential Hypertension,2019,CHRONIC,1
MH_042-S05-010_573,042-S05-010,S05,Hyperlipidemia,Hyperlipidemia,Hyperlipidemia,2020,CHRONIC,1
MH_042-S05-011_574,042-S05-011,S05,Diabetic Neuropathy,Diabetic Neuropathy,Diabetic Neuropathy,2021,CHRONIC,1
MH_042-S05-012_575,042-S05-012,S05,Obesity,Obesity,Obesity,2022,CHRONIC,1
MH_042-S05-013_576,042-S05-013,S05,Type 2 Diabetes Mellitus,Type 2 Diabetes Mellitus,Type 2 Diabetes Mellitus,2023,CHRONIC,1
MH_042-S05-014_577,042-S05-014,S05,Essential Hypertension,Essential Hypertension,Essential Hypertension,2018,CHRONIC,1
MH_042-S05-015_578,042-S05-015,S05,Hyperlipidemia,Hyperlipidemia,Hyperlipidemia,2019,CHRONIC,1
MH_042-S05-016_579,042-S05-016,S05,Diabetic Neuropathy,Diabetic Neuropathy,Diabetic Neuropathy,2020,CHRONIC,1
MH_042-S05-017_580,042-S05-017,S05,Obesity,Obesity,Obesity,2021,CHRONIC,1
MH_042-S05-018_581,042-S05-018,S05,Type 2 Diabetes Mellitus,Type 2 Diabetes Mellitus,Type 2 Diabetes Mellitus,2022,CHRONIC,1
MH_042-S05-019_582,042-S05-019,S05,Essential Hypertension,Essential Hypertension,Essential Hypertension,2023,CHRONIC,1
MH_042-S05-020_583,042-S05-020,S05,Hyperlipidemia,Hyperlipidemia,Hyperlipidemia,2018,CHRONIC,1
MH_042-S06-001_584,042-S06-001,S06,Diabetic Neuropathy,Diabetic Neuropathy,Diabetic Neuropathy,2019,CHRONIC,1
MH_042-S06-002_585,042-S06-002,S06,Obesity,Obesity,Obesity,2020,CHRONIC,1
MH_042-S06-003_586,042-S06-003,S06,Type 2 Diabetes Mellitus,Type 2 Diabetes Mellitus,Type 2 Diabetes Mellitus,2021,CHRONIC,1
MH_042-S06-004_587,042-S06-004,S06,Essential Hypertension,Essential Hypertension,Essential Hypertension,2022,CHRONIC,1
MH_042-S06-005_588,042-S06-005,S06,Hyperlipidemia,Hyperlipidemia,Hyperlipidemia,2023,CHRONIC,1
MH_042-S06-006_589,042-S06-006,S06,Diabetic Neuropathy,Diabetic Neuropathy,Diabetic Neuropathy,2018,CHRONIC,1
MH_042-S06-007_590,042-S06-007,S06,Obesity,Obesity,Obesity,2019,CHRONIC,1
MH_042-S06-008_591,042-S06-008,S06,Type 2 Diabetes Mellitus,Type 2 Diabetes Mellitus,Type 2 Diabetes Mellitus,2020,CHRONIC,1
MH_042-S06-009_592,042-S06-009,S06,Essential Hypertension,Essential Hypertension,Essential Hypertension,2021,CHRONIC,1
MH_042-S06-010_593,042-S06-010,S06,Hyperlipidemia,Hyperlipidemia,Hyperlipidemia,2022,CHRONIC,1
MH_042-S06-011_594,042-S06-011,S06,Diabetic Neuropathy,Diabetic Neuropathy,Diabetic Neuropathy,2023,CHRONIC,1
MH_042-S06-012_595,042-S06-012,S06,Obesity,Obesity,Obesity,2018,CHRONIC,1
MH_042-S06-013_596,042-S06-013,S06,Type 2 Diabetes Mellitus,Type 2 Diabetes Mellitus,Type 2 Diabetes Mellitus,2019,CHRONIC,1
MH_042-S06-014_597,042-S06-014,S06,Essential Hypertension,Essential Hypertension,Essential Hypertension,2020,CHRONIC,1
MH_042-S06-015_598,042-S06-015,S06,Hyperlipidemia,Hyperlipidemia,Hyperlipidemia,2021,CHRONIC,1
MH_042-S06-016_599,042-S06-016,S06,Diabetic Neuropathy,Diabetic Neuropathy,Diabetic Neuropathy,2022,CHRONIC,1
MH_042-S06-017_600,042-S06-017,S06,Obesity,Obesity,Obesity,2023,CHRONIC,1
MH_042-S06-018_601,042-S06-018,S06,Type 2 Diabetes Mellitus,Type 2 Diabetes Mellitus,Type 2 Diabetes Mellitus,2018,CHRONIC,1
MH_042-S06-019_602,042-S06-019,S06,Essential Hypertension,Essential Hypertension,Essential Hypertension,2019,CHRONIC,1
MH_042-S06-020_603,042-S06-020,S06,Hyperlipidemia,Hyperlipidemia,Hyperlipidemia,2020,CHRONIC,1
MH_042-S07-001_604,042-S07-001,S07,Diabetic Neuropathy,Diabetic Neuropathy,Diabetic Neuropathy,2021,CHRONIC,1
MH_042-S07-002_605,042-S07-002,S07,Obesity,Obesity,Obesity,2022,CHRONIC,1
MH_042-S07-003_606,042-S07-003,S07,Type 2 Diabetes Mellitus,Type 2 Diabetes Mellitus,Type 2 Diabetes Mellitus,2023,CHRONIC,1
MH_042-S07-004_607,042-S07-004,S07,Essential Hypertension,Essential Hypertension,Essential Hypertension,2018,CHRONIC,1
MH_042-S07-005_608,042-S07-005,S07,Hyperlipidemia,Hyperlipidemia,Hyperlipidemia,2019,CHRONIC,1
MH_042-S07-006_609,042-S07-006,S07,Diabetic Neuropathy,Diabetic Neuropathy,Diabetic Neuropathy,2020,CHRONIC,1
MH_042-S07-007_610,042-S07-007,S07,Obesity,Obesity,Obesity,2021,CHRONIC,1
MH_042-S07-008_611,042-S07-008,S07,Type 2 Diabetes Mellitus,Type 2 Diabetes Mellitus,Type 2 Diabetes Mellitus,2022,CHRONIC,1
MH_042-S07-009_612,042-S07-009,S07,Essential Hypertension,Essential Hypertension,Essential Hypertension,2023,CHRONIC,1
MH_042-S07-010_613,042-S07-010,S07,Hyperlipidemia,Hyperlipidemia,Hyperlipidemia,2018,CHRONIC,1
MH_042-S07-011_614,042-S07-011,S07,Diabetic Neuropathy,Diabetic Neuropathy,Diabetic Neuropathy,2019,CHRONIC,1
MH_042-S07-012_615,042-S07-012,S07,Obesity,Obesity,Obesity,2020,CHRONIC,1
MH_042-S07-013_616,042-S07-013,S07,Type 2 Diabetes Mellitus,Type 2 Diabetes Mellitus,Type 2 Diabetes Mellitus,2021,CHRONIC,1
MH_042-S07-014_617,042-S07-014,S07,Essential Hypertension,Essential Hypertension,Essential Hypertension,2022,CHRONIC,1
MH_042-S07-015_618,042-S07-015,S07,Hyperlipidemia,Hyperlipidemia,Hyperlipidemia,2023,CHRONIC,1
MH_042-S07-016_619,042-S07-016,S07,Diabetic Neuropathy,Diabetic Neuropathy,Diabetic Neuropathy,2018,CHRONIC,1
MH_042-S07-017_620,042-S07-017,S07,Obesity,Obesity,Obesity,2019,CHRONIC,1
MH_042-S07-018_621,042-S07-018,S07,Type 2 Diabetes Mellitus,Type 2 Diabetes Mellitus,Type 2 Diabetes Mellitus,2020,CHRONIC,1
MH_042-S07-019_622,042-S07-019,S07,Essential Hypertension,Essential Hypertension,Essential Hypertension,2021,CHRONIC,1
MH_042-S07-020_623,042-S07-020,S07,Hyperlipidemia,Hyperlipidemia,Hyperlipidemia,2022,CHRONIC,1
MH_042-S08-001_624,042-S08-001,S08,Diabetic Neuropathy,Diabetic Neuropathy,Diabetic Neuropathy,2023,CHRONIC,1
MH_042-S08-002_625,042-S08-002,S08,Obesity,Obesity,Obesity,2018,CHRONIC,1
MH_042-S08-003_626,042-S08-003,S08,Type 2 Diabetes Mellitus,Type 2 Diabetes Mellitus,Type 2 Diabetes Mellitus,2019,CHRONIC,1
MH_042-S08-004_627,042-S08-004,S08,Essential Hypertension,Essential Hypertension,Essential Hypertension,2020,CHRONIC,1
MH_042-S08-005_628,042-S08-005,S08,Hyperlipidemia,Hyperlipidemia,Hyperlipidemia,2021,CHRONIC,1
MH_042-S08-006_629,042-S08-006,S08,Diabetic Neuropathy,Diabetic Neuropathy,Diabetic Neuropathy,2022,CHRONIC,1
MH_042-S08-007_630,042-S08-007,S08,Obesity,Obesity,Obesity,2023,CHRONIC,1
MH_042-S08-008_631,042-S08-008,S08,Type 2 Diabetes Mellitus,Type 2 Diabetes Mellitus,Type 2 Diabetes Mellitus,2018,CHRONIC,1
MH_042-S08-009_632,042-S08-009,S08,Essential Hypertension,Essential Hypertension,Essential Hypertension,2019,CHRONIC,1
MH_042-S08-010_633,042-S08-010,S08,Hyperlipidemia,Hyperlipidemia,Hyperlipidemia,2020,CHRONIC,1
MH_042-S08-011_634,042-S08-011,S08,Diabetic Neuropathy,Diabetic Neuropathy,Diabetic Neuropathy,2021,CHRONIC,1
MH_042-S08-012_635,042-S08-012,S08,Obesity,Obesity,Obesity,2022,CHRONIC,1
MH_042-S08-013_636,042-S08-013,S08,Type 2 Diabetes Mellitus,Type 2 Diabetes Mellitus,Type 2 Diabetes Mellitus,2023,CHRONIC,1
MH_042-S08-014_637,042-S08-014,S08,Essential Hypertension,Essential Hypertension,Essential Hypertension,2018,CHRONIC,1
MH_042-S08-015_638,042-S08-015,S08,Hyperlipidemia,Hyperlipidemia,Hyperlipidemia,2019,CHRONIC,1
MH_042-S08-016_639,042-S08-016,S08,Diabetic Neuropathy,Diabetic Neuropathy,Diabetic Neuropathy,2020,CHRONIC,1
MH_042-S08-017_640,042-S08-017,S08,Obesity,Obesity,Obesity,2021,CHRONIC,1
MH_042-S08-018_641,042-S08-018,S08,Type 2 Diabetes Mellitus,Type 2 Diabetes Mellitus,Type 2 Diabetes Mellitus,2022,CHRONIC,1
MH_042-S08-019_642,042-S08-019,S08,Essential Hypertension,Essential Hypertension,Essential Hypertension,2023,CHRONIC,1
MH_042-S08-020_643,042-S08-020,S08,Hyperlipidemia,Hyperlipidemia,Hyperlipidemia,2018,CHRONIC,1
MH_042-S09-001_644,042-S09-001,S09,Diabetic Neuropathy,Diabetic Neuropathy,Diabetic Neuropathy,2019,CHRONIC,9
MH_042-S09-002_645,042-S09-002,S09,Obesity,Obesity,Obesity,2020,CHRONIC,9
MH_042-S09-003_646,042-S09-003,S09,Type 2 Diabetes Mellitus,Type 2 Diabetes Mellitus,Type 2 Diabetes Mellitus,2021,CHRONIC,9
MH_042-S09-004_647,042-S09-004,S09,Essential Hypertension,Essential Hypertension,Essential Hypertension,2022,CHRONIC,9
MH_042-S09-005_648,042-S09-005,S09,Hyperlipidemia,Hyperlipidemia,Hyperlipidemia,2023,CHRONIC,9
MH_042-S09-006_649,042-S09-006,S09,Diabetic Neuropathy,Diabetic Neuropathy,Diabetic Neuropathy,2018,CHRONIC,9
MH_042-S09-007_650,042-S09-007,S09,Obesity,Obesity,Obesity,2019,CHRONIC,9
MH_042-S09-008_651,042-S09-008,S09,Type 2 Diabetes Mellitus,Type 2 Diabetes Mellitus,Type 2 Diabetes Mellitus,2020,CHRONIC,9
MH_042-S09-009_652,042-S09-009,S09,Essential Hypertension,Essential Hypertension,Essential Hypertension,2021,CHRONIC,9
MH_042-S09-010_653,042-S09-010,S09,Hyperlipidemia,Hyperlipidemia,Hyperlipidemia,2022,CHRONIC,9
MH_042-S09-011_654,042-S09-011,S09,Diabetic Neuropathy,Diabetic Neuropathy,Diabetic Neuropathy,2023,CHRONIC,9
MH_042-S09-012_655,042-S09-012,S09,Obesity,Obesity,Obesity,2018,CHRONIC,9
MH_042-S09-013_656,042-S09-013,S09,Type 2 Diabetes Mellitus,Type 2 Diabetes Mellitus,Type 2 Diabetes Mellitus,2019,CHRONIC,9
MH_042-S09-014_657,042-S09-014,S09,Essential Hypertension,Essential Hypertension,Essential Hypertension,2020,CHRONIC,9
MH_042-S09-015_658,042-S09-015,S09,Hyperlipidemia,Hyperlipidemia,Hyperlipidemia,2021,CHRONIC,9
MH_042-S09-016_659,042-S09-016,S09,Diabetic Neuropathy,Diabetic Neuropathy,Diabetic Neuropathy,2022,CHRONIC,9
MH_042-S09-017_660,042-S09-017,S09,Obesity,Obesity,Obesity,2023,CHRONIC,9
MH_042-S09-018_661,042-S09-018,S09,Type 2 Diabetes Mellitus,Type 2 Diabetes Mellitus,Type 2 Diabetes Mellitus,2018,CHRONIC,9
MH_042-S09-019_662,042-S09-019,S09,Essential Hypertension,Essential Hypertension,Essential Hypertension,2019,CHRONIC,9
MH_042-S09-020_663,042-S09-020,S09,Hyperlipidemia,Hyperlipidemia,Hyperlipidemia,2020,CHRONIC,9
MH_042-S10-001_664,042-S10-001,S10,Diabetic Neuropathy,Diabetic Neuropathy,Diabetic Neuropathy,2021,CHRONIC,1
MH_042-S10-002_665,042-S10-002,S10,Obesity,Obesity,Obesity,2022,CHRONIC,1
MH_042-S10-003_666,042-S10-003,S10,Type 2 Diabetes Mellitus,Type 2 Diabetes Mellitus,Type 2 Diabetes Mellitus,2023,CHRONIC,1
MH_042-S10-004_667,042-S10-004,S10,Essential Hypertension,Essential Hypertension,Essential Hypertension,2018,CHRONIC,1
MH_042-S10-005_668,042-S10-005,S10,Hyperlipidemia,Hyperlipidemia,Hyperlipidemia,2019,CHRONIC,1
MH_042-S10-006_669,042-S10-006,S10,Diabetic Neuropathy,Diabetic Neuropathy,Diabetic Neuropathy,2020,CHRONIC,1
MH_042-S10-007_670,042-S10-007,S10,Obesity,Obesity,Obesity,2021,CHRONIC,1
MH_042-S10-008_671,042-S10-008,S10,Type 2 Diabetes Mellitus,Type 2 Diabetes Mellitus,Type 2 Diabetes Mellitus,2022,CHRONIC,1
MH_042-S10-009_672,042-S10-009,S10,Essential Hypertension,Essential Hypertension,Essential Hypertension,2023,CHRONIC,1
MH_042-S10-010_673,042-S10-010,S10,Hyperlipidemia,Hyperlipidemia,Hyperlipidemia,2018,CHRONIC,1
MH_042-S10-011_674,042-S10-011,S10,Diabetic Neuropathy,Diabetic Neuropathy,Diabetic Neuropathy,2019,CHRONIC,1
MH_042-S10-012_675,042-S10-012,S10,Obesity,Obesity,Obesity,2020,CHRONIC,1
MH_042-S10-013_676,042-S10-013,S10,Type 2 Diabetes Mellitus,Type 2 Diabetes Mellitus,Type 2 Diabetes Mellitus,2021,CHRONIC,1
MH_042-S10-014_677,042-S10-014,S10,Essential Hypertension,Essential Hypertension,Essential Hypertension,2022,CHRONIC,1
MH_042-S10-015_678,042-S10-015,S10,Hyperlipidemia,Hyperlipidemia,Hyperlipidemia,2023,CHRONIC,1
MH_042-S10-016_679,042-S10-016,S10,Diabetic Neuropathy,Diabetic Neuropathy,Diabetic Neuropathy,2018,CHRONIC,1
MH_042-S10-017_680,042-S10-017,S10,Obesity,Obesity,Obesity,2019,CHRONIC,1
MH_042-S10-018_681,042-S10-018,S10,Type 2 Diabetes Mellitus,Type 2 Diabetes Mellitus,Type 2 Diabetes Mellitus,2020,CHRONIC,1
MH_042-S10-019_682,042-S10-019,S10,Essential Hypertension,Essential Hypertension,Essential Hypertension,2021,CHRONIC,1
MH_042-S10-020_683,042-S10-020,S10,Hyperlipidemia,Hyperlipidemia,Hyperlipidemia,2022,CHRONIC,1
MH_042-S11-001_684,042-S11-001,S11,Diabetic Neuropathy,Diabetic Neuropathy,Diabetic Neuropathy,2023,CHRONIC,1
MH_042-S11-002_685,042-S11-002,S11,Obesity,Obesity,Obesity,2018,CHRONIC,1
MH_042-S11-003_686,042-S11-003,S11,Type 2 Diabetes Mellitus,Type 2 Diabetes Mellitus,Type 2 Diabetes Mellitus,2019,CHRONIC,1
MH_042-S11-004_687,042-S11-004,S11,Essential Hypertension,Essential Hypertension,Essential Hypertension,2020,CHRONIC,1
MH_042-S11-005_688,042-S11-005,S11,Hyperlipidemia,Hyperlipidemia,Hyperlipidemia,2021,CHRONIC,1
MH_042-S11-006_689,042-S11-006,S11,Diabetic Neuropathy,Diabetic Neuropathy,Diabetic Neuropathy,2022,CHRONIC,1
MH_042-S11-007_690,042-S11-007,S11,Obesity,Obesity,Obesity,2023,CHRONIC,1
MH_042-S11-008_691,042-S11-008,S11,Type 2 Diabetes Mellitus,Type 2 Diabetes Mellitus,Type 2 Diabetes Mellitus,2018,CHRONIC,1
MH_042-S11-009_692,042-S11-009,S11,Essential Hypertension,Essential Hypertension,Essential Hypertension,2019,CHRONIC,1
MH_042-S11-010_693,042-S11-010,S11,Hyperlipidemia,Hyperlipidemia,Hyperlipidemia,2020,CHRONIC,1
MH_042-S11-011_694,042-S11-011,S11,Diabetic Neuropathy,Diabetic Neuropathy,Diabetic Neuropathy,2021,CHRONIC,1
MH_042-S11-012_695,042-S11-012,S11,Obesity,Obesity,Obesity,2022,CHRONIC,1
MH_042-S11-013_696,042-S11-013,S11,Type 2 Diabetes Mellitus,Type 2 Diabetes Mellitus,Type 2 Diabetes Mellitus,2023,CHRONIC,1
MH_042-S11-014_697,042-S11-014,S11,Essential Hypertension,Essential Hypertension,Essential Hypertension,2018,CHRONIC,1
MH_042-S11-015_698,042-S11-015,S11,Hyperlipidemia,Hyperlipidemia,Hyperlipidemia,2019,CHRONIC,1
MH_042-S11-016_699,042-S11-016,S11,Diabetic Neuropathy,Diabetic Neuropathy,Diabetic Neuropathy,2020,CHRONIC,1
MH_042-S11-017_700,042-S11-017,S11,Obesity,Obesity,Obesity,2021,CHRONIC,1
MH_042-S11-018_701,042-S11-018,S11,Type 2 Diabetes Mellitus,Type 2 Diabetes Mellitus,Type 2 Diabetes Mellitus,2022,CHRONIC,1
MH_042-S11-019_702,042-S11-019,S11,Essential Hypertension,Essential Hypertension,Essential Hypertension,2023,CHRONIC,1
MH_042-S11-020_703,042-S11-020,S11,Hyperlipidemia,Hyperlipidemia,Hyperlipidemia,2018,CHRONIC,1
MH_042-S12-001_704,042-S12-001,S12,Diabetic Neuropathy,Diabetic Neuropathy,Diabetic Neuropathy,2019,CHRONIC,1
MH_042-S12-002_705,042-S12-002,S12,Obesity,Obesity,Obesity,2020,CHRONIC,1
MH_042-S12-003_706,042-S12-003,S12,Type 2 Diabetes Mellitus,Type 2 Diabetes Mellitus,Type 2 Diabetes Mellitus,2021,CHRONIC,1
MH_042-S12-004_707,042-S12-004,S12,Essential Hypertension,Essential Hypertension,Essential Hypertension,2022,CHRONIC,1
MH_042-S12-005_708,042-S12-005,S12,Hyperlipidemia,Hyperlipidemia,Hyperlipidemia,2023,CHRONIC,1
MH_042-S12-006_709,042-S12-006,S12,Diabetic Neuropathy,Diabetic Neuropathy,Diabetic Neuropathy,2018,CHRONIC,1
MH_042-S12-007_710,042-S12-007,S12,Obesity,Obesity,Obesity,2019,CHRONIC,1
MH_042-S12-008_711,042-S12-008,S12,Type 2 Diabetes Mellitus,Type 2 Diabetes Mellitus,Type 2 Diabetes Mellitus,2020,CHRONIC,1
MH_042-S12-009_712,042-S12-009,S12,Essential Hypertension,Essential Hypertension,Essential Hypertension,2021,CHRONIC,1
MH_042-S12-010_713,042-S12-010,S12,Hyperlipidemia,Hyperlipidemia,Hyperlipidemia,2022,CHRONIC,1
MH_042-S12-011_714,042-S12-011,S12,Diabetic Neuropathy,Diabetic Neuropathy,Diabetic Neuropathy,2023,CHRONIC,1
MH_042-S12-012_715,042-S12-012,S12,Obesity,Obesity,Obesity,2018,CHRONIC,1
MH_042-S12-013_716,042-S12-013,S12,Type 2 Diabetes Mellitus,Type 2 Diabetes Mellitus,Type 2 Diabetes Mellitus,2019,CHRONIC,1
MH_042-S12-014_717,042-S12-014,S12,Essential Hypertension,Essential Hypertension,Essential Hypertension,2020,CHRONIC,1
MH_042-S12-015_718,042-S12-015,S12,Hyperlipidemia,Hyperlipidemia,Hyperlipidemia,2021,CHRONIC,1
MH_042-S12-016_719,042-S12-016,S12,Diabetic Neuropathy,Diabetic Neuropathy,Diabetic Neuropathy,2022,CHRONIC,1
MH_042-S12-017_720,042-S12-017,S12,Obesity,Obesity,Obesity,2023,CHRONIC,1
MH_042-S12-018_721,042-S12-018,S12,Type 2 Diabetes Mellitus,Type 2 Diabetes Mellitus,Type 2 Diabetes Mellitus,2018,CHRONIC,1
MH_042-S12-019_722,042-S12-019,S12,Essential Hypertension,Essential Hypertension,Essential Hypertension,2019,CHRONIC,1
MH_042-S12-020_723,042-S12-020,S12,Hyperlipidemia,Hyperlipidemia,Hyperlipidemia,2020,CHRONIC,1
MH_042-S01-001_724,042-S01-001,S01,Diabetic Neuropathy,Diabetic Neuropathy,Diabetic Neuropathy,2021,CHRONIC,1
MH_042-S01-002_725,042-S01-002,S01,Obesity,Obesity,Obesity,2022,CHRONIC,1
MH_042-S01-003_726,042-S01-003,S01,Type 2 Diabetes Mellitus,Type 2 Diabetes Mellitus,Type 2 Diabetes Mellitus,2023,CHRONIC,1
MH_042-S01-004_727,042-S01-004,S01,Essential Hypertension,Essential Hypertension,Essential Hypertension,2018,CHRONIC,1
MH_042-S01-005_728,042-S01-005,S01,Hyperlipidemia,Hyperlipidemia,Hyperlipidemia,2019,CHRONIC,1
MH_042-S01-006_729,042-S01-006,S01,Diabetic Neuropathy,Diabetic Neuropathy,Diabetic Neuropathy,2020,CHRONIC,1
MH_042-S01-007_730,042-S01-007,S01,Obesity,Obesity,Obesity,2021,CHRONIC,1
MH_042-S01-008_731,042-S01-008,S01,Type 2 Diabetes Mellitus,Type 2 Diabetes Mellitus,Type 2 Diabetes Mellitus,2022,CHRONIC,1
MH_042-S01-009_732,042-S01-009,S01,Essential Hypertension,Essential Hypertension,Essential Hypertension,2023,CHRONIC,1
MH_042-S01-010_733,042-S01-010,S01,Hyperlipidemia,Hyperlipidemia,Hyperlipidemia,2018,CHRONIC,1
MH_042-S01-011_734,042-S01-011,S01,Diabetic Neuropathy,Diabetic Neuropathy,Diabetic Neuropathy,2019,CHRONIC,1
MH_042-S01-012_735,042-S01-012,S01,Obesity,Obesity,Obesity,2020,CHRONIC,1
MH_042-S01-013_736,042-S01-013,S01,Type 2 Diabetes Mellitus,Type 2 Diabetes Mellitus,Type 2 Diabetes Mellitus,2021,CHRONIC,1
MH_042-S01-014_737,042-S01-014,S01,Essential Hypertension,Essential Hypertension,Essential Hypertension,2022,CHRONIC,1
MH_042-S01-015_738,042-S01-015,S01,Hyperlipidemia,Hyperlipidemia,Hyperlipidemia,2023,CHRONIC,1
MH_042-S01-016_739,042-S01-016,S01,Diabetic Neuropathy,Diabetic Neuropathy,Diabetic Neuropathy,2018,CHRONIC,1
MH_042-S01-017_740,042-S01-017,S01,Obesity,Obesity,Obesity,2019,CHRONIC,1
MH_042-S01-018_741,042-S01-018,S01,Type 2 Diabetes Mellitus,Type 2 Diabetes Mellitus,Type 2 Diabetes Mellitus,2020,CHRONIC,1
MH_042-S01-019_742,042-S01-019,S01,Essential Hypertension,Essential Hypertension,Essential Hypertension,2021,CHRONIC,1
MH_042-S01-020_743,042-S01-020,S01,Hyperlipidemia,Hyperlipidemia,Hyperlipidemia,2022,CHRONIC,1
MH_042-S01-021_744,042-S01-021,S01,Diabetic Neuropathy,Diabetic Neuropathy,Diabetic Neuropathy,2023,CHRONIC,1
MH_042-S02-001_745,042-S02-001,S02,Obesity,Obesity,Obesity,2018,CHRONIC,1
MH_042-S02-002_746,042-S02-002,S02,Type 2 Diabetes Mellitus,Type 2 Diabetes Mellitus,Type 2 Diabetes Mellitus,2019,CHRONIC,1
MH_042-S02-003_747,042-S02-003,S02,Essential Hypertension,Essential Hypertension,Essential Hypertension,2020,CHRONIC,1
MH_042-S02-004_748,042-S02-004,S02,Hyperlipidemia,Hyperlipidemia,Hyperlipidemia,2021,CHRONIC,1
MH_042-S02-005_749,042-S02-005,S02,Diabetic Neuropathy,Diabetic Neuropathy,Diabetic Neuropathy,2022,CHRONIC,1
MH_042-S02-006_750,042-S02-006,S02,Obesity,Obesity,Obesity,2023,CHRONIC,1
MH_042-S02-007_751,042-S02-007,S02,Type 2 Diabetes Mellitus,Type 2 Diabetes Mellitus,Type 2 Diabetes Mellitus,2018,CHRONIC,1
MH_042-S02-008_752,042-S02-008,S02,Essential Hypertension,Essential Hypertension,Essential Hypertension,2019,CHRONIC,1
MH_042-S02-009_753,042-S02-009,S02,Hyperlipidemia,Hyperlipidemia,Hyperlipidemia,2020,CHRONIC,1
MH_042-S02-010_754,042-S02-010,S02,Diabetic Neuropathy,Diabetic Neuropathy,Diabetic Neuropathy,2021,CHRONIC,1
MH_042-S02-011_755,042-S02-011,S02,Obesity,Obesity,Obesity,2022,CHRONIC,1
MH_042-S02-012_756,042-S02-012,S02,Type 2 Diabetes Mellitus,Type 2 Diabetes Mellitus,Type 2 Diabetes Mellitus,2023,CHRONIC,1
MH_042-S02-013_757,042-S02-013,S02,Essential Hypertension,Essential Hypertension,Essential Hypertension,2018,CHRONIC,1
MH_042-S02-014_758,042-S02-014,S02,Hyperlipidemia,Hyperlipidemia,Hyperlipidemia,2019,CHRONIC,1
MH_042-S02-015_759,042-S02-015,S02,Diabetic Neuropathy,Diabetic Neuropathy,Diabetic Neuropathy,2020,CHRONIC,1
MH_042-S02-016_760,042-S02-016,S02,Obesity,Obesity,Obesity,2021,CHRONIC,1
MH_042-S02-017_761,042-S02-017,S02,Type 2 Diabetes Mellitus,Type 2 Diabetes Mellitus,Type 2 Diabetes Mellitus,2022,CHRONIC,1
MH_042-S02-018_762,042-S02-018,S02,Essential Hypertension,Essential Hypertension,Essential Hypertension,2023,CHRONIC,1
MH_042-S02-019_763,042-S02-019,S02,Hyperlipidemia,Hyperlipidemia,Hyperlipidemia,2018,CHRONIC,1
MH_042-S02-020_764,042-S02-020,S02,Diabetic Neuropathy,Diabetic Neuropathy,Diabetic Neuropathy,2019,CHRONIC,1
MH_042-S03-001_765,042-S03-001,S03,Obesity,Obesity,Obesity,2020,CHRONIC,1
MH_042-S03-002_766,042-S03-002,S03,Type 2 Diabetes Mellitus,Type 2 Diabetes Mellitus,Type 2 Diabetes Mellitus,2021,CHRONIC,1
MH_042-S03-003_767,042-S03-003,S03,Essential Hypertension,Essential Hypertension,Essential Hypertension,2022,CHRONIC,1
MH_042-S03-004_768,042-S03-004,S03,Hyperlipidemia,Hyperlipidemia,Hyperlipidemia,2023,CHRONIC,1
MH_042-S03-005_769,042-S03-005,S03,Diabetic Neuropathy,Diabetic Neuropathy,Diabetic Neuropathy,2018,CHRONIC,1
MH_042-S03-006_770,042-S03-006,S03,Obesity,Obesity,Obesity,2019,CHRONIC,1
MH_042-S03-007_771,042-S03-007,S03,Type 2 Diabetes Mellitus,Type 2 Diabetes Mellitus,Type 2 Diabetes Mellitus,2020,CHRONIC,1
MH_042-S03-008_772,042-S03-008,S03,Essential Hypertension,Essential Hypertension,Essential Hypertension,2021,CHRONIC,1
MH_042-S03-009_773,042-S03-009,S03,Hyperlipidemia,Hyperlipidemia,Hyperlipidemia,2022,CHRONIC,1
MH_042-S03-010_774,042-S03-010,S03,Diabetic Neuropathy,Diabetic Neuropathy,Diabetic Neuropathy,2023,CHRONIC,1
MH_042-S03-011_775,042-S03-011,S03,Obesity,Obesity,Obesity,2018,CHRONIC,1
MH_042-S03-012_776,042-S03-012,S03,Type 2 Diabetes Mellitus,Type 2 Diabetes Mellitus,Type 2 Diabetes Mellitus,2019,CHRONIC,1
MH_042-S03-013_777,042-S03-013,S03,Essential Hypertension,Essential Hypertension,Essential Hypertension,2020,CHRONIC,1
MH_042-S03-014_778,042-S03-014,S03,Hyperlipidemia,Hyperlipidemia,Hyperlipidemia,2021,CHRONIC,1
MH_042-S03-015_779,042-S03-015,S03,Diabetic Neuropathy,Diabetic Neuropathy,Diabetic Neuropathy,2022,CHRONIC,1
MH_042-S03-016_780,042-S03-016,S03,Obesity,Obesity,Obesity,2023,CHRONIC,1
MH_042-S03-017_781,042-S03-017,S03,Type 2 Diabetes Mellitus,Type 2 Diabetes Mellitus,Type 2 Diabetes Mellitus,2018,CHRONIC,1
MH_042-S03-018_782,042-S03-018,S03,Essential Hypertension,Essential Hypertension,Essential Hypertension,2019,CHRONIC,1
MH_042-S03-019_783,042-S03-019,S03,Hyperlipidemia,Hyperlipidemia,Hyperlipidemia,2020,CHRONIC,1
MH_042-S03-020_784,042-S03-020,S03,Diabetic Neuropathy,Diabetic Neuropathy,Diabetic Neuropathy,2021,CHRONIC,1
MH_042-S04-001_785,042-S04-001,S04,Obesity,Obesity,Obesity,2022,CHRONIC,6
MH_042-S04-002_786,042-S04-002,S04,Type 2 Diabetes Mellitus,Type 2 Diabetes Mellitus,Type 2 Diabetes Mellitus,2023,CHRONIC,6
MH_042-S04-003_787,042-S04-003,S04,Essential Hypertension,Essential Hypertension,Essential Hypertension,2018,CHRONIC,6
MH_042-S04-004_788,042-S04-004,S04,Hyperlipidemia,Hyperlipidemia,Hyperlipidemia,2019,CHRONIC,6
MH_042-S04-005_789,042-S04-005,S04,Diabetic Neuropathy,Diabetic Neuropathy,Diabetic Neuropathy,2020,CHRONIC,6
MH_042-S04-006_790,042-S04-006,S04,Obesity,Obesity,Obesity,2021,CHRONIC,6
MH_042-S04-007_791,042-S04-007,S04,Type 2 Diabetes Mellitus,Type 2 Diabetes Mellitus,Type 2 Diabetes Mellitus,2022,CHRONIC,6
MH_042-S04-008_792,042-S04-008,S04,Essential Hypertension,Essential Hypertension,Essential Hypertension,2023,CHRONIC,6
MH_042-S04-009_793,042-S04-009,S04,Hyperlipidemia,Hyperlipidemia,Hyperlipidemia,2018,CHRONIC,6
MH_042-S04-010_794,042-S04-010,S04,Diabetic Neuropathy,Diabetic Neuropathy,Diabetic Neuropathy,2019,CHRONIC,6
MH_042-S04-011_795,042-S04-011,S04,Obesity,Obesity,Obesity,2020,CHRONIC,6
MH_042-S04-012_796,042-S04-012,S04,Type 2 Diabetes Mellitus,Type 2 Diabetes Mellitus,Type 2 Diabetes Mellitus,2021,CHRONIC,6
MH_042-S04-013_797,042-S04-013,S04,Essential Hypertension,Essential Hypertension,Essential Hypertension,2022,CHRONIC,6
MH_042-S04-014_798,042-S04-014,S04,Hyperlipidemia,Hyperlipidemia,Hyperlipidemia,2023,CHRONIC,6
MH_042-S04-015_799,042-S04-015,S04,Diabetic Neuropathy,Diabetic Neuropathy,Diabetic Neuropathy,2018,CHRONIC,6
MH_042-S04-016_800,042-S04-016,S04,Obesity,Obesity,Obesity,2019,CHRONIC,6
MH_042-S04-017_801,042-S04-017,S04,Type 2 Diabetes Mellitus,Type 2 Diabetes Mellitus,Type 2 Diabetes Mellitus,2020,CHRONIC,6
MH_042-S04-018_802,042-S04-018,S04,Essential Hypertension,Essential Hypertension,Essential Hypertension,2021,CHRONIC,6
MH_042-S04-019_803,042-S04-019,S04,Hyperlipidemia,Hyperlipidemia,Hyperlipidemia,2022,CHRONIC,6
MH_042-S04-020_804,042-S04-020,S04,Diabetic Neuropathy,Diabetic Neuropathy,Diabetic Neuropathy,2023,CHRONIC,6
MH_042-S05-001_805,042-S05-001,S05,Obesity,Obesity,Obesity,2018,CHRONIC,1
MH_042-S05-002_806,042-S05-002,S05,Type 2 Diabetes Mellitus,Type 2 Diabetes Mellitus,Type 2 Diabetes Mellitus,2019,CHRONIC,1
MH_042-S05-003_807,042-S05-003,S05,Essential Hypertension,Essential Hypertension,Essential Hypertension,2020,CHRONIC,1
MH_042-S05-004_808,042-S05-004,S05,Hyperlipidemia,Hyperlipidemia,Hyperlipidemia,2021,CHRONIC,1
MH_042-S05-005_809,042-S05-005,S05,Diabetic Neuropathy,Diabetic Neuropathy,Diabetic Neuropathy,2022,CHRONIC,1
MH_042-S05-006_810,042-S05-006,S05,Obesity,Obesity,Obesity,2023,CHRONIC,1
MH_042-S05-007_811,042-S05-007,S05,Type 2 Diabetes Mellitus,Type 2 Diabetes Mellitus,Type 2 Diabetes Mellitus,2018,CHRONIC,1
MH_042-S05-008_812,042-S05-008,S05,Essential Hypertension,Essential Hypertension,Essential Hypertension,2019,CHRONIC,1
MH_042-S05-009_813,042-S05-009,S05,Hyperlipidemia,Hyperlipidemia,Hyperlipidemia,2020,CHRONIC,1
MH_042-S05-010_814,042-S05-010,S05,Diabetic Neuropathy,Diabetic Neuropathy,Diabetic Neuropathy,2021,CHRONIC,1
MH_042-S05-011_815,042-S05-011,S05,Obesity,Obesity,Obesity,2022,CHRONIC,1
MH_042-S05-012_816,042-S05-012,S05,Type 2 Diabetes Mellitus,Type 2 Diabetes Mellitus,Type 2 Diabetes Mellitus,2023,CHRONIC,1
MH_042-S05-013_817,042-S05-013,S05,Essential Hypertension,Essential Hypertension,Essential Hypertension,2018,CHRONIC,1
MH_042-S05-014_818,042-S05-014,S05,Hyperlipidemia,Hyperlipidemia,Hyperlipidemia,2019,CHRONIC,1
MH_042-S05-015_819,042-S05-015,S05,Diabetic Neuropathy,Diabetic Neuropathy,Diabetic Neuropathy,2020,CHRONIC,1
MH_042-S05-016_820,042-S05-016,S05,Obesity,Obesity,Obesity,2021,CHRONIC,1
MH_042-S05-017_821,042-S05-017,S05,Type 2 Diabetes Mellitus,Type 2 Diabetes Mellitus,Type 2 Diabetes Mellitus,2022,CHRONIC,1
MH_042-S05-018_822,042-S05-018,S05,Essential Hypertension,Essential Hypertension,Essential Hypertension,2023,CHRONIC,1
MH_042-S05-019_823,042-S05-019,S05,Hyperlipidemia,Hyperlipidemia,Hyperlipidemia,2018,CHRONIC,1
MH_042-S05-020_824,042-S05-020,S05,Diabetic Neuropathy,Diabetic Neuropathy,Diabetic Neuropathy,2019,CHRONIC,1
MH_042-S06-001_825,042-S06-001,S06,Obesity,Obesity,Obesity,2020,CHRONIC,1
MH_042-S06-002_826,042-S06-002,S06,Type 2 Diabetes Mellitus,Type 2 Diabetes Mellitus,Type 2 Diabetes Mellitus,2021,CHRONIC,1
MH_042-S06-003_827,042-S06-003,S06,Essential Hypertension,Essential Hypertension,Essential Hypertension,2022,CHRONIC,1
MH_042-S06-004_828,042-S06-004,S06,Hyperlipidemia,Hyperlipidemia,Hyperlipidemia,2023,CHRONIC,1
MH_042-S06-005_829,042-S06-005,S06,Diabetic Neuropathy,Diabetic Neuropathy,Diabetic Neuropathy,2018,CHRONIC,1
MH_042-S06-006_830,042-S06-006,S06,Obesity,Obesity,Obesity,2019,CHRONIC,1
MH_042-S06-007_831,042-S06-007,S06,Type 2 Diabetes Mellitus,Type 2 Diabetes Mellitus,Type 2 Diabetes Mellitus,2020,CHRONIC,1
MH_042-S06-008_832,042-S06-008,S06,Essential Hypertension,Essential Hypertension,Essential Hypertension,2021,CHRONIC,1
MH_042-S06-009_833,042-S06-009,S06,Hyperlipidemia,Hyperlipidemia,Hyperlipidemia,2022,CHRONIC,1
MH_042-S06-010_834,042-S06-010,S06,Diabetic Neuropathy,Diabetic Neuropathy,Diabetic Neuropathy,2023,CHRONIC,1
MH_042-S06-011_835,042-S06-011,S06,Obesity,Obesity,Obesity,2018,CHRONIC,1
MH_042-S06-012_836,042-S06-012,S06,Type 2 Diabetes Mellitus,Type 2 Diabetes Mellitus,Type 2 Diabetes Mellitus,2019,CHRONIC,1
MH_042-S06-013_837,042-S06-013,S06,Essential Hypertension,Essential Hypertension,Essential Hypertension,2020,CHRONIC,1
MH_042-S06-014_838,042-S06-014,S06,Hyperlipidemia,Hyperlipidemia,Hyperlipidemia,2021,CHRONIC,1
MH_042-S06-015_839,042-S06-015,S06,Diabetic Neuropathy,Diabetic Neuropathy,Diabetic Neuropathy,2022,CHRONIC,1
MH_042-S06-016_840,042-S06-016,S06,Obesity,Obesity,Obesity,2023,CHRONIC,1
MH_042-S06-017_841,042-S06-017,S06,Type 2 Diabetes Mellitus,Type 2 Diabetes Mellitus,Type 2 Diabetes Mellitus,2018,CHRONIC,1
MH_042-S06-018_842,042-S06-018,S06,Essential Hypertension,Essential Hypertension,Essential Hypertension,2019,CHRONIC,1
MH_042-S06-019_843,042-S06-019,S06,Hyperlipidemia,Hyperlipidemia,Hyperlipidemia,2020,CHRONIC,1
MH_042-S06-020_844,042-S06-020,S06,Diabetic Neuropathy,Diabetic Neuropathy,Diabetic Neuropathy,2021,CHRONIC,1
MH_042-S07-001_845,042-S07-001,S07,Obesity,Obesity,Obesity,2022,CHRONIC,1
MH_042-S07-002_846,042-S07-002,S07,Type 2 Diabetes Mellitus,Type 2 Diabetes Mellitus,Type 2 Diabetes Mellitus,2023,CHRONIC,1
MH_042-S07-003_847,042-S07-003,S07,Essential Hypertension,Essential Hypertension,Essential Hypertension,2018,CHRONIC,1
MH_042-S07-004_848,042-S07-004,S07,Hyperlipidemia,Hyperlipidemia,Hyperlipidemia,2019,CHRONIC,1
MH_042-S07-005_849,042-S07-005,S07,Diabetic Neuropathy,Diabetic Neuropathy,Diabetic Neuropathy,2020,CHRONIC,1
MH_042-S07-006_850,042-S07-006,S07,Obesity,Obesity,Obesity,2021,CHRONIC,1
MH_042-S07-007_851,042-S07-007,S07,Type 2 Diabetes Mellitus,Type 2 Diabetes Mellitus,Type 2 Diabetes Mellitus,2022,CHRONIC,1
MH_042-S07-008_852,042-S07-008,S07,Essential Hypertension,Essential Hypertension,Essential Hypertension,2023,CHRONIC,1
MH_042-S07-009_853,042-S07-009,S07,Hyperlipidemia,Hyperlipidemia,Hyperlipidemia,2018,CHRONIC,1
MH_042-S07-010_854,042-S07-010,S07,Diabetic Neuropathy,Diabetic Neuropathy,Diabetic Neuropathy,2019,CHRONIC,1
MH_042-S07-011_855,042-S07-011,S07,Obesity,Obesity,Obesity,2020,CHRONIC,1
MH_042-S07-012_856,042-S07-012,S07,Type 2 Diabetes Mellitus,Type 2 Diabetes Mellitus,Type 2 Diabetes Mellitus,2021,CHRONIC,1
MH_042-S07-013_857,042-S07-013,S07,Essential Hypertension,Essential Hypertension,Essential Hypertension,2022,CHRONIC,1
MH_042-S07-014_858,042-S07-014,S07,Hyperlipidemia,Hyperlipidemia,Hyperlipidemia,2023,CHRONIC,1
MH_042-S07-015_859,042-S07-015,S07,Diabetic Neuropathy,Diabetic Neuropathy,Diabetic Neuropathy,2018,CHRONIC,1
MH_042-S07-016_860,042-S07-016,S07,Obesity,Obesity,Obesity,2019,CHRONIC,1
MH_042-S07-017_861,042-S07-017,S07,Type 2 Diabetes Mellitus,Type 2 Diabetes Mellitus,Type 2 Diabetes Mellitus,2020,CHRONIC,1
MH_042-S07-018_862,042-S07-018,S07,Essential Hypertension,Essential Hypertension,Essential Hypertension,2021,CHRONIC,1
MH_042-S07-019_863,042-S07-019,S07,Hyperlipidemia,Hyperlipidemia,Hyperlipidemia,2022,CHRONIC,1
MH_042-S07-020_864,042-S07-020,S07,Diabetic Neuropathy,Diabetic Neuropathy,Diabetic Neuropathy,2023,CHRONIC,1
MH_042-S08-001_865,042-S08-001,S08,Obesity,Obesity,Obesity,2018,CHRONIC,1
MH_042-S08-002_866,042-S08-002,S08,Type 2 Diabetes Mellitus,Type 2 Diabetes Mellitus,Type 2 Diabetes Mellitus,2019,CHRONIC,1
MH_042-S08-003_867,042-S08-003,S08,Essential Hypertension,Essential Hypertension,Essential Hypertension,2020,CHRONIC,1
MH_042-S08-004_868,042-S08-004,S08,Hyperlipidemia,Hyperlipidemia,Hyperlipidemia,2021,CHRONIC,1
MH_042-S08-005_869,042-S08-005,S08,Diabetic Neuropathy,Diabetic Neuropathy,Diabetic Neuropathy,2022,CHRONIC,1
MH_042-S08-006_870,042-S08-006,S08,Obesity,Obesity,Obesity,2023,CHRONIC,1
MH_042-S08-007_871,042-S08-007,S08,Type 2 Diabetes Mellitus,Type 2 Diabetes Mellitus,Type 2 Diabetes Mellitus,2018,CHRONIC,1
MH_042-S08-008_872,042-S08-008,S08,Essential Hypertension,Essential Hypertension,Essential Hypertension,2019,CHRONIC,1
MH_042-S08-009_873,042-S08-009,S08,Hyperlipidemia,Hyperlipidemia,Hyperlipidemia,2020,CHRONIC,1
MH_042-S08-010_874,042-S08-010,S08,Diabetic Neuropathy,Diabetic Neuropathy,Diabetic Neuropathy,2021,CHRONIC,1
MH_042-S08-011_875,042-S08-011,S08,Obesity,Obesity,Obesity,2022,CHRONIC,1
MH_042-S08-012_876,042-S08-012,S08,Type 2 Diabetes Mellitus,Type 2 Diabetes Mellitus,Type 2 Diabetes Mellitus,2023,CHRONIC,1
MH_042-S08-013_877,042-S08-013,S08,Essential Hypertension,Essential Hypertension,Essential Hypertension,2018,CHRONIC,1
MH_042-S08-014_878,042-S08-014,S08,Hyperlipidemia,Hyperlipidemia,Hyperlipidemia,2019,CHRONIC,1
MH_042-S08-015_879,042-S08-015,S08,Diabetic Neuropathy,Diabetic Neuropathy,Diabetic Neuropathy,2020,CHRONIC,1
MH_042-S08-016_880,042-S08-016,S08,Obesity,Obesity,Obesity,2021,CHRONIC,1
MH_042-S08-017_881,042-S08-017,S08,Type 2 Diabetes Mellitus,Type 2 Diabetes Mellitus,Type 2 Diabetes Mellitus,2022,CHRONIC,1
MH_042-S08-018_882,042-S08-018,S08,Essential Hypertension,Essential Hypertension,Essential Hypertension,2023,CHRONIC,1
MH_042-S08-019_883,042-S08-019,S08,Hyperlipidemia,Hyperlipidemia,Hyperlipidemia,2018,CHRONIC,1
MH_042-S08-020_884,042-S08-020,S08,Diabetic Neuropathy,Diabetic Neuropathy,Diabetic Neuropathy,2019,CHRONIC,1
MH_042-S09-001_885,042-S09-001,S09,Obesity,Obesity,Obesity,2020,CHRONIC,9
MH_042-S09-002_886,042-S09-002,S09,Type 2 Diabetes Mellitus,Type 2 Diabetes Mellitus,Type 2 Diabetes Mellitus,2021,CHRONIC,9
MH_042-S09-003_887,042-S09-003,S09,Essential Hypertension,Essential Hypertension,Essential Hypertension,2022,CHRONIC,9
MH_042-S09-004_888,042-S09-004,S09,Hyperlipidemia,Hyperlipidemia,Hyperlipidemia,2023,CHRONIC,9
MH_042-S09-005_889,042-S09-005,S09,Diabetic Neuropathy,Diabetic Neuropathy,Diabetic Neuropathy,2018,CHRONIC,9
MH_042-S09-006_890,042-S09-006,S09,Obesity,Obesity,Obesity,2019,CHRONIC,9
MH_042-S09-007_891,042-S09-007,S09,Type 2 Diabetes Mellitus,Type 2 Diabetes Mellitus,Type 2 Diabetes Mellitus,2020,CHRONIC,9
MH_042-S09-008_892,042-S09-008,S09,Essential Hypertension,Essential Hypertension,Essential Hypertension,2021,CHRONIC,9
MH_042-S09-009_893,042-S09-009,S09,Hyperlipidemia,Hyperlipidemia,Hyperlipidemia,2022,CHRONIC,9
MH_042-S09-010_894,042-S09-010,S09,Diabetic Neuropathy,Diabetic Neuropathy,Diabetic Neuropathy,2023,CHRONIC,9
MH_042-S09-011_895,042-S09-011,S09,Obesity,Obesity,Obesity,2018,CHRONIC,9
MH_042-S09-012_896,042-S09-012,S09,Type 2 Diabetes Mellitus,Type 2 Diabetes Mellitus,Type 2 Diabetes Mellitus,2019,CHRONIC,9
MH_042-S09-013_897,042-S09-013,S09,Essential Hypertension,Essential Hypertension,Essential Hypertension,2020,CHRONIC,9
MH_042-S09-014_898,042-S09-014,S09,Hyperlipidemia,Hyperlipidemia,Hyperlipidemia,2021,CHRONIC,9
MH_042-S09-015_899,042-S09-015,S09,Diabetic Neuropathy,Diabetic Neuropathy,Diabetic Neuropathy,2022,CHRONIC,9
MH_042-S09-016_900,042-S09-016,S09,Obesity,Obesity,Obesity,2023,CHRONIC,9
MH_042-S09-017_901,042-S09-017,S09,Type 2 Diabetes Mellitus,Type 2 Diabetes Mellitus,Type 2 Diabetes Mellitus,2018,CHRONIC,9
MH_042-S09-018_902,042-S09-018,S09,Essential Hypertension,Essential Hypertension,Essential Hypertension,2019,CHRONIC,9
MH_042-S09-019_903,042-S09-019,S09,Hyperlipidemia,Hyperlipidemia,Hyperlipidemia,2020,CHRONIC,9
MH_042-S09-020_904,042-S09-020,S09,Diabetic Neuropathy,Diabetic Neuropathy,Diabetic Neuropathy,2021,CHRONIC,9
MH_042-S10-001_905,042-S10-001,S10,Obesity,Obesity,Obesity,2022,CHRONIC,1
MH_042-S10-002_906,042-S10-002,S10,Type 2 Diabetes Mellitus,Type 2 Diabetes Mellitus,Type 2 Diabetes Mellitus,2023,CHRONIC,1
MH_042-S10-003_907,042-S10-003,S10,Essential Hypertension,Essential Hypertension,Essential Hypertension,2018,CHRONIC,1
MH_042-S10-004_908,042-S10-004,S10,Hyperlipidemia,Hyperlipidemia,Hyperlipidemia,2019,CHRONIC,1
MH_042-S10-005_909,042-S10-005,S10,Diabetic Neuropathy,Diabetic Neuropathy,Diabetic Neuropathy,2020,CHRONIC,1
MH_042-S10-006_910,042-S10-006,S10,Obesity,Obesity,Obesity,2021,CHRONIC,1
MH_042-S10-007_911,042-S10-007,S10,Type 2 Diabetes Mellitus,Type 2 Diabetes Mellitus,Type 2 Diabetes Mellitus,2022,CHRONIC,1
MH_042-S10-008_912,042-S10-008,S10,Essential Hypertension,Essential Hypertension,Essential Hypertension,2023,CHRONIC,1
MH_042-S10-009_913,042-S10-009,S10,Hyperlipidemia,Hyperlipidemia,Hyperlipidemia,2018,CHRONIC,1
MH_042-S10-010_914,042-S10-010,S10,Diabetic Neuropathy,Diabetic Neuropathy,Diabetic Neuropathy,2019,CHRONIC,1
MH_042-S10-011_915,042-S10-011,S10,Obesity,Obesity,Obesity,2020,CHRONIC,1
MH_042-S10-012_916,042-S10-012,S10,Type 2 Diabetes Mellitus,Type 2 Diabetes Mellitus,Type 2 Diabetes Mellitus,2021,CHRONIC,1
MH_042-S10-013_917,042-S10-013,S10,Essential Hypertension,Essential Hypertension,Essential Hypertension,2022,CHRONIC,1
MH_042-S10-014_918,042-S10-014,S10,Hyperlipidemia,Hyperlipidemia,Hyperlipidemia,2023,CHRONIC,1
MH_042-S10-015_919,042-S10-015,S10,Diabetic Neuropathy,Diabetic Neuropathy,Diabetic Neuropathy,2018,CHRONIC,1
MH_042-S10-016_920,042-S10-016,S10,Obesity,Obesity,Obesity,2019,CHRONIC,1
MH_042-S10-017_921,042-S10-017,S10,Type 2 Diabetes Mellitus,Type 2 Diabetes Mellitus,Type 2 Diabetes Mellitus,2020,CHRONIC,1
MH_042-S10-018_922,042-S10-018,S10,Essential Hypertension,Essential Hypertension,Essential Hypertension,2021,CHRONIC,1
MH_042-S10-019_923,042-S10-019,S10,Hyperlipidemia,Hyperlipidemia,Hyperlipidemia,2022,CHRONIC,1
MH_042-S10-020_924,042-S10-020,S10,Diabetic Neuropathy,Diabetic Neuropathy,Diabetic Neuropathy,2023,CHRONIC,1
MH_042-S11-001_925,042-S11-001,S11,Obesity,Obesity,Obesity,2018,CHRONIC,1
MH_042-S11-002_926,042-S11-002,S11,Type 2 Diabetes Mellitus,Type 2 Diabetes Mellitus,Type 2 Diabetes Mellitus,2019,CHRONIC,1
MH_042-S11-003_927,042-S11-003,S11,Essential Hypertension,Essential Hypertension,Essential Hypertension,2020,CHRONIC,1
MH_042-S11-004_928,042-S11-004,S11,Hyperlipidemia,Hyperlipidemia,Hyperlipidemia,2021,CHRONIC,1
MH_042-S11-005_929,042-S11-005,S11,Diabetic Neuropathy,Diabetic Neuropathy,Diabetic Neuropathy,2022,CHRONIC,1
MH_042-S11-006_930,042-S11-006,S11,Obesity,Obesity,Obesity,2023,CHRONIC,1
MH_042-S11-007_931,042-S11-007,S11,Type 2 Diabetes Mellitus,Type 2 Diabetes Mellitus,Type 2 Diabetes Mellitus,2018,CHRONIC,1
MH_042-S11-008_932,042-S11-008,S11,Essential Hypertension,Essential Hypertension,Essential Hypertension,2019,CHRONIC,1
MH_042-S11-009_933,042-S11-009,S11,Hyperlipidemia,Hyperlipidemia,Hyperlipidemia,2020,CHRONIC,1
MH_042-S11-010_934,042-S11-010,S11,Diabetic Neuropathy,Diabetic Neuropathy,Diabetic Neuropathy,2021,CHRONIC,1
MH_042-S11-011_935,042-S11-011,S11,Obesity,Obesity,Obesity,2022,CHRONIC,1
MH_042-S11-012_936,042-S11-012,S11,Type 2 Diabetes Mellitus,Type 2 Diabetes Mellitus,Type 2 Diabetes Mellitus,2023,CHRONIC,1
MH_042-S11-013_937,042-S11-013,S11,Essential Hypertension,Essential Hypertension,Essential Hypertension,2018,CHRONIC,1
MH_042-S11-014_938,042-S11-014,S11,Hyperlipidemia,Hyperlipidemia,Hyperlipidemia,2019,CHRONIC,1
MH_042-S11-015_939,042-S11-015,S11,Diabetic Neuropathy,Diabetic Neuropathy,Diabetic Neuropathy,2020,CHRONIC,1
MH_042-S11-016_940,042-S11-016,S11,Obesity,Obesity,Obesity,2021,CHRONIC,1
MH_042-S11-017_941,042-S11-017,S11,Type 2 Diabetes Mellitus,Type 2 Diabetes Mellitus,Type 2 Diabetes Mellitus,2022,CHRONIC,1
MH_042-S11-018_942,042-S11-018,S11,Essential Hypertension,Essential Hypertension,Essential Hypertension,2023,CHRONIC,1
MH_042-S11-019_943,042-S11-019,S11,Hyperlipidemia,Hyperlipidemia,Hyperlipidemia,2018,CHRONIC,1
MH_042-S11-020_944,042-S11-020,S11,Diabetic Neuropathy,Diabetic Neuropathy,Diabetic Neuropathy,2019,CHRONIC,1
MH_042-S12-001_945,042-S12-001,S12,Obesity,Obesity,Obesity,2020,CHRONIC,1
MH_042-S12-002_946,042-S12-002,S12,Type 2 Diabetes Mellitus,Type 2 Diabetes Mellitus,Type 2 Diabetes Mellitus,2021,CHRONIC,1
MH_042-S12-003_947,042-S12-003,S12,Essential Hypertension,Essential Hypertension,Essential Hypertension,2022,CHRONIC,1
MH_042-S12-004_948,042-S12-004,S12,Hyperlipidemia,Hyperlipidemia,Hyperlipidemia,2023,CHRONIC,1
MH_042-S12-005_949,042-S12-005,S12,Diabetic Neuropathy,Diabetic Neuropathy,Diabetic Neuropathy,2018,CHRONIC,1
MH_042-S12-006_950,042-S12-006,S12,Obesity,Obesity,Obesity,2019,CHRONIC,1
MH_042-S12-007_951,042-S12-007,S12,Type 2 Diabetes Mellitus,Type 2 Diabetes Mellitus,Type 2 Diabetes Mellitus,2020,CHRONIC,1
MH_042-S12-008_952,042-S12-008,S12,Essential Hypertension,Essential Hypertension,Essential Hypertension,2021,CHRONIC,1
MH_042-S12-009_953,042-S12-009,S12,Hyperlipidemia,Hyperlipidemia,Hyperlipidemia,2022,CHRONIC,1
MH_042-S12-010_954,042-S12-010,S12,Diabetic Neuropathy,Diabetic Neuropathy,Diabetic Neuropathy,2023,CHRONIC,1
MH_042-S12-011_955,042-S12-011,S12,Obesity,Obesity,Obesity,2018,CHRONIC,1
MH_042-S12-012_956,042-S12-012,S12,Type 2 Diabetes Mellitus,Type 2 Diabetes Mellitus,Type 2 Diabetes Mellitus,2019,CHRONIC,1
MH_042-S12-013_957,042-S12-013,S12,Essential Hypertension,Essential Hypertension,Essential Hypertension,2020,CHRONIC,1
MH_042-S12-014_958,042-S12-014,S12,Hyperlipidemia,Hyperlipidemia,Hyperlipidemia,2021,CHRONIC,1
MH_042-S12-015_959,042-S12-015,S12,Diabetic Neuropathy,Diabetic Neuropathy,Diabetic Neuropathy,2022,CHRONIC,1
MH_042-S12-016_960,042-S12-016,S12,Obesity,Obesity,Obesity,2023,CHRONIC,1
MH_042-S12-017_961,042-S12-017,S12,Type 2 Diabetes Mellitus,Type 2 Diabetes Mellitus,Type 2 Diabetes Mellitus,2018,CHRONIC,1
MH_042-S12-018_962,042-S12-018,S12,Essential Hypertension,Essential Hypertension,Essential Hypertension,2019,CHRONIC,1
MH_042-S12-019_963,042-S12-019,S12,Hyperlipidemia,Hyperlipidemia,Hyperlipidemia,2020,CHRONIC,1
MH_042-S12-020_964,042-S12-020,S12,Diabetic Neuropathy,Diabetic Neuropathy,Diabetic Neuropathy,2021,CHRONIC,1
MH_042-S01-001_965,042-S01-001,S01,Obesity,Obesity,Obesity,2022,CHRONIC,1
MH_042-S01-002_966,042-S01-002,S01,Type 2 Diabetes Mellitus,Type 2 Diabetes Mellitus,Type 2 Diabetes Mellitus,2023,CHRONIC,1
MH_042-S01-003_967,042-S01-003,S01,Essential Hypertension,Essential Hypertension,Essential Hypertension,2018,CHRONIC,1
MH_042-S01-004_968,042-S01-004,S01,Hyperlipidemia,Hyperlipidemia,Hyperlipidemia,2019,CHRONIC,1
MH_042-S01-005_969,042-S01-005,S01,Diabetic Neuropathy,Diabetic Neuropathy,Diabetic Neuropathy,2020,CHRONIC,1
MH_042-S01-006_970,042-S01-006,S01,Obesity,Obesity,Obesity,2021,CHRONIC,1
MH_042-S01-007_971,042-S01-007,S01,Type 2 Diabetes Mellitus,Type 2 Diabetes Mellitus,Type 2 Diabetes Mellitus,2022,CHRONIC,1
MH_042-S01-008_972,042-S01-008,S01,Essential Hypertension,Essential Hypertension,Essential Hypertension,2023,CHRONIC,1
MH_042-S01-009_973,042-S01-009,S01,Hyperlipidemia,Hyperlipidemia,Hyperlipidemia,2018,CHRONIC,1
MH_042-S01-010_974,042-S01-010,S01,Diabetic Neuropathy,Diabetic Neuropathy,Diabetic Neuropathy,2019,CHRONIC,1
MH_042-S01-011_975,042-S01-011,S01,Obesity,Obesity,Obesity,2020,CHRONIC,1
MH_042-S01-012_976,042-S01-012,S01,Type 2 Diabetes Mellitus,Type 2 Diabetes Mellitus,Type 2 Diabetes Mellitus,2021,CHRONIC,1
MH_042-S01-013_977,042-S01-013,S01,Essential Hypertension,Essential Hypertension,Essential Hypertension,2022,CHRONIC,1
MH_042-S01-014_978,042-S01-014,S01,Hyperlipidemia,Hyperlipidemia,Hyperlipidemia,2023,CHRONIC,1
MH_042-S01-015_979,042-S01-015,S01,Diabetic Neuropathy,Diabetic Neuropathy,Diabetic Neuropathy,2018,CHRONIC,1
MH_042-S01-016_980,042-S01-016,S01,Obesity,Obesity,Obesity,2019,CHRONIC,1
MH_042-S01-017_981,042-S01-017,S01,Type 2 Diabetes Mellitus,Type 2 Diabetes Mellitus,Type 2 Diabetes Mellitus,2020,CHRONIC,1
MH_042-S01-018_982,042-S01-018,S01,Essential Hypertension,Essential Hypertension,Essential Hypertension,2021,CHRONIC,1
MH_042-S01-019_983,042-S01-019,S01,Hyperlipidemia,Hyperlipidemia,Hyperlipidemia,2022,CHRONIC,1
MH_042-S01-020_984,042-S01-020,S01,Diabetic Neuropathy,Diabetic Neuropathy,Diabetic Neuropathy,2023,CHRONIC,1
MH_042-S01-021_985,042-S01-021,S01,Obesity,Obesity,Obesity,2018,CHRONIC,1
MH_042-S02-001_986,042-S02-001,S02,Type 2 Diabetes Mellitus,Type 2 Diabetes Mellitus,Type 2 Diabetes Mellitus,2019,CHRONIC,1
MH_042-S02-002_987,042-S02-002,S02,Essential Hypertension,Essential Hypertension,Essential Hypertension,2020,CHRONIC,1
MH_042-S02-003_988,042-S02-003,S02,Hyperlipidemia,Hyperlipidemia,Hyperlipidemia,2021,CHRONIC,1
MH_042-S02-004_989,042-S02-004,S02,Diabetic Neuropathy,Diabetic Neuropathy,Diabetic Neuropathy,2022,CHRONIC,1
MH_042-S02-005_990,042-S02-005,S02,Obesity,Obesity,Obesity,2023,CHRONIC,1
MH_042-S02-006_991,042-S02-006,S02,Type 2 Diabetes Mellitus,Type 2 Diabetes Mellitus,Type 2 Diabetes Mellitus,2018,CHRONIC,1
MH_042-S02-007_992,042-S02-007,S02,Essential Hypertension,Essential Hypertension,Essential Hypertension,2019,CHRONIC,1
MH_042-S02-008_993,042-S02-008,S02,Hyperlipidemia,Hyperlipidemia,Hyperlipidemia,2020,CHRONIC,1
MH_042-S02-009_994,042-S02-009,S02,Diabetic Neuropathy,Diabetic Neuropathy,Diabetic Neuropathy,2021,CHRONIC,1
MH_042-S02-010_995,042-S02-010,S02,Obesity,Obesity,Obesity,2022,CHRONIC,1
MH_042-S02-011_996,042-S02-011,S02,Type 2 Diabetes Mellitus,Type 2 Diabetes Mellitus,Type 2 Diabetes Mellitus,2023,CHRONIC,1
MH_042-S02-012_997,042-S02-012,S02,Essential Hypertension,Essential Hypertension,Essential Hypertension,2018,CHRONIC,1
MH_042-S02-013_998,042-S02-013,S02,Hyperlipidemia,Hyperlipidemia,Hyperlipidemia,2019,CHRONIC,1
MH_042-S02-014_999,042-S02-014,S02,Diabetic Neuropathy,Diabetic Neuropathy,Diabetic Neuropathy,2020,CHRONIC,1
MH_042-S02-015_1000,042-S02-015,S02,Obesity,Obesity,Obesity,2021,CHRONIC,1
MH_042-S02-016_1001,042-S02-016,S02,Type 2 Diabetes Mellitus,Type 2 Diabetes Mellitus,Type 2 Diabetes Mellitus,2022,CHRONIC,1
MH_042-S02-017_1002,042-S02-017,S02,Essential Hypertension,Essential Hypertension,Essential Hypertension,2023,CHRONIC,1
MH_042-S02-018_1003,042-S02-018,S02,Hyperlipidemia,Hyperlipidemia,Hyperlipidemia,2018,CHRONIC,1
MH_042-S02-019_1004,042-S02-019,S02,Diabetic Neuropathy,Diabetic Neuropathy,Diabetic Neuropathy,2019,CHRONIC,1
MH_042-S02-020_1005,042-S02-020,S02,Obesity,Obesity,Obesity,2020,CHRONIC,1
MH_042-S03-001_1006,042-S03-001,S03,Type 2 Diabetes Mellitus,Type 2 Diabetes Mellitus,Type 2 Diabetes Mellitus,2021,CHRONIC,1
MH_042-S03-002_1007,042-S03-002,S03,Essential Hypertension,Essential Hypertension,Essential Hypertension,2022,CHRONIC,1
MH_042-S03-003_1008,042-S03-003,S03,Hyperlipidemia,Hyperlipidemia,Hyperlipidemia,2023,CHRONIC,1
MH_042-S03-004_1009,042-S03-004,S03,Diabetic Neuropathy,Diabetic Neuropathy,Diabetic Neuropathy,2018,CHRONIC,1
MH_042-S03-005_1010,042-S03-005,S03,Obesity,Obesity,Obesity,2019,CHRONIC,1
MH_042-S03-006_1011,042-S03-006,S03,Type 2 Diabetes Mellitus,Type 2 Diabetes Mellitus,Type 2 Diabetes Mellitus,2020,CHRONIC,1
MH_042-S03-007_1012,042-S03-007,S03,Essential Hypertension,Essential Hypertension,Essential Hypertension,2021,CHRONIC,1
MH_042-S03-008_1013,042-S03-008,S03,Hyperlipidemia,Hyperlipidemia,Hyperlipidemia,2022,CHRONIC,1
MH_042-S03-009_1014,042-S03-009,S03,Diabetic Neuropathy,Diabetic Neuropathy,Diabetic Neuropathy,2023,CHRONIC,1
MH_042-S03-010_1015,042-S03-010,S03,Obesity,Obesity,Obesity,2018,CHRONIC,1
MH_042-S03-011_1016,042-S03-011,S03,Type 2 Diabetes Mellitus,Type 2 Diabetes Mellitus,Type 2 Diabetes Mellitus,2019,CHRONIC,1
MH_042-S03-012_1017,042-S03-012,S03,Essential Hypertension,Essential Hypertension,Essential Hypertension,2020,CHRONIC,1
MH_042-S03-013_1018,042-S03-013,S03,Hyperlipidemia,Hyperlipidemia,Hyperlipidemia,2021,CHRONIC,1
MH_042-S03-014_1019,042-S03-014,S03,Diabetic Neuropathy,Diabetic Neuropathy,Diabetic Neuropathy,2022,CHRONIC,1
MH_042-S03-015_1020,042-S03-015,S03,Obesity,Obesity,Obesity,2023,CHRONIC,1
MH_042-S03-016_1021,042-S03-016,S03,Type 2 Diabetes Mellitus,Type 2 Diabetes Mellitus,Type 2 Diabetes Mellitus,2018,CHRONIC,1
MH_042-S03-017_1022,042-S03-017,S03,Essential Hypertension,Essential Hypertension,Essential Hypertension,2019,CHRONIC,1
MH_042-S03-018_1023,042-S03-018,S03,Hyperlipidemia,Hyperlipidemia,Hyperlipidemia,2020,CHRONIC,1
MH_042-S03-019_1024,042-S03-019,S03,Diabetic Neuropathy,Diabetic Neuropathy,Diabetic Neuropathy,2021,CHRONIC,1
MH_042-S03-020_1025,042-S03-020,S03,Obesity,Obesity,Obesity,2022,CHRONIC,1
MH_042-S04-001_1026,042-S04-001,S04,Type 2 Diabetes Mellitus,Type 2 Diabetes Mellitus,Type 2 Diabetes Mellitus,2023,CHRONIC,6
MH_042-S04-002_1027,042-S04-002,S04,Essential Hypertension,Essential Hypertension,Essential Hypertension,2018,CHRONIC,6
MH_042-S04-003_1028,042-S04-003,S04,Hyperlipidemia,Hyperlipidemia,Hyperlipidemia,2019,CHRONIC,6
MH_042-S04-004_1029,042-S04-004,S04,Diabetic Neuropathy,Diabetic Neuropathy,Diabetic Neuropathy,2020,CHRONIC,6
MH_042-S04-005_1030,042-S04-005,S04,Obesity,Obesity,Obesity,2021,CHRONIC,6
MH_042-S04-006_1031,042-S04-006,S04,Type 2 Diabetes Mellitus,Type 2 Diabetes Mellitus,Type 2 Diabetes Mellitus,2022,CHRONIC,6
MH_042-S04-007_1032,042-S04-007,S04,Essential Hypertension,Essential Hypertension,Essential Hypertension,2023,CHRONIC,6
MH_042-S04-008_1033,042-S04-008,S04,Hyperlipidemia,Hyperlipidemia,Hyperlipidemia,2018,CHRONIC,6
MH_042-S04-009_1034,042-S04-009,S04,Diabetic Neuropathy,Diabetic Neuropathy,Diabetic Neuropathy,2019,CHRONIC,6
MH_042-S04-010_1035,042-S04-010,S04,Obesity,Obesity,Obesity,2020,CHRONIC,6
MH_042-S04-011_1036,042-S04-011,S04,Type 2 Diabetes Mellitus,Type 2 Diabetes Mellitus,Type 2 Diabetes Mellitus,2021,CHRONIC,6
MH_042-S04-012_1037,042-S04-012,S04,Essential Hypertension,Essential Hypertension,Essential Hypertension,2022,CHRONIC,6
MH_042-S04-013_1038,042-S04-013,S04,Hyperlipidemia,Hyperlipidemia,Hyperlipidemia,2023,CHRONIC,6
MH_042-S04-014_1039,042-S04-014,S04,Diabetic Neuropathy,Diabetic Neuropathy,Diabetic Neuropathy,2018,CHRONIC,6
MH_042-S04-015_1040,042-S04-015,S04,Obesity,Obesity,Obesity,2019,CHRONIC,6
MH_042-S04-016_1041,042-S04-016,S04,Type 2 Diabetes Mellitus,Type 2 Diabetes Mellitus,Type 2 Diabetes Mellitus,2020,CHRONIC,6
MH_042-S04-017_1042,042-S04-017,S04,Essential Hypertension,Essential Hypertension,Essential Hypertension,2021,CHRONIC,6
MH_042-S04-018_1043,042-S04-018,S04,Hyperlipidemia,Hyperlipidemia,Hyperlipidemia,2022,CHRONIC,6
MH_042-S04-019_1044,042-S04-019,S04,Diabetic Neuropathy,Diabetic Neuropathy,Diabetic Neuropathy,2023,CHRONIC,6
MH_042-S04-020_1045,042-S04-020,S04,Obesity,Obesity,Obesity,2018,CHRONIC,6
MH_042-S05-001_1046,042-S05-001,S05,Type 2 Diabetes Mellitus,Type 2 Diabetes Mellitus,Type 2 Diabetes Mellitus,2019,CHRONIC,1
MH_042-S05-002_1047,042-S05-002,S05,Essential Hypertension,Essential Hypertension,Essential Hypertension,2020,CHRONIC,1
MH_042-S05-003_1048,042-S05-003,S05,Hyperlipidemia,Hyperlipidemia,Hyperlipidemia,2021,CHRONIC,1
MH_042-S05-004_1049,042-S05-004,S05,Diabetic Neuropathy,Diabetic Neuropathy,Diabetic Neuropathy,2022,CHRONIC,1
MH_042-S05-005_1050,042-S05-005,S05,Obesity,Obesity,Obesity,2023,CHRONIC,1
MH_042-S05-006_1051,042-S05-006,S05,Type 2 Diabetes Mellitus,Type 2 Diabetes Mellitus,Type 2 Diabetes Mellitus,2018,CHRONIC,1
MH_042-S05-007_1052,042-S05-007,S05,Essential Hypertension,Essential Hypertension,Essential Hypertension,2019,CHRONIC,1
MH_042-S05-008_1053,042-S05-008,S05,Hyperlipidemia,Hyperlipidemia,Hyperlipidemia,2020,CHRONIC,1
MH_042-S05-009_1054,042-S05-009,S05,Diabetic Neuropathy,Diabetic Neuropathy,Diabetic Neuropathy,2021,CHRONIC,1
MH_042-S05-010_1055,042-S05-010,S05,Obesity,Obesity,Obesity,2022,CHRONIC,1
MH_042-S05-011_1056,042-S05-011,S05,Type 2 Diabetes Mellitus,Type 2 Diabetes Mellitus,Type 2 Diabetes Mellitus,2023,CHRONIC,1
MH_042-S05-012_1057,042-S05-012,S05,Essential Hypertension,Essential Hypertension,Essential Hypertension,2018,CHRONIC,1
MH_042-S05-013_1058,042-S05-013,S05,Hyperlipidemia,Hyperlipidemia,Hyperlipidemia,2019,CHRONIC,1
MH_042-S05-014_1059,042-S05-014,S05,Diabetic Neuropathy,Diabetic Neuropathy,Diabetic Neuropathy,2020,CHRONIC,1
MH_042-S05-015_1060,042-S05-015,S05,Obesity,Obesity,Obesity,2021,CHRONIC,1
MH_042-S05-016_1061,042-S05-016,S05,Type 2 Diabetes Mellitus,Type 2 Diabetes Mellitus,Type 2 Diabetes Mellitus,2022,CHRONIC,1
MH_042-S05-017_1062,042-S05-017,S05,Essential Hypertension,Essential Hypertension,Essential Hypertension,2023,CHRONIC,1
MH_042-S05-018_1063,042-S05-018,S05,Hyperlipidemia,Hyperlipidemia,Hyperlipidemia,2018,CHRONIC,1
MH_042-S05-019_1064,042-S05-019,S05,Diabetic Neuropathy,Diabetic Neuropathy,Diabetic Neuropathy,2019,CHRONIC,1
MH_042-S05-020_1065,042-S05-020,S05,Obesity,Obesity,Obesity,2020,CHRONIC,1
MH_042-S06-001_1066,042-S06-001,S06,Type 2 Diabetes Mellitus,Type 2 Diabetes Mellitus,Type 2 Diabetes Mellitus,2021,CHRONIC,1
MH_042-S06-002_1067,042-S06-002,S06,Essential Hypertension,Essential Hypertension,Essential Hypertension,2022,CHRONIC,1
MH_042-S06-003_1068,042-S06-003,S06,Hyperlipidemia,Hyperlipidemia,Hyperlipidemia,2023,CHRONIC,1
MH_042-S06-004_1069,042-S06-004,S06,Diabetic Neuropathy,Diabetic Neuropathy,Diabetic Neuropathy,2018,CHRONIC,1
MH_042-S06-005_1070,042-S06-005,S06,Obesity,Obesity,Obesity,2019,CHRONIC,1
MH_042-S06-006_1071,042-S06-006,S06,Type 2 Diabetes Mellitus,Type 2 Diabetes Mellitus,Type 2 Diabetes Mellitus,2020,CHRONIC,1
MH_042-S06-007_1072,042-S06-007,S06,Essential Hypertension,Essential Hypertension,Essential Hypertension,2021,CHRONIC,1
MH_042-S06-008_1073,042-S06-008,S06,Hyperlipidemia,Hyperlipidemia,Hyperlipidemia,2022,CHRONIC,1
MH_042-S06-009_1074,042-S06-009,S06,Diabetic Neuropathy,Diabetic Neuropathy,Diabetic Neuropathy,2023,CHRONIC,1
MH_042-S06-010_1075,042-S06-010,S06,Obesity,Obesity,Obesity,2018,CHRONIC,1
MH_042-S06-011_1076,042-S06-011,S06,Type 2 Diabetes Mellitus,Type 2 Diabetes Mellitus,Type 2 Diabetes Mellitus,2019,CHRONIC,1
MH_042-S06-012_1077,042-S06-012,S06,Essential Hypertension,Essential Hypertension,Essential Hypertension,2020,CHRONIC,1
MH_042-S06-013_1078,042-S06-013,S06,Hyperlipidemia,Hyperlipidemia,Hyperlipidemia,2021,CHRONIC,1
MH_042-S06-014_1079,042-S06-014,S06,Diabetic Neuropathy,Diabetic Neuropathy,Diabetic Neuropathy,2022,CHRONIC,1
MH_042-S06-015_1080,042-S06-015,S06,Obesity,Obesity,Obesity,2023,CHRONIC,1
MH_042-S06-016_1081,042-S06-016,S06,Type 2 Diabetes Mellitus,Type 2 Diabetes Mellitus,Type 2 Diabetes Mellitus,2018,CHRONIC,1
MH_042-S06-017_1082,042-S06-017,S06,Essential Hypertension,Essential Hypertension,Essential Hypertension,2019,CHRONIC,1
MH_042-S06-018_1083,042-S06-018,S06,Hyperlipidemia,Hyperlipidemia,Hyperlipidemia,2020,CHRONIC,1
MH_042-S06-019_1084,042-S06-019,S06,Diabetic Neuropathy,Diabetic Neuropathy,Diabetic Neuropathy,2021,CHRONIC,1
MH_042-S06-020_1085,042-S06-020,S06,Obesity,Obesity,Obesity,2022,CHRONIC,1
MH_042-S07-001_1086,042-S07-001,S07,Type 2 Diabetes Mellitus,Type 2 Diabetes Mellitus,Type 2 Diabetes Mellitus,2023,CHRONIC,1
MH_042-S07-002_1087,042-S07-002,S07,Essential Hypertension,Essential Hypertension,Essential Hypertension,2018,CHRONIC,1
MH_042-S07-003_1088,042-S07-003,S07,Hyperlipidemia,Hyperlipidemia,Hyperlipidemia,2019,CHRONIC,1
MH_042-S07-004_1089,042-S07-004,S07,Diabetic Neuropathy,Diabetic Neuropathy,Diabetic Neuropathy,2020,CHRONIC,1
MH_042-S07-005_1090,042-S07-005,S07,Obesity,Obesity,Obesity,2021,CHRONIC,1
MH_042-S07-006_1091,042-S07-006,S07,Type 2 Diabetes Mellitus,Type 2 Diabetes Mellitus,Type 2 Diabetes Mellitus,2022,CHRONIC,1
MH_042-S07-007_1092,042-S07-007,S07,Essential Hypertension,Essential Hypertension,Essential Hypertension,2023,CHRONIC,1
MH_042-S07-008_1093,042-S07-008,S07,Hyperlipidemia,Hyperlipidemia,Hyperlipidemia,2018,CHRONIC,1
MH_042-S07-009_1094,042-S07-009,S07,Diabetic Neuropathy,Diabetic Neuropathy,Diabetic Neuropathy,2019,CHRONIC,1
MH_042-S07-010_1095,042-S07-010,S07,Obesity,Obesity,Obesity,2020,CHRONIC,1
MH_042-S07-011_1096,042-S07-011,S07,Type 2 Diabetes Mellitus,Type 2 Diabetes Mellitus,Type 2 Diabetes Mellitus,2021,CHRONIC,1
MH_042-S07-012_1097,042-S07-012,S07,Essential Hypertension,Essential Hypertension,Essential Hypertension,2022,CHRONIC,1
MH_042-S07-013_1098,042-S07-013,S07,Hyperlipidemia,Hyperlipidemia,Hyperlipidemia,2023,CHRONIC,1
MH_042-S07-014_1099,042-S07-014,S07,Diabetic Neuropathy,Diabetic Neuropathy,Diabetic Neuropathy,2018,CHRONIC,1
MH_042-S07-015_1100,042-S07-015,S07,Obesity,Obesity,Obesity,2019,CHRONIC,1
MH_042-S07-016_1101,042-S07-016,S07,Type 2 Diabetes Mellitus,Type 2 Diabetes Mellitus,Type 2 Diabetes Mellitus,2020,CHRONIC,1
MH_042-S07-017_1102,042-S07-017,S07,Essential Hypertension,Essential Hypertension,Essential Hypertension,2021,CHRONIC,1
MH_042-S07-018_1103,042-S07-018,S07,Hyperlipidemia,Hyperlipidemia,Hyperlipidemia,2022,CHRONIC,1
MH_042-S07-019_1104,042-S07-019,S07,Diabetic Neuropathy,Diabetic Neuropathy,Diabetic Neuropathy,2023,CHRONIC,1
MH_042-S07-020_1105,042-S07-020,S07,Obesity,Obesity,Obesity,2018,CHRONIC,1
MH_042-S08-001_1106,042-S08-001,S08,Type 2 Diabetes Mellitus,Type 2 Diabetes Mellitus,Type 2 Diabetes Mellitus,2019,CHRONIC,1
MH_042-S08-002_1107,042-S08-002,S08,Essential Hypertension,Essential Hypertension,Essential Hypertension,2020,CHRONIC,1
MH_042-S08-003_1108,042-S08-003,S08,Hyperlipidemia,Hyperlipidemia,Hyperlipidemia,2021,CHRONIC,1
MH_042-S08-004_1109,042-S08-004,S08,Diabetic Neuropathy,Diabetic Neuropathy,Diabetic Neuropathy,2022,CHRONIC,1
MH_042-S08-005_1110,042-S08-005,S08,Obesity,Obesity,Obesity,2023,CHRONIC,1
MH_042-S08-006_1111,042-S08-006,S08,Type 2 Diabetes Mellitus,Type 2 Diabetes Mellitus,Type 2 Diabetes Mellitus,2018,CHRONIC,1
MH_042-S08-007_1112,042-S08-007,S08,Essential Hypertension,Essential Hypertension,Essential Hypertension,2019,CHRONIC,1
MH_042-S08-008_1113,042-S08-008,S08,Hyperlipidemia,Hyperlipidemia,Hyperlipidemia,2020,CHRONIC,1
MH_042-S08-009_1114,042-S08-009,S08,Diabetic Neuropathy,Diabetic Neuropathy,Diabetic Neuropathy,2021,CHRONIC,1
MH_042-S08-010_1115,042-S08-010,S08,Obesity,Obesity,Obesity,2022,CHRONIC,1
MH_042-S08-011_1116,042-S08-011,S08,Type 2 Diabetes Mellitus,Type 2 Diabetes Mellitus,Type 2 Diabetes Mellitus,2023,CHRONIC,1
MH_042-S08-012_1117,042-S08-012,S08,Essential Hypertension,Essential Hypertension,Essential Hypertension,2018,CHRONIC,1
MH_042-S08-013_1118,042-S08-013,S08,Hyperlipidemia,Hyperlipidemia,Hyperlipidemia,2019,CHRONIC,1
MH_042-S08-014_1119,042-S08-014,S08,Diabetic Neuropathy,Diabetic Neuropathy,Diabetic Neuropathy,2020,CHRONIC,1
MH_042-S08-015_1120,042-S08-015,S08,Obesity,Obesity,Obesity,2021,CHRONIC,1
MH_042-S08-016_1121,042-S08-016,S08,Type 2 Diabetes Mellitus,Type 2 Diabetes Mellitus,Type 2 Diabetes Mellitus,2022,CHRONIC,1
MH_042-S08-017_1122,042-S08-017,S08,Essential Hypertension,Essential Hypertension,Essential Hypertension,2023,CHRONIC,1
MH_042-S08-018_1123,042-S08-018,S08,Hyperlipidemia,Hyperlipidemia,Hyperlipidemia,2018,CHRONIC,1
MH_042-S08-019_1124,042-S08-019,S08,Diabetic Neuropathy,Diabetic Neuropathy,Diabetic Neuropathy,2019,CHRONIC,1
MH_042-S08-020_1125,042-S08-020,S08,Obesity,Obesity,Obesity,2020,CHRONIC,1
MH_042-S09-001_1126,042-S09-001,S09,Type 2 Diabetes Mellitus,Type 2 Diabetes Mellitus,Type 2 Diabetes Mellitus,2021,CHRONIC,9
MH_042-S09-002_1127,042-S09-002,S09,Essential Hypertension,Essential Hypertension,Essential Hypertension,2022,CHRONIC,9
MH_042-S09-003_1128,042-S09-003,S09,Hyperlipidemia,Hyperlipidemia,Hyperlipidemia,2023,CHRONIC,9
MH_042-S09-004_1129,042-S09-004,S09,Diabetic Neuropathy,Diabetic Neuropathy,Diabetic Neuropathy,2018,CHRONIC,9
MH_042-S09-005_1130,042-S09-005,S09,Obesity,Obesity,Obesity,2019,CHRONIC,9
MH_042-S09-006_1131,042-S09-006,S09,Type 2 Diabetes Mellitus,Type 2 Diabetes Mellitus,Type 2 Diabetes Mellitus,2020,CHRONIC,9
MH_042-S09-007_1132,042-S09-007,S09,Essential Hypertension,Essential Hypertension,Essential Hypertension,2021,CHRONIC,9
MH_042-S09-008_1133,042-S09-008,S09,Hyperlipidemia,Hyperlipidemia,Hyperlipidemia,2022,CHRONIC,9
MH_042-S09-009_1134,042-S09-009,S09,Diabetic Neuropathy,Diabetic Neuropathy,Diabetic Neuropathy,2023,CHRONIC,9
MH_042-S09-010_1135,042-S09-010,S09,Obesity,Obesity,Obesity,2018,CHRONIC,9
MH_042-S09-011_1136,042-S09-011,S09,Type 2 Diabetes Mellitus,Type 2 Diabetes Mellitus,Type 2 Diabetes Mellitus,2019,CHRONIC,9
MH_042-S09-012_1137,042-S09-012,S09,Essential Hypertension,Essential Hypertension,Essential Hypertension,2020,CHRONIC,9
MH_042-S09-013_1138,042-S09-013,S09,Hyperlipidemia,Hyperlipidemia,Hyperlipidemia,2021,CHRONIC,9
MH_042-S09-014_1139,042-S09-014,S09,Diabetic Neuropathy,Diabetic Neuropathy,Diabetic Neuropathy,2022,CHRONIC,9
MH_042-S09-015_1140,042-S09-015,S09,Obesity,Obesity,Obesity,2023,CHRONIC,9
MH_042-S09-016_1141,042-S09-016,S09,Type 2 Diabetes Mellitus,Type 2 Diabetes Mellitus,Type 2 Diabetes Mellitus,2018,CHRONIC,9
MH_042-S09-017_1142,042-S09-017,S09,Essential Hypertension,Essential Hypertension,Essential Hypertension,2019,CHRONIC,9
MH_042-S09-018_1143,042-S09-018,S09,Hyperlipidemia,Hyperlipidemia,Hyperlipidemia,2020,CHRONIC,9
MH_042-S09-019_1144,042-S09-019,S09,Diabetic Neuropathy,Diabetic Neuropathy,Diabetic Neuropathy,2021,CHRONIC,9
MH_042-S09-020_1145,042-S09-020,S09,Obesity,Obesity,Obesity,2022,CHRONIC,9
MH_042-S10-001_1146,042-S10-001,S10,Type 2 Diabetes Mellitus,Type 2 Diabetes Mellitus,Type 2 Diabetes Mellitus,2023,CHRONIC,1
MH_042-S10-002_1147,042-S10-002,S10,Essential Hypertension,Essential Hypertension,Essential Hypertension,2018,CHRONIC,1
MH_042-S10-003_1148,042-S10-003,S10,Hyperlipidemia,Hyperlipidemia,Hyperlipidemia,2019,CHRONIC,1
MH_042-S10-004_1149,042-S10-004,S10,Diabetic Neuropathy,Diabetic Neuropathy,Diabetic Neuropathy,2020,CHRONIC,1
MH_042-S10-005_1150,042-S10-005,S10,Obesity,Obesity,Obesity,2021,CHRONIC,1
MH_042-S10-006_1151,042-S10-006,S10,Type 2 Diabetes Mellitus,Type 2 Diabetes Mellitus,Type 2 Diabetes Mellitus,2022,CHRONIC,1
MH_042-S10-007_1152,042-S10-007,S10,Essential Hypertension,Essential Hypertension,Essential Hypertension,2023,CHRONIC,1
MH_042-S10-008_1153,042-S10-008,S10,Hyperlipidemia,Hyperlipidemia,Hyperlipidemia,2018,CHRONIC,1
MH_042-S10-009_1154,042-S10-009,S10,Diabetic Neuropathy,Diabetic Neuropathy,Diabetic Neuropathy,2019,CHRONIC,1
MH_042-S10-010_1155,042-S10-010,S10,Obesity,Obesity,Obesity,2020,CHRONIC,1
MH_042-S10-011_1156,042-S10-011,S10,Type 2 Diabetes Mellitus,Type 2 Diabetes Mellitus,Type 2 Diabetes Mellitus,2021,CHRONIC,1
MH_042-S10-012_1157,042-S10-012,S10,Essential Hypertension,Essential Hypertension,Essential Hypertension,2022,CHRONIC,1
MH_042-S10-013_1158,042-S10-013,S10,Hyperlipidemia,Hyperlipidemia,Hyperlipidemia,2023,CHRONIC,1
MH_042-S10-014_1159,042-S10-014,S10,Diabetic Neuropathy,Diabetic Neuropathy,Diabetic Neuropathy,2018,CHRONIC,1
MH_042-S10-015_1160,042-S10-015,S10,Obesity,Obesity,Obesity,2019,CHRONIC,1
MH_042-S10-016_1161,042-S10-016,S10,Type 2 Diabetes Mellitus,Type 2 Diabetes Mellitus,Type 2 Diabetes Mellitus,2020,CHRONIC,1
MH_042-S10-017_1162,042-S10-017,S10,Essential Hypertension,Essential Hypertension,Essential Hypertension,2021,CHRONIC,1
MH_042-S10-018_1163,042-S10-018,S10,Hyperlipidemia,Hyperlipidemia,Hyperlipidemia,2022,CHRONIC,1
MH_042-S10-019_1164,042-S10-019,S10,Diabetic Neuropathy,Diabetic Neuropathy,Diabetic Neuropathy,2023,CHRONIC,1
MH_042-S10-020_1165,042-S10-020,S10,Obesity,Obesity,Obesity,2018,CHRONIC,1
MH_042-S11-001_1166,042-S11-001,S11,Type 2 Diabetes Mellitus,Type 2 Diabetes Mellitus,Type 2 Diabetes Mellitus,2019,CHRONIC,1
MH_042-S11-002_1167,042-S11-002,S11,Essential Hypertension,Essential Hypertension,Essential Hypertension,2020,CHRONIC,1
MH_042-S11-003_1168,042-S11-003,S11,Hyperlipidemia,Hyperlipidemia,Hyperlipidemia,2021,CHRONIC,1
MH_042-S11-004_1169,042-S11-004,S11,Diabetic Neuropathy,Diabetic Neuropathy,Diabetic Neuropathy,2022,CHRONIC,1
MH_042-S11-005_1170,042-S11-005,S11,Obesity,Obesity,Obesity,2023,CHRONIC,1
MH_042-S11-006_1171,042-S11-006,S11,Type 2 Diabetes Mellitus,Type 2 Diabetes Mellitus,Type 2 Diabetes Mellitus,2018,CHRONIC,1
MH_042-S11-007_1172,042-S11-007,S11,Essential Hypertension,Essential Hypertension,Essential Hypertension,2019,CHRONIC,1
MH_042-S11-008_1173,042-S11-008,S11,Hyperlipidemia,Hyperlipidemia,Hyperlipidemia,2020,CHRONIC,1
MH_042-S11-009_1174,042-S11-009,S11,Diabetic Neuropathy,Diabetic Neuropathy,Diabetic Neuropathy,2021,CHRONIC,1
MH_042-S11-010_1175,042-S11-010,S11,Obesity,Obesity,Obesity,2022,CHRONIC,1
MH_042-S11-011_1176,042-S11-011,S11,Type 2 Diabetes Mellitus,Type 2 Diabetes Mellitus,Type 2 Diabetes Mellitus,2023,CHRONIC,1
MH_042-S11-012_1177,042-S11-012,S11,Essential Hypertension,Essential Hypertension,Essential Hypertension,2018,CHRONIC,1
MH_042-S11-013_1178,042-S11-013,S11,Hyperlipidemia,Hyperlipidemia,Hyperlipidemia,2019,CHRONIC,1
MH_042-S11-014_1179,042-S11-014,S11,Diabetic Neuropathy,Diabetic Neuropathy,Diabetic Neuropathy,2020,CHRONIC,1
MH_042-S11-015_1180,042-S11-015,S11,Obesity,Obesity,Obesity,2021,CHRONIC,1
MH_042-S11-016_1181,042-S11-016,S11,Type 2 Diabetes Mellitus,Type 2 Diabetes Mellitus,Type 2 Diabetes Mellitus,2022,CHRONIC,1
MH_042-S11-017_1182,042-S11-017,S11,Essential Hypertension,Essential Hypertension,Essential Hypertension,2023,CHRONIC,1
MH_042-S11-018_1183,042-S11-018,S11,Hyperlipidemia,Hyperlipidemia,Hyperlipidemia,2018,CHRONIC,1
MH_042-S11-019_1184,042-S11-019,S11,Diabetic Neuropathy,Diabetic Neuropathy,Diabetic Neuropathy,2019,CHRONIC,1
MH_042-S11-020_1185,042-S11-020,S11,Obesity,Obesity,Obesity,2020,CHRONIC,1
MH_042-S12-001_1186,042-S12-001,S12,Type 2 Diabetes Mellitus,Type 2 Diabetes Mellitus,Type 2 Diabetes Mellitus,2021,CHRONIC,1
MH_042-S12-002_1187,042-S12-002,S12,Essential Hypertension,Essential Hypertension,Essential Hypertension,2022,CHRONIC,1
MH_042-S12-003_1188,042-S12-003,S12,Hyperlipidemia,Hyperlipidemia,Hyperlipidemia,2023,CHRONIC,1
MH_042-S12-004_1189,042-S12-004,S12,Diabetic Neuropathy,Diabetic Neuropathy,Diabetic Neuropathy,2018,CHRONIC,1
MH_042-S12-005_1190,042-S12-005,S12,Obesity,Obesity,Obesity,2019,CHRONIC,1
MH_042-S12-006_1191,042-S12-006,S12,Type 2 Diabetes Mellitus,Type 2 Diabetes Mellitus,Type 2 Diabetes Mellitus,2020,CHRONIC,1
MH_042-S12-007_1192,042-S12-007,S12,Essential Hypertension,Essential Hypertension,Essential Hypertension,2021,CHRONIC,1
MH_042-S12-008_1193,042-S12-008,S12,Hyperlipidemia,Hyperlipidemia,Hyperlipidemia,2022,CHRONIC,1
MH_042-S12-009_1194,042-S12-009,S12,Diabetic Neuropathy,Diabetic Neuropathy,Diabetic Neuropathy,2023,CHRONIC,1
MH_042-S12-010_1195,042-S12-010,S12,Obesity,Obesity,Obesity,2018,CHRONIC,1
MH_042-S12-011_1196,042-S12-011,S12,Type 2 Diabetes Mellitus,Type 2 Diabetes Mellitus,Type 2 Diabetes Mellitus,2019,CHRONIC,1
MH_042-S12-012_1197,042-S12-012,S12,Essential Hypertension,Essential Hypertension,Essential Hypertension,2020,CHRONIC,1
MH_042-S12-013_1198,042-S12-013,S12,Hyperlipidemia,Hyperlipidemia,Hyperlipidemia,2021,CHRONIC,1
MH_042-S12-014_1199,042-S12-014,S12,Diabetic Neuropathy,Diabetic Neuropathy,Diabetic Neuropathy,2022,CHRONIC,1
MH_042-S12-015_1200,042-S12-015,S12,Obesity,Obesity,Obesity,2023,CHRONIC,1
