record_id,usubjid,site,visit,vstest,vstestcd,vsstresn,value,unit,visit_date,cut_available
VS_042-S01-001_SCREENING_SYSBP,042-S01-001,S01,SCREENING,Systolic Blood Pressure,SYSBP,122.0,122.0,mmHg,2026-01-05,1
VS_042-S01-001_SCREENING_DIABP,042-S01-001,S01,SCREENING,Diastolic Blood Pressure,DIABP,73.0,73.0,mmHg,2026-01-05,1
VS_042-S01-001_SCREENING_PULSE,042-S01-001,S01,SCREENING,Pulse Rate,PULSE,72.0,72.0,beats/min,2026-01-05,1
VS_042-S01-001_SCREENING_WEIGHT,042-S01-001,S01,SCREENING,Weight,WEIGHT,80.5,80.5,kg,2026-01-05,1
VS_042-S01-002_SCREENING_SYSBP,042-S01-002,S01,SCREENING,Systolic Blood Pressure,SYSBP,127.0,127.0,mmHg,2026-01-05,1
VS_042-S01-002_SCREENING_DIABP,042-S01-002,S01,SCREENING,Diastolic Blood Pressure,DIABP,81.0,81.0,mmHg,2026-01-05,1
VS_042-S01-002_SCREENING_PULSE,042-S01-002,S01,SCREENING,Pulse Rate,PULSE,68.0,68.0,beats/min,2026-01-05,1
VS_042-S01-002_SCREENING_WEIGHT,042-S01-002,S01,SCREENING,Weight,WEIGHT,82.5,82.5,kg,2026-01-05,1
VS_042-S01-003_SCREENING_SYSBP,042-S01-003,S01,SCREENING,Systolic Blood Pressure,SYSBP,119.0,119.0,mmHg,2026-01-05,1
VS_042-S01-003_SCREENING_DIABP,042-S01-003,S01,SCREENING,Diastolic Blood Pressure,DIABP,77.0,77.0,mmHg,2026-01-05,1
VS_042-S01-003_SCREENING_PULSE,042-S01-003,S01,SCREENING,Pulse Rate,PULSE,68.0,68.0,beats/min,2026-01-05,1
VS_042-S01-003_SCREENING_WEIGHT,042-S01-003,S01,SCREENING,Weight,WEIGHT,86.5,86.5,kg,2026-01-05,1
VS_042-S01-004_SCREENING_SYSBP,042-S01-004,S01,SCREENING,Systolic Blood Pressure,SYSBP,119.0,119.0,mmHg,2026-01-05,1
VS_042-S01-004_SCREENING_DIABP,042-S01-004,S01,SCREENING,Diastolic Blood Pressure,DIABP,77.0,77.0,mmHg,2026-01-05,1
VS_042-S01-004_SCREENING_PULSE,042-S01-004,S01,SCREENING,Pulse Rate,PULSE,74.0,74.0,beats/min,2026-01-05,1
VS_042-S01-004_SCREENING_WEIGHT,042-S01-004,S01,SCREENING,Weight,WEIGHT,85.5,85.5,kg,2026-01-05,1
VS_042-S01-005_SCREENING_SYSBP,042-S01-005,S01,SCREENING,Systolic Blood Pressure,SYSBP,123.0,123.0,mmHg,2026-01-05,1
VS_042-S01-005_SCREENING_DIABP,042-S01-005,S01,SCREENING,Diastolic Blood Pressure,DIABP,79.0,79.0,mmHg,2026-01-05,1
VS_042-S01-005_SCREENING_PULSE,042-S01-005,S01,SCREENING,Pulse Rate,PULSE,72.0,72.0,beats/min,2026-01-05,1
VS_042-S01-005_SCREENING_WEIGHT,042-S01-005,S01,SCREENING,Weight,WEIGHT,81.5,81.5,kg,2026-01-05,1
VS_042-S01-006_SCREENING_SYSBP,042-S01-006,S01,SCREENING,Systolic Blood Pressure,SYSBP,128.0,128.0,mmHg,2026-01-05,1
VS_042-S01-006_SCREENING_DIABP,042-S01-006,S01,SCREENING,Diastolic Blood Pressure,DIABP,77.0,77.0,mmHg,2026-01-05,1
VS_042-S01-006_SCREENING_PULSE,042-S01-006,S01,SCREENING,Pulse Rate,PULSE,76.0,76.0,beats/min,2026-01-05,1
VS_042-S01-006_SCREENING_WEIGHT,042-S01-006,S01,SCREENING,Weight,WEIGHT,82.5,82.5,kg,2026-01-05,1
VS_042-S01-007_SCREENING_SYSBP,042-S01-007,S01,SCREENING,Systolic Blood Pressure,SYSBP,123.0,123.0,mmHg,2026-01-05,1
VS_042-S01-007_SCREENING_DIABP,042-S01-007,S01,SCREENING,Diastolic Blood Pressure,DIABP,78.0,78.0,mmHg,2026-01-05,1
VS_042-S01-007_SCREENING_PULSE,042-S01-007,S01,SCREENING,Pulse Rate,PULSE,67.0,67.0,beats/min,2026-01-05,1
VS_042-S01-007_SCREENING_WEIGHT,042-S01-007,S01,SCREENING,Weight,WEIGHT,79.5,79.5,kg,2026-01-05,1
VS_042-S01-008_SCREENING_SYSBP,042-S01-008,S01,SCREENING,Systolic Blood Pressure,SYSBP,128.0,128.0,mmHg,2026-01-05,1
VS_042-S01-008_SCREENING_DIABP,042-S01-008,S01,SCREENING,Diastolic Blood Pressure,DIABP,83.0,83.0,mmHg,2026-01-05,1
VS_042-S01-008_SCREENING_PULSE,042-S01-008,S01,SCREENING,Pulse Rate,PULSE,75.0,75.0,beats/min,2026-01-05,1
VS_042-S01-008_SCREENING_WEIGHT,042-S01-008,S01,SCREENING,Weight,WEIGHT,82.5,82.5,kg,2026-01-05,1
VS_042-S01-009_SCREENING_SYSBP,042-S01-009,S01,SCREENING,Systolic Blood Pressure,SYSBP,129.0,129.0,mmHg,2026-01-05,1
VS_042-S01-009_SCREENING_DIABP,042-S01-009,S01,SCREENING,Diastolic Blood Pressure,DIABP,75.0,75.0,mmHg,2026-01-05,1
VS_042-S01-009_SCREENING_PULSE,042-S01-009,S01,SCREENING,Pulse Rate,PULSE,68.0,68.0,beats/min,2026-01-05,1
VS_042-S01-009_SCREENING_WEIGHT,042-S01-009,S01,SCREENING,Weight,WEIGHT,85.5,85.5,kg,2026-01-05,1
VS_042-S01-010_SCREENING_SYSBP,042-S01-010,S01,SCREENING,Systolic Blood Pressure,SYSBP,121.0,121.0,mmHg,2026-01-05,1
VS_042-S01-010_SCREENING_DIABP,042-S01-010,S01,SCREENING,Diastolic Blood Pressure,DIABP,76.0,76.0,mmHg,2026-01-05,1
VS_042-S01-010_SCREENING_PULSE,042-S01-010,S01,SCREENING,Pulse Rate,PULSE,74.0,74.0,beats/min,2026-01-05,1
VS_042-S01-010_SCREENING_WEIGHT,042-S01-010,S01,SCREENING,Weight,WEIGHT,81.5,81.5,kg,2026-01-05,1
VS_042-S01-011_SCREENING_SYSBP,042-S01-011,S01,SCREENING,Systolic Blood Pressure,SYSBP,128.0,128.0,mmHg,2026-01-05,1
VS_042-S01-011_SCREENING_DIABP,042-S01-011,S01,SCREENING,Diastolic Blood Pressure,DIABP,83.0,83.0,mmHg,2026-01-05,1
VS_042-S01-011_SCREENING_PULSE,042-S01-011,S01,SCREENING,Pulse Rate,PULSE,75.0,75.0,beats/min,2026-01-05,1
VS_042-S01-011_SCREENING_WEIGHT,042-S01-011,S01,SCREENING,Weight,WEIGHT,85.5,85.5,kg,2026-01-05,1
VS_042-S01-012_SCREENING_SYSBP,042-S01-012,S01,SCREENING,Systolic Blood Pressure,SYSBP,127.0,127.0,mmHg,2026-01-05,1
VS_042-S01-012_SCREENING_DIABP,042-S01-012,S01,SCREENING,Diastolic Blood Pressure,DIABP,73.0,73.0,mmHg,2026-01-05,1
VS_042-S01-012_SCREENING_PULSE,042-S01-012,S01,SCREENING,Pulse Rate,PULSE,69.0,69.0,beats/min,2026-01-05,1
VS_042-S01-012_SCREENING_WEIGHT,042-S01-012,S01,SCREENING,Weight,WEIGHT,87.5,87.5,kg,2026-01-05,1
VS_042-S01-013_SCREENING_SYSBP,042-S01-013,S01,SCREENING,Systolic Blood Pressure,SYSBP,123.0,123.0,mmHg,2026-01-05,1
VS_042-S01-013_SCREENING_DIABP,042-S01-013,S01,SCREENING,Diastolic Blood Pressure,DIABP,75.0,75.0,mmHg,2026-01-05,1
VS_042-S01-013_SCREENING_PULSE,042-S01-013,S01,SCREENING,Pulse Rate,PULSE,72.0,72.0,beats/min,2026-01-05,1
VS_042-S01-013_SCREENING_WEIGHT,042-S01-013,S01,SCREENING,Weight,WEIGHT,85.5,85.5,kg,2026-01-05,1
VS_042-S01-014_SCREENING_SYSBP,042-S01-014,S01,SCREENING,Systolic Blood Pressure,SYSBP,122.0,122.0,mmHg,2026-01-05,1
VS_042-S01-014_SCREENING_DIABP,042-S01-014,S01,SCREENING,Diastolic Blood Pressure,DIABP,77.0,77.0,mmHg,2026-01-05,1
VS_042-S01-014_SCREENING_PULSE,042-S01-014,S01,SCREENING,Pulse Rate,PULSE,72.0,72.0,beats/min,2026-01-05,1
VS_042-S01-014_SCREENING_WEIGHT,042-S01-014,S01,SCREENING,Weight,WEIGHT,79.5,79.5,kg,2026-01-05,1
VS_042-S01-015_SCREENING_SYSBP,042-S01-015,S01,SCREENING,Systolic Blood Pressure,SYSBP,124.0,124.0,mmHg,2026-01-05,1
VS_042-S01-015_SCREENING_DIABP,042-S01-015,S01,SCREENING,Diastolic Blood Pressure,DIABP,81.0,81.0,mmHg,2026-01-05,1
VS_042-S01-015_SCREENING_PULSE,042-S01-015,S01,SCREENING,Pulse Rate,PULSE,67.0,67.0,beats/min,2026-01-05,1
VS_042-S01-015_SCREENING_WEIGHT,042-S01-015,S01,SCREENING,Weight,WEIGHT,84.5,84.5,kg,2026-01-05,1
VS_042-S01-016_SCREENING_SYSBP,042-S01-016,S01,SCREENING,Systolic Blood Pressure,SYSBP,122.0,122.0,mmHg,2026-01-05,1
VS_042-S01-016_SCREENING_DIABP,042-S01-016,S01,SCREENING,Diastolic Blood Pressure,DIABP,74.0,74.0,mmHg,2026-01-05,1
VS_042-S01-016_SCREENING_PULSE,042-S01-016,S01,SCREENING,Pulse Rate,PULSE,74.0,74.0,beats/min,2026-01-05,1
VS_042-S01-016_SCREENING_WEIGHT,042-S01-016,S01,SCREENING,Weight,WEIGHT,77.5,77.5,kg,2026-01-05,1
VS_042-S01-017_SCREENING_SYSBP,042-S01-017,S01,SCREENING,Systolic Blood Pressure,SYSBP,120.0,120.0,mmHg,2026-01-05,1
VS_042-S01-017_SCREENING_DIABP,042-S01-017,S01,SCREENING,Diastolic Blood Pressure,DIABP,79.0,79.0,mmHg,2026-01-05,1
VS_042-S01-017_SCREENING_PULSE,042-S01-017,S01,SCREENING,Pulse Rate,PULSE,75.0,75.0,beats/min,2026-01-05,1
VS_042-S01-017_SCREENING_WEIGHT,042-S01-017,S01,SCREENING,Weight,WEIGHT,79.5,79.5,kg,2026-01-05,1
VS_042-S01-018_SCREENING_SYSBP,042-S01-018,S01,SCREENING,Systolic Blood Pressure,SYSBP,122.0,122.0,mmHg,2026-01-05,1
VS_042-S01-018_SCREENING_DIABP,042-S01-018,S01,SCREENING,Diastolic Blood Pressure,DIABP,79.0,79.0,mmHg,2026-01-05,1
VS_042-S01-018_SCREENING_PULSE,042-S01-018,S01,SCREENING,Pulse Rate,PULSE,75.0,75.0,beats/min,2026-01-05,1
VS_042-S01-018_SCREENING_WEIGHT,042-S01-018,S01,SCREENING,Weight,WEIGHT,80.5,80.5,kg,2026-01-05,1
VS_042-S01-019_SCREENING_SYSBP,042-S01-019,S01,SCREENING,Systolic Blood Pressure,SYSBP,128.0,128.0,mmHg,2026-01-05,1
VS_042-S01-019_SCREENING_DIABP,042-S01-019,S01,SCREENING,Diastolic Blood Pressure,DIABP,74.0,74.0,mmHg,2026-01-05,1
VS_042-S01-019_SCREENING_PULSE,042-S01-019,S01,SCREENING,Pulse Rate,PULSE,70.0,70.0,beats/min,2026-01-05,1
VS_042-S01-019_SCREENING_WEIGHT,042-S01-019,S01,SCREENING,Weight,WEIGHT,87.5,87.5,kg,2026-01-05,1
VS_042-S01-020_SCREENING_SYSBP,042-S01-020,S01,SCREENING,Systolic Blood Pressure,SYSBP,121.0,121.0,mmHg,2026-01-05,1
VS_042-S01-020_SCREENING_DIABP,042-S01-020,S01,SCREENING,Diastolic Blood Pressure,DIABP,82.0,82.0,mmHg,2026-01-05,1
VS_042-S01-020_SCREENING_PULSE,042-S01-020,S01,SCREENING,Pulse Rate,PULSE,77.0,77.0,beats/min,2026-01-05,1
VS_042-S01-020_SCREENING_WEIGHT,042-S01-020,S01,SCREENING,Weight,WEIGHT,86.5,86.5,kg,2026-01-05,1
VS_042-S01-021_SCREENING_SYSBP,042-S01-021,S01,SCREENING,Systolic Blood Pressure,SYSBP,126.0,126.0,mmHg,2026-01-05,1
VS_042-S01-021_SCREENING_DIABP,042-S01-021,S01,SCREENING,Diastolic Blood Pressure,DIABP,80.0,80.0,mmHg,2026-01-05,1
VS_042-S01-021_SCREENING_PULSE,042-S01-021,S01,SCREENING,Pulse Rate,PULSE,74.0,74.0,beats/min,2026-01-05,1
VS_042-S01-021_SCREENING_WEIGHT,042-S01-021,S01,SCREENING,Weight,WEIGHT,82.5,82.5,kg,2026-01-05,1
VS_042-S02-001_SCREENING_SYSBP,042-S02-001,S02,SCREENING,Systolic Blood Pressure,SYSBP,128.0,128.0,mmHg,2026-01-05,1
VS_042-S02-001_SCREENING_DIABP,042-S02-001,S02,SCREENING,Diastolic Blood Pressure,DIABP,80.0,80.0,mmHg,2026-01-05,1
VS_042-S02-001_SCREENING_PULSE,042-S02-001,S02,SCREENING,Pulse Rate,PULSE,74.0,74.0,beats/min,2026-01-05,1
VS_042-S02-001_SCREENING_WEIGHT,042-S02-001,S02,SCREENING,Weight,WEIGHT,81.5,81.5,kg,2026-01-05,1
VS_042-S02-002_SCREENING_SYSBP,042-S02-002,S02,SCREENING,Systolic Blood Pressure,SYSBP,128.0,128.0,mmHg,2026-01-05,1
VS_042-S02-002_SCREENING_DIABP,042-S02-002,S02,SCREENING,Diastolic Blood Pressure,DIABP,77.0,77.0,mmHg,2026-01-05,1
VS_042-S02-002_SCREENING_PULSE,042-S02-002,S02,SCREENING,Pulse Rate,PULSE,76.0,76.0,beats/min,2026-01-05,1
VS_042-S02-002_SCREENING_WEIGHT,042-S02-002,S02,SCREENING,Weight,WEIGHT,77.5,77.5,kg,2026-01-05,1
VS_042-S02-003_SCREENING_SYSBP,042-S02-003,S02,SCREENING,Systolic Blood Pressure,SYSBP,122.0,122.0,mmHg,2026-01-05,1
VS_042-S02-003_SCREENING_DIABP,042-S02-003,S02,SCREENING,Diastolic Blood Pressure,DIABP,79.0,79.0,mmHg,2026-01-05,1
VS_042-S02-003_SCREENING_PULSE,042-S02-003,S02,SCREENING,Pulse Rate,PULSE,77.0,77.0,beats/min,2026-01-05,1
VS_042-S02-003_SCREENING_WEIGHT,042-S02-003,S02,SCREENING,Weight,WEIGHT,78.5,78.5,kg,2026-01-05,1
VS_042-S02-004_SCREENING_SYSBP,042-S02-004,S02,SCREENING,Systolic Blood Pressure,SYSBP,125.0,125.0,mmHg,2026-01-05,1
VS_042-S02-004_SCREENING_DIABP,042-S02-004,S02,SCREENING,Diastolic Blood Pressure,DIABP,75.0,75.0,mmHg,2026-01-05,1
VS_042-S02-004_SCREENING_PULSE,042-S02-004,S02,SCREENING,Pulse Rate,PULSE,70.0,70.0,beats/min,2026-01-05,1
VS_042-S02-004_SCREENING_WEIGHT,042-S02-004,S02,SCREENING,Weight,WEIGHT,82.5,82.5,kg,2026-01-05,1
VS_042-S02-005_SCREENING_SYSBP,042-S02-005,S02,SCREENING,Systolic Blood Pressure,SYSBP,125.0,125.0,mmHg,2026-01-05,1
VS_042-S02-005_SCREENING_DIABP,042-S02-005,S02,SCREENING,Diastolic Blood Pressure,DIABP,75.0,75.0,mmHg,2026-01-05,1
VS_042-S02-005_SCREENING_PULSE,042-S02-005,S02,SCREENING,Pulse Rate,PULSE,72.0,72.0,beats/min,2026-01-05,1
VS_042-S02-005_SCREENING_WEIGHT,042-S02-005,S02,SCREENING,Weight,WEIGHT,80.5,80.5,kg,2026-01-05,1
VS_042-S02-006_SCREENING_SYSBP,042-S02-006,S02,SCREENING,Systolic Blood Pressure,SYSBP,122.0,122.0,mmHg,2026-01-05,1
VS_042-S02-006_SCREENING_DIABP,042-S02-006,S02,SCREENING,Diastolic Blood Pressure,DIABP,78.0,78.0,mmHg,2026-01-05,1
VS_042-S02-006_SCREENING_PULSE,042-S02-006,S02,SCREENING,Pulse Rate,PULSE,72.0,72.0,beats/min,2026-01-05,1
VS_042-S02-006_SCREENING_WEIGHT,042-S02-006,S02,SCREENING,Weight,WEIGHT,84.5,84.5,kg,2026-01-05,1
VS_042-S02-007_SCREENING_SYSBP,042-S02-007,S02,SCREENING,Systolic Blood Pressure,SYSBP,122.0,122.0,mmHg,2026-01-05,1
VS_042-S02-007_SCREENING_DIABP,042-S02-007,S02,SCREENING,Diastolic Blood Pressure,DIABP,81.0,81.0,mmHg,2026-01-05,1
VS_042-S02-007_SCREENING_PULSE,042-S02-007,S02,SCREENING,Pulse Rate,PULSE,74.0,74.0,beats/min,2026-01-05,1
VS_042-S02-007_SCREENING_WEIGHT,042-S02-007,S02,SCREENING,Weight,WEIGHT,79.5,79.5,kg,2026-01-05,1
VS_042-S02-008_SCREENING_SYSBP,042-S02-008,S02,SCREENING,Systolic Blood Pressure,SYSBP,124.0,124.0,mmHg,2026-01-05,1
VS_042-S02-008_SCREENING_DIABP,042-S02-008,S02,SCREENING,Diastolic Blood Pressure,DIABP,73.0,73.0,mmHg,2026-01-05,1
VS_042-S02-008_SCREENING_PULSE,042-S02-008,S02,SCREENING,Pulse Rate,PULSE,76.0,76.0,beats/min,2026-01-05,1
VS_042-S02-008_SCREENING_WEIGHT,042-S02-008,S02,SCREENING,Weight,WEIGHT,79.5,79.5,kg,2026-01-05,1
VS_042-S02-009_SCREENING_SYSBP,042-S02-009,S02,SCREENING,Systolic Blood Pressure,SYSBP,126.0,126.0,mmHg,2026-01-05,1
VS_042-S02-009_SCREENING_DIABP,042-S02-009,S02,SCREENING,Diastolic Blood Pressure,DIABP,80.0,80.0,mmHg,2026-01-05,1
VS_042-S02-009_SCREENING_PULSE,042-S02-009,S02,SCREENING,Pulse Rate,PULSE,70.0,70.0,beats/min,2026-01-05,1
VS_042-S02-009_SCREENING_WEIGHT,042-S02-009,S02,SCREENING,Weight,WEIGHT,82.5,82.5,kg,2026-01-05,1
VS_042-S02-010_SCREENING_SYSBP,042-S02-010,S02,SCREENING,Systolic Blood Pressure,SYSBP,125.0,125.0,mmHg,2026-01-05,1
VS_042-S02-010_SCREENING_DIABP,042-S02-010,S02,SCREENING,Diastolic Blood Pressure,DIABP,75.0,75.0,mmHg,2026-01-05,1
VS_042-S02-010_SCREENING_PULSE,042-S02-010,S02,SCREENING,Pulse Rate,PULSE,77.0,77.0,beats/min,2026-01-05,1
VS_042-S02-010_SCREENING_WEIGHT,042-S02-010,S02,SCREENING,Weight,WEIGHT,78.5,78.5,kg,2026-01-05,1
VS_042-S02-011_SCREENING_SYSBP,042-S02-011,S02,SCREENING,Systolic Blood Pressure,SYSBP,123.0,123.0,mmHg,2026-01-05,1
VS_042-S02-011_SCREENING_DIABP,042-S02-011,S02,SCREENING,Diastolic Blood Pressure,DIABP,73.0,73.0,mmHg,2026-01-05,1
VS_042-S02-011_SCREENING_PULSE,042-S02-011,S02,SCREENING,Pulse Rate,PULSE,77.0,77.0,beats/min,2026-01-05,1
VS_042-S02-011_SCREENING_WEIGHT,042-S02-011,S02,SCREENING,Weight,WEIGHT,86.5,86.5,kg,2026-01-05,1
VS_042-S02-012_SCREENING_SYSBP,042-S02-012,S02,SCREENING,Systolic Blood Pressure,SYSBP,129.0,129.0,mmHg,2026-01-05,1
VS_042-S02-012_SCREENING_DIABP,042-S02-012,S02,SCREENING,Diastolic Blood Pressure,DIABP,78.0,78.0,mmHg,2026-01-05,1
VS_042-S02-012_SCREENING_PULSE,042-S02-012,S02,SCREENING,Pulse Rate,PULSE,71.0,71.0,beats/min,2026-01-05,1
VS_042-S02-012_SCREENING_WEIGHT,042-S02-012,S02,SCREENING,Weight,WEIGHT,83.5,83.5,kg,2026-01-05,1
VS_042-S02-013_SCREENING_SYSBP,042-S02-013,S02,SCREENING,Systolic Blood Pressure,SYSBP,121.0,121.0,mmHg,2026-01-05,1
VS_042-S02-013_SCREENING_DIABP,042-S02-013,S02,SCREENING,Diastolic Blood Pressure,DIABP,79.0,79.0,mmHg,2026-01-05,1
VS_042-S02-013_SCREENING_PULSE,042-S02-013,S02,SCREENING,Pulse Rate,PULSE,71.0,71.0,beats/min,2026-01-05,1
VS_042-S02-013_SCREENING_WEIGHT,042-S02-013,S02,SCREENING,Weight,WEIGHT,81.5,81.5,kg,2026-01-05,1
VS_042-S02-014_SCREENING_SYSBP,042-S02-014,S02,SCREENING,Systolic Blood Pressure,SYSBP,127.0,127.0,mmHg,2026-01-05,1
VS_042-S02-014_SCREENING_DIABP,042-S02-014,S02,SCREENING,Diastolic Blood Pressure,DIABP,77.0,77.0,mmHg,2026-01-05,1
VS_042-S02-014_SCREENING_PULSE,042-S02-014,S02,SCREENING,Pulse Rate,PULSE,77.0,77.0,beats/min,2026-01-05,1
VS_042-S02-014_SCREENING_WEIGHT,042-S02-014,S02,SCREENING,Weight,WEIGHT,83.5,83.5,kg,2026-01-05,1
VS_042-S02-015_SCREENING_SYSBP,042-S02-015,S02,SCREENING,Systolic Blood Pressure,SYSBP,121.0,121.0,mmHg,2026-01-05,1
VS_042-S02-015_SCREENING_DIABP,042-S02-015,S02,SCREENING,Diastolic Blood Pressure,DIABP,78.0,78.0,mmHg,2026-01-05,1
VS_042-S02-015_SCREENING_PULSE,042-S02-015,S02,SCREENING,Pulse Rate,PULSE,72.0,72.0,beats/min,2026-01-05,1
VS_042-S02-015_SCREENING_WEIGHT,042-S02-015,S02,SCREENING,Weight,WEIGHT,81.5,81.5,kg,2026-01-05,1
VS_042-S02-016_SCREENING_SYSBP,042-S02-016,S02,SCREENING,Systolic Blood Pressure,SYSBP,122.0,122.0,mmHg,2026-01-05,1
VS_042-S02-016_SCREENING_DIABP,042-S02-016,S02,SCREENING,Diastolic Blood Pressure,DIABP,77.0,77.0,mmHg,2026-01-05,1
VS_042-S02-016_SCREENING_PULSE,042-S02-016,S02,SCREENING,Pulse Rate,PULSE,73.0,73.0,beats/min,2026-01-05,1
VS_042-S02-016_SCREENING_WEIGHT,042-S02-016,S02,SCREENING,Weight,WEIGHT,85.5,85.5,kg,2026-01-05,1
VS_042-S02-017_SCREENING_SYSBP,042-S02-017,S02,SCREENING,Systolic Blood Pressure,SYSBP,128.0,128.0,mmHg,2026-01-05,1
VS_042-S02-017_SCREENING_DIABP,042-S02-017,S02,SCREENING,Diastolic Blood Pressure,DIABP,79.0,79.0,mmHg,2026-01-05,1
VS_042-S02-017_SCREENING_PULSE,042-S02-017,S02,SCREENING,Pulse Rate,PULSE,74.0,74.0,beats/min,2026-01-05,1
VS_042-S02-017_SCREENING_WEIGHT,042-S02-017,S02,SCREENING,Weight,WEIGHT,86.5,86.5,kg,2026-01-05,1
VS_042-S02-018_SCREENING_SYSBP,042-S02-018,S02,SCREENING,Systolic Blood Pressure,SYSBP,122.0,122.0,mmHg,2026-01-05,1
VS_042-S02-018_SCREENING_DIABP,042-S02-018,S02,SCREENING,Diastolic Blood Pressure,DIABP,77.0,77.0,mmHg,2026-01-05,1
VS_042-S02-018_SCREENING_PULSE,042-S02-018,S02,SCREENING,Pulse Rate,PULSE,71.0,71.0,beats/min,2026-01-05,1
VS_042-S02-018_SCREENING_WEIGHT,042-S02-018,S02,SCREENING,Weight,WEIGHT,87.5,87.5,kg,2026-01-05,1
VS_042-S02-019_SCREENING_SYSBP,042-S02-019,S02,SCREENING,Systolic Blood Pressure,SYSBP,119.0,119.0,mmHg,2026-01-05,1
VS_042-S02-019_SCREENING_DIABP,042-S02-019,S02,SCREENING,Diastolic Blood Pressure,DIABP,77.0,77.0,mmHg,2026-01-05,1
VS_042-S02-019_SCREENING_PULSE,042-S02-019,S02,SCREENING,Pulse Rate,PULSE,74.0,74.0,beats/min,2026-01-05,1
VS_042-S02-019_SCREENING_WEIGHT,042-S02-019,S02,SCREENING,Weight,WEIGHT,82.5,82.5,kg,2026-01-05,1
VS_042-S02-020_SCREENING_SYSBP,042-S02-020,S02,SCREENING,Systolic Blood Pressure,SYSBP,123.0,123.0,mmHg,2026-01-05,1
VS_042-S02-020_SCREENING_DIABP,042-S02-020,S02,SCREENING,Diastolic Blood Pressure,DIABP,73.0,73.0,mmHg,2026-01-05,1
VS_042-S02-020_SCREENING_PULSE,042-S02-020,S02,SCREENING,Pulse Rate,PULSE,69.0,69.0,beats/min,2026-01-05,1
VS_042-S02-020_SCREENING_WEIGHT,042-S02-020,S02,SCREENING,Weight,WEIGHT,83.5,83.5,kg,2026-01-05,1
VS_042-S03-001_SCREENING_SYSBP,042-S03-001,S03,SCREENING,Systolic Blood Pressure,SYSBP,119.0,119.0,mmHg,2026-01-05,1
VS_042-S03-001_SCREENING_DIABP,042-S03-001,S03,SCREENING,Diastolic Blood Pressure,DIABP,82.0,82.0,mmHg,2026-01-05,1
VS_042-S03-001_SCREENING_PULSE,042-S03-001,S03,SCREENING,Pulse Rate,PULSE,70.0,70.0,beats/min,2026-01-05,1
VS_042-S03-001_SCREENING_WEIGHT,042-S03-001,S03,SCREENING,Weight,WEIGHT,83.5,83.5,kg,2026-01-05,1
VS_042-S03-002_SCREENING_SYSBP,042-S03-002,S03,SCREENING,Systolic Blood Pressure,SYSBP,128.0,128.0,mmHg,2026-01-05,1
VS_042-S03-002_SCREENING_DIABP,042-S03-002,S03,SCREENING,Diastolic Blood Pressure,DIABP,76.0,76.0,mmHg,2026-01-05,1
VS_042-S03-002_SCREENING_PULSE,042-S03-002,S03,SCREENING,Pulse Rate,PULSE,73.0,73.0,beats/min,2026-01-05,1
VS_042-S03-002_SCREENING_WEIGHT,042-S03-002,S03,SCREENING,Weight,WEIGHT,83.5,83.5,kg,2026-01-05,1
VS_042-S03-003_SCREENING_SYSBP,042-S03-003,S03,SCREENING,Systolic Blood Pressure,SYSBP,123.0,123.0,mmHg,2026-01-05,1
VS_042-S03-003_SCREENING_DIABP,042-S03-003,S03,SCREENING,Diastolic Blood Pressure,DIABP,81.0,81.0,mmHg,2026-01-05,1
VS_042-S03-003_SCREENING_PULSE,042-S03-003,S03,SCREENING,Pulse Rate,PULSE,67.0,67.0,beats/min,2026-01-05,1
VS_042-S03-003_SCREENING_WEIGHT,042-S03-003,S03,SCREENING,Weight,WEIGHT,84.5,84.5,kg,2026-01-05,1
VS_042-S03-004_SCREENING_SYSBP,042-S03-004,S03,SCREENING,Systolic Blood Pressure,SYSBP,129.0,129.0,mmHg,2026-01-05,1
VS_042-S03-004_SCREENING_DIABP,042-S03-004,S03,SCREENING,Diastolic Blood Pressure,DIABP,74.0,74.0,mmHg,2026-01-05,1
VS_042-S03-004_SCREENING_PULSE,042-S03-004,S03,SCREENING,Pulse Rate,PULSE,74.0,74.0,beats/min,2026-01-05,1
VS_042-S03-004_SCREENING_WEIGHT,042-S03-004,S03,SCREENING,Weight,WEIGHT,82.5,82.5,kg,2026-01-05,1
VS_042-S03-005_SCREENING_SYSBP,042-S03-005,S03,SCREENING,Systolic Blood Pressure,SYSBP,126.0,126.0,mmHg,2026-01-05,1
VS_042-S03-005_SCREENING_DIABP,042-S03-005,S03,SCREENING,Diastolic Blood Pressure,DIABP,79.0,79.0,mmHg,2026-01-05,1
VS_042-S03-005_SCREENING_PULSE,042-S03-005,S03,SCREENING,Pulse Rate,PULSE,67.0,67.0,beats/min,2026-01-05,1
VS_042-S03-005_SCREENING_WEIGHT,042-S03-005,S03,SCREENING,Weight,WEIGHT,80.5,80.5,kg,2026-01-05,1
VS_042-S03-006_SCREENING_SYSBP,042-S03-006,S03,SCREENING,Systolic Blood Pressure,SYSBP,124.0,124.0,mmHg,2026-01-05,1
VS_042-S03-006_SCREENING_DIABP,042-S03-006,S03,SCREENING,Diastolic Blood Pressure,DIABP,83.0,83.0,mmHg,2026-01-05,1
VS_042-S03-006_SCREENING_PULSE,042-S03-006,S03,SCREENING,Pulse Rate,PULSE,72.0,72.0,beats/min,2026-01-05,1
VS_042-S03-006_SCREENING_WEIGHT,042-S03-006,S03,SCREENING,Weight,WEIGHT,78.5,78.5,kg,2026-01-05,1
VS_042-S03-007_SCREENING_SYSBP,042-S03-007,S03,SCREENING,Systolic Blood Pressure,SYSBP,119.0,119.0,mmHg,2026-01-05,1
VS_042-S03-007_SCREENING_DIABP,042-S03-007,S03,SCREENING,Diastolic Blood Pressure,DIABP,76.0,76.0,mmHg,2026-01-05,1
VS_042-S03-007_SCREENING_PULSE,042-S03-007,S03,SCREENING,Pulse Rate,PULSE,75.0,75.0,beats/min,2026-01-05,1
VS_042-S03-007_SCREENING_WEIGHT,042-S03-007,S03,SCREENING,Weight,WEIGHT,87.5,87.5,kg,2026-01-05,1
VS_042-S03-008_SCREENING_SYSBP,042-S03-008,S03,SCREENING,Systolic Blood Pressure,SYSBP,122.0,122.0,mmHg,2026-01-05,1
VS_042-S03-008_SCREENING_DIABP,042-S03-008,S03,SCREENING,Diastolic Blood Pressure,DIABP,75.0,75.0,mmHg,2026-01-05,1
VS_042-S03-008_SCREENING_PULSE,042-S03-008,S03,SCREENING,Pulse Rate,PULSE,76.0,76.0,beats/min,2026-01-05,1
VS_042-S03-008_SCREENING_WEIGHT,042-S03-008,S03,SCREENING,Weight,WEIGHT,84.5,84.5,kg,2026-01-05,1
VS_042-S03-009_SCREENING_SYSBP,042-S03-009,S03,SCREENING,Systolic Blood Pressure,SYSBP,120.0,120.0,mmHg,2026-01-05,1
VS_042-S03-009_SCREENING_DIABP,042-S03-009,S03,SCREENING,Diastolic Blood Pressure,DIABP,77.0,77.0,mmHg,2026-01-05,1
VS_042-S03-009_SCREENING_PULSE,042-S03-009,S03,SCREENING,Pulse Rate,PULSE,70.0,70.0,beats/min,2026-01-05,1
VS_042-S03-009_SCREENING_WEIGHT,042-S03-009,S03,SCREENING,Weight,WEIGHT,87.5,87.5,kg,2026-01-05,1
VS_042-S03-010_SCREENING_SYSBP,042-S03-010,S03,SCREENING,Systolic Blood Pressure,SYSBP,126.0,126.0,mmHg,2026-01-05,1
VS_042-S03-010_SCREENING_DIABP,042-S03-010,S03,SCREENING,Diastolic Blood Pressure,DIABP,76.0,76.0,mmHg,2026-01-05,1
VS_042-S03-010_SCREENING_PULSE,042-S03-010,S03,SCREENING,Pulse Rate,PULSE,68.0,68.0,beats/min,2026-01-05,1
VS_042-S03-010_SCREENING_WEIGHT,042-S03-010,S03,SCREENING,Weight,WEIGHT,83.5,83.5,kg,2026-01-05,1
VS_042-S03-011_SCREENING_SYSBP,042-S03-011,S03,SCREENING,Systolic Blood Pressure,SYSBP,121.0,121.0,mmHg,2026-01-05,1
VS_042-S03-011_SCREENING_DIABP,042-S03-011,S03,SCREENING,Diastolic Blood Pressure,DIABP,76.0,76.0,mmHg,2026-01-05,1
VS_042-S03-011_SCREENING_PULSE,042-S03-011,S03,SCREENING,Pulse Rate,PULSE,67.0,67.0,beats/min,2026-01-05,1
VS_042-S03-011_SCREENING_WEIGHT,042-S03-011,S03,SCREENING,Weight,WEIGHT,87.5,87.5,kg,2026-01-05,1
VS_042-S03-012_SCREENING_SYSBP,042-S03-012,S03,SCREENING,Systolic Blood Pressure,SYSBP,128.0,128.0,mmHg,2026-01-05,1
VS_042-S03-012_SCREENING_DIABP,042-S03-012,S03,SCREENING,Diastolic Blood Pressure,DIABP,81.0,81.0,mmHg,2026-01-05,1
VS_042-S03-012_SCREENING_PULSE,042-S03-012,S03,SCREENING,Pulse Rate,PULSE,71.0,71.0,beats/min,2026-01-05,1
VS_042-S03-012_SCREENING_WEIGHT,042-S03-012,S03,SCREENING,Weight,WEIGHT,78.5,78.5,kg,2026-01-05,1
VS_042-S03-013_SCREENING_SYSBP,042-S03-013,S03,SCREENING,Systolic Blood Pressure,SYSBP,120.0,120.0,mmHg,2026-01-05,1
VS_042-S03-013_SCREENING_DIABP,042-S03-013,S03,SCREENING,Diastolic Blood Pressure,DIABP,83.0,83.0,mmHg,2026-01-05,1
VS_042-S03-013_SCREENING_PULSE,042-S03-013,S03,SCREENING,Pulse Rate,PULSE,71.0,71.0,beats/min,2026-01-05,1
VS_042-S03-013_SCREENING_WEIGHT,042-S03-013,S03,SCREENING,Weight,WEIGHT,85.5,85.5,kg,2026-01-05,1
VS_042-S03-014_SCREENING_SYSBP,042-S03-014,S03,SCREENING,Systolic Blood Pressure,SYSBP,128.0,128.0,mmHg,2026-01-05,1
VS_042-S03-014_SCREENING_DIABP,042-S03-014,S03,SCREENING,Diastolic Blood Pressure,DIABP,74.0,74.0,mmHg,2026-01-05,1
VS_042-S03-014_SCREENING_PULSE,042-S03-014,S03,SCREENING,Pulse Rate,PULSE,75.0,75.0,beats/min,2026-01-05,1
VS_042-S03-014_SCREENING_WEIGHT,042-S03-014,S03,SCREENING,Weight,WEIGHT,79.5,79.5,kg,2026-01-05,1
VS_042-S03-015_SCREENING_SYSBP,042-S03-015,S03,SCREENING,Systolic Blood Pressure,SYSBP,120.0,120.0,mmHg,2026-01-05,1
VS_042-S03-015_SCREENING_DIABP,042-S03-015,S03,SCREENING,Diastolic Blood Pressure,DIABP,74.0,74.0,mmHg,2026-01-05,1
VS_042-S03-015_SCREENING_PULSE,042-S03-015,S03,SCREENING,Pulse Rate,PULSE,70.0,70.0,beats/min,2026-01-05,1
VS_042-S03-015_SCREENING_WEIGHT,042-S03-015,S03,SCREENING,Weight,WEIGHT,79.5,79.5,kg,2026-01-05,1
VS_042-S03-016_SCREENING_SYSBP,042-S03-016,S03,SCREENING,Systolic Blood Pressure,SYSBP,125.0,125.0,mmHg,2026-01-05,1
VS_042-S03-016_SCREENING_DIABP,042-S03-016,S03,SCREENING,Diastolic Blood Pressure,DIABP,73.0,73.0,mmHg,2026-01-05,1
VS_042-S03-016_SCREENING_PULSE,042-S03-016,S03,SCREENING,Pulse Rate,PULSE,69.0,69.0,beats/min,2026-01-05,1
VS_042-S03-016_SCREENING_WEIGHT,042-S03-016,S03,SCREENING,Weight,WEIGHT,79.5,79.5,kg,2026-01-05,1
VS_042-S03-017_SCREENING_SYSBP,042-S03-017,S03,SCREENING,Systolic Blood Pressure,SYSBP,125.0,125.0,mmHg,2026-01-05,1
VS_042-S03-017_SCREENING_DIABP,042-S03-017,S03,SCREENING,Diastolic Blood Pressure,DIABP,77.0,77.0,mmHg,2026-01-05,1
VS_042-S03-017_SCREENING_PULSE,042-S03-017,S03,SCREENING,Pulse Rate,PULSE,77.0,77.0,beats/min,2026-01-05,1
VS_042-S03-017_SCREENING_WEIGHT,042-S03-017,S03,SCREENING,Weight,WEIGHT,82.5,82.5,kg,2026-01-05,1
VS_042-S03-018_SCREENING_SYSBP,042-S03-018,S03,SCREENING,Systolic Blood Pressure,SYSBP,126.0,126.0,mmHg,2026-01-05,1
VS_042-S03-018_SCREENING_DIABP,042-S03-018,S03,SCREENING,Diastolic Blood Pressure,DIABP,78.0,78.0,mmHg,2026-01-05,1
VS_042-S03-018_SCREENING_PULSE,042-S03-018,S03,SCREENING,Pulse Rate,PULSE,75.0,75.0,beats/min,2026-01-05,1
VS_042-S03-018_SCREENING_WEIGHT,042-S03-018,S03,SCREENING,Weight,WEIGHT,83.5,83.5,kg,2026-01-05,1
VS_042-S03-019_SCREENING_SYSBP,042-S03-019,S03,SCREENING,Systolic Blood Pressure,SYSBP,121.0,121.0,mmHg,2026-01-05,1
VS_042-S03-019_SCREENING_DIABP,042-S03-019,S03,SCREENING,Diastolic Blood Pressure,DIABP,75.0,75.0,mmHg,2026-01-05,1
VS_042-S03-019_SCREENING_PULSE,042-S03-019,S03,SCREENING,Pulse Rate,PULSE,70.0,70.0,beats/min,2026-01-05,1
VS_042-S03-019_SCREENING_WEIGHT,042-S03-019,S03,SCREENING,Weight,WEIGHT,79.5,79.5,kg,2026-01-05,1
VS_042-S03-020_SCREENING_SYSBP,042-S03-020,S03,SCREENING,Systolic Blood Pressure,SYSBP,124.0,124.0,mmHg,2026-01-05,1
VS_042-S03-020_SCREENING_DIABP,042-S03-020,S03,SCREENING,Diastolic Blood Pressure,DIABP,82.0,82.0,mmHg,2026-01-05,1
VS_042-S03-020_SCREENING_PULSE,042-S03-020,S03,SCREENING,Pulse Rate,PULSE,76.0,76.0,beats/min,2026-01-05,1
VS_042-S03-020_SCREENING_WEIGHT,042-S03-020,S03,SCREENING,Weight,WEIGHT,77.5,77.5,kg,2026-01-05,1
VS_042-S05-001_SCREENING_SYSBP,042-S05-001,S05,SCREENING,Systolic Blood Pressure,SYSBP,123.0,123.0,mmHg,2026-01-05,1
VS_042-S05-001_SCREENING_DIABP,042-S05-001,S05,SCREENING,Diastolic Blood Pressure,DIABP,76.0,76.0,mmHg,2026-01-05,1
VS_042-S05-001_SCREENING_PULSE,042-S05-001,S05,SCREENING,Pulse Rate,PULSE,67.0,67.0,beats/min,2026-01-05,1
VS_042-S05-001_SCREENING_WEIGHT,042-S05-001,S05,SCREENING,Weight,WEIGHT,84.5,84.5,kg,2026-01-05,1
VS_042-S05-002_SCREENING_SYSBP,042-S05-002,S05,SCREENING,Systolic Blood Pressure,SYSBP,129.0,129.0,mmHg,2026-01-05,1
VS_042-S05-002_SCREENING_DIABP,042-S05-002,S05,SCREENING,Diastolic Blood Pressure,DIABP,75.0,75.0,mmHg,2026-01-05,1
VS_042-S05-002_SCREENING_PULSE,042-S05-002,S05,SCREENING,Pulse Rate,PULSE,75.0,75.0,beats/min,2026-01-05,1
VS_042-S05-002_SCREENING_WEIGHT,042-S05-002,S05,SCREENING,Weight,WEIGHT,80.5,80.5,kg,2026-01-05,1
VS_042-S05-003_SCREENING_SYSBP,042-S05-003,S05,SCREENING,Systolic Blood Pressure,SYSBP,122.0,122.0,mmHg,2026-01-05,1
VS_042-S05-003_SCREENING_DIABP,042-S05-003,S05,SCREENING,Diastolic Blood Pressure,DIABP,74.0,74.0,mmHg,2026-01-05,1
VS_042-S05-003_SCREENING_PULSE,042-S05-003,S05,SCREENING,Pulse Rate,PULSE,73.0,73.0,beats/min,2026-01-05,1
VS_042-S05-003_SCREENING_WEIGHT,042-S05-003,S05,SCREENING,Weight,WEIGHT,81.5,81.5,kg,2026-01-05,1
VS_042-S05-004_SCREENING_SYSBP,042-S05-004,S05,SCREENING,Systolic Blood Pressure,SYSBP,125.0,125.0,mmHg,2026-01-05,1
VS_042-S05-004_SCREENING_DIABP,042-S05-004,S05,SCREENING,Diastolic Blood Pressure,DIABP,76.0,76.0,mmHg,2026-01-05,1
VS_042-S05-004_SCREENING_PULSE,042-S05-004,S05,SCREENING,Pulse Rate,PULSE,77.0,77.0,beats/min,2026-01-05,1
VS_042-S05-004_SCREENING_WEIGHT,042-S05-004,S05,SCREENING,Weight,WEIGHT,86.5,86.5,kg,2026-01-05,1
VS_042-S05-005_SCREENING_SYSBP,042-S05-005,S05,SCREENING,Systolic Blood Pressure,SYSBP,119.0,119.0,mmHg,2026-01-05,1
VS_042-S05-005_SCREENING_DIABP,042-S05-005,S05,SCREENING,Diastolic Blood Pressure,DIABP,75.0,75.0,mmHg,2026-01-05,1
VS_042-S05-005_SCREENING_PULSE,042-S05-005,S05,SCREENING,Pulse Rate,PULSE,74.0,74.0,beats/min,2026-01-05,1
VS_042-S05-005_SCREENING_WEIGHT,042-S05-005,S05,SCREENING,Weight,WEIGHT,79.5,79.5,kg,2026-01-05,1
VS_042-S05-006_SCREENING_SYSBP,042-S05-006,S05,SCREENING,Systolic Blood Pressure,SYSBP,119.0,119.0,mmHg,2026-01-05,1
VS_042-S05-006_SCREENING_DIABP,042-S05-006,S05,SCREENING,Diastolic Blood Pressure,DIABP,75.0,75.0,mmHg,2026-01-05,1
VS_042-S05-006_SCREENING_PULSE,042-S05-006,S05,SCREENING,Pulse Rate,PULSE,70.0,70.0,beats/min,2026-01-05,1
VS_042-S05-006_SCREENING_WEIGHT,042-S05-006,S05,SCREENING,Weight,WEIGHT,79.5,79.5,kg,2026-01-05,1
VS_042-S05-007_SCREENING_SYSBP,042-S05-007,S05,SCREENING,Systolic Blood Pressure,SYSBP,121.0,121.0,mmHg,2026-01-05,1
VS_042-S05-007_SCREENING_DIABP,042-S05-007,S05,SCREENING,Diastolic Blood Pressure,DIABP,76.0,76.0,mmHg,2026-01-05,1
VS_042-S05-007_SCREENING_PULSE,042-S05-007,S05,SCREENING,Pulse Rate,PULSE,72.0,72.0,beats/min,2026-01-05,1
VS_042-S05-007_SCREENING_WEIGHT,042-S05-007,S05,SCREENING,Weight,WEIGHT,84.5,84.5,kg,2026-01-05,1
VS_042-S05-008_SCREENING_SYSBP,042-S05-008,S05,SCREENING,Systolic Blood Pressure,SYSBP,120.0,120.0,mmHg,2026-01-05,1
VS_042-S05-008_SCREENING_DIABP,042-S05-008,S05,SCREENING,Diastolic Blood Pressure,DIABP,78.0,78.0,mmHg,2026-01-05,1
VS_042-S05-008_SCREENING_PULSE,042-S05-008,S05,SCREENING,Pulse Rate,PULSE,70.0,70.0,beats/min,2026-01-05,1
VS_042-S05-008_SCREENING_WEIGHT,042-S05-008,S05,SCREENING,Weight,WEIGHT,81.5,81.5,kg,2026-01-05,1
VS_042-S05-009_SCREENING_SYSBP,042-S05-009,S05,SCREENING,Systolic Blood Pressure,SYSBP,125.0,125.0,mmHg,2026-01-05,1
VS_042-S05-009_SCREENING_DIABP,042-S05-009,S05,SCREENING,Diastolic Blood Pressure,DIABP,73.0,73.0,mmHg,2026-01-05,1
VS_042-S05-009_SCREENING_PULSE,042-S05-009,S05,SCREENING,Pulse Rate,PULSE,75.0,75.0,beats/min,2026-01-05,1
VS_042-S05-009_SCREENING_WEIGHT,042-S05-009,S05,SCREENING,Weight,WEIGHT,86.5,86.5,kg,2026-01-05,1
VS_042-S05-010_SCREENING_SYSBP,042-S05-010,S05,SCREENING,Systolic Blood Pressure,SYSBP,129.0,129.0,mmHg,2026-01-05,1
VS_042-S05-010_SCREENING_DIABP,042-S05-010,S05,SCREENING,Diastolic Blood Pressure,DIABP,75.0,75.0,mmHg,2026-01-05,1
VS_042-S05-010_SCREENING_PULSE,042-S05-010,S05,SCREENING,Pulse Rate,PULSE,69.0,69.0,beats/min,2026-01-05,1
VS_042-S05-010_SCREENING_WEIGHT,042-S05-010,S05,SCREENING,Weight,WEIGHT,79.5,79.5,kg,2026-01-05,1
VS_042-S05-011_SCREENING_SYSBP,042-S05-011,S05,SCREENING,Systolic Blood Pressure,SYSBP,119.0,119.0,mmHg,2026-01-05,1
VS_042-S05-011_SCREENING_DIABP,042-S05-011,S05,SCREENING,Diastolic Blood Pressure,DIABP,83.0,83.0,mmHg,2026-01-05,1
VS_042-S05-011_SCREENING_PULSE,042-S05-011,S05,SCREENING,Pulse Rate,PULSE,67.0,67.0,beats/min,2026-01-05,1
VS_042-S05-011_SCREENING_WEIGHT,042-S05-011,S05,SCREENING,Weight,WEIGHT,83.5,83.5,kg,2026-01-05,1
VS_042-S05-012_SCREENING_SYSBP,042-S05-012,S05,SCREENING,Systolic Blood Pressure,SYSBP,126.0,126.0,mmHg,2026-01-05,1
VS_042-S05-012_SCREENING_DIABP,042-S05-012,S05,SCREENING,Diastolic Blood Pressure,DIABP,83.0,83.0,mmHg,2026-01-05,1
VS_042-S05-012_SCREENING_PULSE,042-S05-012,S05,SCREENING,Pulse Rate,PULSE,77.0,77.0,beats/min,2026-01-05,1
VS_042-S05-012_SCREENING_WEIGHT,042-S05-012,S05,SCREENING,Weight,WEIGHT,79.5,79.5,kg,2026-01-05,1
VS_042-S05-013_SCREENING_SYSBP,042-S05-013,S05,SCREENING,Systolic Blood Pressure,SYSBP,120.0,120.0,mmHg,2026-01-05,1
VS_042-S05-013_SCREENING_DIABP,042-S05-013,S05,SCREENING,Diastolic Blood Pressure,DIABP,77.0,77.0,mmHg,2026-01-05,1
VS_042-S05-013_SCREENING_PULSE,042-S05-013,S05,SCREENING,Pulse Rate,PULSE,77.0,77.0,beats/min,2026-01-05,1
VS_042-S05-013_SCREENING_WEIGHT,042-S05-013,S05,SCREENING,Weight,WEIGHT,83.5,83.5,kg,2026-01-05,1
VS_042-S05-014_SCREENING_SYSBP,042-S05-014,S05,SCREENING,Systolic Blood Pressure,SYSBP,121.0,121.0,mmHg,2026-01-05,1
VS_042-S05-014_SCREENING_DIABP,042-S05-014,S05,SCREENING,Diastolic Blood Pressure,DIABP,79.0,79.0,mmHg,2026-01-05,1
VS_042-S05-014_SCREENING_PULSE,042-S05-014,S05,SCREENING,Pulse Rate,PULSE,72.0,72.0,beats/min,2026-01-05,1
VS_042-S05-014_SCREENING_WEIGHT,042-S05-014,S05,SCREENING,Weight,WEIGHT,77.5,77.5,kg,2026-01-05,1
VS_042-S05-015_SCREENING_SYSBP,042-S05-015,S05,SCREENING,Systolic Blood Pressure,SYSBP,123.0,123.0,mmHg,2026-01-05,1
VS_042-S05-015_SCREENING_DIABP,042-S05-015,S05,SCREENING,Diastolic Blood Pressure,DIABP,77.0,77.0,mmHg,2026-01-05,1
VS_042-S05-015_SCREENING_PULSE,042-S05-015,S05,SCREENING,Pulse Rate,PULSE,76.0,76.0,beats/min,2026-01-05,1
VS_042-S05-015_SCREENING_WEIGHT,042-S05-015,S05,SCREENING,Weight,WEIGHT,84.5,84.5,kg,2026-01-05,1
VS_042-S05-016_SCREENING_SYSBP,042-S05-016,S05,SCREENING,Systolic Blood Pressure,SYSBP,123.0,123.0,mmHg,2026-01-05,1
VS_042-S05-016_SCREENING_DIABP,042-S05-016,S05,SCREENING,Diastolic Blood Pressure,DIABP,82.0,82.0,mmHg,2026-01-05,1
VS_042-S05-016_SCREENING_PULSE,042-S05-016,S05,SCREENING,Pulse Rate,PULSE,67.0,67.0,beats/min,2026-01-05,1
VS_042-S05-016_SCREENING_WEIGHT,042-S05-016,S05,SCREENING,Weight,WEIGHT,81.5,81.5,kg,2026-01-05,1
VS_042-S05-017_SCREENING_SYSBP,042-S05-017,S05,SCREENING,Systolic Blood Pressure,SYSBP,127.0,127.0,mmHg,2026-01-05,1
VS_042-S05-017_SCREENING_DIABP,042-S05-017,S05,SCREENING,Diastolic Blood Pressure,DIABP,78.0,78.0,mmHg,2026-01-05,1
VS_042-S05-017_SCREENING_PULSE,042-S05-017,S05,SCREENING,Pulse Rate,PULSE,67.0,67.0,beats/min,2026-01-05,1
VS_042-S05-017_SCREENING_WEIGHT,042-S05-017,S05,SCREENING,Weight,WEIGHT,85.5,85.5,kg,2026-01-05,1
VS_042-S05-018_SCREENING_SYSBP,042-S05-018,S05,SCREENING,Systolic Blood Pressure,SYSBP,126.0,126.0,mmHg,2026-01-05,1
VS_042-S05-018_SCREENING_DIABP,042-S05-018,S05,SCREENING,Diastolic Blood Pressure,DIABP,76.0,76.0,mmHg,2026-01-05,1
VS_042-S05-018_SCREENING_PULSE,042-S05-018,S05,SCREENING,Pulse Rate,PULSE,76.0,76.0,beats/min,2026-01-05,1
VS_042-S05-018_SCREENING_WEIGHT,042-S05-018,S05,SCREENING,Weight,WEIGHT,80.5,80.5,kg,2026-01-05,1
VS_042-S05-019_SCREENING_SYSBP,042-S05-019,S05,SCREENING,Systolic Blood Pressure,SYSBP,128.0,128.0,mmHg,2026-01-05,1
VS_042-S05-019_SCREENING_DIABP,042-S05-019,S05,SCREENING,Diastolic Blood Pressure,DIABP,73.0,73.0,mmHg,2026-01-05,1
VS_042-S05-019_SCREENING_PULSE,042-S05-019,S05,SCREENING,Pulse Rate,PULSE,68.0,68.0,beats/min,2026-01-05,1
VS_042-S05-019_SCREENING_WEIGHT,042-S05-019,S05,SCREENING,Weight,WEIGHT,81.5,81.5,kg,2026-01-05,1
VS_042-S05-020_SCREENING_SYSBP,042-S05-020,S05,SCREENING,Systolic Blood Pressure,SYSBP,119.0,119.0,mmHg,2026-01-05,1
VS_042-S05-020_SCREENING_DIABP,042-S05-020,S05,SCREENING,Diastolic Blood Pressure,DIABP,82.0,82.0,mmHg,2026-01-05,1
VS_042-S05-020_SCREENING_PULSE,042-S05-020,S05,SCREENING,Pulse Rate,PULSE,67.0,67.0,beats/min,2026-01-05,1
VS_042-S05-020_SCREENING_WEIGHT,042-S05-020,S05,SCREENING,Weight,WEIGHT,87.5,87.5,kg,2026-01-05,1
VS_042-S06-001_SCREENING_SYSBP,042-S06-001,S06,SCREENING,Systolic Blood Pressure,SYSBP,123.0,123.0,mmHg,2026-01-05,1
VS_042-S06-001_SCREENING_DIABP,042-S06-001,S06,SCREENING,Diastolic Blood Pressure,DIABP,73.0,73.0,mmHg,2026-01-05,1
VS_042-S06-001_SCREENING_PULSE,042-S06-001,S06,SCREENING,Pulse Rate,PULSE,75.0,75.0,beats/min,2026-01-05,1
VS_042-S06-001_SCREENING_WEIGHT,042-S06-001,S06,SCREENING,Weight,WEIGHT,86.5,86.5,kg,2026-01-05,1
VS_042-S06-002_SCREENING_SYSBP,042-S06-002,S06,SCREENING,Systolic Blood Pressure,SYSBP,123.0,123.0,mmHg,2026-01-05,1
VS_042-S06-002_SCREENING_DIABP,042-S06-002,S06,SCREENING,Diastolic Blood Pressure,DIABP,78.0,78.0,mmHg,2026-01-05,1
VS_042-S06-002_SCREENING_PULSE,042-S06-002,S06,SCREENING,Pulse Rate,PULSE,74.0,74.0,beats/min,2026-01-05,1
VS_042-S06-002_SCREENING_WEIGHT,042-S06-002,S06,SCREENING,Weight,WEIGHT,86.5,86.5,kg,2026-01-05,1
VS_042-S06-003_SCREENING_SYSBP,042-S06-003,S06,SCREENING,Systolic Blood Pressure,SYSBP,128.0,128.0,mmHg,2026-01-05,1
VS_042-S06-003_SCREENING_DIABP,042-S06-003,S06,SCREENING,Diastolic Blood Pressure,DIABP,83.0,83.0,mmHg,2026-01-05,1
VS_042-S06-003_SCREENING_PULSE,042-S06-003,S06,SCREENING,Pulse Rate,PULSE,75.0,75.0,beats/min,2026-01-05,1
VS_042-S06-003_SCREENING_WEIGHT,042-S06-003,S06,SCREENING,Weight,WEIGHT,78.5,78.5,kg,2026-01-05,1
VS_042-S06-004_SCREENING_SYSBP,042-S06-004,S06,SCREENING,Systolic Blood Pressure,SYSBP,129.0,129.0,mmHg,2026-01-05,1
VS_042-S06-004_SCREENING_DIABP,042-S06-004,S06,SCREENING,Diastolic Blood Pressure,DIABP,83.0,83.0,mmHg,2026-01-05,1
VS_042-S06-004_SCREENING_PULSE,042-S06-004,S06,SCREENING,Pulse Rate,PULSE,77.0,77.0,beats/min,2026-01-05,1
VS_042-S06-004_SCREENING_WEIGHT,042-S06-004,S06,SCREENING,Weight,WEIGHT,79.5,79.5,kg,2026-01-05,1
VS_042-S06-005_SCREENING_SYSBP,042-S06-005,S06,SCREENING,Systolic Blood Pressure,SYSBP,123.0,123.0,mmHg,2026-01-05,1
VS_042-S06-005_SCREENING_DIABP,042-S06-005,S06,SCREENING,Diastolic Blood Pressure,DIABP,74.0,74.0,mmHg,2026-01-05,1
VS_042-S06-005_SCREENING_PULSE,042-S06-005,S06,SCREENING,Pulse Rate,PULSE,67.0,67.0,beats/min,2026-01-05,1
VS_042-S06-005_SCREENING_WEIGHT,042-S06-005,S06,SCREENING,Weight,WEIGHT,84.5,84.5,kg,2026-01-05,1
VS_042-S06-006_SCREENING_SYSBP,042-S06-006,S06,SCREENING,Systolic Blood Pressure,SYSBP,122.0,122.0,mmHg,2026-01-05,1
VS_042-S06-006_SCREENING_DIABP,042-S06-006,S06,SCREENING,Diastolic Blood Pressure,DIABP,79.0,79.0,mmHg,2026-01-05,1
VS_042-S06-006_SCREENING_PULSE,042-S06-006,S06,SCREENING,Pulse Rate,PULSE,74.0,74.0,beats/min,2026-01-05,1
VS_042-S06-006_SCREENING_WEIGHT,042-S06-006,S06,SCREENING,Weight,WEIGHT,80.5,80.5,kg,2026-01-05,1
VS_042-S06-007_SCREENING_SYSBP,042-S06-007,S06,SCREENING,Systolic Blood Pressure,SYSBP,119.0,119.0,mmHg,2026-01-05,1
VS_042-S06-007_SCREENING_DIABP,042-S06-007,S06,SCREENING,Diastolic Blood Pressure,DIABP,77.0,77.0,mmHg,2026-01-05,1
VS_042-S06-007_SCREENING_PULSE,042-S06-007,S06,SCREENING,Pulse Rate,PULSE,67.0,67.0,beats/min,2026-01-05,1
VS_042-S06-007_SCREENING_WEIGHT,042-S06-007,S06,SCREENING,Weight,WEIGHT,82.5,82.5,kg,2026-01-05,1
VS_042-S06-008_SCREENING_SYSBP,042-S06-008,S06,SCREENING,Systolic Blood Pressure,SYSBP,129.0,129.0,mmHg,2026-01-05,1
VS_042-S06-008_SCREENING_DIABP,042-S06-008,S06,SCREENING,Diastolic Blood Pressure,DIABP,79.0,79.0,mmHg,2026-01-05,1
VS_042-S06-008_SCREENING_PULSE,042-S06-008,S06,SCREENING,Pulse Rate,PULSE,77.0,77.0,beats/min,2026-01-05,1
VS_042-S06-008_SCREENING_WEIGHT,042-S06-008,S06,SCREENING,Weight,WEIGHT,79.5,79.5,kg,2026-01-05,1
VS_042-S06-009_SCREENING_SYSBP,042-S06-009,S06,SCREENING,Systolic Blood Pressure,SYSBP,129.0,129.0,mmHg,2026-01-05,1
VS_042-S06-009_SCREENING_DIABP,042-S06-009,S06,SCREENING,Diastolic Blood Pressure,DIABP,73.0,73.0,mmHg,2026-01-05,1
VS_042-S06-009_SCREENING_PULSE,042-S06-009,S06,SCREENING,Pulse Rate,PULSE,70.0,70.0,beats/min,2026-01-05,1
VS_042-S06-009_SCREENING_WEIGHT,042-S06-009,S06,SCREENING,Weight,WEIGHT,84.5,84.5,kg,2026-01-05,1
VS_042-S06-010_SCREENING_SYSBP,042-S06-010,S06,SCREENING,Systolic Blood Pressure,SYSBP,125.0,125.0,mmHg,2026-01-05,1
VS_042-S06-010_SCREENING_DIABP,042-S06-010,S06,SCREENING,Diastolic Blood Pressure,DIABP,82.0,82.0,mmHg,2026-01-05,1
VS_042-S06-010_SCREENING_PULSE,042-S06-010,S06,SCREENING,Pulse Rate,PULSE,76.0,76.0,beats/min,2026-01-05,1
VS_042-S06-010_SCREENING_WEIGHT,042-S06-010,S06,SCREENING,Weight,WEIGHT,85.5,85.5,kg,2026-01-05,1
VS_042-S06-011_SCREENING_SYSBP,042-S06-011,S06,SCREENING,Systolic Blood Pressure,SYSBP,125.0,125.0,mmHg,2026-01-05,1
VS_042-S06-011_SCREENING_DIABP,042-S06-011,S06,SCREENING,Diastolic Blood Pressure,DIABP,77.0,77.0,mmHg,2026-01-05,1
VS_042-S06-011_SCREENING_PULSE,042-S06-011,S06,SCREENING,Pulse Rate,PULSE,77.0,77.0,beats/min,2026-01-05,1
VS_042-S06-011_SCREENING_WEIGHT,042-S06-011,S06,SCREENING,Weight,WEIGHT,79.5,79.5,kg,2026-01-05,1
VS_042-S06-012_SCREENING_SYSBP,042-S06-012,S06,SCREENING,Systolic Blood Pressure,SYSBP,120.0,120.0,mmHg,2026-01-05,1
VS_042-S06-012_SCREENING_DIABP,042-S06-012,S06,SCREENING,Diastolic Blood Pressure,DIABP,81.0,81.0,mmHg,2026-01-05,1
VS_042-S06-012_SCREENING_PULSE,042-S06-012,S06,SCREENING,Pulse Rate,PULSE,71.0,71.0,beats/min,2026-01-05,1
VS_042-S06-012_SCREENING_WEIGHT,042-S06-012,S06,SCREENING,Weight,WEIGHT,83.5,83.5,kg,2026-01-05,1
VS_042-S06-013_SCREENING_SYSBP,042-S06-013,S06,SCREENING,Systolic Blood Pressure,SYSBP,123.0,123.0,mmHg,2026-01-05,1
VS_042-S06-013_SCREENING_DIABP,042-S06-013,S06,SCREENING,Diastolic Blood Pressure,DIABP,81.0,81.0,mmHg,2026-01-05,1
VS_042-S06-013_SCREENING_PULSE,042-S06-013,S06,SCREENING,Pulse Rate,PULSE,75.0,75.0,beats/min,2026-01-05,1
VS_042-S06-013_SCREENING_WEIGHT,042-S06-013,S06,SCREENING,Weight,WEIGHT,83.5,83.5,kg,2026-01-05,1
VS_042-S06-014_SCREENING_SYSBP,042-S06-014,S06,SCREENING,Systolic Blood Pressure,SYSBP,124.0,124.0,mmHg,2026-01-05,1
VS_042-S06-014_SCREENING_DIABP,042-S06-014,S06,SCREENING,Diastolic Blood Pressure,DIABP,80.0,80.0,mmHg,2026-01-05,1
VS_042-S06-014_SCREENING_PULSE,042-S06-014,S06,SCREENING,Pulse Rate,PULSE,74.0,74.0,beats/min,2026-01-05,1
VS_042-S06-014_SCREENING_WEIGHT,042-S06-014,S06,SCREENING,Weight,WEIGHT,77.5,77.5,kg,2026-01-05,1
VS_042-S06-015_SCREENING_SYSBP,042-S06-015,S06,SCREENING,Systolic Blood Pressure,SYSBP,120.0,120.0,mmHg,2026-01-05,1
VS_042-S06-015_SCREENING_DIABP,042-S06-015,S06,SCREENING,Diastolic Blood Pressure,DIABP,80.0,80.0,mmHg,2026-01-05,1
VS_042-S06-015_SCREENING_PULSE,042-S06-015,S06,SCREENING,Pulse Rate,PULSE,76.0,76.0,beats/min,2026-01-05,1
VS_042-S06-015_SCREENING_WEIGHT,042-S06-015,S06,SCREENING,Weight,WEIGHT,86.5,86.5,kg,2026-01-05,1
VS_042-S06-016_SCREENING_SYSBP,042-S06-016,S06,SCREENING,Systolic Blood Pressure,SYSBP,126.0,126.0,mmHg,2026-01-05,1
VS_042-S06-016_SCREENING_DIABP,042-S06-016,S06,SCREENING,Diastolic Blood Pressure,DIABP,81.0,81.0,mmHg,2026-01-05,1
VS_042-S06-016_SCREENING_PULSE,042-S06-016,S06,SCREENING,Pulse Rate,PULSE,75.0,75.0,beats/min,2026-01-05,1
VS_042-S06-016_SCREENING_WEIGHT,042-S06-016,S06,SCREENING,Weight,WEIGHT,78.5,78.5,kg,2026-01-05,1
VS_042-S06-017_SCREENING_SYSBP,042-S06-017,S06,SCREENING,Systolic Blood Pressure,SYSBP,129.0,129.0,mmHg,2026-01-05,1
VS_042-S06-017_SCREENING_DIABP,042-S06-017,S06,SCREENING,Diastolic Blood Pressure,DIABP,83.0,83.0,mmHg,2026-01-05,1
VS_042-S06-017_SCREENING_PULSE,042-S06-017,S06,SCREENING,Pulse Rate,PULSE,67.0,67.0,beats/min,2026-01-05,1
VS_042-S06-017_SCREENING_WEIGHT,042-S06-017,S06,SCREENING,Weight,WEIGHT,84.5,84.5,kg,2026-01-05,1
VS_042-S06-018_SCREENING_SYSBP,042-S06-018,S06,SCREENING,Systolic Blood Pressure,SYSBP,125.0,125.0,mmHg,2026-01-05,1
VS_042-S06-018_SCREENING_DIABP,042-S06-018,S06,SCREENING,Diastolic Blood Pressure,DIABP,73.0,73.0,mmHg,2026-01-05,1
VS_042-S06-018_SCREENING_PULSE,042-S06-018,S06,SCREENING,Pulse Rate,PULSE,70.0,70.0,beats/min,2026-01-05,1
VS_042-S06-018_SCREENING_WEIGHT,042-S06-018,S06,SCREENING,Weight,WEIGHT,86.5,86.5,kg,2026-01-05,1
VS_042-S06-019_SCREENING_SYSBP,042-S06-019,S06,SCREENING,Systolic Blood Pressure,SYSBP,119.0,119.0,mmHg,2026-01-05,1
VS_042-S06-019_SCREENING_DIABP,042-S06-019,S06,SCREENING,Diastolic Blood Pressure,DIABP,78.0,78.0,mmHg,2026-01-05,1
VS_042-S06-019_SCREENING_PULSE,042-S06-019,S06,SCREENING,Pulse Rate,PULSE,68.0,68.0,beats/min,2026-01-05,1
VS_042-S06-019_SCREENING_WEIGHT,042-S06-019,S06,SCREENING,Weight,WEIGHT,83.5,83.5,kg,2026-01-05,1
VS_042-S06-020_SCREENING_SYSBP,042-S06-020,S06,SCREENING,Systolic Blood Pressure,SYSBP,122.0,122.0,mmHg,2026-01-05,1
VS_042-S06-020_SCREENING_DIABP,042-S06-020,S06,SCREENING,Diastolic Blood Pressure,DIABP,74.0,74.0,mmHg,2026-01-05,1
VS_042-S06-020_SCREENING_PULSE,042-S06-020,S06,SCREENING,Pulse Rate,PULSE,72.0,72.0,beats/min,2026-01-05,1
VS_042-S06-020_SCREENING_WEIGHT,042-S06-020,S06,SCREENING,Weight,WEIGHT,84.5,84.5,kg,2026-01-05,1
VS_042-S07-001_SCREENING_SYSBP,042-S07-001,S07,SCREENING,Systolic Blood Pressure,SYSBP,121.0,121.0,mmHg,2026-01-05,1
VS_042-S07-001_SCREENING_DIABP,042-S07-001,S07,SCREENING,Diastolic Blood Pressure,DIABP,74.0,74.0,mmHg,2026-01-05,1
VS_042-S07-001_SCREENING_PULSE,042-S07-001,S07,SCREENING,Pulse Rate,PULSE,72.0,72.0,beats/min,2026-01-05,1
VS_042-S07-001_SCREENING_WEIGHT,042-S07-001,S07,SCREENING,Weight,WEIGHT,80.5,80.5,kg,2026-01-05,1
VS_042-S07-002_SCREENING_SYSBP,042-S07-002,S07,SCREENING,Systolic Blood Pressure,SYSBP,126.0,126.0,mmHg,2026-01-05,1
VS_042-S07-002_SCREENING_DIABP,042-S07-002,S07,SCREENING,Diastolic Blood Pressure,DIABP,73.0,73.0,mmHg,2026-01-05,1
VS_042-S07-002_SCREENING_PULSE,042-S07-002,S07,SCREENING,Pulse Rate,PULSE,67.0,67.0,beats/min,2026-01-05,1
VS_042-S07-002_SCREENING_WEIGHT,042-S07-002,S07,SCREENING,Weight,WEIGHT,81.5,81.5,kg,2026-01-05,1
VS_042-S07-003_SCREENING_SYSBP,042-S07-003,S07,SCREENING,Systolic Blood Pressure,SYSBP,122.0,122.0,mmHg,2026-01-05,1
VS_042-S07-003_SCREENING_DIABP,042-S07-003,S07,SCREENING,Diastolic Blood Pressure,DIABP,78.0,78.0,mmHg,2026-01-05,1
VS_042-S07-003_SCREENING_PULSE,042-S07-003,S07,SCREENING,Pulse Rate,PULSE,67.0,67.0,beats/min,2026-01-05,1
VS_042-S07-003_SCREENING_WEIGHT,042-S07-003,S07,SCREENING,Weight,WEIGHT,85.5,85.5,kg,2026-01-05,1
VS_042-S07-004_SCREENING_SYSBP,042-S07-004,S07,SCREENING,Systolic Blood Pressure,SYSBP,129.0,129.0,mmHg,2026-01-05,1
VS_042-S07-004_SCREENING_DIABP,042-S07-004,S07,SCREENING,Diastolic Blood Pressure,DIABP,74.0,74.0,mmHg,2026-01-05,1
VS_042-S07-004_SCREENING_PULSE,042-S07-004,S07,SCREENING,Pulse Rate,PULSE,74.0,74.0,beats/min,2026-01-05,1
VS_042-S07-004_SCREENING_WEIGHT,042-S07-004,S07,SCREENING,Weight,WEIGHT,81.5,81.5,kg,2026-01-05,1
VS_042-S07-005_SCREENING_SYSBP,042-S07-005,S07,SCREENING,Systolic Blood Pressure,SYSBP,125.0,125.0,mmHg,2026-01-05,1
VS_042-S07-005_SCREENING_DIABP,042-S07-005,S07,SCREENING,Diastolic Blood Pressure,DIABP,76.0,76.0,mmHg,2026-01-05,1
VS_042-S07-005_SCREENING_PULSE,042-S07-005,S07,SCREENING,Pulse Rate,PULSE,72.0,72.0,beats/min,2026-01-05,1
VS_042-S07-005_SCREENING_WEIGHT,042-S07-005,S07,SCREENING,Weight,WEIGHT,84.5,84.5,kg,2026-01-05,1
VS_042-S07-006_SCREENING_SYSBP,042-S07-006,S07,SCREENING,Systolic Blood Pressure,SYSBP,124.0,124.0,mmHg,2026-01-05,1
VS_042-S07-006_SCREENING_DIABP,042-S07-006,S07,SCREENING,Diastolic Blood Pressure,DIABP,79.0,79.0,mmHg,2026-01-05,1
VS_042-S07-006_SCREENING_PULSE,042-S07-006,S07,SCREENING,Pulse Rate,PULSE,67.0,67.0,beats/min,2026-01-05,1
VS_042-S07-006_SCREENING_WEIGHT,042-S07-006,S07,SCREENING,Weight,WEIGHT,79.5,79.5,kg,2026-01-05,1
VS_042-S07-007_SCREENING_SYSBP,042-S07-007,S07,SCREENING,Systolic Blood Pressure,SYSBP,119.0,119.0,mmHg,2026-01-05,1
VS_042-S07-007_SCREENING_DIABP,042-S07-007,S07,SCREENING,Diastolic Blood Pressure,DIABP,83.0,83.0,mmHg,2026-01-05,1
VS_042-S07-007_SCREENING_PULSE,042-S07-007,S07,SCREENING,Pulse Rate,PULSE,72.0,72.0,beats/min,2026-01-05,1
VS_042-S07-007_SCREENING_WEIGHT,042-S07-007,S07,SCREENING,Weight,WEIGHT,79.5,79.5,kg,2026-01-05,1
VS_042-S07-008_SCREENING_SYSBP,042-S07-008,S07,SCREENING,Systolic Blood Pressure,SYSBP,127.0,127.0,mmHg,2026-01-05,1
VS_042-S07-008_SCREENING_DIABP,042-S07-008,S07,SCREENING,Diastolic Blood Pressure,DIABP,74.0,74.0,mmHg,2026-01-05,1
VS_042-S07-008_SCREENING_PULSE,042-S07-008,S07,SCREENING,Pulse Rate,PULSE,68.0,68.0,beats/min,2026-01-05,1
VS_042-S07-008_SCREENING_WEIGHT,042-S07-008,S07,SCREENING,Weight,WEIGHT,78.5,78.5,kg,2026-01-05,1
VS_042-S07-009_SCREENING_SYSBP,042-S07-009,S07,SCREENING,Systolic Blood Pressure,SYSBP,120.0,120.0,mmHg,2026-01-05,1
VS_042-S07-009_SCREENING_DIABP,042-S07-009,S07,SCREENING,Diastolic Blood Pressure,DIABP,80.0,80.0,mmHg,2026-01-05,1
VS_042-S07-009_SCREENING_PULSE,042-S07-009,S07,SCREENING,Pulse Rate,PULSE,67.0,67.0,beats/min,2026-01-05,1
VS_042-S07-009_SCREENING_WEIGHT,042-S07-009,S07,SCREENING,Weight,WEIGHT,78.5,78.5,kg,2026-01-05,1
VS_042-S07-010_SCREENING_SYSBP,042-S07-010,S07,SCREENING,Systolic Blood Pressure,SYSBP,129.0,129.0,mmHg,2026-01-05,1
VS_042-S07-010_SCREENING_DIABP,042-S07-010,S07,SCREENING,Diastolic Blood Pressure,DIABP,80.0,80.0,mmHg,2026-01-05,1
VS_042-S07-010_SCREENING_PULSE,042-S07-010,S07,SCREENING,Pulse Rate,PULSE,76.0,76.0,beats/min,2026-01-05,1
VS_042-S07-010_SCREENING_WEIGHT,042-S07-010,S07,SCREENING,Weight,WEIGHT,79.5,79.5,kg,2026-01-05,1
VS_042-S07-011_SCREENING_SYSBP,042-S07-011,S07,SCREENING,Systolic Blood Pressure,SYSBP,123.0,123.0,mmHg,2026-01-05,1
VS_042-S07-011_SCREENING_DIABP,042-S07-011,S07,SCREENING,Diastolic Blood Pressure,DIABP,82.0,82.0,mmHg,2026-01-05,1
VS_042-S07-011_SCREENING_PULSE,042-S07-011,S07,SCREENING,Pulse Rate,PULSE,75.0,75.0,beats/min,2026-01-05,1
VS_042-S07-011_SCREENING_WEIGHT,042-S07-011,S07,SCREENING,Weight,WEIGHT,77.5,77.5,kg,2026-01-05,1
VS_042-S07-012_SCREENING_SYSBP,042-S07-012,S07,SCREENING,Systolic Blood Pressure,SYSBP,124.0,124.0,mmHg,2026-01-05,1
VS_042-S07-012_SCREENING_DIABP,042-S07-012,S07,SCREENING,Diastolic Blood Pressure,DIABP,76.0,76.0,mmHg,2026-01-05,1
VS_042-S07-012_SCREENING_PULSE,042-S07-012,S07,SCREENING,Pulse Rate,PULSE,73.0,73.0,beats/min,2026-01-05,1
VS_042-S07-012_SCREENING_WEIGHT,042-S07-012,S07,SCREENING,Weight,WEIGHT,79.5,79.5,kg,2026-01-05,1
VS_042-S07-013_SCREENING_SYSBP,042-S07-013,S07,SCREENING,Systolic Blood Pressure,SYSBP,127.0,127.0,mmHg,2026-01-05,1
VS_042-S07-013_SCREENING_DIABP,042-S07-013,S07,SCREENING,Diastolic Blood Pressure,DIABP,74.0,74.0,mmHg,2026-01-05,1
VS_042-S07-013_SCREENING_PULSE,042-S07-013,S07,SCREENING,Pulse Rate,PULSE,74.0,74.0,beats/min,2026-01-05,1
VS_042-S07-013_SCREENING_WEIGHT,042-S07-013,S07,SCREENING,Weight,WEIGHT,83.5,83.5,kg,2026-01-05,1
VS_042-S07-014_SCREENING_SYSBP,042-S07-014,S07,SCREENING,Systolic Blood Pressure,SYSBP,121.0,121.0,mmHg,2026-01-05,1
VS_042-S07-014_SCREENING_DIABP,042-S07-014,S07,SCREENING,Diastolic Blood Pressure,DIABP,75.0,75.0,mmHg,2026-01-05,1
VS_042-S07-014_SCREENING_PULSE,042-S07-014,S07,SCREENING,Pulse Rate,PULSE,71.0,71.0,beats/min,2026-01-05,1
VS_042-S07-014_SCREENING_WEIGHT,042-S07-014,S07,SCREENING,Weight,WEIGHT,79.5,79.5,kg,2026-01-05,1
VS_042-S07-015_SCREENING_SYSBP,042-S07-015,S07,SCREENING,Systolic Blood Pressure,SYSBP,121.0,121.0,mmHg,2026-01-05,1
VS_042-S07-015_SCREENING_DIABP,042-S07-015,S07,SCREENING,Diastolic Blood Pressure,DIABP,81.0,81.0,mmHg,2026-01-05,1
VS_042-S07-015_SCREENING_PULSE,042-S07-015,S07,SCREENING,Pulse Rate,PULSE,70.0,70.0,beats/min,2026-01-05,1
VS_042-S07-015_SCREENING_WEIGHT,042-S07-015,S07,SCREENING,Weight,WEIGHT,80.5,80.5,kg,2026-01-05,1
VS_042-S07-016_SCREENING_SYSBP,042-S07-016,S07,SCREENING,Systolic Blood Pressure,SYSBP,125.0,125.0,mmHg,2026-01-05,1
VS_042-S07-016_SCREENING_DIABP,042-S07-016,S07,SCREENING,Diastolic Blood Pressure,DIABP,77.0,77.0,mmHg,2026-01-05,1
VS_042-S07-016_SCREENING_PULSE,042-S07-016,S07,SCREENING,Pulse Rate,PULSE,73.0,73.0,beats/min,2026-01-05,1
VS_042-S07-016_SCREENING_WEIGHT,042-S07-016,S07,SCREENING,Weight,WEIGHT,83.5,83.5,kg,2026-01-05,1
VS_042-S07-017_SCREENING_SYSBP,042-S07-017,S07,SCREENING,Systolic Blood Pressure,SYSBP,124.0,124.0,mmHg,2026-01-05,1
VS_042-S07-017_SCREENING_DIABP,042-S07-017,S07,SCREENING,Diastolic Blood Pressure,DIABP,83.0,83.0,mmHg,2026-01-05,1
VS_042-S07-017_SCREENING_PULSE,042-S07-017,S07,SCREENING,Pulse Rate,PULSE,68.0,68.0,beats/min,2026-01-05,1
VS_042-S07-017_SCREENING_WEIGHT,042-S07-017,S07,SCREENING,Weight,WEIGHT,80.5,80.5,kg,2026-01-05,1
VS_042-S07-018_SCREENING_SYSBP,042-S07-018,S07,SCREENING,Systolic Blood Pressure,SYSBP,120.0,120.0,mmHg,2026-01-05,1
VS_042-S07-018_SCREENING_DIABP,042-S07-018,S07,SCREENING,Diastolic Blood Pressure,DIABP,78.0,78.0,mmHg,2026-01-05,1
VS_042-S07-018_SCREENING_PULSE,042-S07-018,S07,SCREENING,Pulse Rate,PULSE,68.0,68.0,beats/min,2026-01-05,1
VS_042-S07-018_SCREENING_WEIGHT,042-S07-018,S07,SCREENING,Weight,WEIGHT,87.5,87.5,kg,2026-01-05,1
VS_042-S07-019_SCREENING_SYSBP,042-S07-019,S07,SCREENING,Systolic Blood Pressure,SYSBP,128.0,128.0,mmHg,2026-01-05,1
VS_042-S07-019_SCREENING_DIABP,042-S07-019,S07,SCREENING,Diastolic Blood Pressure,DIABP,82.0,82.0,mmHg,2026-01-05,1
VS_042-S07-019_SCREENING_PULSE,042-S07-019,S07,SCREENING,Pulse Rate,PULSE,71.0,71.0,beats/min,2026-01-05,1
VS_042-S07-019_SCREENING_WEIGHT,042-S07-019,S07,SCREENING,Weight,WEIGHT,78.5,78.5,kg,2026-01-05,1
VS_042-S07-020_SCREENING_SYSBP,042-S07-020,S07,SCREENING,Systolic Blood Pressure,SYSBP,127.0,127.0,mmHg,2026-01-05,1
VS_042-S07-020_SCREENING_DIABP,042-S07-020,S07,SCREENING,Diastolic Blood Pressure,DIABP,75.0,75.0,mmHg,2026-01-05,1
VS_042-S07-020_SCREENING_PULSE,042-S07-020,S07,SCREENING,Pulse Rate,PULSE,68.0,68.0,beats/min,2026-01-05,1
VS_042-S07-020_SCREENING_WEIGHT,042-S07-020,S07,SCREENING,Weight,WEIGHT,77.5,77.5,kg,2026-01-05,1
VS_042-S08-001_SCREENING_SYSBP,042-S08-001,S08,SCREENING,Systolic Blood Pressure,SYSBP,124.0,124.0,mmHg,2026-01-05,1
VS_042-S08-001_SCREENING_DIABP,042-S08-001,S08,SCREENING,Diastolic Blood Pressure,DIABP,73.0,73.0,mmHg,2026-01-05,1
VS_042-S08-001_SCREENING_PULSE,042-S08-001,S08,SCREENING,Pulse Rate,PULSE,68.0,68.0,beats/min,2026-01-05,1
VS_042-S08-001_SCREENING_WEIGHT,042-S08-001,S08,SCREENING,Weight,WEIGHT,80.5,80.5,kg,2026-01-05,1
VS_042-S08-002_SCREENING_SYSBP,042-S08-002,S08,SCREENING,Systolic Blood Pressure,SYSBP,119.0,119.0,mmHg,2026-01-05,1
VS_042-S08-002_SCREENING_DIABP,042-S08-002,S08,SCREENING,Diastolic Blood Pressure,DIABP,78.0,78.0,mmHg,2026-01-05,1
VS_042-S08-002_SCREENING_PULSE,042-S08-002,S08,SCREENING,Pulse Rate,PULSE,75.0,75.0,beats/min,2026-01-05,1
VS_042-S08-002_SCREENING_WEIGHT,042-S08-002,S08,SCREENING,Weight,WEIGHT,85.5,85.5,kg,2026-01-05,1
VS_042-S08-003_SCREENING_SYSBP,042-S08-003,S08,SCREENING,Systolic Blood Pressure,SYSBP,119.0,119.0,mmHg,2026-01-05,1
VS_042-S08-003_SCREENING_DIABP,042-S08-003,S08,SCREENING,Diastolic Blood Pressure,DIABP,81.0,81.0,mmHg,2026-01-05,1
VS_042-S08-003_SCREENING_PULSE,042-S08-003,S08,SCREENING,Pulse Rate,PULSE,76.0,76.0,beats/min,2026-01-05,1
VS_042-S08-003_SCREENING_WEIGHT,042-S08-003,S08,SCREENING,Weight,WEIGHT,81.5,81.5,kg,2026-01-05,1
VS_042-S08-004_SCREENING_SYSBP,042-S08-004,S08,SCREENING,Systolic Blood Pressure,SYSBP,125.0,125.0,mmHg,2026-01-05,1
VS_042-S08-004_SCREENING_DIABP,042-S08-004,S08,SCREENING,Diastolic Blood Pressure,DIABP,74.0,74.0,mmHg,2026-01-05,1
VS_042-S08-004_SCREENING_PULSE,042-S08-004,S08,SCREENING,Pulse Rate,PULSE,71.0,71.0,beats/min,2026-01-05,1
VS_042-S08-004_SCREENING_WEIGHT,042-S08-004,S08,SCREENING,Weight,WEIGHT,81.5,81.5,kg,2026-01-05,1
VS_042-S08-005_SCREENING_SYSBP,042-S08-005,S08,SCREENING,Systolic Blood Pressure,SYSBP,122.0,122.0,mmHg,2026-01-05,1
VS_042-S08-005_SCREENING_DIABP,042-S08-005,S08,SCREENING,Diastolic Blood Pressure,DIABP,73.0,73.0,mmHg,2026-01-05,1
VS_042-S08-005_SCREENING_PULSE,042-S08-005,S08,SCREENING,Pulse Rate,PULSE,69.0,69.0,beats/min,2026-01-05,1
VS_042-S08-005_SCREENING_WEIGHT,042-S08-005,S08,SCREENING,Weight,WEIGHT,80.5,80.5,kg,2026-01-05,1
VS_042-S08-006_SCREENING_SYSBP,042-S08-006,S08,SCREENING,Systolic Blood Pressure,SYSBP,129.0,129.0,mmHg,2026-01-05,1
VS_042-S08-006_SCREENING_DIABP,042-S08-006,S08,SCREENING,Diastolic Blood Pressure,DIABP,82.0,82.0,mmHg,2026-01-05,1
VS_042-S08-006_SCREENING_PULSE,042-S08-006,S08,SCREENING,Pulse Rate,PULSE,73.0,73.0,beats/min,2026-01-05,1
VS_042-S08-006_SCREENING_WEIGHT,042-S08-006,S08,SCREENING,Weight,WEIGHT,83.5,83.5,kg,2026-01-05,1
VS_042-S08-007_SCREENING_SYSBP,042-S08-007,S08,SCREENING,Systolic Blood Pressure,SYSBP,124.0,124.0,mmHg,2026-01-05,1
VS_042-S08-007_SCREENING_DIABP,042-S08-007,S08,SCREENING,Diastolic Blood Pressure,DIABP,80.0,80.0,mmHg,2026-01-05,1
VS_042-S08-007_SCREENING_PULSE,042-S08-007,S08,SCREENING,Pulse Rate,PULSE,68.0,68.0,beats/min,2026-01-05,1
VS_042-S08-007_SCREENING_WEIGHT,042-S08-007,S08,SCREENING,Weight,WEIGHT,84.5,84.5,kg,2026-01-05,1
VS_042-S08-008_SCREENING_SYSBP,042-S08-008,S08,SCREENING,Systolic Blood Pressure,SYSBP,121.0,121.0,mmHg,2026-01-05,1
VS_042-S08-008_SCREENING_DIABP,042-S08-008,S08,SCREENING,Diastolic Blood Pressure,DIABP,83.0,83.0,mmHg,2026-01-05,1
VS_042-S08-008_SCREENING_PULSE,042-S08-008,S08,SCREENING,Pulse Rate,PULSE,74.0,74.0,beats/min,2026-01-05,1
VS_042-S08-008_SCREENING_WEIGHT,042-S08-008,S08,SCREENING,Weight,WEIGHT,86.5,86.5,kg,2026-01-05,1
VS_042-S08-009_SCREENING_SYSBP,042-S08-009,S08,SCREENING,Systolic Blood Pressure,SYSBP,122.0,122.0,mmHg,2026-01-05,1
VS_042-S08-009_SCREENING_DIABP,042-S08-009,S08,SCREENING,Diastolic Blood Pressure,DIABP,81.0,81.0,mmHg,2026-01-05,1
VS_042-S08-009_SCREENING_PULSE,042-S08-009,S08,SCREENING,Pulse Rate,PULSE,74.0,74.0,beats/min,2026-01-05,1
VS_042-S08-009_SCREENING_WEIGHT,042-S08-009,S08,SCREENING,Weight,WEIGHT,85.5,85.5,kg,2026-01-05,1
VS_042-S08-010_SCREENING_SYSBP,042-S08-010,S08,SCREENING,Systolic Blood Pressure,SYSBP,123.0,123.0,mmHg,2026-01-05,1
VS_042-S08-010_SCREENING_DIABP,042-S08-010,S08,SCREENING,Diastolic Blood Pressure,DIABP,78.0,78.0,mmHg,2026-01-05,1
VS_042-S08-010_SCREENING_PULSE,042-S08-010,S08,SCREENING,Pulse Rate,PULSE,71.0,71.0,beats/min,2026-01-05,1
VS_042-S08-010_SCREENING_WEIGHT,042-S08-010,S08,SCREENING,Weight,WEIGHT,85.5,85.5,kg,2026-01-05,1
VS_042-S08-011_SCREENING_SYSBP,042-S08-011,S08,SCREENING,Systolic Blood Pressure,SYSBP,127.0,127.0,mmHg,2026-01-05,1
VS_042-S08-011_SCREENING_DIABP,042-S08-011,S08,SCREENING,Diastolic Blood Pressure,DIABP,82.0,82.0,mmHg,2026-01-05,1
VS_042-S08-011_SCREENING_PULSE,042-S08-011,S08,SCREENING,Pulse Rate,PULSE,74.0,74.0,beats/min,2026-01-05,1
VS_042-S08-011_SCREENING_WEIGHT,042-S08-011,S08,SCREENING,Weight,WEIGHT,86.5,86.5,kg,2026-01-05,1
VS_042-S08-012_SCREENING_SYSBP,042-S08-012,S08,SCREENING,Systolic Blood Pressure,SYSBP,122.0,122.0,mmHg,2026-01-05,1
VS_042-S08-012_SCREENING_DIABP,042-S08-012,S08,SCREENING,Diastolic Blood Pressure,DIABP,74.0,74.0,mmHg,2026-01-05,1
VS_042-S08-012_SCREENING_PULSE,042-S08-012,S08,SCREENING,Pulse Rate,PULSE,67.0,67.0,beats/min,2026-01-05,1
VS_042-S08-012_SCREENING_WEIGHT,042-S08-012,S08,SCREENING,Weight,WEIGHT,86.5,86.5,kg,2026-01-05,1
VS_042-S08-013_SCREENING_SYSBP,042-S08-013,S08,SCREENING,Systolic Blood Pressure,SYSBP,120.0,120.0,mmHg,2026-01-05,1
VS_042-S08-013_SCREENING_DIABP,042-S08-013,S08,SCREENING,Diastolic Blood Pressure,DIABP,79.0,79.0,mmHg,2026-01-05,1
VS_042-S08-013_SCREENING_PULSE,042-S08-013,S08,SCREENING,Pulse Rate,PULSE,69.0,69.0,beats/min,2026-01-05,1
VS_042-S08-013_SCREENING_WEIGHT,042-S08-013,S08,SCREENING,Weight,WEIGHT,83.5,83.5,kg,2026-01-05,1
VS_042-S08-014_SCREENING_SYSBP,042-S08-014,S08,SCREENING,Systolic Blood Pressure,SYSBP,120.0,120.0,mmHg,2026-01-05,1
VS_042-S08-014_SCREENING_DIABP,042-S08-014,S08,SCREENING,Diastolic Blood Pressure,DIABP,78.0,78.0,mmHg,2026-01-05,1
VS_042-S08-014_SCREENING_PULSE,042-S08-014,S08,SCREENING,Pulse Rate,PULSE,73.0,73.0,beats/min,2026-01-05,1
VS_042-S08-014_SCREENING_WEIGHT,042-S08-014,S08,SCREENING,Weight,WEIGHT,87.5,87.5,kg,2026-01-05,1
VS_042-S08-015_SCREENING_SYSBP,042-S08-015,S08,SCREENING,Systolic Blood Pressure,SYSBP,125.0,125.0,mmHg,2026-01-05,1
VS_042-S08-015_SCREENING_DIABP,042-S08-015,S08,SCREENING,Diastolic Blood Pressure,DIABP,82.0,82.0,mmHg,2026-01-05,1
VS_042-S08-015_SCREENING_PULSE,042-S08-015,S08,SCREENING,Pulse Rate,PULSE,71.0,71.0,beats/min,2026-01-05,1
VS_042-S08-015_SCREENING_WEIGHT,042-S08-015,S08,SCREENING,Weight,WEIGHT,83.5,83.5,kg,2026-01-05,1
VS_042-S08-016_SCREENING_SYSBP,042-S08-016,S08,SCREENING,Systolic Blood Pressure,SYSBP,123.0,123.0,mmHg,2026-01-05,1
VS_042-S08-016_SCREENING_DIABP,042-S08-016,S08,SCREENING,Diastolic Blood Pressure,DIABP,73.0,73.0,mmHg,2026-01-05,1
VS_042-S08-016_SCREENING_PULSE,042-S08-016,S08,SCREENING,Pulse Rate,PULSE,71.0,71.0,beats/min,2026-01-05,1
VS_042-S08-016_SCREENING_WEIGHT,042-S08-016,S08,SCREENING,Weight,WEIGHT,87.5,87.5,kg,2026-01-05,1
VS_042-S08-017_SCREENING_SYSBP,042-S08-017,S08,SCREENING,Systolic Blood Pressure,SYSBP,123.0,123.0,mmHg,2026-01-05,1
VS_042-S08-017_SCREENING_DIABP,042-S08-017,S08,SCREENING,Diastolic Blood Pressure,DIABP,81.0,81.0,mmHg,2026-01-05,1
VS_042-S08-017_SCREENING_PULSE,042-S08-017,S08,SCREENING,Pulse Rate,PULSE,75.0,75.0,beats/min,2026-01-05,1
VS_042-S08-017_SCREENING_WEIGHT,042-S08-017,S08,SCREENING,Weight,WEIGHT,81.5,81.5,kg,2026-01-05,1
VS_042-S08-018_SCREENING_SYSBP,042-S08-018,S08,SCREENING,Systolic Blood Pressure,SYSBP,128.0,128.0,mmHg,2026-01-05,1
VS_042-S08-018_SCREENING_DIABP,042-S08-018,S08,SCREENING,Diastolic Blood Pressure,DIABP,75.0,75.0,mmHg,2026-01-05,1
VS_042-S08-018_SCREENING_PULSE,042-S08-018,S08,SCREENING,Pulse Rate,PULSE,72.0,72.0,beats/min,2026-01-05,1
VS_042-S08-018_SCREENING_WEIGHT,042-S08-018,S08,SCREENING,Weight,WEIGHT,86.5,86.5,kg,2026-01-05,1
VS_042-S08-019_SCREENING_SYSBP,042-S08-019,S08,SCREENING,Systolic Blood Pressure,SYSBP,121.0,121.0,mmHg,2026-01-05,1
VS_042-S08-019_SCREENING_DIABP,042-S08-019,S08,SCREENING,Diastolic Blood Pressure,DIABP,77.0,77.0,mmHg,2026-01-05,1
VS_042-S08-019_SCREENING_PULSE,042-S08-019,S08,SCREENING,Pulse Rate,PULSE,72.0,72.0,beats/min,2026-01-05,1
VS_042-S08-019_SCREENING_WEIGHT,042-S08-019,S08,SCREENING,Weight,WEIGHT,82.5,82.5,kg,2026-01-05,1
VS_042-S08-020_SCREENING_SYSBP,042-S08-020,S08,SCREENING,Systolic Blood Pressure,SYSBP,121.0,121.0,mmHg,2026-01-05,1
VS_042-S08-020_SCREENING_DIABP,042-S08-020,S08,SCREENING,Diastolic Blood Pressure,DIABP,82.0,82.0,mmHg,2026-01-05,1
VS_042-S08-020_SCREENING_PULSE,042-S08-020,S08,SCREENING,Pulse Rate,PULSE,77.0,77.0,beats/min,2026-01-05,1
VS_042-S08-020_SCREENING_WEIGHT,042-S08-020,S08,SCREENING,Weight,WEIGHT,79.5,79.5,kg,2026-01-05,1
VS_042-S10-001_SCREENING_SYSBP,042-S10-001,S10,SCREENING,Systolic Blood Pressure,SYSBP,121.0,121.0,mmHg,2026-01-05,1
VS_042-S10-001_SCREENING_DIABP,042-S10-001,S10,SCREENING,Diastolic Blood Pressure,DIABP,80.0,80.0,mmHg,2026-01-05,1
VS_042-S10-001_SCREENING_PULSE,042-S10-001,S10,SCREENING,Pulse Rate,PULSE,76.0,76.0,beats/min,2026-01-05,1
VS_042-S10-001_SCREENING_WEIGHT,042-S10-001,S10,SCREENING,Weight,WEIGHT,82.5,82.5,kg,2026-01-05,1
VS_042-S10-002_SCREENING_SYSBP,042-S10-002,S10,SCREENING,Systolic Blood Pressure,SYSBP,121.0,121.0,mmHg,2026-01-05,1
VS_042-S10-002_SCREENING_DIABP,042-S10-002,S10,SCREENING,Diastolic Blood Pressure,DIABP,75.0,75.0,mmHg,2026-01-05,1
VS_042-S10-002_SCREENING_PULSE,042-S10-002,S10,SCREENING,Pulse Rate,PULSE,68.0,68.0,beats/min,2026-01-05,1
VS_042-S10-002_SCREENING_WEIGHT,042-S10-002,S10,SCREENING,Weight,WEIGHT,81.5,81.5,kg,2026-01-05,1
VS_042-S10-003_SCREENING_SYSBP,042-S10-003,S10,SCREENING,Systolic Blood Pressure,SYSBP,128.0,128.0,mmHg,2026-01-05,1
VS_042-S10-003_SCREENING_DIABP,042-S10-003,S10,SCREENING,Diastolic Blood Pressure,DIABP,81.0,81.0,mmHg,2026-01-05,1
VS_042-S10-003_SCREENING_PULSE,042-S10-003,S10,SCREENING,Pulse Rate,PULSE,73.0,73.0,beats/min,2026-01-05,1
VS_042-S10-003_SCREENING_WEIGHT,042-S10-003,S10,SCREENING,Weight,WEIGHT,85.5,85.5,kg,2026-01-05,1
VS_042-S10-004_SCREENING_SYSBP,042-S10-004,S10,SCREENING,Systolic Blood Pressure,SYSBP,123.0,123.0,mmHg,2026-01-05,1
VS_042-S10-004_SCREENING_DIABP,042-S10-004,S10,SCREENING,Diastolic Blood Pressure,DIABP,73.0,73.0,mmHg,2026-01-05,1
VS_042-S10-004_SCREENING_PULSE,042-S10-004,S10,SCREENING,Pulse Rate,PULSE,74.0,74.0,beats/min,2026-01-05,1
VS_042-S10-004_SCREENING_WEIGHT,042-S10-004,S10,SCREENING,Weight,WEIGHT,84.5,84.5,kg,2026-01-05,1
VS_042-S10-005_SCREENING_SYSBP,042-S10-005,S10,SCREENING,Systolic Blood Pressure,SYSBP,129.0,129.0,mmHg,2026-01-05,1
VS_042-S10-005_SCREENING_DIABP,042-S10-005,S10,SCREENING,Diastolic Blood Pressure,DIABP,83.0,83.0,mmHg,2026-01-05,1
VS_042-S10-005_SCREENING_PULSE,042-S10-005,S10,SCREENING,Pulse Rate,PULSE,76.0,76.0,beats/min,2026-01-05,1
VS_042-S10-005_SCREENING_WEIGHT,042-S10-005,S10,SCREENING,Weight,WEIGHT,84.5,84.5,kg,2026-01-05,1
VS_042-S10-006_SCREENING_SYSBP,042-S10-006,S10,SCREENING,Systolic Blood Pressure,SYSBP,125.0,125.0,mmHg,2026-01-05,1
VS_042-S10-006_SCREENING_DIABP,042-S10-006,S10,SCREENING,Diastolic Blood Pressure,DIABP,81.0,81.0,mmHg,2026-01-05,1
VS_042-S10-006_SCREENING_PULSE,042-S10-006,S10,SCREENING,Pulse Rate,PULSE,77.0,77.0,beats/min,2026-01-05,1
VS_042-S10-006_SCREENING_WEIGHT,042-S10-006,S10,SCREENING,Weight,WEIGHT,84.5,84.5,kg,2026-01-05,1
VS_042-S10-007_SCREENING_SYSBP,042-S10-007,S10,SCREENING,Systolic Blood Pressure,SYSBP,127.0,127.0,mmHg,2026-01-05,1
VS_042-S10-007_SCREENING_DIABP,042-S10-007,S10,SCREENING,Diastolic Blood Pressure,DIABP,82.0,82.0,mmHg,2026-01-05,1
VS_042-S10-007_SCREENING_PULSE,042-S10-007,S10,SCREENING,Pulse Rate,PULSE,77.0,77.0,beats/min,2026-01-05,1
VS_042-S10-007_SCREENING_WEIGHT,042-S10-007,S10,SCREENING,Weight,WEIGHT,86.5,86.5,kg,2026-01-05,1
VS_042-S10-008_SCREENING_SYSBP,042-S10-008,S10,SCREENING,Systolic Blood Pressure,SYSBP,121.0,121.0,mmHg,2026-01-05,1
VS_042-S10-008_SCREENING_DIABP,042-S10-008,S10,SCREENING,Diastolic Blood Pressure,DIABP,80.0,80.0,mmHg,2026-01-05,1
VS_042-S10-008_SCREENING_PULSE,042-S10-008,S10,SCREENING,Pulse Rate,PULSE,70.0,70.0,beats/min,2026-01-05,1
VS_042-S10-008_SCREENING_WEIGHT,042-S10-008,S10,SCREENING,Weight,WEIGHT,78.5,78.5,kg,2026-01-05,1
VS_042-S10-009_SCREENING_SYSBP,042-S10-009,S10,SCREENING,Systolic Blood Pressure,SYSBP,126.0,126.0,mmHg,2026-01-05,1
VS_042-S10-009_SCREENING_DIABP,042-S10-009,S10,SCREENING,Diastolic Blood Pressure,DIABP,77.0,77.0,mmHg,2026-01-05,1
VS_042-S10-009_SCREENING_PULSE,042-S10-009,S10,SCREENING,Pulse Rate,PULSE,74.0,74.0,beats/min,2026-01-05,1
VS_042-S10-009_SCREENING_WEIGHT,042-S10-009,S10,SCREENING,Weight,WEIGHT,85.5,85.5,kg,2026-01-05,1
VS_042-S10-010_SCREENING_SYSBP,042-S10-010,S10,SCREENING,Systolic Blood Pressure,SYSBP,125.0,125.0,mmHg,2026-01-05,1
VS_042-S10-010_SCREENING_DIABP,042-S10-010,S10,SCREENING,Diastolic Blood Pressure,DIABP,77.0,77.0,mmHg,2026-01-05,1
VS_042-S10-010_SCREENING_PULSE,042-S10-010,S10,SCREENING,Pulse Rate,PULSE,72.0,72.0,beats/min,2026-01-05,1
VS_042-S10-010_SCREENING_WEIGHT,042-S10-010,S10,SCREENING,Weight,WEIGHT,86.5,86.5,kg,2026-01-05,1
VS_042-S10-011_SCREENING_SYSBP,042-S10-011,S10,SCREENING,Systolic Blood Pressure,SYSBP,126.0,126.0,mmHg,2026-01-05,1
VS_042-S10-011_SCREENING_DIABP,042-S10-011,S10,SCREENING,Diastolic Blood Pressure,DIABP,77.0,77.0,mmHg,2026-01-05,1
VS_042-S10-011_SCREENING_PULSE,042-S10-011,S10,SCREENING,Pulse Rate,PULSE,74.0,74.0,beats/min,2026-01-05,1
VS_042-S10-011_SCREENING_WEIGHT,042-S10-011,S10,SCREENING,Weight,WEIGHT,80.5,80.5,kg,2026-01-05,1
VS_042-S10-012_SCREENING_SYSBP,042-S10-012,S10,SCREENING,Systolic Blood Pressure,SYSBP,126.0,126.0,mmHg,2026-01-05,1
VS_042-S10-012_SCREENING_DIABP,042-S10-012,S10,SCREENING,Diastolic Blood Pressure,DIABP,79.0,79.0,mmHg,2026-01-05,1
VS_042-S10-012_SCREENING_PULSE,042-S10-012,S10,SCREENING,Pulse Rate,PULSE,77.0,77.0,beats/min,2026-01-05,1
VS_042-S10-012_SCREENING_WEIGHT,042-S10-012,S10,SCREENING,Weight,WEIGHT,84.5,84.5,kg,2026-01-05,1
VS_042-S10-013_SCREENING_SYSBP,042-S10-013,S10,SCREENING,Systolic Blood Pressure,SYSBP,128.0,128.0,mmHg,2026-01-05,1
VS_042-S10-013_SCREENING_DIABP,042-S10-013,S10,SCREENING,Diastolic Blood Pressure,DIABP,78.0,78.0,mmHg,2026-01-05,1
VS_042-S10-013_SCREENING_PULSE,042-S10-013,S10,SCREENING,Pulse Rate,PULSE,68.0,68.0,beats/min,2026-01-05,1
VS_042-S10-013_SCREENING_WEIGHT,042-S10-013,S10,SCREENING,Weight,WEIGHT,80.5,80.5,kg,2026-01-05,1
VS_042-S10-014_SCREENING_SYSBP,042-S10-014,S10,SCREENING,Systolic Blood Pressure,SYSBP,122.0,122.0,mmHg,2026-01-05,1
VS_042-S10-014_SCREENING_DIABP,042-S10-014,S10,SCREENING,Diastolic Blood Pressure,DIABP,77.0,77.0,mmHg,2026-01-05,1
VS_042-S10-014_SCREENING_PULSE,042-S10-014,S10,SCREENING,Pulse Rate,PULSE,70.0,70.0,beats/min,2026-01-05,1
VS_042-S10-014_SCREENING_WEIGHT,042-S10-014,S10,SCREENING,Weight,WEIGHT,85.5,85.5,kg,2026-01-05,1
VS_042-S10-015_SCREENING_SYSBP,042-S10-015,S10,SCREENING,Systolic Blood Pressure,SYSBP,127.0,127.0,mmHg,2026-01-05,1
VS_042-S10-015_SCREENING_DIABP,042-S10-015,S10,SCREENING,Diastolic Blood Pressure,DIABP,76.0,76.0,mmHg,2026-01-05,1
VS_042-S10-015_SCREENING_PULSE,042-S10-015,S10,SCREENING,Pulse Rate,PULSE,74.0,74.0,beats/min,2026-01-05,1
VS_042-S10-015_SCREENING_WEIGHT,042-S10-015,S10,SCREENING,Weight,WEIGHT,81.5,81.5,kg,2026-01-05,1
VS_042-S10-016_SCREENING_SYSBP,042-S10-016,S10,SCREENING,Systolic Blood Pressure,SYSBP,124.0,124.0,mmHg,2026-01-05,1
VS_042-S10-016_SCREENING_DIABP,042-S10-016,S10,SCREENING,Diastolic Blood Pressure,DIABP,83.0,83.0,mmHg,2026-01-05,1
VS_042-S10-016_SCREENING_PULSE,042-S10-016,S10,SCREENING,Pulse Rate,PULSE,68.0,68.0,beats/min,2026-01-05,1
VS_042-S10-016_SCREENING_WEIGHT,042-S10-016,S10,SCREENING,Weight,WEIGHT,79.5,79.5,kg,2026-01-05,1
VS_042-S10-017_SCREENING_SYSBP,042-S10-017,S10,SCREENING,Systolic Blood Pressure,SYSBP,123.0,123.0,mmHg,2026-01-05,1
VS_042-S10-017_SCREENING_DIABP,042-S10-017,S10,SCREENING,Diastolic Blood Pressure,DIABP,79.0,79.0,mmHg,2026-01-05,1
VS_042-S10-017_SCREENING_PULSE,042-S10-017,S10,SCREENING,Pulse Rate,PULSE,71.0,71.0,beats/min,2026-01-05,1
VS_042-S10-017_SCREENING_WEIGHT,042-S10-017,S10,SCREENING,Weight,WEIGHT,77.5,77.5,kg,2026-01-05,1
VS_042-S10-018_SCREENING_SYSBP,042-S10-018,S10,SCREENING,Systolic Blood Pressure,SYSBP,122.0,122.0,mmHg,2026-01-05,1
VS_042-S10-018_SCREENING_DIABP,042-S10-018,S10,SCREENING,Diastolic Blood Pressure,DIABP,74.0,74.0,mmHg,2026-01-05,1
VS_042-S10-018_SCREENING_PULSE,042-S10-018,S10,SCREENING,Pulse Rate,PULSE,71.0,71.0,beats/min,2026-01-05,1
VS_042-S10-018_SCREENING_WEIGHT,042-S10-018,S10,SCREENING,Weight,WEIGHT,78.5,78.5,kg,2026-01-05,1
VS_042-S10-019_SCREENING_SYSBP,042-S10-019,S10,SCREENING,Systolic Blood Pressure,SYSBP,122.0,122.0,mmHg,2026-01-05,1
VS_042-S10-019_SCREENING_DIABP,042-S10-019,S10,SCREENING,Diastolic Blood Pressure,DIABP,83.0,83.0,mmHg,2026-01-05,1
VS_042-S10-019_SCREENING_PULSE,042-S10-019,S10,SCREENING,Pulse Rate,PULSE,74.0,74.0,beats/min,2026-01-05,1
VS_042-S10-019_SCREENING_WEIGHT,042-S10-019,S10,SCREENING,Weight,WEIGHT,84.5,84.5,kg,2026-01-05,1
VS_042-S10-020_SCREENING_SYSBP,042-S10-020,S10,SCREENING,Systolic Blood Pressure,SYSBP,119.0,119.0,mmHg,2026-01-05,1
VS_042-S10-020_SCREENING_DIABP,042-S10-020,S10,SCREENING,Diastolic Blood Pressure,DIABP,74.0,74.0,mmHg,2026-01-05,1
VS_042-S10-020_SCREENING_PULSE,042-S10-020,S10,SCREENING,Pulse Rate,PULSE,72.0,72.0,beats/min,2026-01-05,1
VS_042-S10-020_SCREENING_WEIGHT,042-S10-020,S10,SCREENING,Weight,WEIGHT,80.5,80.5,kg,2026-01-05,1
VS_042-S11-001_SCREENING_SYSBP,042-S11-001,S11,SCREENING,Systolic Blood Pressure,SYSBP,129.0,129.0,mmHg,2026-01-05,1
VS_042-S11-001_SCREENING_DIABP,042-S11-001,S11,SCREENING,Diastolic Blood Pressure,DIABP,75.0,75.0,mmHg,2026-01-05,1
VS_042-S11-001_SCREENING_PULSE,042-S11-001,S11,SCREENING,Pulse Rate,PULSE,70.0,70.0,beats/min,2026-01-05,1
VS_042-S11-001_SCREENING_WEIGHT,042-S11-001,S11,SCREENING,Weight,WEIGHT,84.5,84.5,kg,2026-01-05,1
VS_042-S11-002_SCREENING_SYSBP,042-S11-002,S11,SCREENING,Systolic Blood Pressure,SYSBP,122.0,122.0,mmHg,2026-01-05,1
VS_042-S11-002_SCREENING_DIABP,042-S11-002,S11,SCREENING,Diastolic Blood Pressure,DIABP,75.0,75.0,mmHg,2026-01-05,1
VS_042-S11-002_SCREENING_PULSE,042-S11-002,S11,SCREENING,Pulse Rate,PULSE,72.0,72.0,beats/min,2026-01-05,1
VS_042-S11-002_SCREENING_WEIGHT,042-S11-002,S11,SCREENING,Weight,WEIGHT,81.5,81.5,kg,2026-01-05,1
VS_042-S11-003_SCREENING_SYSBP,042-S11-003,S11,SCREENING,Systolic Blood Pressure,SYSBP,122.0,122.0,mmHg,2026-01-05,1
VS_042-S11-003_SCREENING_DIABP,042-S11-003,S11,SCREENING,Diastolic Blood Pressure,DIABP,74.0,74.0,mmHg,2026-01-05,1
VS_042-S11-003_SCREENING_PULSE,042-S11-003,S11,SCREENING,Pulse Rate,PULSE,76.0,76.0,beats/min,2026-01-05,1
VS_042-S11-003_SCREENING_WEIGHT,042-S11-003,S11,SCREENING,Weight,WEIGHT,86.5,86.5,kg,2026-01-05,1
VS_042-S11-004_SCREENING_SYSBP,042-S11-004,S11,SCREENING,Systolic Blood Pressure,SYSBP,126.0,126.0,mmHg,2026-01-05,1
VS_042-S11-004_SCREENING_DIABP,042-S11-004,S11,SCREENING,Diastolic Blood Pressure,DIABP,73.0,73.0,mmHg,2026-01-05,1
VS_042-S11-004_SCREENING_PULSE,042-S11-004,S11,SCREENING,Pulse Rate,PULSE,69.0,69.0,beats/min,2026-01-05,1
VS_042-S11-004_SCREENING_WEIGHT,042-S11-004,S11,SCREENING,Weight,WEIGHT,80.5,80.5,kg,2026-01-05,1
VS_042-S11-005_SCREENING_SYSBP,042-S11-005,S11,SCREENING,Systolic Blood Pressure,SYSBP,120.0,120.0,mmHg,2026-01-05,1
VS_042-S11-005_SCREENING_DIABP,042-S11-005,S11,SCREENING,Diastolic Blood Pressure,DIABP,83.0,83.0,mmHg,2026-01-05,1
VS_042-S11-005_SCREENING_PULSE,042-S11-005,S11,SCREENING,Pulse Rate,PULSE,67.0,67.0,beats/min,2026-01-05,1
VS_042-S11-005_SCREENING_WEIGHT,042-S11-005,S11,SCREENING,Weight,WEIGHT,80.5,80.5,kg,2026-01-05,1
VS_042-S11-006_SCREENING_SYSBP,042-S11-006,S11,SCREENING,Systolic Blood Pressure,SYSBP,126.0,126.0,mmHg,2026-01-05,1
VS_042-S11-006_SCREENING_DIABP,042-S11-006,S11,SCREENING,Diastolic Blood Pressure,DIABP,74.0,74.0,mmHg,2026-01-05,1
VS_042-S11-006_SCREENING_PULSE,042-S11-006,S11,SCREENING,Pulse Rate,PULSE,77.0,77.0,beats/min,2026-01-05,1
VS_042-S11-006_SCREENING_WEIGHT,042-S11-006,S11,SCREENING,Weight,WEIGHT,81.5,81.5,kg,2026-01-05,1
VS_042-S11-007_SCREENING_SYSBP,042-S11-007,S11,SCREENING,Systolic Blood Pressure,SYSBP,121.0,121.0,mmHg,2026-01-05,1
VS_042-S11-007_SCREENING_DIABP,042-S11-007,S11,SCREENING,Diastolic Blood Pressure,DIABP,79.0,79.0,mmHg,2026-01-05,1
VS_042-S11-007_SCREENING_PULSE,042-S11-007,S11,SCREENING,Pulse Rate,PULSE,69.0,69.0,beats/min,2026-01-05,1
VS_042-S11-007_SCREENING_WEIGHT,042-S11-007,S11,SCREENING,Weight,WEIGHT,79.5,79.5,kg,2026-01-05,1
VS_042-S11-008_SCREENING_SYSBP,042-S11-008,S11,SCREENING,Systolic Blood Pressure,SYSBP,126.0,126.0,mmHg,2026-01-05,1
VS_042-S11-008_SCREENING_DIABP,042-S11-008,S11,SCREENING,Diastolic Blood Pressure,DIABP,76.0,76.0,mmHg,2026-01-05,1
VS_042-S11-008_SCREENING_PULSE,042-S11-008,S11,SCREENING,Pulse Rate,PULSE,71.0,71.0,beats/min,2026-01-05,1
VS_042-S11-008_SCREENING_WEIGHT,042-S11-008,S11,SCREENING,Weight,WEIGHT,80.5,80.5,kg,2026-01-05,1
VS_042-S11-009_SCREENING_SYSBP,042-S11-009,S11,SCREENING,Systolic Blood Pressure,SYSBP,127.0,127.0,mmHg,2026-01-05,1
VS_042-S11-009_SCREENING_DIABP,042-S11-009,S11,SCREENING,Diastolic Blood Pressure,DIABP,78.0,78.0,mmHg,2026-01-05,1
VS_042-S11-009_SCREENING_PULSE,042-S11-009,S11,SCREENING,Pulse Rate,PULSE,75.0,75.0,beats/min,2026-01-05,1
VS_042-S11-009_SCREENING_WEIGHT,042-S11-009,S11,SCREENING,Weight,WEIGHT,80.5,80.5,kg,2026-01-05,1
VS_042-S11-010_SCREENING_SYSBP,042-S11-010,S11,SCREENING,Systolic Blood Pressure,SYSBP,127.0,127.0,mmHg,2026-01-05,1
VS_042-S11-010_SCREENING_DIABP,042-S11-010,S11,SCREENING,Diastolic Blood Pressure,DIABP,82.0,82.0,mmHg,2026-01-05,1
VS_042-S11-010_SCREENING_PULSE,042-S11-010,S11,SCREENING,Pulse Rate,PULSE,75.0,75.0,beats/min,2026-01-05,1
VS_042-S11-010_SCREENING_WEIGHT,042-S11-010,S11,SCREENING,Weight,WEIGHT,80.5,80.5,kg,2026-01-05,1
VS_042-S11-011_SCREENING_SYSBP,042-S11-011,S11,SCREENING,Systolic Blood Pressure,SYSBP,124.0,124.0,mmHg,2026-01-05,1
VS_042-S11-011_SCREENING_DIABP,042-S11-011,S11,SCREENING,Diastolic Blood Pressure,DIABP,82.0,82.0,mmHg,2026-01-05,1
VS_042-S11-011_SCREENING_PULSE,042-S11-011,S11,SCREENING,Pulse Rate,PULSE,70.0,70.0,beats/min,2026-01-05,1
VS_042-S11-011_SCREENING_WEIGHT,042-S11-011,S11,SCREENING,Weight,WEIGHT,84.5,84.5,kg,2026-01-05,1
VS_042-S11-012_SCREENING_SYSBP,042-S11-012,S11,SCREENING,Systolic Blood Pressure,SYSBP,122.0,122.0,mmHg,2026-01-05,1
VS_042-S11-012_SCREENING_DIABP,042-S11-012,S11,SCREENING,Diastolic Blood Pressure,DIABP,80.0,80.0,mmHg,2026-01-05,1
VS_042-S11-012_SCREENING_PULSE,042-S11-012,S11,SCREENING,Pulse Rate,PULSE,70.0,70.0,beats/min,2026-01-05,1
VS_042-S11-012_SCREENING_WEIGHT,042-S11-012,S11,SCREENING,Weight,WEIGHT,82.5,82.5,kg,2026-01-05,1
VS_042-S11-013_SCREENING_SYSBP,042-S11-013,S11,SCREENING,Systolic Blood Pressure,SYSBP,119.0,119.0,mmHg,2026-01-05,1
VS_042-S11-013_SCREENING_DIABP,042-S11-013,S11,SCREENING,Diastolic Blood Pressure,DIABP,74.0,74.0,mmHg,2026-01-05,1
VS_042-S11-013_SCREENING_PULSE,042-S11-013,S11,SCREENING,Pulse Rate,PULSE,73.0,73.0,beats/min,2026-01-05,1
VS_042-S11-013_SCREENING_WEIGHT,042-S11-013,S11,SCREENING,Weight,WEIGHT,78.5,78.5,kg,2026-01-05,1
VS_042-S11-014_SCREENING_SYSBP,042-S11-014,S11,SCREENING,Systolic Blood Pressure,SYSBP,129.0,129.0,mmHg,2026-01-05,1
VS_042-S11-014_SCREENING_DIABP,042-S11-014,S11,SCREENING,Diastolic Blood Pressure,DIABP,81.0,81.0,mmHg,2026-01-05,1
VS_042-S11-014_SCREENING_PULSE,042-S11-014,S11,SCREENING,Pulse Rate,PULSE,76.0,76.0,beats/min,2026-01-05,1
VS_042-S11-014_SCREENING_WEIGHT,042-S11-014,S11,SCREENING,Weight,WEIGHT,86.5,86.5,kg,2026-01-05,1
VS_042-S11-015_SCREENING_SYSBP,042-S11-015,S11,SCREENING,Systolic Blood Pressure,SYSBP,119.0,119.0,mmHg,2026-01-05,1
VS_042-S11-015_SCREENING_DIABP,042-S11-015,S11,SCREENING,Diastolic Blood Pressure,DIABP,80.0,80.0,mmHg,2026-01-05,1
VS_042-S11-015_SCREENING_PULSE,042-S11-015,S11,SCREENING,Pulse Rate,PULSE,73.0,73.0,beats/min,2026-01-05,1
VS_042-S11-015_SCREENING_WEIGHT,042-S11-015,S11,SCREENING,Weight,WEIGHT,86.5,86.5,kg,2026-01-05,1
VS_042-S11-016_SCREENING_SYSBP,042-S11-016,S11,SCREENING,Systolic Blood Pressure,SYSBP,124.0,124.0,mmHg,2026-01-05,1
VS_042-S11-016_SCREENING_DIABP,042-S11-016,S11,SCREENING,Diastolic Blood Pressure,DIABP,79.0,79.0,mmHg,2026-01-05,1
VS_042-S11-016_SCREENING_PULSE,042-S11-016,S11,SCREENING,Pulse Rate,PULSE,69.0,69.0,beats/min,2026-01-05,1
VS_042-S11-016_SCREENING_WEIGHT,042-S11-016,S11,SCREENING,Weight,WEIGHT,85.5,85.5,kg,2026-01-05,1
VS_042-S11-017_SCREENING_SYSBP,042-S11-017,S11,SCREENING,Systolic Blood Pressure,SYSBP,128.0,128.0,mmHg,2026-01-05,1
VS_042-S11-017_SCREENING_DIABP,042-S11-017,S11,SCREENING,Diastolic Blood Pressure,DIABP,81.0,81.0,mmHg,2026-01-05,1
VS_042-S11-017_SCREENING_PULSE,042-S11-017,S11,SCREENING,Pulse Rate,PULSE,72.0,72.0,beats/min,2026-01-05,1
VS_042-S11-017_SCREENING_WEIGHT,042-S11-017,S11,SCREENING,Weight,WEIGHT,77.5,77.5,kg,2026-01-05,1
VS_042-S11-018_SCREENING_SYSBP,042-S11-018,S11,SCREENING,Systolic Blood Pressure,SYSBP,122.0,122.0,mmHg,2026-01-05,1
VS_042-S11-018_SCREENING_DIABP,042-S11-018,S11,SCREENING,Diastolic Blood Pressure,DIABP,77.0,77.0,mmHg,2026-01-05,1
VS_042-S11-018_SCREENING_PULSE,042-S11-018,S11,SCREENING,Pulse Rate,PULSE,76.0,76.0,beats/min,2026-01-05,1
VS_042-S11-018_SCREENING_WEIGHT,042-S11-018,S11,SCREENING,Weight,WEIGHT,84.5,84.5,kg,2026-01-05,1
VS_042-S11-019_SCREENING_SYSBP,042-S11-019,S11,SCREENING,Systolic Blood Pressure,SYSBP,125.0,125.0,mmHg,2026-01-05,1
VS_042-S11-019_SCREENING_DIABP,042-S11-019,S11,SCREENING,Diastolic Blood Pressure,DIABP,80.0,80.0,mmHg,2026-01-05,1
VS_042-S11-019_SCREENING_PULSE,042-S11-019,S11,SCREENING,Pulse Rate,PULSE,76.0,76.0,beats/min,2026-01-05,1
VS_042-S11-019_SCREENING_WEIGHT,042-S11-019,S11,SCREENING,Weight,WEIGHT,80.5,80.5,kg,2026-01-05,1
VS_042-S11-020_SCREENING_SYSBP,042-S11-020,S11,SCREENING,Systolic Blood Pressure,SYSBP,128.0,128.0,mmHg,2026-01-05,1
VS_042-S11-020_SCREENING_DIABP,042-S11-020,S11,SCREENING,Diastolic Blood Pressure,DIABP,77.0,77.0,mmHg,2026-01-05,1
VS_042-S11-020_SCREENING_PULSE,042-S11-020,S11,SCREENING,Pulse Rate,PULSE,67.0,67.0,beats/min,2026-01-05,1
VS_042-S11-020_SCREENING_WEIGHT,042-S11-020,S11,SCREENING,Weight,WEIGHT,81.5,81.5,kg,2026-01-05,1
VS_042-S12-001_SCREENING_SYSBP,042-S12-001,S12,SCREENING,Systolic Blood Pressure,SYSBP,129.0,129.0,mmHg,2026-01-05,1
VS_042-S12-001_SCREENING_DIABP,042-S12-001,S12,SCREENING,Diastolic Blood Pressure,DIABP,73.0,73.0,mmHg,2026-01-05,1
VS_042-S12-001_SCREENING_PULSE,042-S12-001,S12,SCREENING,Pulse Rate,PULSE,69.0,69.0,beats/min,2026-01-05,1
VS_042-S12-001_SCREENING_WEIGHT,042-S12-001,S12,SCREENING,Weight,WEIGHT,81.5,81.5,kg,2026-01-05,1
VS_042-S12-002_SCREENING_SYSBP,042-S12-002,S12,SCREENING,Systolic Blood Pressure,SYSBP,127.0,127.0,mmHg,2026-01-05,1
VS_042-S12-002_SCREENING_DIABP,042-S12-002,S12,SCREENING,Diastolic Blood Pressure,DIABP,76.0,76.0,mmHg,2026-01-05,1
VS_042-S12-002_SCREENING_PULSE,042-S12-002,S12,SCREENING,Pulse Rate,PULSE,67.0,67.0,beats/min,2026-01-05,1
VS_042-S12-002_SCREENING_WEIGHT,042-S12-002,S12,SCREENING,Weight,WEIGHT,81.5,81.5,kg,2026-01-05,1
VS_042-S12-003_SCREENING_SYSBP,042-S12-003,S12,SCREENING,Systolic Blood Pressure,SYSBP,128.0,128.0,mmHg,2026-01-05,1
VS_042-S12-003_SCREENING_DIABP,042-S12-003,S12,SCREENING,Diastolic Blood Pressure,DIABP,83.0,83.0,mmHg,2026-01-05,1
VS_042-S12-003_SCREENING_PULSE,042-S12-003,S12,SCREENING,Pulse Rate,PULSE,76.0,76.0,beats/min,2026-01-05,1
VS_042-S12-003_SCREENING_WEIGHT,042-S12-003,S12,SCREENING,Weight,WEIGHT,82.5,82.5,kg,2026-01-05,1
VS_042-S12-004_SCREENING_SYSBP,042-S12-004,S12,SCREENING,Systolic Blood Pressure,SYSBP,119.0,119.0,mmHg,2026-01-05,1
VS_042-S12-004_SCREENING_DIABP,042-S12-004,S12,SCREENING,Diastolic Blood Pressure,DIABP,82.0,82.0,mmHg,2026-01-05,1
VS_042-S12-004_SCREENING_PULSE,042-S12-004,S12,SCREENING,Pulse Rate,PULSE,71.0,71.0,beats/min,2026-01-05,1
VS_042-S12-004_SCREENING_WEIGHT,042-S12-004,S12,SCREENING,Weight,WEIGHT,86.5,86.5,kg,2026-01-05,1
VS_042-S12-005_SCREENING_SYSBP,042-S12-005,S12,SCREENING,Systolic Blood Pressure,SYSBP,124.0,124.0,mmHg,2026-01-05,1
VS_042-S12-005_SCREENING_DIABP,042-S12-005,S12,SCREENING,Diastolic Blood Pressure,DIABP,79.0,79.0,mmHg,2026-01-05,1
VS_042-S12-005_SCREENING_PULSE,042-S12-005,S12,SCREENING,Pulse Rate,PULSE,76.0,76.0,beats/min,2026-01-05,1
VS_042-S12-005_SCREENING_WEIGHT,042-S12-005,S12,SCREENING,Weight,WEIGHT,81.5,81.5,kg,2026-01-05,1
VS_042-S12-006_SCREENING_SYSBP,042-S12-006,S12,SCREENING,Systolic Blood Pressure,SYSBP,123.0,123.0,mmHg,2026-01-05,1
VS_042-S12-006_SCREENING_DIABP,042-S12-006,S12,SCREENING,Diastolic Blood Pressure,DIABP,80.0,80.0,mmHg,2026-01-05,1
VS_042-S12-006_SCREENING_PULSE,042-S12-006,S12,SCREENING,Pulse Rate,PULSE,68.0,68.0,beats/min,2026-01-05,1
VS_042-S12-006_SCREENING_WEIGHT,042-S12-006,S12,SCREENING,Weight,WEIGHT,85.5,85.5,kg,2026-01-05,1
VS_042-S12-007_SCREENING_SYSBP,042-S12-007,S12,SCREENING,Systolic Blood Pressure,SYSBP,126.0,126.0,mmHg,2026-01-05,1
VS_042-S12-007_SCREENING_DIABP,042-S12-007,S12,SCREENING,Diastolic Blood Pressure,DIABP,81.0,81.0,mmHg,2026-01-05,1
VS_042-S12-007_SCREENING_PULSE,042-S12-007,S12,SCREENING,Pulse Rate,PULSE,73.0,73.0,beats/min,2026-01-05,1
VS_042-S12-007_SCREENING_WEIGHT,042-S12-007,S12,SCREENING,Weight,WEIGHT,79.5,79.5,kg,2026-01-05,1
VS_042-S12-008_SCREENING_SYSBP,042-S12-008,S12,SCREENING,Systolic Blood Pressure,SYSBP,128.0,128.0,mmHg,2026-01-05,1
VS_042-S12-008_SCREENING_DIABP,042-S12-008,S12,SCREENING,Diastolic Blood Pressure,DIABP,73.0,73.0,mmHg,2026-01-05,1
VS_042-S12-008_SCREENING_PULSE,042-S12-008,S12,SCREENING,Pulse Rate,PULSE,67.0,67.0,beats/min,2026-01-05,1
VS_042-S12-008_SCREENING_WEIGHT,042-S12-008,S12,SCREENING,Weight,WEIGHT,85.5,85.5,kg,2026-01-05,1
VS_042-S12-009_SCREENING_SYSBP,042-S12-009,S12,SCREENING,Systolic Blood Pressure,SYSBP,129.0,129.0,mmHg,2026-01-05,1
VS_042-S12-009_SCREENING_DIABP,042-S12-009,S12,SCREENING,Diastolic Blood Pressure,DIABP,77.0,77.0,mmHg,2026-01-05,1
VS_042-S12-009_SCREENING_PULSE,042-S12-009,S12,SCREENING,Pulse Rate,PULSE,73.0,73.0,beats/min,2026-01-05,1
VS_042-S12-009_SCREENING_WEIGHT,042-S12-009,S12,SCREENING,Weight,WEIGHT,77.5,77.5,kg,2026-01-05,1
VS_042-S12-010_SCREENING_SYSBP,042-S12-010,S12,SCREENING,Systolic Blood Pressure,SYSBP,121.0,121.0,mmHg,2026-01-05,1
VS_042-S12-010_SCREENING_DIABP,042-S12-010,S12,SCREENING,Diastolic Blood Pressure,DIABP,78.0,78.0,mmHg,2026-01-05,1
VS_042-S12-010_SCREENING_PULSE,042-S12-010,S12,SCREENING,Pulse Rate,PULSE,68.0,68.0,beats/min,2026-01-05,1
VS_042-S12-010_SCREENING_WEIGHT,042-S12-010,S12,SCREENING,Weight,WEIGHT,87.5,87.5,kg,2026-01-05,1
VS_042-S12-011_SCREENING_SYSBP,042-S12-011,S12,SCREENING,Systolic Blood Pressure,SYSBP,125.0,125.0,mmHg,2026-01-05,1
VS_042-S12-011_SCREENING_DIABP,042-S12-011,S12,SCREENING,Diastolic Blood Pressure,DIABP,81.0,81.0,mmHg,2026-01-05,1
VS_042-S12-011_SCREENING_PULSE,042-S12-011,S12,SCREENING,Pulse Rate,PULSE,72.0,72.0,beats/min,2026-01-05,1
VS_042-S12-011_SCREENING_WEIGHT,042-S12-011,S12,SCREENING,Weight,WEIGHT,81.5,81.5,kg,2026-01-05,1
VS_042-S12-012_SCREENING_SYSBP,042-S12-012,S12,SCREENING,Systolic Blood Pressure,SYSBP,127.0,127.0,mmHg,2026-01-05,1
VS_042-S12-012_SCREENING_DIABP,042-S12-012,S12,SCREENING,Diastolic Blood Pressure,DIABP,75.0,75.0,mmHg,2026-01-05,1
VS_042-S12-012_SCREENING_PULSE,042-S12-012,S12,SCREENING,Pulse Rate,PULSE,73.0,73.0,beats/min,2026-01-05,1
VS_042-S12-012_SCREENING_WEIGHT,042-S12-012,S12,SCREENING,Weight,WEIGHT,87.5,87.5,kg,2026-01-05,1
VS_042-S12-013_SCREENING_SYSBP,042-S12-013,S12,SCREENING,Systolic Blood Pressure,SYSBP,124.0,124.0,mmHg,2026-01-05,1
VS_042-S12-013_SCREENING_DIABP,042-S12-013,S12,SCREENING,Diastolic Blood Pressure,DIABP,80.0,80.0,mmHg,2026-01-05,1
VS_042-S12-013_SCREENING_PULSE,042-S12-013,S12,SCREENING,Pulse Rate,PULSE,70.0,70.0,beats/min,2026-01-05,1
VS_042-S12-013_SCREENING_WEIGHT,042-S12-013,S12,SCREENING,Weight,WEIGHT,77.5,77.5,kg,2026-01-05,1
VS_042-S12-014_SCREENING_SYSBP,042-S12-014,S12,SCREENING,Systolic Blood Pressure,SYSBP,121.0,121.0,mmHg,2026-01-05,1
VS_042-S12-014_SCREENING_DIABP,042-S12-014,S12,SCREENING,Diastolic Blood Pressure,DIABP,77.0,77.0,mmHg,2026-01-05,1
VS_042-S12-014_SCREENING_PULSE,042-S12-014,S12,SCREENING,Pulse Rate,PULSE,73.0,73.0,beats/min,2026-01-05,1
VS_042-S12-014_SCREENING_WEIGHT,042-S12-014,S12,SCREENING,Weight,WEIGHT,78.5,78.5,kg,2026-01-05,1
VS_042-S12-015_SCREENING_SYSBP,042-S12-015,S12,SCREENING,Systolic Blood Pressure,SYSBP,124.0,124.0,mmHg,2026-01-05,1
VS_042-S12-015_SCREENING_DIABP,042-S12-015,S12,SCREENING,Diastolic Blood Pressure,DIABP,79.0,79.0,mmHg,2026-01-05,1
VS_042-S12-015_SCREENING_PULSE,042-S12-015,S12,SCREENING,Pulse Rate,PULSE,75.0,75.0,beats/min,2026-01-05,1
VS_042-S12-015_SCREENING_WEIGHT,042-S12-015,S12,SCREENING,Weight,WEIGHT,77.5,77.5,kg,2026-01-05,1
VS_042-S12-016_SCREENING_SYSBP,042-S12-016,S12,SCREENING,Systolic Blood Pressure,SYSBP,124.0,124.0,mmHg,2026-01-05,1
VS_042-S12-016_SCREENING_DIABP,042-S12-016,S12,SCREENING,Diastolic Blood Pressure,DIABP,75.0,75.0,mmHg,2026-01-05,1
VS_042-S12-016_SCREENING_PULSE,042-S12-016,S12,SCREENING,Pulse Rate,PULSE,67.0,67.0,beats/min,2026-01-05,1
VS_042-S12-016_SCREENING_WEIGHT,042-S12-016,S12,SCREENING,Weight,WEIGHT,84.5,84.5,kg,2026-01-05,1
VS_042-S12-017_SCREENING_SYSBP,042-S12-017,S12,SCREENING,Systolic Blood Pressure,SYSBP,125.0,125.0,mmHg,2026-01-05,1
VS_042-S12-017_SCREENING_DIABP,042-S12-017,S12,SCREENING,Diastolic Blood Pressure,DIABP,76.0,76.0,mmHg,2026-01-05,1
VS_042-S12-017_SCREENING_PULSE,042-S12-017,S12,SCREENING,Pulse Rate,PULSE,71.0,71.0,beats/min,2026-01-05,1
VS_042-S12-017_SCREENING_WEIGHT,042-S12-017,S12,SCREENING,Weight,WEIGHT,87.5,87.5,kg,2026-01-05,1
VS_042-S12-018_SCREENING_SYSBP,042-S12-018,S12,SCREENING,Systolic Blood Pressure,SYSBP,125.0,125.0,mmHg,2026-01-05,1
VS_042-S12-018_SCREENING_DIABP,042-S12-018,S12,SCREENING,Diastolic Blood Pressure,DIABP,83.0,83.0,mmHg,2026-01-05,1
VS_042-S12-018_SCREENING_PULSE,042-S12-018,S12,SCREENING,Pulse Rate,PULSE,75.0,75.0,beats/min,2026-01-05,1
VS_042-S12-018_SCREENING_WEIGHT,042-S12-018,S12,SCREENING,Weight,WEIGHT,84.5,84.5,kg,2026-01-05,1
VS_042-S12-019_SCREENING_SYSBP,042-S12-019,S12,SCREENING,Systolic Blood Pressure,SYSBP,123.0,123.0,mmHg,2026-01-05,1
VS_042-S12-019_SCREENING_DIABP,042-S12-019,S12,SCREENING,Diastolic Blood Pressure,DIABP,73.0,73.0,mmHg,2026-01-05,1
VS_042-S12-019_SCREENING_PULSE,042-S12-019,S12,SCREENING,Pulse Rate,PULSE,70.0,70.0,beats/min,2026-01-05,1
VS_042-S12-019_SCREENING_WEIGHT,042-S12-019,S12,SCREENING,Weight,WEIGHT,83.5,83.5,kg,2026-01-05,1
VS_042-S12-020_SCREENING_SYSBP,042-S12-020,S12,SCREENING,Systolic Blood Pressure,SYSBP,129.0,129.0,mmHg,2026-01-05,1
VS_042-S12-020_SCREENING_DIABP,042-S12-020,S12,SCREENING,Diastolic Blood Pressure,DIABP,83.0,83.0,mmHg,2026-01-05,1
VS_042-S12-020_SCREENING_PULSE,042-S12-020,S12,SCREENING,Pulse Rate,PULSE,69.0,69.0,beats/min,2026-01-05,1
VS_042-S12-020_SCREENING_WEIGHT,042-S12-020,S12,SCREENING,Weight,WEIGHT,85.5,85.5,kg,2026-01-05,1
VS_042-S01-001_BASELINE_SYSBP,042-S01-001,S01,BASELINE,Systolic Blood Pressure,SYSBP,124.0,124.0,mmHg,2026-01-15,1
VS_042-S01-001_BASELINE_DIABP,042-S01-001,S01,BASELINE,Diastolic Blood Pressure,DIABP,75.0,75.0,mmHg,2026-01-15,1
VS_042-S01-001_BASELINE_PULSE,042-S01-001,S01,BASELINE,Pulse Rate,PULSE,77.0,77.0,beats/min,2026-01-15,1
VS_042-S01-001_BASELINE_WEIGHT,042-S01-001,S01,BASELINE,Weight,WEIGHT,79.5,79.5,kg,2026-01-15,1
VS_042-S01-002_BASELINE_SYSBP,042-S01-002,S01,BASELINE,Systolic Blood Pressure,SYSBP,126.0,126.0,mmHg,2026-01-15,1
VS_042-S01-002_BASELINE_DIABP,042-S01-002,S01,BASELINE,Diastolic Blood Pressure,DIABP,78.0,78.0,mmHg,2026-01-15,1
VS_042-S01-002_BASELINE_PULSE,042-S01-002,S01,BASELINE,Pulse Rate,PULSE,72.0,72.0,beats/min,2026-01-15,1
VS_042-S01-002_BASELINE_WEIGHT,042-S01-002,S01,BASELINE,Weight,WEIGHT,85.5,85.5,kg,2026-01-15,1
VS_042-S01-003_BASELINE_SYSBP,042-S01-003,S01,BASELINE,Systolic Blood Pressure,SYSBP,121.0,121.0,mmHg,2026-01-15,1
VS_042-S01-003_BASELINE_DIABP,042-S01-003,S01,BASELINE,Diastolic Blood Pressure,DIABP,79.0,79.0,mmHg,2026-01-15,1
VS_042-S01-003_BASELINE_PULSE,042-S01-003,S01,BASELINE,Pulse Rate,PULSE,73.0,73.0,beats/min,2026-01-15,1
VS_042-S01-003_BASELINE_WEIGHT,042-S01-003,S01,BASELINE,Weight,WEIGHT,83.5,83.5,kg,2026-01-15,1
VS_042-S01-004_BASELINE_SYSBP,042-S01-004,S01,BASELINE,Systolic Blood Pressure,SYSBP,119.0,119.0,mmHg,2026-01-15,1
VS_042-S01-004_BASELINE_DIABP,042-S01-004,S01,BASELINE,Diastolic Blood Pressure,DIABP,82.0,82.0,mmHg,2026-01-15,1
VS_042-S01-004_BASELINE_PULSE,042-S01-004,S01,BASELINE,Pulse Rate,PULSE,76.0,76.0,beats/min,2026-01-15,1
VS_042-S01-004_BASELINE_WEIGHT,042-S01-004,S01,BASELINE,Weight,WEIGHT,77.5,77.5,kg,2026-01-15,1
VS_042-S01-005_BASELINE_SYSBP,042-S01-005,S01,BASELINE,Systolic Blood Pressure,SYSBP,122.0,122.0,mmHg,2026-01-15,1
VS_042-S01-005_BASELINE_DIABP,042-S01-005,S01,BASELINE,Diastolic Blood Pressure,DIABP,75.0,75.0,mmHg,2026-01-15,1
VS_042-S01-005_BASELINE_PULSE,042-S01-005,S01,BASELINE,Pulse Rate,PULSE,72.0,72.0,beats/min,2026-01-15,1
VS_042-S01-005_BASELINE_WEIGHT,042-S01-005,S01,BASELINE,Weight,WEIGHT,83.5,83.5,kg,2026-01-15,1
VS_042-S01-006_BASELINE_SYSBP,042-S01-006,S01,BASELINE,Systolic Blood Pressure,SYSBP,127.0,127.0,mmHg,2026-01-15,1
VS_042-S01-006_BASELINE_DIABP,042-S01-006,S01,BASELINE,Diastolic Blood Pressure,DIABP,81.0,81.0,mmHg,2026-01-15,1
VS_042-S01-006_BASELINE_PULSE,042-S01-006,S01,BASELINE,Pulse Rate,PULSE,67.0,67.0,beats/min,2026-01-15,1
VS_042-S01-006_BASELINE_WEIGHT,042-S01-006,S01,BASELINE,Weight,WEIGHT,86.5,86.5,kg,2026-01-15,1
VS_042-S01-007_BASELINE_SYSBP,042-S01-007,S01,BASELINE,Systolic Blood Pressure,SYSBP,128.0,128.0,mmHg,2026-01-15,1
VS_042-S01-007_BASELINE_DIABP,042-S01-007,S01,BASELINE,Diastolic Blood Pressure,DIABP,75.0,75.0,mmHg,2026-01-15,1
VS_042-S01-007_BASELINE_PULSE,042-S01-007,S01,BASELINE,Pulse Rate,PULSE,67.0,67.0,beats/min,2026-01-15,1
VS_042-S01-007_BASELINE_WEIGHT,042-S01-007,S01,BASELINE,Weight,WEIGHT,78.5,78.5,kg,2026-01-15,1
VS_042-S01-008_BASELINE_SYSBP,042-S01-008,S01,BASELINE,Systolic Blood Pressure,SYSBP,120.0,120.0,mmHg,2026-01-15,1
VS_042-S01-008_BASELINE_DIABP,042-S01-008,S01,BASELINE,Diastolic Blood Pressure,DIABP,77.0,77.0,mmHg,2026-01-15,1
VS_042-S01-008_BASELINE_PULSE,042-S01-008,S01,BASELINE,Pulse Rate,PULSE,72.0,72.0,beats/min,2026-01-15,1
VS_042-S01-008_BASELINE_WEIGHT,042-S01-008,S01,BASELINE,Weight,WEIGHT,82.5,82.5,kg,2026-01-15,1
VS_042-S01-009_BASELINE_SYSBP,042-S01-009,S01,BASELINE,Systolic Blood Pressure,SYSBP,126.0,126.0,mmHg,2026-01-15,1
VS_042-S01-009_BASELINE_DIABP,042-S01-009,S01,BASELINE,Diastolic Blood Pressure,DIABP,77.0,77.0,mmHg,2026-01-15,1
VS_042-S01-009_BASELINE_PULSE,042-S01-009,S01,BASELINE,Pulse Rate,PULSE,68.0,68.0,beats/min,2026-01-15,1
VS_042-S01-009_BASELINE_WEIGHT,042-S01-009,S01,BASELINE,Weight,WEIGHT,78.5,78.5,kg,2026-01-15,1
VS_042-S01-010_BASELINE_SYSBP,042-S01-010,S01,BASELINE,Systolic Blood Pressure,SYSBP,129.0,129.0,mmHg,2026-01-15,1
VS_042-S01-010_BASELINE_DIABP,042-S01-010,S01,BASELINE,Diastolic Blood Pressure,DIABP,77.0,77.0,mmHg,2026-01-15,1
VS_042-S01-010_BASELINE_PULSE,042-S01-010,S01,BASELINE,Pulse Rate,PULSE,76.0,76.0,beats/min,2026-01-15,1
VS_042-S01-010_BASELINE_WEIGHT,042-S01-010,S01,BASELINE,Weight,WEIGHT,85.5,85.5,kg,2026-01-15,1
VS_042-S01-011_BASELINE_SYSBP,042-S01-011,S01,BASELINE,Systolic Blood Pressure,SYSBP,119.0,119.0,mmHg,2026-01-15,1
VS_042-S01-011_BASELINE_DIABP,042-S01-011,S01,BASELINE,Diastolic Blood Pressure,DIABP,75.0,75.0,mmHg,2026-01-15,1
VS_042-S01-011_BASELINE_PULSE,042-S01-011,S01,BASELINE,Pulse Rate,PULSE,69.0,69.0,beats/min,2026-01-15,1
VS_042-S01-011_BASELINE_WEIGHT,042-S01-011,S01,BASELINE,Weight,WEIGHT,78.5,78.5,kg,2026-01-15,1
VS_042-S01-012_BASELINE_SYSBP,042-S01-012,S01,BASELINE,Systolic Blood Pressure,SYSBP,125.0,125.0,mmHg,2026-01-15,1
VS_042-S01-012_BASELINE_DIABP,042-S01-012,S01,BASELINE,Diastolic Blood Pressure,DIABP,77.0,77.0,mmHg,2026-01-15,1
VS_042-S01-012_BASELINE_PULSE,042-S01-012,S01,BASELINE,Pulse Rate,PULSE,71.0,71.0,beats/min,2026-01-15,1
VS_042-S01-012_BASELINE_WEIGHT,042-S01-012,S01,BASELINE,Weight,WEIGHT,78.5,78.5,kg,2026-01-15,1
VS_042-S01-013_BASELINE_SYSBP,042-S01-013,S01,BASELINE,Systolic Blood Pressure,SYSBP,129.0,129.0,mmHg,2026-01-15,1
VS_042-S01-013_BASELINE_DIABP,042-S01-013,S01,BASELINE,Diastolic Blood Pressure,DIABP,82.0,82.0,mmHg,2026-01-15,1
VS_042-S01-013_BASELINE_PULSE,042-S01-013,S01,BASELINE,Pulse Rate,PULSE,68.0,68.0,beats/min,2026-01-15,1
VS_042-S01-013_BASELINE_WEIGHT,042-S01-013,S01,BASELINE,Weight,WEIGHT,83.5,83.5,kg,2026-01-15,1
VS_042-S01-014_BASELINE_SYSBP,042-S01-014,S01,BASELINE,Systolic Blood Pressure,SYSBP,128.0,128.0,mmHg,2026-01-15,1
VS_042-S01-014_BASELINE_DIABP,042-S01-014,S01,BASELINE,Diastolic Blood Pressure,DIABP,74.0,74.0,mmHg,2026-01-15,1
VS_042-S01-014_BASELINE_PULSE,042-S01-014,S01,BASELINE,Pulse Rate,PULSE,70.0,70.0,beats/min,2026-01-15,1
VS_042-S01-014_BASELINE_WEIGHT,042-S01-014,S01,BASELINE,Weight,WEIGHT,86.5,86.5,kg,2026-01-15,1
VS_042-S01-015_BASELINE_SYSBP,042-S01-015,S01,BASELINE,Systolic Blood Pressure,SYSBP,121.0,121.0,mmHg,2026-01-15,1
VS_042-S01-015_BASELINE_DIABP,042-S01-015,S01,BASELINE,Diastolic Blood Pressure,DIABP,81.0,81.0,mmHg,2026-01-15,1
VS_042-S01-015_BASELINE_PULSE,042-S01-015,S01,BASELINE,Pulse Rate,PULSE,71.0,71.0,beats/min,2026-01-15,1
VS_042-S01-015_BASELINE_WEIGHT,042-S01-015,S01,BASELINE,Weight,WEIGHT,84.5,84.5,kg,2026-01-15,1
VS_042-S01-016_BASELINE_SYSBP,042-S01-016,S01,BASELINE,Systolic Blood Pressure,SYSBP,126.0,126.0,mmHg,2026-01-15,1
VS_042-S01-016_BASELINE_DIABP,042-S01-016,S01,BASELINE,Diastolic Blood Pressure,DIABP,81.0,81.0,mmHg,2026-01-15,1
VS_042-S01-016_BASELINE_PULSE,042-S01-016,S01,BASELINE,Pulse Rate,PULSE,73.0,73.0,beats/min,2026-01-15,1
VS_042-S01-016_BASELINE_WEIGHT,042-S01-016,S01,BASELINE,Weight,WEIGHT,77.5,77.5,kg,2026-01-15,1
VS_042-S01-017_BASELINE_SYSBP,042-S01-017,S01,BASELINE,Systolic Blood Pressure,SYSBP,127.0,127.0,mmHg,2026-01-15,1
VS_042-S01-017_BASELINE_DIABP,042-S01-017,S01,BASELINE,Diastolic Blood Pressure,DIABP,78.0,78.0,mmHg,2026-01-15,1
VS_042-S01-017_BASELINE_PULSE,042-S01-017,S01,BASELINE,Pulse Rate,PULSE,71.0,71.0,beats/min,2026-01-15,1
VS_042-S01-017_BASELINE_WEIGHT,042-S01-017,S01,BASELINE,Weight,WEIGHT,83.5,83.5,kg,2026-01-15,1
VS_042-S01-018_BASELINE_SYSBP,042-S01-018,S01,BASELINE,Systolic Blood Pressure,SYSBP,123.0,123.0,mmHg,2026-01-15,1
VS_042-S01-018_BASELINE_DIABP,042-S01-018,S01,BASELINE,Diastolic Blood Pressure,DIABP,77.0,77.0,mmHg,2026-01-15,1
VS_042-S01-018_BASELINE_PULSE,042-S01-018,S01,BASELINE,Pulse Rate,PULSE,74.0,74.0,beats/min,2026-01-15,1
VS_042-S01-018_BASELINE_WEIGHT,042-S01-018,S01,BASELINE,Weight,WEIGHT,83.5,83.5,kg,2026-01-15,1
VS_042-S01-019_BASELINE_SYSBP,042-S01-019,S01,BASELINE,Systolic Blood Pressure,SYSBP,129.0,129.0,mmHg,2026-01-15,1
VS_042-S01-019_BASELINE_DIABP,042-S01-019,S01,BASELINE,Diastolic Blood Pressure,DIABP,83.0,83.0,mmHg,2026-01-15,1
VS_042-S01-019_BASELINE_PULSE,042-S01-019,S01,BASELINE,Pulse Rate,PULSE,74.0,74.0,beats/min,2026-01-15,1
VS_042-S01-019_BASELINE_WEIGHT,042-S01-019,S01,BASELINE,Weight,WEIGHT,83.5,83.5,kg,2026-01-15,1
VS_042-S01-020_BASELINE_SYSBP,042-S01-020,S01,BASELINE,Systolic Blood Pressure,SYSBP,123.0,123.0,mmHg,2026-01-15,1
VS_042-S01-020_BASELINE_DIABP,042-S01-020,S01,BASELINE,Diastolic Blood Pressure,DIABP,82.0,82.0,mmHg,2026-01-15,1
VS_042-S01-020_BASELINE_PULSE,042-S01-020,S01,BASELINE,Pulse Rate,PULSE,69.0,69.0,beats/min,2026-01-15,1
VS_042-S01-020_BASELINE_WEIGHT,042-S01-020,S01,BASELINE,Weight,WEIGHT,86.5,86.5,kg,2026-01-15,1
VS_042-S01-021_BASELINE_SYSBP,042-S01-021,S01,BASELINE,Systolic Blood Pressure,SYSBP,129.0,129.0,mmHg,2026-01-15,1
VS_042-S01-021_BASELINE_DIABP,042-S01-021,S01,BASELINE,Diastolic Blood Pressure,DIABP,81.0,81.0,mmHg,2026-01-15,1
VS_042-S01-021_BASELINE_PULSE,042-S01-021,S01,BASELINE,Pulse Rate,PULSE,68.0,68.0,beats/min,2026-01-15,1
VS_042-S01-021_BASELINE_WEIGHT,042-S01-021,S01,BASELINE,Weight,WEIGHT,77.5,77.5,kg,2026-01-15,1
VS_042-S02-001_BASELINE_SYSBP,042-S02-001,S02,BASELINE,Systolic Blood Pressure,SYSBP,129.0,129.0,mmHg,2026-01-15,1
VS_042-S02-001_BASELINE_DIABP,042-S02-001,S02,BASELINE,Diastolic Blood Pressure,DIABP,81.0,81.0,mmHg,2026-01-15,1
VS_042-S02-001_BASELINE_PULSE,042-S02-001,S02,BASELINE,Pulse Rate,PULSE,70.0,70.0,beats/min,2026-01-15,1
VS_042-S02-001_BASELINE_WEIGHT,042-S02-001,S02,BASELINE,Weight,WEIGHT,82.5,82.5,kg,2026-01-15,1
VS_042-S02-002_BASELINE_SYSBP,042-S02-002,S02,BASELINE,Systolic Blood Pressure,SYSBP,121.0,121.0,mmHg,2026-01-15,1
VS_042-S02-002_BASELINE_DIABP,042-S02-002,S02,BASELINE,Diastolic Blood Pressure,DIABP,80.0,80.0,mmHg,2026-01-15,1
VS_042-S02-002_BASELINE_PULSE,042-S02-002,S02,BASELINE,Pulse Rate,PULSE,70.0,70.0,beats/min,2026-01-15,1
VS_042-S02-002_BASELINE_WEIGHT,042-S02-002,S02,BASELINE,Weight,WEIGHT,82.5,82.5,kg,2026-01-15,1
VS_042-S02-003_BASELINE_SYSBP,042-S02-003,S02,BASELINE,Systolic Blood Pressure,SYSBP,119.0,119.0,mmHg,2026-01-15,1
VS_042-S02-003_BASELINE_DIABP,042-S02-003,S02,BASELINE,Diastolic Blood Pressure,DIABP,73.0,73.0,mmHg,2026-01-15,1
VS_042-S02-003_BASELINE_PULSE,042-S02-003,S02,BASELINE,Pulse Rate,PULSE,77.0,77.0,beats/min,2026-01-15,1
VS_042-S02-003_BASELINE_WEIGHT,042-S02-003,S02,BASELINE,Weight,WEIGHT,82.5,82.5,kg,2026-01-15,1
VS_042-S02-004_BASELINE_SYSBP,042-S02-004,S02,BASELINE,Systolic Blood Pressure,SYSBP,125.0,125.0,mmHg,2026-01-15,1
VS_042-S02-004_BASELINE_DIABP,042-S02-004,S02,BASELINE,Diastolic Blood Pressure,DIABP,76.0,76.0,mmHg,2026-01-15,1
VS_042-S02-004_BASELINE_PULSE,042-S02-004,S02,BASELINE,Pulse Rate,PULSE,69.0,69.0,beats/min,2026-01-15,1
VS_042-S02-004_BASELINE_WEIGHT,042-S02-004,S02,BASELINE,Weight,WEIGHT,87.5,87.5,kg,2026-01-15,1
VS_042-S02-005_BASELINE_SYSBP,042-S02-005,S02,BASELINE,Systolic Blood Pressure,SYSBP,121.0,121.0,mmHg,2026-01-15,1
VS_042-S02-005_BASELINE_DIABP,042-S02-005,S02,BASELINE,Diastolic Blood Pressure,DIABP,80.0,80.0,mmHg,2026-01-15,1
VS_042-S02-005_BASELINE_PULSE,042-S02-005,S02,BASELINE,Pulse Rate,PULSE,69.0,69.0,beats/min,2026-01-15,1
VS_042-S02-005_BASELINE_WEIGHT,042-S02-005,S02,BASELINE,Weight,WEIGHT,77.5,77.5,kg,2026-01-15,1
VS_042-S02-006_BASELINE_SYSBP,042-S02-006,S02,BASELINE,Systolic Blood Pressure,SYSBP,119.0,119.0,mmHg,2026-01-15,1
VS_042-S02-006_BASELINE_DIABP,042-S02-006,S02,BASELINE,Diastolic Blood Pressure,DIABP,76.0,76.0,mmHg,2026-01-15,1
VS_042-S02-006_BASELINE_PULSE,042-S02-006,S02,BASELINE,Pulse Rate,PULSE,67.0,67.0,beats/min,2026-01-15,1
VS_042-S02-006_BASELINE_WEIGHT,042-S02-006,S02,BASELINE,Weight,WEIGHT,80.5,80.5,kg,2026-01-15,1
VS_042-S02-007_BASELINE_SYSBP,042-S02-007,S02,BASELINE,Systolic Blood Pressure,SYSBP,119.0,119.0,mmHg,2026-01-15,1
VS_042-S02-007_BASELINE_DIABP,042-S02-007,S02,BASELINE,Diastolic Blood Pressure,DIABP,76.0,76.0,mmHg,2026-01-15,1
VS_042-S02-007_BASELINE_PULSE,042-S02-007,S02,BASELINE,Pulse Rate,PULSE,69.0,69.0,beats/min,2026-01-15,1
VS_042-S02-007_BASELINE_WEIGHT,042-S02-007,S02,BASELINE,Weight,WEIGHT,87.5,87.5,kg,2026-01-15,1
VS_042-S02-008_BASELINE_SYSBP,042-S02-008,S02,BASELINE,Systolic Blood Pressure,SYSBP,125.0,125.0,mmHg,2026-01-15,1
VS_042-S02-008_BASELINE_DIABP,042-S02-008,S02,BASELINE,Diastolic Blood Pressure,DIABP,82.0,82.0,mmHg,2026-01-15,1
VS_042-S02-008_BASELINE_PULSE,042-S02-008,S02,BASELINE,Pulse Rate,PULSE,72.0,72.0,beats/min,2026-01-15,1
VS_042-S02-008_BASELINE_WEIGHT,042-S02-008,S02,BASELINE,Weight,WEIGHT,84.5,84.5,kg,2026-01-15,1
VS_042-S02-009_BASELINE_SYSBP,042-S02-009,S02,BASELINE,Systolic Blood Pressure,SYSBP,121.0,121.0,mmHg,2026-01-15,1
VS_042-S02-009_BASELINE_DIABP,042-S02-009,S02,BASELINE,Diastolic Blood Pressure,DIABP,74.0,74.0,mmHg,2026-01-15,1
VS_042-S02-009_BASELINE_PULSE,042-S02-009,S02,BASELINE,Pulse Rate,PULSE,71.0,71.0,beats/min,2026-01-15,1
VS_042-S02-009_BASELINE_WEIGHT,042-S02-009,S02,BASELINE,Weight,WEIGHT,86.5,86.5,kg,2026-01-15,1
VS_042-S02-010_BASELINE_SYSBP,042-S02-010,S02,BASELINE,Systolic Blood Pressure,SYSBP,122.0,122.0,mmHg,2026-01-15,1
VS_042-S02-010_BASELINE_DIABP,042-S02-010,S02,BASELINE,Diastolic Blood Pressure,DIABP,82.0,82.0,mmHg,2026-01-15,1
VS_042-S02-010_BASELINE_PULSE,042-S02-010,S02,BASELINE,Pulse Rate,PULSE,68.0,68.0,beats/min,2026-01-15,1
VS_042-S02-010_BASELINE_WEIGHT,042-S02-010,S02,BASELINE,Weight,WEIGHT,79.5,79.5,kg,2026-01-15,1
VS_042-S02-011_BASELINE_SYSBP,042-S02-011,S02,BASELINE,Systolic Blood Pressure,SYSBP,128.0,128.0,mmHg,2026-01-15,1
VS_042-S02-011_BASELINE_DIABP,042-S02-011,S02,BASELINE,Diastolic Blood Pressure,DIABP,75.0,75.0,mmHg,2026-01-15,1
VS_042-S02-011_BASELINE_PULSE,042-S02-011,S02,BASELINE,Pulse Rate,PULSE,67.0,67.0,beats/min,2026-01-15,1
VS_042-S02-011_BASELINE_WEIGHT,042-S02-011,S02,BASELINE,Weight,WEIGHT,84.5,84.5,kg,2026-01-15,1
VS_042-S02-012_BASELINE_SYSBP,042-S02-012,S02,BASELINE,Systolic Blood Pressure,SYSBP,129.0,129.0,mmHg,2026-01-15,1
VS_042-S02-012_BASELINE_DIABP,042-S02-012,S02,BASELINE,Diastolic Blood Pressure,DIABP,74.0,74.0,mmHg,2026-01-15,1
VS_042-S02-012_BASELINE_PULSE,042-S02-012,S02,BASELINE,Pulse Rate,PULSE,70.0,70.0,beats/min,2026-01-15,1
VS_042-S02-012_BASELINE_WEIGHT,042-S02-012,S02,BASELINE,Weight,WEIGHT,80.5,80.5,kg,2026-01-15,1
VS_042-S02-013_BASELINE_SYSBP,042-S02-013,S02,BASELINE,Systolic Blood Pressure,SYSBP,124.0,124.0,mmHg,2026-01-15,1
VS_042-S02-013_BASELINE_DIABP,042-S02-013,S02,BASELINE,Diastolic Blood Pressure,DIABP,78.0,78.0,mmHg,2026-01-15,1
VS_042-S02-013_BASELINE_PULSE,042-S02-013,S02,BASELINE,Pulse Rate,PULSE,68.0,68.0,beats/min,2026-01-15,1
VS_042-S02-013_BASELINE_WEIGHT,042-S02-013,S02,BASELINE,Weight,WEIGHT,85.5,85.5,kg,2026-01-15,1
VS_042-S02-014_BASELINE_SYSBP,042-S02-014,S02,BASELINE,Systolic Blood Pressure,SYSBP,129.0,129.0,mmHg,2026-01-15,1
VS_042-S02-014_BASELINE_DIABP,042-S02-014,S02,BASELINE,Diastolic Blood Pressure,DIABP,74.0,74.0,mmHg,2026-01-15,1
VS_042-S02-014_BASELINE_PULSE,042-S02-014,S02,BASELINE,Pulse Rate,PULSE,69.0,69.0,beats/min,2026-01-15,1
VS_042-S02-014_BASELINE_WEIGHT,042-S02-014,S02,BASELINE,Weight,WEIGHT,85.5,85.5,kg,2026-01-15,1
VS_042-S02-015_BASELINE_SYSBP,042-S02-015,S02,BASELINE,Systolic Blood Pressure,SYSBP,124.0,124.0,mmHg,2026-01-15,1
VS_042-S02-015_BASELINE_DIABP,042-S02-015,S02,BASELINE,Diastolic Blood Pressure,DIABP,81.0,81.0,mmHg,2026-01-15,1
VS_042-S02-015_BASELINE_PULSE,042-S02-015,S02,BASELINE,Pulse Rate,PULSE,68.0,68.0,beats/min,2026-01-15,1
VS_042-S02-015_BASELINE_WEIGHT,042-S02-015,S02,BASELINE,Weight,WEIGHT,87.5,87.5,kg,2026-01-15,1
VS_042-S02-016_BASELINE_SYSBP,042-S02-016,S02,BASELINE,Systolic Blood Pressure,SYSBP,125.0,125.0,mmHg,2026-01-15,1
VS_042-S02-016_BASELINE_DIABP,042-S02-016,S02,BASELINE,Diastolic Blood Pressure,DIABP,81.0,81.0,mmHg,2026-01-15,1
VS_042-S02-016_BASELINE_PULSE,042-S02-016,S02,BASELINE,Pulse Rate,PULSE,70.0,70.0,beats/min,2026-01-15,1
VS_042-S02-016_BASELINE_WEIGHT,042-S02-016,S02,BASELINE,Weight,WEIGHT,86.5,86.5,kg,2026-01-15,1
VS_042-S02-017_BASELINE_SYSBP,042-S02-017,S02,BASELINE,Systolic Blood Pressure,SYSBP,127.0,127.0,mmHg,2026-01-15,1
VS_042-S02-017_BASELINE_DIABP,042-S02-017,S02,BASELINE,Diastolic Blood Pressure,DIABP,83.0,83.0,mmHg,2026-01-15,1
VS_042-S02-017_BASELINE_PULSE,042-S02-017,S02,BASELINE,Pulse Rate,PULSE,77.0,77.0,beats/min,2026-01-15,1
VS_042-S02-017_BASELINE_WEIGHT,042-S02-017,S02,BASELINE,Weight,WEIGHT,86.5,86.5,kg,2026-01-15,1
VS_042-S02-018_BASELINE_SYSBP,042-S02-018,S02,BASELINE,Systolic Blood Pressure,SYSBP,122.0,122.0,mmHg,2026-01-15,1
VS_042-S02-018_BASELINE_DIABP,042-S02-018,S02,BASELINE,Diastolic Blood Pressure,DIABP,73.0,73.0,mmHg,2026-01-15,1
VS_042-S02-018_BASELINE_PULSE,042-S02-018,S02,BASELINE,Pulse Rate,PULSE,68.0,68.0,beats/min,2026-01-15,1
VS_042-S02-018_BASELINE_WEIGHT,042-S02-018,S02,BASELINE,Weight,WEIGHT,84.5,84.5,kg,2026-01-15,1
VS_042-S02-019_BASELINE_SYSBP,042-S02-019,S02,BASELINE,Systolic Blood Pressure,SYSBP,125.0,125.0,mmHg,2026-01-15,1
VS_042-S02-019_BASELINE_DIABP,042-S02-019,S02,BASELINE,Diastolic Blood Pressure,DIABP,82.0,82.0,mmHg,2026-01-15,1
VS_042-S02-019_BASELINE_PULSE,042-S02-019,S02,BASELINE,Pulse Rate,PULSE,75.0,75.0,beats/min,2026-01-15,1
VS_042-S02-019_BASELINE_WEIGHT,042-S02-019,S02,BASELINE,Weight,WEIGHT,82.5,82.5,kg,2026-01-15,1
VS_042-S02-020_BASELINE_SYSBP,042-S02-020,S02,BASELINE,Systolic Blood Pressure,SYSBP,121.0,121.0,mmHg,2026-01-15,1
VS_042-S02-020_BASELINE_DIABP,042-S02-020,S02,BASELINE,Diastolic Blood Pressure,DIABP,73.0,73.0,mmHg,2026-01-15,1
VS_042-S02-020_BASELINE_PULSE,042-S02-020,S02,BASELINE,Pulse Rate,PULSE,77.0,77.0,beats/min,2026-01-15,1
VS_042-S02-020_BASELINE_WEIGHT,042-S02-020,S02,BASELINE,Weight,WEIGHT,80.5,80.5,kg,2026-01-15,1
VS_042-S03-001_BASELINE_SYSBP,042-S03-001,S03,BASELINE,Systolic Blood Pressure,SYSBP,120.0,120.0,mmHg,2026-01-15,1
VS_042-S03-001_BASELINE_DIABP,042-S03-001,S03,BASELINE,Diastolic Blood Pressure,DIABP,75.0,75.0,mmHg,2026-01-15,1
VS_042-S03-001_BASELINE_PULSE,042-S03-001,S03,BASELINE,Pulse Rate,PULSE,67.0,67.0,beats/min,2026-01-15,1
VS_042-S03-001_BASELINE_WEIGHT,042-S03-001,S03,BASELINE,Weight,WEIGHT,81.5,81.5,kg,2026-01-15,1
VS_042-S03-002_BASELINE_SYSBP,042-S03-002,S03,BASELINE,Systolic Blood Pressure,SYSBP,124.0,124.0,mmHg,2026-01-15,1
VS_042-S03-002_BASELINE_DIABP,042-S03-002,S03,BASELINE,Diastolic Blood Pressure,DIABP,74.0,74.0,mmHg,2026-01-15,1
VS_042-S03-002_BASELINE_PULSE,042-S03-002,S03,BASELINE,Pulse Rate,PULSE,74.0,74.0,beats/min,2026-01-15,1
VS_042-S03-002_BASELINE_WEIGHT,042-S03-002,S03,BASELINE,Weight,WEIGHT,78.5,78.5,kg,2026-01-15,1
VS_042-S03-003_BASELINE_SYSBP,042-S03-003,S03,BASELINE,Systolic Blood Pressure,SYSBP,125.0,125.0,mmHg,2026-01-15,1
VS_042-S03-003_BASELINE_DIABP,042-S03-003,S03,BASELINE,Diastolic Blood Pressure,DIABP,81.0,81.0,mmHg,2026-01-15,1
VS_042-S03-003_BASELINE_PULSE,042-S03-003,S03,BASELINE,Pulse Rate,PULSE,76.0,76.0,beats/min,2026-01-15,1
VS_042-S03-003_BASELINE_WEIGHT,042-S03-003,S03,BASELINE,Weight,WEIGHT,83.5,83.5,kg,2026-01-15,1
VS_042-S03-004_BASELINE_SYSBP,042-S03-004,S03,BASELINE,Systolic Blood Pressure,SYSBP,129.0,129.0,mmHg,2026-01-15,1
VS_042-S03-004_BASELINE_DIABP,042-S03-004,S03,BASELINE,Diastolic Blood Pressure,DIABP,73.0,73.0,mmHg,2026-01-15,1
VS_042-S03-004_BASELINE_PULSE,042-S03-004,S03,BASELINE,Pulse Rate,PULSE,76.0,76.0,beats/min,2026-01-15,1
VS_042-S03-004_BASELINE_WEIGHT,042-S03-004,S03,BASELINE,Weight,WEIGHT,87.5,87.5,kg,2026-01-15,1
VS_042-S03-005_BASELINE_SYSBP,042-S03-005,S03,BASELINE,Systolic Blood Pressure,SYSBP,124.0,124.0,mmHg,2026-01-15,1
VS_042-S03-005_BASELINE_DIABP,042-S03-005,S03,BASELINE,Diastolic Blood Pressure,DIABP,76.0,76.0,mmHg,2026-01-15,1
VS_042-S03-005_BASELINE_PULSE,042-S03-005,S03,BASELINE,Pulse Rate,PULSE,68.0,68.0,beats/min,2026-01-15,1
VS_042-S03-005_BASELINE_WEIGHT,042-S03-005,S03,BASELINE,Weight,WEIGHT,84.5,84.5,kg,2026-01-15,1
VS_042-S03-006_BASELINE_SYSBP,042-S03-006,S03,BASELINE,Systolic Blood Pressure,SYSBP,120.0,120.0,mmHg,2026-01-15,1
VS_042-S03-006_BASELINE_DIABP,042-S03-006,S03,BASELINE,Diastolic Blood Pressure,DIABP,82.0,82.0,mmHg,2026-01-15,1
VS_042-S03-006_BASELINE_PULSE,042-S03-006,S03,BASELINE,Pulse Rate,PULSE,69.0,69.0,beats/min,2026-01-15,1
VS_042-S03-006_BASELINE_WEIGHT,042-S03-006,S03,BASELINE,Weight,WEIGHT,78.5,78.5,kg,2026-01-15,1
VS_042-S03-007_BASELINE_SYSBP,042-S03-007,S03,BASELINE,Systolic Blood Pressure,SYSBP,126.0,126.0,mmHg,2026-01-15,1
VS_042-S03-007_BASELINE_DIABP,042-S03-007,S03,BASELINE,Diastolic Blood Pressure,DIABP,74.0,74.0,mmHg,2026-01-15,1
VS_042-S03-007_BASELINE_PULSE,042-S03-007,S03,BASELINE,Pulse Rate,PULSE,68.0,68.0,beats/min,2026-01-15,1
VS_042-S03-007_BASELINE_WEIGHT,042-S03-007,S03,BASELINE,Weight,WEIGHT,82.5,82.5,kg,2026-01-15,1
VS_042-S03-008_BASELINE_SYSBP,042-S03-008,S03,BASELINE,Systolic Blood Pressure,SYSBP,125.0,125.0,mmHg,2026-01-15,1
VS_042-S03-008_BASELINE_DIABP,042-S03-008,S03,BASELINE,Diastolic Blood Pressure,DIABP,76.0,76.0,mmHg,2026-01-15,1
VS_042-S03-008_BASELINE_PULSE,042-S03-008,S03,BASELINE,Pulse Rate,PULSE,67.0,67.0,beats/min,2026-01-15,1
VS_042-S03-008_BASELINE_WEIGHT,042-S03-008,S03,BASELINE,Weight,WEIGHT,80.5,80.5,kg,2026-01-15,1
VS_042-S03-009_BASELINE_SYSBP,042-S03-009,S03,BASELINE,Systolic Blood Pressure,SYSBP,121.0,121.0,mmHg,2026-01-15,1
VS_042-S03-009_BASELINE_DIABP,042-S03-009,S03,BASELINE,Diastolic Blood Pressure,DIABP,80.0,80.0,mmHg,2026-01-15,1
VS_042-S03-009_BASELINE_PULSE,042-S03-009,S03,BASELINE,Pulse Rate,PULSE,67.0,67.0,beats/min,2026-01-15,1
VS_042-S03-009_BASELINE_WEIGHT,042-S03-009,S03,BASELINE,Weight,WEIGHT,78.5,78.5,kg,2026-01-15,1
VS_042-S03-010_BASELINE_SYSBP,042-S03-010,S03,BASELINE,Systolic Blood Pressure,SYSBP,119.0,119.0,mmHg,2026-01-15,1
VS_042-S03-010_BASELINE_DIABP,042-S03-010,S03,BASELINE,Diastolic Blood Pressure,DIABP,82.0,82.0,mmHg,2026-01-15,1
VS_042-S03-010_BASELINE_PULSE,042-S03-010,S03,BASELINE,Pulse Rate,PULSE,67.0,67.0,beats/min,2026-01-15,1
VS_042-S03-010_BASELINE_WEIGHT,042-S03-010,S03,BASELINE,Weight,WEIGHT,86.5,86.5,kg,2026-01-15,1
VS_042-S03-011_BASELINE_SYSBP,042-S03-011,S03,BASELINE,Systolic Blood Pressure,SYSBP,123.0,123.0,mmHg,2026-01-15,1
VS_042-S03-011_BASELINE_DIABP,042-S03-011,S03,BASELINE,Diastolic Blood Pressure,DIABP,83.0,83.0,mmHg,2026-01-15,1
VS_042-S03-011_BASELINE_PULSE,042-S03-011,S03,BASELINE,Pulse Rate,PULSE,75.0,75.0,beats/min,2026-01-15,1
VS_042-S03-011_BASELINE_WEIGHT,042-S03-011,S03,BASELINE,Weight,WEIGHT,85.5,85.5,kg,2026-01-15,1
VS_042-S03-012_BASELINE_SYSBP,042-S03-012,S03,BASELINE,Systolic Blood Pressure,SYSBP,121.0,121.0,mmHg,2026-01-15,1
VS_042-S03-012_BASELINE_DIABP,042-S03-012,S03,BASELINE,Diastolic Blood Pressure,DIABP,73.0,73.0,mmHg,2026-01-15,1
VS_042-S03-012_BASELINE_PULSE,042-S03-012,S03,BASELINE,Pulse Rate,PULSE,70.0,70.0,beats/min,2026-01-15,1
VS_042-S03-012_BASELINE_WEIGHT,042-S03-012,S03,BASELINE,Weight,WEIGHT,84.5,84.5,kg,2026-01-15,1
VS_042-S03-013_BASELINE_SYSBP,042-S03-013,S03,BASELINE,Systolic Blood Pressure,SYSBP,124.0,124.0,mmHg,2026-01-15,1
VS_042-S03-013_BASELINE_DIABP,042-S03-013,S03,BASELINE,Diastolic Blood Pressure,DIABP,82.0,82.0,mmHg,2026-01-15,1
VS_042-S03-013_BASELINE_PULSE,042-S03-013,S03,BASELINE,Pulse Rate,PULSE,67.0,67.0,beats/min,2026-01-15,1
VS_042-S03-013_BASELINE_WEIGHT,042-S03-013,S03,BASELINE,Weight,WEIGHT,84.5,84.5,kg,2026-01-15,1
VS_042-S03-014_BASELINE_SYSBP,042-S03-014,S03,BASELINE,Systolic Blood Pressure,SYSBP,126.0,126.0,mmHg,2026-01-15,1
VS_042-S03-014_BASELINE_DIABP,042-S03-014,S03,BASELINE,Diastolic Blood Pressure,DIABP,82.0,82.0,mmHg,2026-01-15,1
VS_042-S03-014_BASELINE_PULSE,042-S03-014,S03,BASELINE,Pulse Rate,PULSE,67.0,67.0,beats/min,2026-01-15,1
VS_042-S03-014_BASELINE_WEIGHT,042-S03-014,S03,BASELINE,Weight,WEIGHT,77.5,77.5,kg,2026-01-15,1
VS_042-S03-015_BASELINE_SYSBP,042-S03-015,S03,BASELINE,Systolic Blood Pressure,SYSBP,122.0,122.0,mmHg,2026-01-15,1
VS_042-S03-015_BASELINE_DIABP,042-S03-015,S03,BASELINE,Diastolic Blood Pressure,DIABP,82.0,82.0,mmHg,2026-01-15,1
VS_042-S03-015_BASELINE_PULSE,042-S03-015,S03,BASELINE,Pulse Rate,PULSE,67.0,67.0,beats/min,2026-01-15,1
VS_042-S03-015_BASELINE_WEIGHT,042-S03-015,S03,BASELINE,Weight,WEIGHT,82.5,82.5,kg,2026-01-15,1
VS_042-S03-016_BASELINE_SYSBP,042-S03-016,S03,BASELINE,Systolic Blood Pressure,SYSBP,122.0,122.0,mmHg,2026-01-15,1
VS_042-S03-016_BASELINE_DIABP,042-S03-016,S03,BASELINE,Diastolic Blood Pressure,DIABP,78.0,78.0,mmHg,2026-01-15,1
VS_042-S03-016_BASELINE_PULSE,042-S03-016,S03,BASELINE,Pulse Rate,PULSE,73.0,73.0,beats/min,2026-01-15,1
VS_042-S03-016_BASELINE_WEIGHT,042-S03-016,S03,BASELINE,Weight,WEIGHT,84.5,84.5,kg,2026-01-15,1
VS_042-S03-017_BASELINE_SYSBP,042-S03-017,S03,BASELINE,Systolic Blood Pressure,SYSBP,119.0,119.0,mmHg,2026-01-15,1
VS_042-S03-017_BASELINE_DIABP,042-S03-017,S03,BASELINE,Diastolic Blood Pressure,DIABP,73.0,73.0,mmHg,2026-01-15,1
VS_042-S03-017_BASELINE_PULSE,042-S03-017,S03,BASELINE,Pulse Rate,PULSE,68.0,68.0,beats/min,2026-01-15,1
VS_042-S03-017_BASELINE_WEIGHT,042-S03-017,S03,BASELINE,Weight,WEIGHT,79.5,79.5,kg,2026-01-15,1
VS_042-S03-018_BASELINE_SYSBP,042-S03-018,S03,BASELINE,Systolic Blood Pressure,SYSBP,123.0,123.0,mmHg,2026-01-15,1
VS_042-S03-018_BASELINE_DIABP,042-S03-018,S03,BASELINE,Diastolic Blood Pressure,DIABP,78.0,78.0,mmHg,2026-01-15,1
VS_042-S03-018_BASELINE_PULSE,042-S03-018,S03,BASELINE,Pulse Rate,PULSE,68.0,68.0,beats/min,2026-01-15,1
VS_042-S03-018_BASELINE_WEIGHT,042-S03-018,S03,BASELINE,Weight,WEIGHT,83.5,83.5,kg,2026-01-15,1
VS_042-S03-019_BASELINE_SYSBP,042-S03-019,S03,BASELINE,Systolic Blood Pressure,SYSBP,126.0,126.0,mmHg,2026-01-15,1
VS_042-S03-019_BASELINE_DIABP,042-S03-019,S03,BASELINE,Diastolic Blood Pressure,DIABP,74.0,74.0,mmHg,2026-01-15,1
VS_042-S03-019_BASELINE_PULSE,042-S03-019,S03,BASELINE,Pulse Rate,PULSE,73.0,73.0,beats/min,2026-01-15,1
VS_042-S03-019_BASELINE_WEIGHT,042-S03-019,S03,BASELINE,Weight,WEIGHT,82.5,82.5,kg,2026-01-15,1
VS_042-S03-020_BASELINE_SYSBP,042-S03-020,S03,BASELINE,Systolic Blood Pressure,SYSBP,120.0,120.0,mmHg,2026-01-15,1
VS_042-S03-020_BASELINE_DIABP,042-S03-020,S03,BASELINE,Diastolic Blood Pressure,DIABP,73.0,73.0,mmHg,2026-01-15,1
VS_042-S03-020_BASELINE_PULSE,042-S03-020,S03,BASELINE,Pulse Rate,PULSE,69.0,69.0,beats/min,2026-01-15,1
VS_042-S03-020_BASELINE_WEIGHT,042-S03-020,S03,BASELINE,Weight,WEIGHT,79.5,79.5,kg,2026-01-15,1
VS_042-S05-001_BASELINE_SYSBP,042-S05-001,S05,BASELINE,Systolic Blood Pressure,SYSBP,119.0,119.0,mmHg,2026-01-15,1
VS_042-S05-001_BASELINE_DIABP,042-S05-001,S05,BASELINE,Diastolic Blood Pressure,DIABP,79.0,79.0,mmHg,2026-01-15,1
VS_042-S05-001_BASELINE_PULSE,042-S05-001,S05,BASELINE,Pulse Rate,PULSE,76.0,76.0,beats/min,2026-01-15,1
VS_042-S05-001_BASELINE_WEIGHT,042-S05-001,S05,BASELINE,Weight,WEIGHT,78.5,78.5,kg,2026-01-15,1
VS_042-S05-002_BASELINE_SYSBP,042-S05-002,S05,BASELINE,Systolic Blood Pressure,SYSBP,126.0,126.0,mmHg,2026-01-15,1
VS_042-S05-002_BASELINE_DIABP,042-S05-002,S05,BASELINE,Diastolic Blood Pressure,DIABP,74.0,74.0,mmHg,2026-01-15,1
VS_042-S05-002_BASELINE_PULSE,042-S05-002,S05,BASELINE,Pulse Rate,PULSE,69.0,69.0,beats/min,2026-01-15,1
VS_042-S05-002_BASELINE_WEIGHT,042-S05-002,S05,BASELINE,Weight,WEIGHT,83.5,83.5,kg,2026-01-15,1
VS_042-S05-003_BASELINE_SYSBP,042-S05-003,S05,BASELINE,Systolic Blood Pressure,SYSBP,124.0,124.0,mmHg,2026-01-15,1
VS_042-S05-003_BASELINE_DIABP,042-S05-003,S05,BASELINE,Diastolic Blood Pressure,DIABP,83.0,83.0,mmHg,2026-01-15,1
VS_042-S05-003_BASELINE_PULSE,042-S05-003,S05,BASELINE,Pulse Rate,PULSE,75.0,75.0,beats/min,2026-01-15,1
VS_042-S05-003_BASELINE_WEIGHT,042-S05-003,S05,BASELINE,Weight,WEIGHT,87.5,87.5,kg,2026-01-15,1
VS_042-S05-004_BASELINE_SYSBP,042-S05-004,S05,BASELINE,Systolic Blood Pressure,SYSBP,119.0,119.0,mmHg,2026-01-15,1
VS_042-S05-004_BASELINE_DIABP,042-S05-004,S05,BASELINE,Diastolic Blood Pressure,DIABP,75.0,75.0,mmHg,2026-01-15,1
VS_042-S05-004_BASELINE_PULSE,042-S05-004,S05,BASELINE,Pulse Rate,PULSE,69.0,69.0,beats/min,2026-01-15,1
VS_042-S05-004_BASELINE_WEIGHT,042-S05-004,S05,BASELINE,Weight,WEIGHT,77.5,77.5,kg,2026-01-15,1
VS_042-S05-005_BASELINE_SYSBP,042-S05-005,S05,BASELINE,Systolic Blood Pressure,SYSBP,120.0,120.0,mmHg,2026-01-15,1
VS_042-S05-005_BASELINE_DIABP,042-S05-005,S05,BASELINE,Diastolic Blood Pressure,DIABP,83.0,83.0,mmHg,2026-01-15,1
VS_042-S05-005_BASELINE_PULSE,042-S05-005,S05,BASELINE,Pulse Rate,PULSE,76.0,76.0,beats/min,2026-01-15,1
VS_042-S05-005_BASELINE_WEIGHT,042-S05-005,S05,BASELINE,Weight,WEIGHT,82.5,82.5,kg,2026-01-15,1
VS_042-S05-006_BASELINE_SYSBP,042-S05-006,S05,BASELINE,Systolic Blood Pressure,SYSBP,119.0,119.0,mmHg,2026-01-15,1
VS_042-S05-006_BASELINE_DIABP,042-S05-006,S05,BASELINE,Diastolic Blood Pressure,DIABP,74.0,74.0,mmHg,2026-01-15,1
VS_042-S05-006_BASELINE_PULSE,042-S05-006,S05,BASELINE,Pulse Rate,PULSE,70.0,70.0,beats/min,2026-01-15,1
VS_042-S05-006_BASELINE_WEIGHT,042-S05-006,S05,BASELINE,Weight,WEIGHT,87.5,87.5,kg,2026-01-15,1
VS_042-S05-007_BASELINE_SYSBP,042-S05-007,S05,BASELINE,Systolic Blood Pressure,SYSBP,120.0,120.0,mmHg,2026-01-15,1
VS_042-S05-007_BASELINE_DIABP,042-S05-007,S05,BASELINE,Diastolic Blood Pressure,DIABP,79.0,79.0,mmHg,2026-01-15,1
VS_042-S05-007_BASELINE_PULSE,042-S05-007,S05,BASELINE,Pulse Rate,PULSE,67.0,67.0,beats/min,2026-01-15,1
VS_042-S05-007_BASELINE_WEIGHT,042-S05-007,S05,BASELINE,Weight,WEIGHT,79.5,79.5,kg,2026-01-15,1
VS_042-S05-008_BASELINE_SYSBP,042-S05-008,S05,BASELINE,Systolic Blood Pressure,SYSBP,120.0,120.0,mmHg,2026-01-15,1
VS_042-S05-008_BASELINE_DIABP,042-S05-008,S05,BASELINE,Diastolic Blood Pressure,DIABP,79.0,79.0,mmHg,2026-01-15,1
VS_042-S05-008_BASELINE_PULSE,042-S05-008,S05,BASELINE,Pulse Rate,PULSE,73.0,73.0,beats/min,2026-01-15,1
VS_042-S05-008_BASELINE_WEIGHT,042-S05-008,S05,BASELINE,Weight,WEIGHT,83.5,83.5,kg,2026-01-15,1
VS_042-S05-009_BASELINE_SYSBP,042-S05-009,S05,BASELINE,Systolic Blood Pressure,SYSBP,125.0,125.0,mmHg,2026-01-15,1
VS_042-S05-009_BASELINE_DIABP,042-S05-009,S05,BASELINE,Diastolic Blood Pressure,DIABP,75.0,75.0,mmHg,2026-01-15,1
VS_042-S05-009_BASELINE_PULSE,042-S05-009,S05,BASELINE,Pulse Rate,PULSE,72.0,72.0,beats/min,2026-01-15,1
VS_042-S05-009_BASELINE_WEIGHT,042-S05-009,S05,BASELINE,Weight,WEIGHT,80.5,80.5,kg,2026-01-15,1
VS_042-S05-010_BASELINE_SYSBP,042-S05-010,S05,BASELINE,Systolic Blood Pressure,SYSBP,124.0,124.0,mmHg,2026-01-15,1
VS_042-S05-010_BASELINE_DIABP,042-S05-010,S05,BASELINE,Diastolic Blood Pressure,DIABP,83.0,83.0,mmHg,2026-01-15,1
VS_042-S05-010_BASELINE_PULSE,042-S05-010,S05,BASELINE,Pulse Rate,PULSE,73.0,73.0,beats/min,2026-01-15,1
VS_042-S05-010_BASELINE_WEIGHT,042-S05-010,S05,BASELINE,Weight,WEIGHT,81.5,81.5,kg,2026-01-15,1
VS_042-S05-011_BASELINE_SYSBP,042-S05-011,S05,BASELINE,Systolic Blood Pressure,SYSBP,123.0,123.0,mmHg,2026-01-15,1
VS_042-S05-011_BASELINE_DIABP,042-S05-011,S05,BASELINE,Diastolic Blood Pressure,DIABP,75.0,75.0,mmHg,2026-01-15,1
VS_042-S05-011_BASELINE_PULSE,042-S05-011,S05,BASELINE,Pulse Rate,PULSE,71.0,71.0,beats/min,2026-01-15,1
VS_042-S05-011_BASELINE_WEIGHT,042-S05-011,S05,BASELINE,Weight,WEIGHT,81.5,81.5,kg,2026-01-15,1
VS_042-S05-012_BASELINE_SYSBP,042-S05-012,S05,BASELINE,Systolic Blood Pressure,SYSBP,121.0,121.0,mmHg,2026-01-15,1
VS_042-S05-012_BASELINE_DIABP,042-S05-012,S05,BASELINE,Diastolic Blood Pressure,DIABP,81.0,81.0,mmHg,2026-01-15,1
VS_042-S05-012_BASELINE_PULSE,042-S05-012,S05,BASELINE,Pulse Rate,PULSE,70.0,70.0,beats/min,2026-01-15,1
VS_042-S05-012_BASELINE_WEIGHT,042-S05-012,S05,BASELINE,Weight,WEIGHT,78.5,78.5,kg,2026-01-15,1
VS_042-S05-013_BASELINE_SYSBP,042-S05-013,S05,BASELINE,Systolic Blood Pressure,SYSBP,120.0,120.0,mmHg,2026-01-15,1
VS_042-S05-013_BASELINE_DIABP,042-S05-013,S05,BASELINE,Diastolic Blood Pressure,DIABP,79.0,79.0,mmHg,2026-01-15,1
VS_042-S05-013_BASELINE_PULSE,042-S05-013,S05,BASELINE,Pulse Rate,PULSE,75.0,75.0,beats/min,2026-01-15,1
VS_042-S05-013_BASELINE_WEIGHT,042-S05-013,S05,BASELINE,Weight,WEIGHT,87.5,87.5,kg,2026-01-15,1
VS_042-S05-014_BASELINE_SYSBP,042-S05-014,S05,BASELINE,Systolic Blood Pressure,SYSBP,123.0,123.0,mmHg,2026-01-15,1
VS_042-S05-014_BASELINE_DIABP,042-S05-014,S05,BASELINE,Diastolic Blood Pressure,DIABP,78.0,78.0,mmHg,2026-01-15,1
VS_042-S05-014_BASELINE_PULSE,042-S05-014,S05,BASELINE,Pulse Rate,PULSE,71.0,71.0,beats/min,2026-01-15,1
VS_042-S05-014_BASELINE_WEIGHT,042-S05-014,S05,BASELINE,Weight,WEIGHT,79.5,79.5,kg,2026-01-15,1
VS_042-S05-015_BASELINE_SYSBP,042-S05-015,S05,BASELINE,Systolic Blood Pressure,SYSBP,125.0,125.0,mmHg,2026-01-15,1
VS_042-S05-015_BASELINE_DIABP,042-S05-015,S05,BASELINE,Diastolic Blood Pressure,DIABP,74.0,74.0,mmHg,2026-01-15,1
VS_042-S05-015_BASELINE_PULSE,042-S05-015,S05,BASELINE,Pulse Rate,PULSE,75.0,75.0,beats/min,2026-01-15,1
VS_042-S05-015_BASELINE_WEIGHT,042-S05-015,S05,BASELINE,Weight,WEIGHT,79.5,79.5,kg,2026-01-15,1
VS_042-S05-016_BASELINE_SYSBP,042-S05-016,S05,BASELINE,Systolic Blood Pressure,SYSBP,129.0,129.0,mmHg,2026-01-15,1
VS_042-S05-016_BASELINE_DIABP,042-S05-016,S05,BASELINE,Diastolic Blood Pressure,DIABP,74.0,74.0,mmHg,2026-01-15,1
VS_042-S05-016_BASELINE_PULSE,042-S05-016,S05,BASELINE,Pulse Rate,PULSE,73.0,73.0,beats/min,2026-01-15,1
VS_042-S05-016_BASELINE_WEIGHT,042-S05-016,S05,BASELINE,Weight,WEIGHT,78.5,78.5,kg,2026-01-15,1
VS_042-S05-017_BASELINE_SYSBP,042-S05-017,S05,BASELINE,Systolic Blood Pressure,SYSBP,127.0,127.0,mmHg,2026-01-15,1
VS_042-S05-017_BASELINE_DIABP,042-S05-017,S05,BASELINE,Diastolic Blood Pressure,DIABP,83.0,83.0,mmHg,2026-01-15,1
VS_042-S05-017_BASELINE_PULSE,042-S05-017,S05,BASELINE,Pulse Rate,PULSE,68.0,68.0,beats/min,2026-01-15,1
VS_042-S05-017_BASELINE_WEIGHT,042-S05-017,S05,BASELINE,Weight,WEIGHT,82.5,82.5,kg,2026-01-15,1
VS_042-S05-018_BASELINE_SYSBP,042-S05-018,S05,BASELINE,Systolic Blood Pressure,SYSBP,127.0,127.0,mmHg,2026-01-15,1
VS_042-S05-018_BASELINE_DIABP,042-S05-018,S05,BASELINE,Diastolic Blood Pressure,DIABP,73.0,73.0,mmHg,2026-01-15,1
VS_042-S05-018_BASELINE_PULSE,042-S05-018,S05,BASELINE,Pulse Rate,PULSE,77.0,77.0,beats/min,2026-01-15,1
VS_042-S05-018_BASELINE_WEIGHT,042-S05-018,S05,BASELINE,Weight,WEIGHT,87.5,87.5,kg,2026-01-15,1
VS_042-S05-019_BASELINE_SYSBP,042-S05-019,S05,BASELINE,Systolic Blood Pressure,SYSBP,121.0,121.0,mmHg,2026-01-15,1
VS_042-S05-019_BASELINE_DIABP,042-S05-019,S05,BASELINE,Diastolic Blood Pressure,DIABP,75.0,75.0,mmHg,2026-01-15,1
VS_042-S05-019_BASELINE_PULSE,042-S05-019,S05,BASELINE,Pulse Rate,PULSE,70.0,70.0,beats/min,2026-01-15,1
VS_042-S05-019_BASELINE_WEIGHT,042-S05-019,S05,BASELINE,Weight,WEIGHT,77.5,77.5,kg,2026-01-15,1
VS_042-S05-020_BASELINE_SYSBP,042-S05-020,S05,BASELINE,Systolic Blood Pressure,SYSBP,126.0,126.0,mmHg,2026-01-15,1
VS_042-S05-020_BASELINE_DIABP,042-S05-020,S05,BASELINE,Diastolic Blood Pressure,DIABP,76.0,76.0,mmHg,2026-01-15,1
VS_042-S05-020_BASELINE_PULSE,042-S05-020,S05,BASELINE,Pulse Rate,PULSE,70.0,70.0,beats/min,2026-01-15,1
VS_042-S05-020_BASELINE_WEIGHT,042-S05-020,S05,BASELINE,Weight,WEIGHT,80.5,80.5,kg,2026-01-15,1
VS_042-S06-001_BASELINE_SYSBP,042-S06-001,S06,BASELINE,Systolic Blood Pressure,SYSBP,120.0,120.0,mmHg,2026-01-15,1
VS_042-S06-001_BASELINE_DIABP,042-S06-001,S06,BASELINE,Diastolic Blood Pressure,DIABP,77.0,77.0,mmHg,2026-01-15,1
VS_042-S06-001_BASELINE_PULSE,042-S06-001,S06,BASELINE,Pulse Rate,PULSE,70.0,70.0,beats/min,2026-01-15,1
VS_042-S06-001_BASELINE_WEIGHT,042-S06-001,S06,BASELINE,Weight,WEIGHT,79.5,79.5,kg,2026-01-15,1
VS_042-S06-002_BASELINE_SYSBP,042-S06-002,S06,BASELINE,Systolic Blood Pressure,SYSBP,123.0,123.0,mmHg,2026-01-15,1
VS_042-S06-002_BASELINE_DIABP,042-S06-002,S06,BASELINE,Diastolic Blood Pressure,DIABP,79.0,79.0,mmHg,2026-01-15,1
VS_042-S06-002_BASELINE_PULSE,042-S06-002,S06,BASELINE,Pulse Rate,PULSE,72.0,72.0,beats/min,2026-01-15,1
VS_042-S06-002_BASELINE_WEIGHT,042-S06-002,S06,BASELINE,Weight,WEIGHT,84.5,84.5,kg,2026-01-15,1
VS_042-S06-003_BASELINE_SYSBP,042-S06-003,S06,BASELINE,Systolic Blood Pressure,SYSBP,128.0,128.0,mmHg,2026-01-15,1
VS_042-S06-003_BASELINE_DIABP,042-S06-003,S06,BASELINE,Diastolic Blood Pressure,DIABP,83.0,83.0,mmHg,2026-01-15,1
VS_042-S06-003_BASELINE_PULSE,042-S06-003,S06,BASELINE,Pulse Rate,PULSE,75.0,75.0,beats/min,2026-01-15,1
VS_042-S06-003_BASELINE_WEIGHT,042-S06-003,S06,BASELINE,Weight,WEIGHT,78.5,78.5,kg,2026-01-15,1
VS_042-S06-004_BASELINE_SYSBP,042-S06-004,S06,BASELINE,Systolic Blood Pressure,SYSBP,124.0,124.0,mmHg,2026-01-15,1
VS_042-S06-004_BASELINE_DIABP,042-S06-004,S06,BASELINE,Diastolic Blood Pressure,DIABP,81.0,81.0,mmHg,2026-01-15,1
VS_042-S06-004_BASELINE_PULSE,042-S06-004,S06,BASELINE,Pulse Rate,PULSE,73.0,73.0,beats/min,2026-01-15,1
VS_042-S06-004_BASELINE_WEIGHT,042-S06-004,S06,BASELINE,Weight,WEIGHT,79.5,79.5,kg,2026-01-15,1
VS_042-S06-005_BASELINE_SYSBP,042-S06-005,S06,BASELINE,Systolic Blood Pressure,SYSBP,126.0,126.0,mmHg,2026-01-15,1
VS_042-S06-005_BASELINE_DIABP,042-S06-005,S06,BASELINE,Diastolic Blood Pressure,DIABP,78.0,78.0,mmHg,2026-01-15,1
VS_042-S06-005_BASELINE_PULSE,042-S06-005,S06,BASELINE,Pulse Rate,PULSE,77.0,77.0,beats/min,2026-01-15,1
VS_042-S06-005_BASELINE_WEIGHT,042-S06-005,S06,BASELINE,Weight,WEIGHT,82.5,82.5,kg,2026-01-15,1
VS_042-S06-006_BASELINE_SYSBP,042-S06-006,S06,BASELINE,Systolic Blood Pressure,SYSBP,119.0,119.0,mmHg,2026-01-15,1
VS_042-S06-006_BASELINE_DIABP,042-S06-006,S06,BASELINE,Diastolic Blood Pressure,DIABP,76.0,76.0,mmHg,2026-01-15,1
VS_042-S06-006_BASELINE_PULSE,042-S06-006,S06,BASELINE,Pulse Rate,PULSE,75.0,75.0,beats/min,2026-01-15,1
VS_042-S06-006_BASELINE_WEIGHT,042-S06-006,S06,BASELINE,Weight,WEIGHT,85.5,85.5,kg,2026-01-15,1
VS_042-S06-007_BASELINE_SYSBP,042-S06-007,S06,BASELINE,Systolic Blood Pressure,SYSBP,127.0,127.0,mmHg,2026-01-15,1
VS_042-S06-007_BASELINE_DIABP,042-S06-007,S06,BASELINE,Diastolic Blood Pressure,DIABP,73.0,73.0,mmHg,2026-01-15,1
VS_042-S06-007_BASELINE_PULSE,042-S06-007,S06,BASELINE,Pulse Rate,PULSE,76.0,76.0,beats/min,2026-01-15,1
VS_042-S06-007_BASELINE_WEIGHT,042-S06-007,S06,BASELINE,Weight,WEIGHT,80.5,80.5,kg,2026-01-15,1
VS_042-S06-008_BASELINE_SYSBP,042-S06-008,S06,BASELINE,Systolic Blood Pressure,SYSBP,123.0,123.0,mmHg,2026-01-15,1
VS_042-S06-008_BASELINE_DIABP,042-S06-008,S06,BASELINE,Diastolic Blood Pressure,DIABP,75.0,75.0,mmHg,2026-01-15,1
VS_042-S06-008_BASELINE_PULSE,042-S06-008,S06,BASELINE,Pulse Rate,PULSE,74.0,74.0,beats/min,2026-01-15,1
VS_042-S06-008_BASELINE_WEIGHT,042-S06-008,S06,BASELINE,Weight,WEIGHT,84.5,84.5,kg,2026-01-15,1
VS_042-S06-009_BASELINE_SYSBP,042-S06-009,S06,BASELINE,Systolic Blood Pressure,SYSBP,126.0,126.0,mmHg,2026-01-15,1
VS_042-S06-009_BASELINE_DIABP,042-S06-009,S06,BASELINE,Diastolic Blood Pressure,DIABP,73.0,73.0,mmHg,2026-01-15,1
VS_042-S06-009_BASELINE_PULSE,042-S06-009,S06,BASELINE,Pulse Rate,PULSE,72.0,72.0,beats/min,2026-01-15,1
VS_042-S06-009_BASELINE_WEIGHT,042-S06-009,S06,BASELINE,Weight,WEIGHT,84.5,84.5,kg,2026-01-15,1
VS_042-S06-010_BASELINE_SYSBP,042-S06-010,S06,BASELINE,Systolic Blood Pressure,SYSBP,120.0,120.0,mmHg,2026-01-15,1
VS_042-S06-010_BASELINE_DIABP,042-S06-010,S06,BASELINE,Diastolic Blood Pressure,DIABP,73.0,73.0,mmHg,2026-01-15,1
VS_042-S06-010_BASELINE_PULSE,042-S06-010,S06,BASELINE,Pulse Rate,PULSE,73.0,73.0,beats/min,2026-01-15,1
VS_042-S06-010_BASELINE_WEIGHT,042-S06-010,S06,BASELINE,Weight,WEIGHT,87.5,87.5,kg,2026-01-15,1
VS_042-S06-011_BASELINE_SYSBP,042-S06-011,S06,BASELINE,Systolic Blood Pressure,SYSBP,128.0,128.0,mmHg,2026-01-15,1
VS_042-S06-011_BASELINE_DIABP,042-S06-011,S06,BASELINE,Diastolic Blood Pressure,DIABP,77.0,77.0,mmHg,2026-01-15,1
VS_042-S06-011_BASELINE_PULSE,042-S06-011,S06,BASELINE,Pulse Rate,PULSE,68.0,68.0,beats/min,2026-01-15,1
VS_042-S06-011_BASELINE_WEIGHT,042-S06-011,S06,BASELINE,Weight,WEIGHT,81.5,81.5,kg,2026-01-15,1
VS_042-S06-012_BASELINE_SYSBP,042-S06-012,S06,BASELINE,Systolic Blood Pressure,SYSBP,129.0,129.0,mmHg,2026-01-15,1
VS_042-S06-012_BASELINE_DIABP,042-S06-012,S06,BASELINE,Diastolic Blood Pressure,DIABP,77.0,77.0,mmHg,2026-01-15,1
VS_042-S06-012_BASELINE_PULSE,042-S06-012,S06,BASELINE,Pulse Rate,PULSE,76.0,76.0,beats/min,2026-01-15,1
VS_042-S06-012_BASELINE_WEIGHT,042-S06-012,S06,BASELINE,Weight,WEIGHT,82.5,82.5,kg,2026-01-15,1
VS_042-S06-013_BASELINE_SYSBP,042-S06-013,S06,BASELINE,Systolic Blood Pressure,SYSBP,125.0,125.0,mmHg,2026-01-15,1
VS_042-S06-013_BASELINE_DIABP,042-S06-013,S06,BASELINE,Diastolic Blood Pressure,DIABP,75.0,75.0,mmHg,2026-01-15,1
VS_042-S06-013_BASELINE_PULSE,042-S06-013,S06,BASELINE,Pulse Rate,PULSE,73.0,73.0,beats/min,2026-01-15,1
VS_042-S06-013_BASELINE_WEIGHT,042-S06-013,S06,BASELINE,Weight,WEIGHT,85.5,85.5,kg,2026-01-15,1
VS_042-S06-014_BASELINE_SYSBP,042-S06-014,S06,BASELINE,Systolic Blood Pressure,SYSBP,125.0,125.0,mmHg,2026-01-15,1
VS_042-S06-014_BASELINE_DIABP,042-S06-014,S06,BASELINE,Diastolic Blood Pressure,DIABP,81.0,81.0,mmHg,2026-01-15,1
VS_042-S06-014_BASELINE_PULSE,042-S06-014,S06,BASELINE,Pulse Rate,PULSE,72.0,72.0,beats/min,2026-01-15,1
VS_042-S06-014_BASELINE_WEIGHT,042-S06-014,S06,BASELINE,Weight,WEIGHT,83.5,83.5,kg,2026-01-15,1
VS_042-S06-015_BASELINE_SYSBP,042-S06-015,S06,BASELINE,Systolic Blood Pressure,SYSBP,124.0,124.0,mmHg,2026-01-15,1
VS_042-S06-015_BASELINE_DIABP,042-S06-015,S06,BASELINE,Diastolic Blood Pressure,DIABP,75.0,75.0,mmHg,2026-01-15,1
VS_042-S06-015_BASELINE_PULSE,042-S06-015,S06,BASELINE,Pulse Rate,PULSE,73.0,73.0,beats/min,2026-01-15,1
VS_042-S06-015_BASELINE_WEIGHT,042-S06-015,S06,BASELINE,Weight,WEIGHT,77.5,77.5,kg,2026-01-15,1
VS_042-S06-016_BASELINE_SYSBP,042-S06-016,S06,BASELINE,Systolic Blood Pressure,SYSBP,119.0,119.0,mmHg,2026-01-15,1
VS_042-S06-016_BASELINE_DIABP,042-S06-016,S06,BASELINE,Diastolic Blood Pressure,DIABP,73.0,73.0,mmHg,2026-01-15,1
VS_042-S06-016_BASELINE_PULSE,042-S06-016,S06,BASELINE,Pulse Rate,PULSE,73.0,73.0,beats/min,2026-01-15,1
VS_042-S06-016_BASELINE_WEIGHT,042-S06-016,S06,BASELINE,Weight,WEIGHT,84.5,84.5,kg,2026-01-15,1
VS_042-S06-017_BASELINE_SYSBP,042-S06-017,S06,BASELINE,Systolic Blood Pressure,SYSBP,122.0,122.0,mmHg,2026-01-15,1
VS_042-S06-017_BASELINE_DIABP,042-S06-017,S06,BASELINE,Diastolic Blood Pressure,DIABP,79.0,79.0,mmHg,2026-01-15,1
VS_042-S06-017_BASELINE_PULSE,042-S06-017,S06,BASELINE,Pulse Rate,PULSE,70.0,70.0,beats/min,2026-01-15,1
VS_042-S06-017_BASELINE_WEIGHT,042-S06-017,S06,BASELINE,Weight,WEIGHT,77.5,77.5,kg,2026-01-15,1
VS_042-S06-018_BASELINE_SYSBP,042-S06-018,S06,BASELINE,Systolic Blood Pressure,SYSBP,128.0,128.0,mmHg,2026-01-15,1
VS_042-S06-018_BASELINE_DIABP,042-S06-018,S06,BASELINE,Diastolic Blood Pressure,DIABP,82.0,82.0,mmHg,2026-01-15,1
VS_042-S06-018_BASELINE_PULSE,042-S06-018,S06,BASELINE,Pulse Rate,PULSE,67.0,67.0,beats/min,2026-01-15,1
VS_042-S06-018_BASELINE_WEIGHT,042-S06-018,S06,BASELINE,Weight,WEIGHT,82.5,82.5,kg,2026-01-15,1
VS_042-S06-019_BASELINE_SYSBP,042-S06-019,S06,BASELINE,Systolic Blood Pressure,SYSBP,129.0,129.0,mmHg,2026-01-15,1
VS_042-S06-019_BASELINE_DIABP,042-S06-019,S06,BASELINE,Diastolic Blood Pressure,DIABP,81.0,81.0,mmHg,2026-01-15,1
VS_042-S06-019_BASELINE_PULSE,042-S06-019,S06,BASELINE,Pulse Rate,PULSE,77.0,77.0,beats/min,2026-01-15,1
VS_042-S06-019_BASELINE_WEIGHT,042-S06-019,S06,BASELINE,Weight,WEIGHT,82.5,82.5,kg,2026-01-15,1
VS_042-S06-020_BASELINE_SYSBP,042-S06-020,S06,BASELINE,Systolic Blood Pressure,SYSBP,127.0,127.0,mmHg,2026-01-15,1
VS_042-S06-020_BASELINE_DIABP,042-S06-020,S06,BASELINE,Diastolic Blood Pressure,DIABP,77.0,77.0,mmHg,2026-01-15,1
VS_042-S06-020_BASELINE_PULSE,042-S06-020,S06,BASELINE,Pulse Rate,PULSE,77.0,77.0,beats/min,2026-01-15,1
VS_042-S06-020_BASELINE_WEIGHT,042-S06-020,S06,BASELINE,Weight,WEIGHT,83.5,83.5,kg,2026-01-15,1
VS_042-S07-001_BASELINE_SYSBP,042-S07-001,S07,BASELINE,Systolic Blood Pressure,SYSBP,123.0,123.0,mmHg,2026-01-15,1
VS_042-S07-001_BASELINE_DIABP,042-S07-001,S07,BASELINE,Diastolic Blood Pressure,DIABP,78.0,78.0,mmHg,2026-01-15,1
VS_042-S07-001_BASELINE_PULSE,042-S07-001,S07,BASELINE,Pulse Rate,PULSE,77.0,77.0,beats/min,2026-01-15,1
VS_042-S07-001_BASELINE_WEIGHT,042-S07-001,S07,BASELINE,Weight,WEIGHT,87.5,87.5,kg,2026-01-15,1
VS_042-S07-002_BASELINE_SYSBP,042-S07-002,S07,BASELINE,Systolic Blood Pressure,SYSBP,124.0,124.0,mmHg,2026-01-15,1
VS_042-S07-002_BASELINE_DIABP,042-S07-002,S07,BASELINE,Diastolic Blood Pressure,DIABP,79.0,79.0,mmHg,2026-01-15,1
VS_042-S07-002_BASELINE_PULSE,042-S07-002,S07,BASELINE,Pulse Rate,PULSE,73.0,73.0,beats/min,2026-01-15,1
VS_042-S07-002_BASELINE_WEIGHT,042-S07-002,S07,BASELINE,Weight,WEIGHT,85.5,85.5,kg,2026-01-15,1
VS_042-S07-003_BASELINE_SYSBP,042-S07-003,S07,BASELINE,Systolic Blood Pressure,SYSBP,123.0,123.0,mmHg,2026-01-15,1
VS_042-S07-003_BASELINE_DIABP,042-S07-003,S07,BASELINE,Diastolic Blood Pressure,DIABP,82.0,82.0,mmHg,2026-01-15,1
VS_042-S07-003_BASELINE_PULSE,042-S07-003,S07,BASELINE,Pulse Rate,PULSE,74.0,74.0,beats/min,2026-01-15,1
VS_042-S07-003_BASELINE_WEIGHT,042-S07-003,S07,BASELINE,Weight,WEIGHT,81.5,81.5,kg,2026-01-15,1
VS_042-S07-004_BASELINE_SYSBP,042-S07-004,S07,BASELINE,Systolic Blood Pressure,SYSBP,126.0,126.0,mmHg,2026-01-15,1
VS_042-S07-004_BASELINE_DIABP,042-S07-004,S07,BASELINE,Diastolic Blood Pressure,DIABP,76.0,76.0,mmHg,2026-01-15,1
VS_042-S07-004_BASELINE_PULSE,042-S07-004,S07,BASELINE,Pulse Rate,PULSE,70.0,70.0,beats/min,2026-01-15,1
VS_042-S07-004_BASELINE_WEIGHT,042-S07-004,S07,BASELINE,Weight,WEIGHT,78.5,78.5,kg,2026-01-15,1
VS_042-S07-005_BASELINE_SYSBP,042-S07-005,S07,BASELINE,Systolic Blood Pressure,SYSBP,123.0,123.0,mmHg,2026-01-15,1
VS_042-S07-005_BASELINE_DIABP,042-S07-005,S07,BASELINE,Diastolic Blood Pressure,DIABP,75.0,75.0,mmHg,2026-01-15,1
VS_042-S07-005_BASELINE_PULSE,042-S07-005,S07,BASELINE,Pulse Rate,PULSE,73.0,73.0,beats/min,2026-01-15,1
VS_042-S07-005_BASELINE_WEIGHT,042-S07-005,S07,BASELINE,Weight,WEIGHT,77.5,77.5,kg,2026-01-15,1
VS_042-S07-006_BASELINE_SYSBP,042-S07-006,S07,BASELINE,Systolic Blood Pressure,SYSBP,119.0,119.0,mmHg,2026-01-15,1
VS_042-S07-006_BASELINE_DIABP,042-S07-006,S07,BASELINE,Diastolic Blood Pressure,DIABP,82.0,82.0,mmHg,2026-01-15,1
VS_042-S07-006_BASELINE_PULSE,042-S07-006,S07,BASELINE,Pulse Rate,PULSE,75.0,75.0,beats/min,2026-01-15,1
VS_042-S07-006_BASELINE_WEIGHT,042-S07-006,S07,BASELINE,Weight,WEIGHT,86.5,86.5,kg,2026-01-15,1
VS_042-S07-007_BASELINE_SYSBP,042-S07-007,S07,BASELINE,Systolic Blood Pressure,SYSBP,123.0,123.0,mmHg,2026-01-15,1
VS_042-S07-007_BASELINE_DIABP,042-S07-007,S07,BASELINE,Diastolic Blood Pressure,DIABP,83.0,83.0,mmHg,2026-01-15,1
VS_042-S07-007_BASELINE_PULSE,042-S07-007,S07,BASELINE,Pulse Rate,PULSE,67.0,67.0,beats/min,2026-01-15,1
VS_042-S07-007_BASELINE_WEIGHT,042-S07-007,S07,BASELINE,Weight,WEIGHT,78.5,78.5,kg,2026-01-15,1
VS_042-S07-008_BASELINE_SYSBP,042-S07-008,S07,BASELINE,Systolic Blood Pressure,SYSBP,124.0,124.0,mmHg,2026-01-15,1
VS_042-S07-008_BASELINE_DIABP,042-S07-008,S07,BASELINE,Diastolic Blood Pressure,DIABP,80.0,80.0,mmHg,2026-01-15,1
VS_042-S07-008_BASELINE_PULSE,042-S07-008,S07,BASELINE,Pulse Rate,PULSE,77.0,77.0,beats/min,2026-01-15,1
VS_042-S07-008_BASELINE_WEIGHT,042-S07-008,S07,BASELINE,Weight,WEIGHT,85.5,85.5,kg,2026-01-15,1
VS_042-S07-009_BASELINE_SYSBP,042-S07-009,S07,BASELINE,Systolic Blood Pressure,SYSBP,122.0,122.0,mmHg,2026-01-15,1
VS_042-S07-009_BASELINE_DIABP,042-S07-009,S07,BASELINE,Diastolic Blood Pressure,DIABP,73.0,73.0,mmHg,2026-01-15,1
VS_042-S07-009_BASELINE_PULSE,042-S07-009,S07,BASELINE,Pulse Rate,PULSE,71.0,71.0,beats/min,2026-01-15,1
VS_042-S07-009_BASELINE_WEIGHT,042-S07-009,S07,BASELINE,Weight,WEIGHT,82.5,82.5,kg,2026-01-15,1
VS_042-S07-010_BASELINE_SYSBP,042-S07-010,S07,BASELINE,Systolic Blood Pressure,SYSBP,119.0,119.0,mmHg,2026-01-15,1
VS_042-S07-010_BASELINE_DIABP,042-S07-010,S07,BASELINE,Diastolic Blood Pressure,DIABP,79.0,79.0,mmHg,2026-01-15,1
VS_042-S07-010_BASELINE_PULSE,042-S07-010,S07,BASELINE,Pulse Rate,PULSE,67.0,67.0,beats/min,2026-01-15,1
VS_042-S07-010_BASELINE_WEIGHT,042-S07-010,S07,BASELINE,Weight,WEIGHT,80.5,80.5,kg,2026-01-15,1
VS_042-S07-011_BASELINE_SYSBP,042-S07-011,S07,BASELINE,Systolic Blood Pressure,SYSBP,121.0,121.0,mmHg,2026-01-15,1
VS_042-S07-011_BASELINE_DIABP,042-S07-011,S07,BASELINE,Diastolic Blood Pressure,DIABP,83.0,83.0,mmHg,2026-01-15,1
VS_042-S07-011_BASELINE_PULSE,042-S07-011,S07,BASELINE,Pulse Rate,PULSE,71.0,71.0,beats/min,2026-01-15,1
VS_042-S07-011_BASELINE_WEIGHT,042-S07-011,S07,BASELINE,Weight,WEIGHT,83.5,83.5,kg,2026-01-15,1
VS_042-S07-012_BASELINE_SYSBP,042-S07-012,S07,BASELINE,Systolic Blood Pressure,SYSBP,120.0,120.0,mmHg,2026-01-15,1
VS_042-S07-012_BASELINE_DIABP,042-S07-012,S07,BASELINE,Diastolic Blood Pressure,DIABP,81.0,81.0,mmHg,2026-01-15,1
VS_042-S07-012_BASELINE_PULSE,042-S07-012,S07,BASELINE,Pulse Rate,PULSE,76.0,76.0,beats/min,2026-01-15,1
VS_042-S07-012_BASELINE_WEIGHT,042-S07-012,S07,BASELINE,Weight,WEIGHT,78.5,78.5,kg,2026-01-15,1
VS_042-S07-013_BASELINE_SYSBP,042-S07-013,S07,BASELINE,Systolic Blood Pressure,SYSBP,126.0,126.0,mmHg,2026-01-15,1
VS_042-S07-013_BASELINE_DIABP,042-S07-013,S07,BASELINE,Diastolic Blood Pressure,DIABP,82.0,82.0,mmHg,2026-01-15,1
VS_042-S07-013_BASELINE_PULSE,042-S07-013,S07,BASELINE,Pulse Rate,PULSE,75.0,75.0,beats/min,2026-01-15,1
VS_042-S07-013_BASELINE_WEIGHT,042-S07-013,S07,BASELINE,Weight,WEIGHT,82.5,82.5,kg,2026-01-15,1
VS_042-S07-014_BASELINE_SYSBP,042-S07-014,S07,BASELINE,Systolic Blood Pressure,SYSBP,121.0,121.0,mmHg,2026-01-15,1
VS_042-S07-014_BASELINE_DIABP,042-S07-014,S07,BASELINE,Diastolic Blood Pressure,DIABP,81.0,81.0,mmHg,2026-01-15,1
VS_042-S07-014_BASELINE_PULSE,042-S07-014,S07,BASELINE,Pulse Rate,PULSE,71.0,71.0,beats/min,2026-01-15,1
VS_042-S07-014_BASELINE_WEIGHT,042-S07-014,S07,BASELINE,Weight,WEIGHT,86.5,86.5,kg,2026-01-15,1
VS_042-S07-015_BASELINE_SYSBP,042-S07-015,S07,BASELINE,Systolic Blood Pressure,SYSBP,128.0,128.0,mmHg,2026-01-15,1
VS_042-S07-015_BASELINE_DIABP,042-S07-015,S07,BASELINE,Diastolic Blood Pressure,DIABP,74.0,74.0,mmHg,2026-01-15,1
VS_042-S07-015_BASELINE_PULSE,042-S07-015,S07,BASELINE,Pulse Rate,PULSE,70.0,70.0,beats/min,2026-01-15,1
VS_042-S07-015_BASELINE_WEIGHT,042-S07-015,S07,BASELINE,Weight,WEIGHT,78.5,78.5,kg,2026-01-15,1
VS_042-S07-016_BASELINE_SYSBP,042-S07-016,S07,BASELINE,Systolic Blood Pressure,SYSBP,120.0,120.0,mmHg,2026-01-15,1
VS_042-S07-016_BASELINE_DIABP,042-S07-016,S07,BASELINE,Diastolic Blood Pressure,DIABP,75.0,75.0,mmHg,2026-01-15,1
VS_042-S07-016_BASELINE_PULSE,042-S07-016,S07,BASELINE,Pulse Rate,PULSE,75.0,75.0,beats/min,2026-01-15,1
VS_042-S07-016_BASELINE_WEIGHT,042-S07-016,S07,BASELINE,Weight,WEIGHT,83.5,83.5,kg,2026-01-15,1
VS_042-S07-017_BASELINE_SYSBP,042-S07-017,S07,BASELINE,Systolic Blood Pressure,SYSBP,128.0,128.0,mmHg,2026-01-15,1
VS_042-S07-017_BASELINE_DIABP,042-S07-017,S07,BASELINE,Diastolic Blood Pressure,DIABP,83.0,83.0,mmHg,2026-01-15,1
VS_042-S07-017_BASELINE_PULSE,042-S07-017,S07,BASELINE,Pulse Rate,PULSE,68.0,68.0,beats/min,2026-01-15,1
VS_042-S07-017_BASELINE_WEIGHT,042-S07-017,S07,BASELINE,Weight,WEIGHT,85.5,85.5,kg,2026-01-15,1
VS_042-S07-018_BASELINE_SYSBP,042-S07-018,S07,BASELINE,Systolic Blood Pressure,SYSBP,120.0,120.0,mmHg,2026-01-15,1
VS_042-S07-018_BASELINE_DIABP,042-S07-018,S07,BASELINE,Diastolic Blood Pressure,DIABP,80.0,80.0,mmHg,2026-01-15,1
VS_042-S07-018_BASELINE_PULSE,042-S07-018,S07,BASELINE,Pulse Rate,PULSE,68.0,68.0,beats/min,2026-01-15,1
VS_042-S07-018_BASELINE_WEIGHT,042-S07-018,S07,BASELINE,Weight,WEIGHT,86.5,86.5,kg,2026-01-15,1
VS_042-S07-019_BASELINE_SYSBP,042-S07-019,S07,BASELINE,Systolic Blood Pressure,SYSBP,125.0,125.0,mmHg,2026-01-15,1
VS_042-S07-019_BASELINE_DIABP,042-S07-019,S07,BASELINE,Diastolic Blood Pressure,DIABP,79.0,79.0,mmHg,2026-01-15,1
VS_042-S07-019_BASELINE_PULSE,042-S07-019,S07,BASELINE,Pulse Rate,PULSE,76.0,76.0,beats/min,2026-01-15,1
VS_042-S07-019_BASELINE_WEIGHT,042-S07-019,S07,BASELINE,Weight,WEIGHT,79.5,79.5,kg,2026-01-15,1
VS_042-S07-020_BASELINE_SYSBP,042-S07-020,S07,BASELINE,Systolic Blood Pressure,SYSBP,120.0,120.0,mmHg,2026-01-15,1
VS_042-S07-020_BASELINE_DIABP,042-S07-020,S07,BASELINE,Diastolic Blood Pressure,DIABP,78.0,78.0,mmHg,2026-01-15,1
VS_042-S07-020_BASELINE_PULSE,042-S07-020,S07,BASELINE,Pulse Rate,PULSE,72.0,72.0,beats/min,2026-01-15,1
VS_042-S07-020_BASELINE_WEIGHT,042-S07-020,S07,BASELINE,Weight,WEIGHT,83.5,83.5,kg,2026-01-15,1
VS_042-S08-001_BASELINE_SYSBP,042-S08-001,S08,BASELINE,Systolic Blood Pressure,SYSBP,119.0,119.0,mmHg,2026-01-15,1
VS_042-S08-001_BASELINE_DIABP,042-S08-001,S08,BASELINE,Diastolic Blood Pressure,DIABP,79.0,79.0,mmHg,2026-01-15,1
VS_042-S08-001_BASELINE_PULSE,042-S08-001,S08,BASELINE,Pulse Rate,PULSE,68.0,68.0,beats/min,2026-01-15,1
VS_042-S08-001_BASELINE_WEIGHT,042-S08-001,S08,BASELINE,Weight,WEIGHT,78.5,78.5,kg,2026-01-15,1
VS_042-S08-002_BASELINE_SYSBP,042-S08-002,S08,BASELINE,Systolic Blood Pressure,SYSBP,121.0,121.0,mmHg,2026-01-15,1
VS_042-S08-002_BASELINE_DIABP,042-S08-002,S08,BASELINE,Diastolic Blood Pressure,DIABP,75.0,75.0,mmHg,2026-01-15,1
VS_042-S08-002_BASELINE_PULSE,042-S08-002,S08,BASELINE,Pulse Rate,PULSE,69.0,69.0,beats/min,2026-01-15,1
VS_042-S08-002_BASELINE_WEIGHT,042-S08-002,S08,BASELINE,Weight,WEIGHT,79.5,79.5,kg,2026-01-15,1
VS_042-S08-003_BASELINE_SYSBP,042-S08-003,S08,BASELINE,Systolic Blood Pressure,SYSBP,127.0,127.0,mmHg,2026-01-15,1
VS_042-S08-003_BASELINE_DIABP,042-S08-003,S08,BASELINE,Diastolic Blood Pressure,DIABP,77.0,77.0,mmHg,2026-01-15,1
VS_042-S08-003_BASELINE_PULSE,042-S08-003,S08,BASELINE,Pulse Rate,PULSE,72.0,72.0,beats/min,2026-01-15,1
VS_042-S08-003_BASELINE_WEIGHT,042-S08-003,S08,BASELINE,Weight,WEIGHT,83.5,83.5,kg,2026-01-15,1
VS_042-S08-004_BASELINE_SYSBP,042-S08-004,S08,BASELINE,Systolic Blood Pressure,SYSBP,119.0,119.0,mmHg,2026-01-15,1
VS_042-S08-004_BASELINE_DIABP,042-S08-004,S08,BASELINE,Diastolic Blood Pressure,DIABP,73.0,73.0,mmHg,2026-01-15,1
VS_042-S08-004_BASELINE_PULSE,042-S08-004,S08,BASELINE,Pulse Rate,PULSE,67.0,67.0,beats/min,2026-01-15,1
VS_042-S08-004_BASELINE_WEIGHT,042-S08-004,S08,BASELINE,Weight,WEIGHT,83.5,83.5,kg,2026-01-15,1
VS_042-S08-005_BASELINE_SYSBP,042-S08-005,S08,BASELINE,Systolic Blood Pressure,SYSBP,126.0,126.0,mmHg,2026-01-15,1
VS_042-S08-005_BASELINE_DIABP,042-S08-005,S08,BASELINE,Diastolic Blood Pressure,DIABP,78.0,78.0,mmHg,2026-01-15,1
VS_042-S08-005_BASELINE_PULSE,042-S08-005,S08,BASELINE,Pulse Rate,PULSE,70.0,70.0,beats/min,2026-01-15,1
VS_042-S08-005_BASELINE_WEIGHT,042-S08-005,S08,BASELINE,Weight,WEIGHT,79.5,79.5,kg,2026-01-15,1
VS_042-S08-006_BASELINE_SYSBP,042-S08-006,S08,BASELINE,Systolic Blood Pressure,SYSBP,128.0,128.0,mmHg,2026-01-15,1
VS_042-S08-006_BASELINE_DIABP,042-S08-006,S08,BASELINE,Diastolic Blood Pressure,DIABP,78.0,78.0,mmHg,2026-01-15,1
VS_042-S08-006_BASELINE_PULSE,042-S08-006,S08,BASELINE,Pulse Rate,PULSE,71.0,71.0,beats/min,2026-01-15,1
VS_042-S08-006_BASELINE_WEIGHT,042-S08-006,S08,BASELINE,Weight,WEIGHT,81.5,81.5,kg,2026-01-15,1
VS_042-S08-007_BASELINE_SYSBP,042-S08-007,S08,BASELINE,Systolic Blood Pressure,SYSBP,129.0,129.0,mmHg,2026-01-15,1
VS_042-S08-007_BASELINE_DIABP,042-S08-007,S08,BASELINE,Diastolic Blood Pressure,DIABP,79.0,79.0,mmHg,2026-01-15,1
VS_042-S08-007_BASELINE_PULSE,042-S08-007,S08,BASELINE,Pulse Rate,PULSE,72.0,72.0,beats/min,2026-01-15,1
VS_042-S08-007_BASELINE_WEIGHT,042-S08-007,S08,BASELINE,Weight,WEIGHT,84.5,84.5,kg,2026-01-15,1
VS_042-S08-008_BASELINE_SYSBP,042-S08-008,S08,BASELINE,Systolic Blood Pressure,SYSBP,126.0,126.0,mmHg,2026-01-15,1
VS_042-S08-008_BASELINE_DIABP,042-S08-008,S08,BASELINE,Diastolic Blood Pressure,DIABP,74.0,74.0,mmHg,2026-01-15,1
VS_042-S08-008_BASELINE_PULSE,042-S08-008,S08,BASELINE,Pulse Rate,PULSE,77.0,77.0,beats/min,2026-01-15,1
VS_042-S08-008_BASELINE_WEIGHT,042-S08-008,S08,BASELINE,Weight,WEIGHT,78.5,78.5,kg,2026-01-15,1
VS_042-S08-009_BASELINE_SYSBP,042-S08-009,S08,BASELINE,Systolic Blood Pressure,SYSBP,126.0,126.0,mmHg,2026-01-15,1
VS_042-S08-009_BASELINE_DIABP,042-S08-009,S08,BASELINE,Diastolic Blood Pressure,DIABP,82.0,82.0,mmHg,2026-01-15,1
VS_042-S08-009_BASELINE_PULSE,042-S08-009,S08,BASELINE,Pulse Rate,PULSE,67.0,67.0,beats/min,2026-01-15,1
VS_042-S08-009_BASELINE_WEIGHT,042-S08-009,S08,BASELINE,Weight,WEIGHT,82.5,82.5,kg,2026-01-15,1
VS_042-S08-010_BASELINE_SYSBP,042-S08-010,S08,BASELINE,Systolic Blood Pressure,SYSBP,122.0,122.0,mmHg,2026-01-15,1
VS_042-S08-010_BASELINE_DIABP,042-S08-010,S08,BASELINE,Diastolic Blood Pressure,DIABP,80.0,80.0,mmHg,2026-01-15,1
VS_042-S08-010_BASELINE_PULSE,042-S08-010,S08,BASELINE,Pulse Rate,PULSE,76.0,76.0,beats/min,2026-01-15,1
VS_042-S08-010_BASELINE_WEIGHT,042-S08-010,S08,BASELINE,Weight,WEIGHT,81.5,81.5,kg,2026-01-15,1
VS_042-S08-011_BASELINE_SYSBP,042-S08-011,S08,BASELINE,Systolic Blood Pressure,SYSBP,122.0,122.0,mmHg,2026-01-15,1
VS_042-S08-011_BASELINE_DIABP,042-S08-011,S08,BASELINE,Diastolic Blood Pressure,DIABP,74.0,74.0,mmHg,2026-01-15,1
VS_042-S08-011_BASELINE_PULSE,042-S08-011,S08,BASELINE,Pulse Rate,PULSE,77.0,77.0,beats/min,2026-01-15,1
VS_042-S08-011_BASELINE_WEIGHT,042-S08-011,S08,BASELINE,Weight,WEIGHT,84.5,84.5,kg,2026-01-15,1
VS_042-S08-012_BASELINE_SYSBP,042-S08-012,S08,BASELINE,Systolic Blood Pressure,SYSBP,120.0,120.0,mmHg,2026-01-15,1
VS_042-S08-012_BASELINE_DIABP,042-S08-012,S08,BASELINE,Diastolic Blood Pressure,DIABP,83.0,83.0,mmHg,2026-01-15,1
VS_042-S08-012_BASELINE_PULSE,042-S08-012,S08,BASELINE,Pulse Rate,PULSE,76.0,76.0,beats/min,2026-01-15,1
VS_042-S08-012_BASELINE_WEIGHT,042-S08-012,S08,BASELINE,Weight,WEIGHT,85.5,85.5,kg,2026-01-15,1
VS_042-S08-013_BASELINE_SYSBP,042-S08-013,S08,BASELINE,Systolic Blood Pressure,SYSBP,129.0,129.0,mmHg,2026-01-15,1
VS_042-S08-013_BASELINE_DIABP,042-S08-013,S08,BASELINE,Diastolic Blood Pressure,DIABP,83.0,83.0,mmHg,2026-01-15,1
VS_042-S08-013_BASELINE_PULSE,042-S08-013,S08,BASELINE,Pulse Rate,PULSE,70.0,70.0,beats/min,2026-01-15,1
VS_042-S08-013_BASELINE_WEIGHT,042-S08-013,S08,BASELINE,Weight,WEIGHT,78.5,78.5,kg,2026-01-15,1
VS_042-S08-014_BASELINE_SYSBP,042-S08-014,S08,BASELINE,Systolic Blood Pressure,SYSBP,120.0,120.0,mmHg,2026-01-15,1
VS_042-S08-014_BASELINE_DIABP,042-S08-014,S08,BASELINE,Diastolic Blood Pressure,DIABP,83.0,83.0,mmHg,2026-01-15,1
VS_042-S08-014_BASELINE_PULSE,042-S08-014,S08,BASELINE,Pulse Rate,PULSE,74.0,74.0,beats/min,2026-01-15,1
VS_042-S08-014_BASELINE_WEIGHT,042-S08-014,S08,BASELINE,Weight,WEIGHT,85.5,85.5,kg,2026-01-15,1
VS_042-S08-015_BASELINE_SYSBP,042-S08-015,S08,BASELINE,Systolic Blood Pressure,SYSBP,120.0,120.0,mmHg,2026-01-15,1
VS_042-S08-015_BASELINE_DIABP,042-S08-015,S08,BASELINE,Diastolic Blood Pressure,DIABP,76.0,76.0,mmHg,2026-01-15,1
VS_042-S08-015_BASELINE_PULSE,042-S08-015,S08,BASELINE,Pulse Rate,PULSE,74.0,74.0,beats/min,2026-01-15,1
VS_042-S08-015_BASELINE_WEIGHT,042-S08-015,S08,BASELINE,Weight,WEIGHT,86.5,86.5,kg,2026-01-15,1
VS_042-S08-016_BASELINE_SYSBP,042-S08-016,S08,BASELINE,Systolic Blood Pressure,SYSBP,119.0,119.0,mmHg,2026-01-15,1
VS_042-S08-016_BASELINE_DIABP,042-S08-016,S08,BASELINE,Diastolic Blood Pressure,DIABP,75.0,75.0,mmHg,2026-01-15,1
VS_042-S08-016_BASELINE_PULSE,042-S08-016,S08,BASELINE,Pulse Rate,PULSE,67.0,67.0,beats/min,2026-01-15,1
VS_042-S08-016_BASELINE_WEIGHT,042-S08-016,S08,BASELINE,Weight,WEIGHT,78.5,78.5,kg,2026-01-15,1
VS_042-S08-017_BASELINE_SYSBP,042-S08-017,S08,BASELINE,Systolic Blood Pressure,SYSBP,129.0,129.0,mmHg,2026-01-15,1
VS_042-S08-017_BASELINE_DIABP,042-S08-017,S08,BASELINE,Diastolic Blood Pressure,DIABP,76.0,76.0,mmHg,2026-01-15,1
VS_042-S08-017_BASELINE_PULSE,042-S08-017,S08,BASELINE,Pulse Rate,PULSE,67.0,67.0,beats/min,2026-01-15,1
VS_042-S08-017_BASELINE_WEIGHT,042-S08-017,S08,BASELINE,Weight,WEIGHT,79.5,79.5,kg,2026-01-15,1
VS_042-S08-018_BASELINE_SYSBP,042-S08-018,S08,BASELINE,Systolic Blood Pressure,SYSBP,129.0,129.0,mmHg,2026-01-15,1
VS_042-S08-018_BASELINE_DIABP,042-S08-018,S08,BASELINE,Diastolic Blood Pressure,DIABP,77.0,77.0,mmHg,2026-01-15,1
VS_042-S08-018_BASELINE_PULSE,042-S08-018,S08,BASELINE,Pulse Rate,PULSE,76.0,76.0,beats/min,2026-01-15,1
VS_042-S08-018_BASELINE_WEIGHT,042-S08-018,S08,BASELINE,Weight,WEIGHT,83.5,83.5,kg,2026-01-15,1
VS_042-S08-019_BASELINE_SYSBP,042-S08-019,S08,BASELINE,Systolic Blood Pressure,SYSBP,128.0,128.0,mmHg,2026-01-15,1
VS_042-S08-019_BASELINE_DIABP,042-S08-019,S08,BASELINE,Diastolic Blood Pressure,DIABP,76.0,76.0,mmHg,2026-01-15,1
VS_042-S08-019_BASELINE_PULSE,042-S08-019,S08,BASELINE,Pulse Rate,PULSE,73.0,73.0,beats/min,2026-01-15,1
VS_042-S08-019_BASELINE_WEIGHT,042-S08-019,S08,BASELINE,Weight,WEIGHT,80.5,80.5,kg,2026-01-15,1
VS_042-S08-020_BASELINE_SYSBP,042-S08-020,S08,BASELINE,Systolic Blood Pressure,SYSBP,122.0,122.0,mmHg,2026-01-15,1
VS_042-S08-020_BASELINE_DIABP,042-S08-020,S08,BASELINE,Diastolic Blood Pressure,DIABP,83.0,83.0,mmHg,2026-01-15,1
VS_042-S08-020_BASELINE_PULSE,042-S08-020,S08,BASELINE,Pulse Rate,PULSE,75.0,75.0,beats/min,2026-01-15,1
VS_042-S08-020_BASELINE_WEIGHT,042-S08-020,S08,BASELINE,Weight,WEIGHT,80.5,80.5,kg,2026-01-15,1
VS_042-S10-001_BASELINE_SYSBP,042-S10-001,S10,BASELINE,Systolic Blood Pressure,SYSBP,119.0,119.0,mmHg,2026-01-15,1
VS_042-S10-001_BASELINE_DIABP,042-S10-001,S10,BASELINE,Diastolic Blood Pressure,DIABP,82.0,82.0,mmHg,2026-01-15,1
VS_042-S10-001_BASELINE_PULSE,042-S10-001,S10,BASELINE,Pulse Rate,PULSE,68.0,68.0,beats/min,2026-01-15,1
VS_042-S10-001_BASELINE_WEIGHT,042-S10-001,S10,BASELINE,Weight,WEIGHT,84.5,84.5,kg,2026-01-15,1
VS_042-S10-002_BASELINE_SYSBP,042-S10-002,S10,BASELINE,Systolic Blood Pressure,SYSBP,119.0,119.0,mmHg,2026-01-15,1
VS_042-S10-002_BASELINE_DIABP,042-S10-002,S10,BASELINE,Diastolic Blood Pressure,DIABP,75.0,75.0,mmHg,2026-01-15,1
VS_042-S10-002_BASELINE_PULSE,042-S10-002,S10,BASELINE,Pulse Rate,PULSE,75.0,75.0,beats/min,2026-01-15,1
VS_042-S10-002_BASELINE_WEIGHT,042-S10-002,S10,BASELINE,Weight,WEIGHT,85.5,85.5,kg,2026-01-15,1
VS_042-S10-003_BASELINE_SYSBP,042-S10-003,S10,BASELINE,Systolic Blood Pressure,SYSBP,120.0,120.0,mmHg,2026-01-15,1
VS_042-S10-003_BASELINE_DIABP,042-S10-003,S10,BASELINE,Diastolic Blood Pressure,DIABP,81.0,81.0,mmHg,2026-01-15,1
VS_042-S10-003_BASELINE_PULSE,042-S10-003,S10,BASELINE,Pulse Rate,PULSE,77.0,77.0,beats/min,2026-01-15,1
VS_042-S10-003_BASELINE_WEIGHT,042-S10-003,S10,BASELINE,Weight,WEIGHT,86.5,86.5,kg,2026-01-15,1
VS_042-S10-004_BASELINE_SYSBP,042-S10-004,S10,BASELINE,Systolic Blood Pressure,SYSBP,121.0,121.0,mmHg,2026-01-15,1
VS_042-S10-004_BASELINE_DIABP,042-S10-004,S10,BASELINE,Diastolic Blood Pressure,DIABP,80.0,80.0,mmHg,2026-01-15,1
VS_042-S10-004_BASELINE_PULSE,042-S10-004,S10,BASELINE,Pulse Rate,PULSE,67.0,67.0,beats/min,2026-01-15,1
VS_042-S10-004_BASELINE_WEIGHT,042-S10-004,S10,BASELINE,Weight,WEIGHT,84.5,84.5,kg,2026-01-15,1
VS_042-S10-005_BASELINE_SYSBP,042-S10-005,S10,BASELINE,Systolic Blood Pressure,SYSBP,121.0,121.0,mmHg,2026-01-15,1
VS_042-S10-005_BASELINE_DIABP,042-S10-005,S10,BASELINE,Diastolic Blood Pressure,DIABP,77.0,77.0,mmHg,2026-01-15,1
VS_042-S10-005_BASELINE_PULSE,042-S10-005,S10,BASELINE,Pulse Rate,PULSE,73.0,73.0,beats/min,2026-01-15,1
VS_042-S10-005_BASELINE_WEIGHT,042-S10-005,S10,BASELINE,Weight,WEIGHT,85.5,85.5,kg,2026-01-15,1
VS_042-S10-006_BASELINE_SYSBP,042-S10-006,S10,BASELINE,Systolic Blood Pressure,SYSBP,122.0,122.0,mmHg,2026-01-15,1
VS_042-S10-006_BASELINE_DIABP,042-S10-006,S10,BASELINE,Diastolic Blood Pressure,DIABP,77.0,77.0,mmHg,2026-01-15,1
VS_042-S10-006_BASELINE_PULSE,042-S10-006,S10,BASELINE,Pulse Rate,PULSE,75.0,75.0,beats/min,2026-01-15,1
VS_042-S10-006_BASELINE_WEIGHT,042-S10-006,S10,BASELINE,Weight,WEIGHT,80.5,80.5,kg,2026-01-15,1
VS_042-S10-007_BASELINE_SYSBP,042-S10-007,S10,BASELINE,Systolic Blood Pressure,SYSBP,120.0,120.0,mmHg,2026-01-15,1
VS_042-S10-007_BASELINE_DIABP,042-S10-007,S10,BASELINE,Diastolic Blood Pressure,DIABP,77.0,77.0,mmHg,2026-01-15,1
VS_042-S10-007_BASELINE_PULSE,042-S10-007,S10,BASELINE,Pulse Rate,PULSE,76.0,76.0,beats/min,2026-01-15,1
VS_042-S10-007_BASELINE_WEIGHT,042-S10-007,S10,BASELINE,Weight,WEIGHT,87.5,87.5,kg,2026-01-15,1
VS_042-S10-008_BASELINE_SYSBP,042-S10-008,S10,BASELINE,Systolic Blood Pressure,SYSBP,122.0,122.0,mmHg,2026-01-15,1
VS_042-S10-008_BASELINE_DIABP,042-S10-008,S10,BASELINE,Diastolic Blood Pressure,DIABP,77.0,77.0,mmHg,2026-01-15,1
VS_042-S10-008_BASELINE_PULSE,042-S10-008,S10,BASELINE,Pulse Rate,PULSE,73.0,73.0,beats/min,2026-01-15,1
VS_042-S10-008_BASELINE_WEIGHT,042-S10-008,S10,BASELINE,Weight,WEIGHT,80.5,80.5,kg,2026-01-15,1
VS_042-S10-009_BASELINE_SYSBP,042-S10-009,S10,BASELINE,Systolic Blood Pressure,SYSBP,120.0,120.0,mmHg,2026-01-15,1
VS_042-S10-009_BASELINE_DIABP,042-S10-009,S10,BASELINE,Diastolic Blood Pressure,DIABP,81.0,81.0,mmHg,2026-01-15,1
VS_042-S10-009_BASELINE_PULSE,042-S10-009,S10,BASELINE,Pulse Rate,PULSE,70.0,70.0,beats/min,2026-01-15,1
VS_042-S10-009_BASELINE_WEIGHT,042-S10-009,S10,BASELINE,Weight,WEIGHT,84.5,84.5,kg,2026-01-15,1
VS_042-S10-010_BASELINE_SYSBP,042-S10-010,S10,BASELINE,Systolic Blood Pressure,SYSBP,129.0,129.0,mmHg,2026-01-15,1
VS_042-S10-010_BASELINE_DIABP,042-S10-010,S10,BASELINE,Diastolic Blood Pressure,DIABP,73.0,73.0,mmHg,2026-01-15,1
VS_042-S10-010_BASELINE_PULSE,042-S10-010,S10,BASELINE,Pulse Rate,PULSE,74.0,74.0,beats/min,2026-01-15,1
VS_042-S10-010_BASELINE_WEIGHT,042-S10-010,S10,BASELINE,Weight,WEIGHT,81.5,81.5,kg,2026-01-15,1
VS_042-S10-011_BASELINE_SYSBP,042-S10-011,S10,BASELINE,Systolic Blood Pressure,SYSBP,121.0,121.0,mmHg,2026-01-15,1
VS_042-S10-011_BASELINE_DIABP,042-S10-011,S10,BASELINE,Diastolic Blood Pressure,DIABP,76.0,76.0,mmHg,2026-01-15,1
VS_042-S10-011_BASELINE_PULSE,042-S10-011,S10,BASELINE,Pulse Rate,PULSE,76.0,76.0,beats/min,2026-01-15,1
VS_042-S10-011_BASELINE_WEIGHT,042-S10-011,S10,BASELINE,Weight,WEIGHT,85.5,85.5,kg,2026-01-15,1
VS_042-S10-012_BASELINE_SYSBP,042-S10-012,S10,BASELINE,Systolic Blood Pressure,SYSBP,119.0,119.0,mmHg,2026-01-15,1
VS_042-S10-012_BASELINE_DIABP,042-S10-012,S10,BASELINE,Diastolic Blood Pressure,DIABP,78.0,78.0,mmHg,2026-01-15,1
VS_042-S10-012_BASELINE_PULSE,042-S10-012,S10,BASELINE,Pulse Rate,PULSE,76.0,76.0,beats/min,2026-01-15,1
VS_042-S10-012_BASELINE_WEIGHT,042-S10-012,S10,BASELINE,Weight,WEIGHT,77.5,77.5,kg,2026-01-15,1
VS_042-S10-013_BASELINE_SYSBP,042-S10-013,S10,BASELINE,Systolic Blood Pressure,SYSBP,121.0,121.0,mmHg,2026-01-15,1
VS_042-S10-013_BASELINE_DIABP,042-S10-013,S10,BASELINE,Diastolic Blood Pressure,DIABP,76.0,76.0,mmHg,2026-01-15,1
VS_042-S10-013_BASELINE_PULSE,042-S10-013,S10,BASELINE,Pulse Rate,PULSE,72.0,72.0,beats/min,2026-01-15,1
VS_042-S10-013_BASELINE_WEIGHT,042-S10-013,S10,BASELINE,Weight,WEIGHT,77.5,77.5,kg,2026-01-15,1
VS_042-S10-014_BASELINE_SYSBP,042-S10-014,S10,BASELINE,Systolic Blood Pressure,SYSBP,128.0,128.0,mmHg,2026-01-15,1
VS_042-S10-014_BASELINE_DIABP,042-S10-014,S10,BASELINE,Diastolic Blood Pressure,DIABP,76.0,76.0,mmHg,2026-01-15,1
VS_042-S10-014_BASELINE_PULSE,042-S10-014,S10,BASELINE,Pulse Rate,PULSE,71.0,71.0,beats/min,2026-01-15,1
VS_042-S10-014_BASELINE_WEIGHT,042-S10-014,S10,BASELINE,Weight,WEIGHT,81.5,81.5,kg,2026-01-15,1
VS_042-S10-015_BASELINE_SYSBP,042-S10-015,S10,BASELINE,Systolic Blood Pressure,SYSBP,120.0,120.0,mmHg,2026-01-15,1
VS_042-S10-015_BASELINE_DIABP,042-S10-015,S10,BASELINE,Diastolic Blood Pressure,DIABP,83.0,83.0,mmHg,2026-01-15,1
VS_042-S10-015_BASELINE_PULSE,042-S10-015,S10,BASELINE,Pulse Rate,PULSE,69.0,69.0,beats/min,2026-01-15,1
VS_042-S10-015_BASELINE_WEIGHT,042-S10-015,S10,BASELINE,Weight,WEIGHT,84.5,84.5,kg,2026-01-15,1
VS_042-S10-016_BASELINE_SYSBP,042-S10-016,S10,BASELINE,Systolic Blood Pressure,SYSBP,126.0,126.0,mmHg,2026-01-15,1
VS_042-S10-016_BASELINE_DIABP,042-S10-016,S10,BASELINE,Diastolic Blood Pressure,DIABP,76.0,76.0,mmHg,2026-01-15,1
VS_042-S10-016_BASELINE_PULSE,042-S10-016,S10,BASELINE,Pulse Rate,PULSE,67.0,67.0,beats/min,2026-01-15,1
VS_042-S10-016_BASELINE_WEIGHT,042-S10-016,S10,BASELINE,Weight,WEIGHT,80.5,80.5,kg,2026-01-15,1
VS_042-S10-017_BASELINE_SYSBP,042-S10-017,S10,BASELINE,Systolic Blood Pressure,SYSBP,123.0,123.0,mmHg,2026-01-15,1
VS_042-S10-017_BASELINE_DIABP,042-S10-017,S10,BASELINE,Diastolic Blood Pressure,DIABP,74.0,74.0,mmHg,2026-01-15,1
VS_042-S10-017_BASELINE_PULSE,042-S10-017,S10,BASELINE,Pulse Rate,PULSE,74.0,74.0,beats/min,2026-01-15,1
VS_042-S10-017_BASELINE_WEIGHT,042-S10-017,S10,BASELINE,Weight,WEIGHT,85.5,85.5,kg,2026-01-15,1
VS_042-S10-018_BASELINE_SYSBP,042-S10-018,S10,BASELINE,Systolic Blood Pressure,SYSBP,129.0,129.0,mmHg,2026-01-15,1
VS_042-S10-018_BASELINE_DIABP,042-S10-018,S10,BASELINE,Diastolic Blood Pressure,DIABP,81.0,81.0,mmHg,2026-01-15,1
VS_042-S10-018_BASELINE_PULSE,042-S10-018,S10,BASELINE,Pulse Rate,PULSE,76.0,76.0,beats/min,2026-01-15,1
VS_042-S10-018_BASELINE_WEIGHT,042-S10-018,S10,BASELINE,Weight,WEIGHT,81.5,81.5,kg,2026-01-15,1
VS_042-S10-019_BASELINE_SYSBP,042-S10-019,S10,BASELINE,Systolic Blood Pressure,SYSBP,121.0,121.0,mmHg,2026-01-15,1
VS_042-S10-019_BASELINE_DIABP,042-S10-019,S10,BASELINE,Diastolic Blood Pressure,DIABP,75.0,75.0,mmHg,2026-01-15,1
VS_042-S10-019_BASELINE_PULSE,042-S10-019,S10,BASELINE,Pulse Rate,PULSE,68.0,68.0,beats/min,2026-01-15,1
VS_042-S10-019_BASELINE_WEIGHT,042-S10-019,S10,BASELINE,Weight,WEIGHT,77.5,77.5,kg,2026-01-15,1
VS_042-S10-020_BASELINE_SYSBP,042-S10-020,S10,BASELINE,Systolic Blood Pressure,SYSBP,121.0,121.0,mmHg,2026-01-15,1
VS_042-S10-020_BASELINE_DIABP,042-S10-020,S10,BASELINE,Diastolic Blood Pressure,DIABP,83.0,83.0,mmHg,2026-01-15,1
VS_042-S10-020_BASELINE_PULSE,042-S10-020,S10,BASELINE,Pulse Rate,PULSE,67.0,67.0,beats/min,2026-01-15,1
VS_042-S10-020_BASELINE_WEIGHT,042-S10-020,S10,BASELINE,Weight,WEIGHT,78.5,78.5,kg,2026-01-15,1
VS_042-S11-001_BASELINE_SYSBP,042-S11-001,S11,BASELINE,Systolic Blood Pressure,SYSBP,119.0,119.0,mmHg,2026-01-15,1
VS_042-S11-001_BASELINE_DIABP,042-S11-001,S11,BASELINE,Diastolic Blood Pressure,DIABP,82.0,82.0,mmHg,2026-01-15,1
VS_042-S11-001_BASELINE_PULSE,042-S11-001,S11,BASELINE,Pulse Rate,PULSE,71.0,71.0,beats/min,2026-01-15,1
VS_042-S11-001_BASELINE_WEIGHT,042-S11-001,S11,BASELINE,Weight,WEIGHT,79.5,79.5,kg,2026-01-15,1
VS_042-S11-002_BASELINE_SYSBP,042-S11-002,S11,BASELINE,Systolic Blood Pressure,SYSBP,124.0,124.0,mmHg,2026-01-15,1
VS_042-S11-002_BASELINE_DIABP,042-S11-002,S11,BASELINE,Diastolic Blood Pressure,DIABP,82.0,82.0,mmHg,2026-01-15,1
VS_042-S11-002_BASELINE_PULSE,042-S11-002,S11,BASELINE,Pulse Rate,PULSE,75.0,75.0,beats/min,2026-01-15,1
VS_042-S11-002_BASELINE_WEIGHT,042-S11-002,S11,BASELINE,Weight,WEIGHT,80.5,80.5,kg,2026-01-15,1
VS_042-S11-003_BASELINE_SYSBP,042-S11-003,S11,BASELINE,Systolic Blood Pressure,SYSBP,124.0,124.0,mmHg,2026-01-15,1
VS_042-S11-003_BASELINE_DIABP,042-S11-003,S11,BASELINE,Diastolic Blood Pressure,DIABP,77.0,77.0,mmHg,2026-01-15,1
VS_042-S11-003_BASELINE_PULSE,042-S11-003,S11,BASELINE,Pulse Rate,PULSE,72.0,72.0,beats/min,2026-01-15,1
VS_042-S11-003_BASELINE_WEIGHT,042-S11-003,S11,BASELINE,Weight,WEIGHT,80.5,80.5,kg,2026-01-15,1
VS_042-S11-004_BASELINE_SYSBP,042-S11-004,S11,BASELINE,Systolic Blood Pressure,SYSBP,124.0,124.0,mmHg,2026-01-15,1
VS_042-S11-004_BASELINE_DIABP,042-S11-004,S11,BASELINE,Diastolic Blood Pressure,DIABP,74.0,74.0,mmHg,2026-01-15,1
VS_042-S11-004_BASELINE_PULSE,042-S11-004,S11,BASELINE,Pulse Rate,PULSE,74.0,74.0,beats/min,2026-01-15,1
VS_042-S11-004_BASELINE_WEIGHT,042-S11-004,S11,BASELINE,Weight,WEIGHT,77.5,77.5,kg,2026-01-15,1
VS_042-S11-005_BASELINE_SYSBP,042-S11-005,S11,BASELINE,Systolic Blood Pressure,SYSBP,120.0,120.0,mmHg,2026-01-15,1
VS_042-S11-005_BASELINE_DIABP,042-S11-005,S11,BASELINE,Diastolic Blood Pressure,DIABP,83.0,83.0,mmHg,2026-01-15,1
VS_042-S11-005_BASELINE_PULSE,042-S11-005,S11,BASELINE,Pulse Rate,PULSE,69.0,69.0,beats/min,2026-01-15,1
VS_042-S11-005_BASELINE_WEIGHT,042-S11-005,S11,BASELINE,Weight,WEIGHT,77.5,77.5,kg,2026-01-15,1
VS_042-S11-006_BASELINE_SYSBP,042-S11-006,S11,BASELINE,Systolic Blood Pressure,SYSBP,126.0,126.0,mmHg,2026-01-15,1
VS_042-S11-006_BASELINE_DIABP,042-S11-006,S11,BASELINE,Diastolic Blood Pressure,DIABP,83.0,83.0,mmHg,2026-01-15,1
VS_042-S11-006_BASELINE_PULSE,042-S11-006,S11,BASELINE,Pulse Rate,PULSE,75.0,75.0,beats/min,2026-01-15,1
VS_042-S11-006_BASELINE_WEIGHT,042-S11-006,S11,BASELINE,Weight,WEIGHT,83.5,83.5,kg,2026-01-15,1
VS_042-S11-007_BASELINE_SYSBP,042-S11-007,S11,BASELINE,Systolic Blood Pressure,SYSBP,120.0,120.0,mmHg,2026-01-15,1
VS_042-S11-007_BASELINE_DIABP,042-S11-007,S11,BASELINE,Diastolic Blood Pressure,DIABP,79.0,79.0,mmHg,2026-01-15,1
VS_042-S11-007_BASELINE_PULSE,042-S11-007,S11,BASELINE,Pulse Rate,PULSE,73.0,73.0,beats/min,2026-01-15,1
VS_042-S11-007_BASELINE_WEIGHT,042-S11-007,S11,BASELINE,Weight,WEIGHT,79.5,79.5,kg,2026-01-15,1
VS_042-S11-008_BASELINE_SYSBP,042-S11-008,S11,BASELINE,Systolic Blood Pressure,SYSBP,121.0,121.0,mmHg,2026-01-15,1
VS_042-S11-008_BASELINE_DIABP,042-S11-008,S11,BASELINE,Diastolic Blood Pressure,DIABP,83.0,83.0,mmHg,2026-01-15,1
VS_042-S11-008_BASELINE_PULSE,042-S11-008,S11,BASELINE,Pulse Rate,PULSE,69.0,69.0,beats/min,2026-01-15,1
VS_042-S11-008_BASELINE_WEIGHT,042-S11-008,S11,BASELINE,Weight,WEIGHT,77.5,77.5,kg,2026-01-15,1
VS_042-S11-009_BASELINE_SYSBP,042-S11-009,S11,BASELINE,Systolic Blood Pressure,SYSBP,129.0,129.0,mmHg,2026-01-15,1
VS_042-S11-009_BASELINE_DIABP,042-S11-009,S11,BASELINE,Diastolic Blood Pressure,DIABP,83.0,83.0,mmHg,2026-01-15,1
VS_042-S11-009_BASELINE_PULSE,042-S11-009,S11,BASELINE,Pulse Rate,PULSE,75.0,75.0,beats/min,2026-01-15,1
VS_042-S11-009_BASELINE_WEIGHT,042-S11-009,S11,BASELINE,Weight,WEIGHT,82.5,82.5,kg,2026-01-15,1
VS_042-S11-010_BASELINE_SYSBP,042-S11-010,S11,BASELINE,Systolic Blood Pressure,SYSBP,126.0,126.0,mmHg,2026-01-15,1
VS_042-S11-010_BASELINE_DIABP,042-S11-010,S11,BASELINE,Diastolic Blood Pressure,DIABP,75.0,75.0,mmHg,2026-01-15,1
VS_042-S11-010_BASELINE_PULSE,042-S11-010,S11,BASELINE,Pulse Rate,PULSE,72.0,72.0,beats/min,2026-01-15,1
VS_042-S11-010_BASELINE_WEIGHT,042-S11-010,S11,BASELINE,Weight,WEIGHT,82.5,82.5,kg,2026-01-15,1
VS_042-S11-011_BASELINE_SYSBP,042-S11-011,S11,BASELINE,Systolic Blood Pressure,SYSBP,122.0,122.0,mmHg,2026-01-15,1
VS_042-S11-011_BASELINE_DIABP,042-S11-011,S11,BASELINE,Diastolic Blood Pressure,DIABP,82.0,82.0,mmHg,2026-01-15,1
VS_042-S11-011_BASELINE_PULSE,042-S11-011,S11,BASELINE,Pulse Rate,PULSE,77.0,77.0,beats/min,2026-01-15,1
VS_042-S11-011_BASELINE_WEIGHT,042-S11-011,S11,BASELINE,Weight,WEIGHT,80.5,80.5,kg,2026-01-15,1
VS_042-S11-012_BASELINE_SYSBP,042-S11-012,S11,BASELINE,Systolic Blood Pressure,SYSBP,125.0,125.0,mmHg,2026-01-15,1
VS_042-S11-012_BASELINE_DIABP,042-S11-012,S11,BASELINE,Diastolic Blood Pressure,DIABP,83.0,83.0,mmHg,2026-01-15,1
VS_042-S11-012_BASELINE_PULSE,042-S11-012,S11,BASELINE,Pulse Rate,PULSE,67.0,67.0,beats/min,2026-01-15,1
VS_042-S11-012_BASELINE_WEIGHT,042-S11-012,S11,BASELINE,Weight,WEIGHT,78.5,78.5,kg,2026-01-15,1
VS_042-S11-013_BASELINE_SYSBP,042-S11-013,S11,BASELINE,Systolic Blood Pressure,SYSBP,125.0,125.0,mmHg,2026-01-15,1
VS_042-S11-013_BASELINE_DIABP,042-S11-013,S11,BASELINE,Diastolic Blood Pressure,DIABP,80.0,80.0,mmHg,2026-01-15,1
VS_042-S11-013_BASELINE_PULSE,042-S11-013,S11,BASELINE,Pulse Rate,PULSE,77.0,77.0,beats/min,2026-01-15,1
VS_042-S11-013_BASELINE_WEIGHT,042-S11-013,S11,BASELINE,Weight,WEIGHT,81.5,81.5,kg,2026-01-15,1
VS_042-S11-014_BASELINE_SYSBP,042-S11-014,S11,BASELINE,Systolic Blood Pressure,SYSBP,120.0,120.0,mmHg,2026-01-15,1
VS_042-S11-014_BASELINE_DIABP,042-S11-014,S11,BASELINE,Diastolic Blood Pressure,DIABP,78.0,78.0,mmHg,2026-01-15,1
VS_042-S11-014_BASELINE_PULSE,042-S11-014,S11,BASELINE,Pulse Rate,PULSE,67.0,67.0,beats/min,2026-01-15,1
VS_042-S11-014_BASELINE_WEIGHT,042-S11-014,S11,BASELINE,Weight,WEIGHT,78.5,78.5,kg,2026-01-15,1
VS_042-S11-015_BASELINE_SYSBP,042-S11-015,S11,BASELINE,Systolic Blood Pressure,SYSBP,128.0,128.0,mmHg,2026-01-15,1
VS_042-S11-015_BASELINE_DIABP,042-S11-015,S11,BASELINE,Diastolic Blood Pressure,DIABP,74.0,74.0,mmHg,2026-01-15,1
VS_042-S11-015_BASELINE_PULSE,042-S11-015,S11,BASELINE,Pulse Rate,PULSE,77.0,77.0,beats/min,2026-01-15,1
VS_042-S11-015_BASELINE_WEIGHT,042-S11-015,S11,BASELINE,Weight,WEIGHT,78.5,78.5,kg,2026-01-15,1
VS_042-S11-016_BASELINE_SYSBP,042-S11-016,S11,BASELINE,Systolic Blood Pressure,SYSBP,121.0,121.0,mmHg,2026-01-15,1
VS_042-S11-016_BASELINE_DIABP,042-S11-016,S11,BASELINE,Diastolic Blood Pressure,DIABP,83.0,83.0,mmHg,2026-01-15,1
VS_042-S11-016_BASELINE_PULSE,042-S11-016,S11,BASELINE,Pulse Rate,PULSE,69.0,69.0,beats/min,2026-01-15,1
VS_042-S11-016_BASELINE_WEIGHT,042-S11-016,S11,BASELINE,Weight,WEIGHT,85.5,85.5,kg,2026-01-15,1
VS_042-S11-017_BASELINE_SYSBP,042-S11-017,S11,BASELINE,Systolic Blood Pressure,SYSBP,122.0,122.0,mmHg,2026-01-15,1
VS_042-S11-017_BASELINE_DIABP,042-S11-017,S11,BASELINE,Diastolic Blood Pressure,DIABP,76.0,76.0,mmHg,2026-01-15,1
VS_042-S11-017_BASELINE_PULSE,042-S11-017,S11,BASELINE,Pulse Rate,PULSE,67.0,67.0,beats/min,2026-01-15,1
VS_042-S11-017_BASELINE_WEIGHT,042-S11-017,S11,BASELINE,Weight,WEIGHT,86.5,86.5,kg,2026-01-15,1
VS_042-S11-018_BASELINE_SYSBP,042-S11-018,S11,BASELINE,Systolic Blood Pressure,SYSBP,125.0,125.0,mmHg,2026-01-15,1
VS_042-S11-018_BASELINE_DIABP,042-S11-018,S11,BASELINE,Diastolic Blood Pressure,DIABP,82.0,82.0,mmHg,2026-01-15,1
VS_042-S11-018_BASELINE_PULSE,042-S11-018,S11,BASELINE,Pulse Rate,PULSE,77.0,77.0,beats/min,2026-01-15,1
VS_042-S11-018_BASELINE_WEIGHT,042-S11-018,S11,BASELINE,Weight,WEIGHT,79.5,79.5,kg,2026-01-15,1
VS_042-S11-019_BASELINE_SYSBP,042-S11-019,S11,BASELINE,Systolic Blood Pressure,SYSBP,125.0,125.0,mmHg,2026-01-15,1
VS_042-S11-019_BASELINE_DIABP,042-S11-019,S11,BASELINE,Diastolic Blood Pressure,DIABP,73.0,73.0,mmHg,2026-01-15,1
VS_042-S11-019_BASELINE_PULSE,042-S11-019,S11,BASELINE,Pulse Rate,PULSE,71.0,71.0,beats/min,2026-01-15,1
VS_042-S11-019_BASELINE_WEIGHT,042-S11-019,S11,BASELINE,Weight,WEIGHT,87.5,87.5,kg,2026-01-15,1
VS_042-S11-020_BASELINE_SYSBP,042-S11-020,S11,BASELINE,Systolic Blood Pressure,SYSBP,128.0,128.0,mmHg,2026-01-15,1
VS_042-S11-020_BASELINE_DIABP,042-S11-020,S11,BASELINE,Diastolic Blood Pressure,DIABP,83.0,83.0,mmHg,2026-01-15,1
VS_042-S11-020_BASELINE_PULSE,042-S11-020,S11,BASELINE,Pulse Rate,PULSE,74.0,74.0,beats/min,2026-01-15,1
VS_042-S11-020_BASELINE_WEIGHT,042-S11-020,S11,BASELINE,Weight,WEIGHT,78.5,78.5,kg,2026-01-15,1
VS_042-S12-001_BASELINE_SYSBP,042-S12-001,S12,BASELINE,Systolic Blood Pressure,SYSBP,119.0,119.0,mmHg,2026-01-15,1
VS_042-S12-001_BASELINE_DIABP,042-S12-001,S12,BASELINE,Diastolic Blood Pressure,DIABP,73.0,73.0,mmHg,2026-01-15,1
VS_042-S12-001_BASELINE_PULSE,042-S12-001,S12,BASELINE,Pulse Rate,PULSE,74.0,74.0,beats/min,2026-01-15,1
VS_042-S12-001_BASELINE_WEIGHT,042-S12-001,S12,BASELINE,Weight,WEIGHT,84.5,84.5,kg,2026-01-15,1
VS_042-S12-002_BASELINE_SYSBP,042-S12-002,S12,BASELINE,Systolic Blood Pressure,SYSBP,121.0,121.0,mmHg,2026-01-15,1
VS_042-S12-002_BASELINE_DIABP,042-S12-002,S12,BASELINE,Diastolic Blood Pressure,DIABP,74.0,74.0,mmHg,2026-01-15,1
VS_042-S12-002_BASELINE_PULSE,042-S12-002,S12,BASELINE,Pulse Rate,PULSE,77.0,77.0,beats/min,2026-01-15,1
VS_042-S12-002_BASELINE_WEIGHT,042-S12-002,S12,BASELINE,Weight,WEIGHT,79.5,79.5,kg,2026-01-15,1
VS_042-S12-003_BASELINE_SYSBP,042-S12-003,S12,BASELINE,Systolic Blood Pressure,SYSBP,129.0,129.0,mmHg,2026-01-15,1
VS_042-S12-003_BASELINE_DIABP,042-S12-003,S12,BASELINE,Diastolic Blood Pressure,DIABP,83.0,83.0,mmHg,2026-01-15,1
VS_042-S12-003_BASELINE_PULSE,042-S12-003,S12,BASELINE,Pulse Rate,PULSE,74.0,74.0,beats/min,2026-01-15,1
VS_042-S12-003_BASELINE_WEIGHT,042-S12-003,S12,BASELINE,Weight,WEIGHT,77.5,77.5,kg,2026-01-15,1
VS_042-S12-004_BASELINE_SYSBP,042-S12-004,S12,BASELINE,Systolic Blood Pressure,SYSBP,121.0,121.0,mmHg,2026-01-15,1
VS_042-S12-004_BASELINE_DIABP,042-S12-004,S12,BASELINE,Diastolic Blood Pressure,DIABP,80.0,80.0,mmHg,2026-01-15,1
VS_042-S12-004_BASELINE_PULSE,042-S12-004,S12,BASELINE,Pulse Rate,PULSE,74.0,74.0,beats/min,2026-01-15,1
VS_042-S12-004_BASELINE_WEIGHT,042-S12-004,S12,BASELINE,Weight,WEIGHT,79.5,79.5,kg,2026-01-15,1
VS_042-S12-005_BASELINE_SYSBP,042-S12-005,S12,BASELINE,Systolic Blood Pressure,SYSBP,120.0,120.0,mmHg,2026-01-15,1
VS_042-S12-005_BASELINE_DIABP,042-S12-005,S12,BASELINE,Diastolic Blood Pressure,DIABP,83.0,83.0,mmHg,2026-01-15,1
VS_042-S12-005_BASELINE_PULSE,042-S12-005,S12,BASELINE,Pulse Rate,PULSE,70.0,70.0,beats/min,2026-01-15,1
VS_042-S12-005_BASELINE_WEIGHT,042-S12-005,S12,BASELINE,Weight,WEIGHT,87.5,87.5,kg,2026-01-15,1
VS_042-S12-006_BASELINE_SYSBP,042-S12-006,S12,BASELINE,Systolic Blood Pressure,SYSBP,119.0,119.0,mmHg,2026-01-15,1
VS_042-S12-006_BASELINE_DIABP,042-S12-006,S12,BASELINE,Diastolic Blood Pressure,DIABP,75.0,75.0,mmHg,2026-01-15,1
VS_042-S12-006_BASELINE_PULSE,042-S12-006,S12,BASELINE,Pulse Rate,PULSE,77.0,77.0,beats/min,2026-01-15,1
VS_042-S12-006_BASELINE_WEIGHT,042-S12-006,S12,BASELINE,Weight,WEIGHT,77.5,77.5,kg,2026-01-15,1
VS_042-S12-007_BASELINE_SYSBP,042-S12-007,S12,BASELINE,Systolic Blood Pressure,SYSBP,119.0,119.0,mmHg,2026-01-15,1
VS_042-S12-007_BASELINE_DIABP,042-S12-007,S12,BASELINE,Diastolic Blood Pressure,DIABP,79.0,79.0,mmHg,2026-01-15,1
VS_042-S12-007_BASELINE_PULSE,042-S12-007,S12,BASELINE,Pulse Rate,PULSE,70.0,70.0,beats/min,2026-01-15,1
VS_042-S12-007_BASELINE_WEIGHT,042-S12-007,S12,BASELINE,Weight,WEIGHT,83.5,83.5,kg,2026-01-15,1
VS_042-S12-008_BASELINE_SYSBP,042-S12-008,S12,BASELINE,Systolic Blood Pressure,SYSBP,124.0,124.0,mmHg,2026-01-15,1
VS_042-S12-008_BASELINE_DIABP,042-S12-008,S12,BASELINE,Diastolic Blood Pressure,DIABP,80.0,80.0,mmHg,2026-01-15,1
VS_042-S12-008_BASELINE_PULSE,042-S12-008,S12,BASELINE,Pulse Rate,PULSE,76.0,76.0,beats/min,2026-01-15,1
VS_042-S12-008_BASELINE_WEIGHT,042-S12-008,S12,BASELINE,Weight,WEIGHT,82.5,82.5,kg,2026-01-15,1
VS_042-S12-009_BASELINE_SYSBP,042-S12-009,S12,BASELINE,Systolic Blood Pressure,SYSBP,120.0,120.0,mmHg,2026-01-15,1
VS_042-S12-009_BASELINE_DIABP,042-S12-009,S12,BASELINE,Diastolic Blood Pressure,DIABP,76.0,76.0,mmHg,2026-01-15,1
VS_042-S12-009_BASELINE_PULSE,042-S12-009,S12,BASELINE,Pulse Rate,PULSE,75.0,75.0,beats/min,2026-01-15,1
VS_042-S12-009_BASELINE_WEIGHT,042-S12-009,S12,BASELINE,Weight,WEIGHT,85.5,85.5,kg,2026-01-15,1
VS_042-S12-010_BASELINE_SYSBP,042-S12-010,S12,BASELINE,Systolic Blood Pressure,SYSBP,128.0,128.0,mmHg,2026-01-15,1
VS_042-S12-010_BASELINE_DIABP,042-S12-010,S12,BASELINE,Diastolic Blood Pressure,DIABP,76.0,76.0,mmHg,2026-01-15,1
VS_042-S12-010_BASELINE_PULSE,042-S12-010,S12,BASELINE,Pulse Rate,PULSE,74.0,74.0,beats/min,2026-01-15,1
VS_042-S12-010_BASELINE_WEIGHT,042-S12-010,S12,BASELINE,Weight,WEIGHT,77.5,77.5,kg,2026-01-15,1
VS_042-S12-011_BASELINE_SYSBP,042-S12-011,S12,BASELINE,Systolic Blood Pressure,SYSBP,124.0,124.0,mmHg,2026-01-15,1
VS_042-S12-011_BASELINE_DIABP,042-S12-011,S12,BASELINE,Diastolic Blood Pressure,DIABP,79.0,79.0,mmHg,2026-01-15,1
VS_042-S12-011_BASELINE_PULSE,042-S12-011,S12,BASELINE,Pulse Rate,PULSE,77.0,77.0,beats/min,2026-01-15,1
VS_042-S12-011_BASELINE_WEIGHT,042-S12-011,S12,BASELINE,Weight,WEIGHT,81.5,81.5,kg,2026-01-15,1
VS_042-S12-012_BASELINE_SYSBP,042-S12-012,S12,BASELINE,Systolic Blood Pressure,SYSBP,124.0,124.0,mmHg,2026-01-15,1
VS_042-S12-012_BASELINE_DIABP,042-S12-012,S12,BASELINE,Diastolic Blood Pressure,DIABP,75.0,75.0,mmHg,2026-01-15,1
VS_042-S12-012_BASELINE_PULSE,042-S12-012,S12,BASELINE,Pulse Rate,PULSE,71.0,71.0,beats/min,2026-01-15,1
VS_042-S12-012_BASELINE_WEIGHT,042-S12-012,S12,BASELINE,Weight,WEIGHT,82.5,82.5,kg,2026-01-15,1
VS_042-S12-013_BASELINE_SYSBP,042-S12-013,S12,BASELINE,Systolic Blood Pressure,SYSBP,122.0,122.0,mmHg,2026-01-15,1
VS_042-S12-013_BASELINE_DIABP,042-S12-013,S12,BASELINE,Diastolic Blood Pressure,DIABP,74.0,74.0,mmHg,2026-01-15,1
VS_042-S12-013_BASELINE_PULSE,042-S12-013,S12,BASELINE,Pulse Rate,PULSE,68.0,68.0,beats/min,2026-01-15,1
VS_042-S12-013_BASELINE_WEIGHT,042-S12-013,S12,BASELINE,Weight,WEIGHT,77.5,77.5,kg,2026-01-15,1
VS_042-S12-014_BASELINE_SYSBP,042-S12-014,S12,BASELINE,Systolic Blood Pressure,SYSBP,128.0,128.0,mmHg,2026-01-15,1
VS_042-S12-014_BASELINE_DIABP,042-S12-014,S12,BASELINE,Diastolic Blood Pressure,DIABP,77.0,77.0,mmHg,2026-01-15,1
VS_042-S12-014_BASELINE_PULSE,042-S12-014,S12,BASELINE,Pulse Rate,PULSE,71.0,71.0,beats/min,2026-01-15,1
VS_042-S12-014_BASELINE_WEIGHT,042-S12-014,S12,BASELINE,Weight,WEIGHT,77.5,77.5,kg,2026-01-15,1
VS_042-S12-015_BASELINE_SYSBP,042-S12-015,S12,BASELINE,Systolic Blood Pressure,SYSBP,127.0,127.0,mmHg,2026-01-15,1
VS_042-S12-015_BASELINE_DIABP,042-S12-015,S12,BASELINE,Diastolic Blood Pressure,DIABP,83.0,83.0,mmHg,2026-01-15,1
VS_042-S12-015_BASELINE_PULSE,042-S12-015,S12,BASELINE,Pulse Rate,PULSE,71.0,71.0,beats/min,2026-01-15,1
VS_042-S12-015_BASELINE_WEIGHT,042-S12-015,S12,BASELINE,Weight,WEIGHT,86.5,86.5,kg,2026-01-15,1
VS_042-S12-016_BASELINE_SYSBP,042-S12-016,S12,BASELINE,Systolic Blood Pressure,SYSBP,129.0,129.0,mmHg,2026-01-15,1
VS_042-S12-016_BASELINE_DIABP,042-S12-016,S12,BASELINE,Diastolic Blood Pressure,DIABP,78.0,78.0,mmHg,2026-01-15,1
VS_042-S12-016_BASELINE_PULSE,042-S12-016,S12,BASELINE,Pulse Rate,PULSE,70.0,70.0,beats/min,2026-01-15,1
VS_042-S12-016_BASELINE_WEIGHT,042-S12-016,S12,BASELINE,Weight,WEIGHT,81.5,81.5,kg,2026-01-15,1
VS_042-S12-017_BASELINE_SYSBP,042-S12-017,S12,BASELINE,Systolic Blood Pressure,SYSBP,122.0,122.0,mmHg,2026-01-15,1
VS_042-S12-017_BASELINE_DIABP,042-S12-017,S12,BASELINE,Diastolic Blood Pressure,DIABP,82.0,82.0,mmHg,2026-01-15,1
VS_042-S12-017_BASELINE_PULSE,042-S12-017,S12,BASELINE,Pulse Rate,PULSE,68.0,68.0,beats/min,2026-01-15,1
VS_042-S12-017_BASELINE_WEIGHT,042-S12-017,S12,BASELINE,Weight,WEIGHT,79.5,79.5,kg,2026-01-15,1
VS_042-S12-018_BASELINE_SYSBP,042-S12-018,S12,BASELINE,Systolic Blood Pressure,SYSBP,120.0,120.0,mmHg,2026-01-15,1
VS_042-S12-018_BASELINE_DIABP,042-S12-018,S12,BASELINE,Diastolic Blood Pressure,DIABP,78.0,78.0,mmHg,2026-01-15,1
VS_042-S12-018_BASELINE_PULSE,042-S12-018,S12,BASELINE,Pulse Rate,PULSE,74.0,74.0,beats/min,2026-01-15,1
VS_042-S12-018_BASELINE_WEIGHT,042-S12-018,S12,BASELINE,Weight,WEIGHT,86.5,86.5,kg,2026-01-15,1
VS_042-S12-019_BASELINE_SYSBP,042-S12-019,S12,BASELINE,Systolic Blood Pressure,SYSBP,124.0,124.0,mmHg,2026-01-15,1
VS_042-S12-019_BASELINE_DIABP,042-S12-019,S12,BASELINE,Diastolic Blood Pressure,DIABP,81.0,81.0,mmHg,2026-01-15,1
VS_042-S12-019_BASELINE_PULSE,042-S12-019,S12,BASELINE,Pulse Rate,PULSE,71.0,71.0,beats/min,2026-01-15,1
VS_042-S12-019_BASELINE_WEIGHT,042-S12-019,S12,BASELINE,Weight,WEIGHT,85.5,85.5,kg,2026-01-15,1
VS_042-S12-020_BASELINE_SYSBP,042-S12-020,S12,BASELINE,Systolic Blood Pressure,SYSBP,120.0,120.0,mmHg,2026-01-15,1
VS_042-S12-020_BASELINE_DIABP,042-S12-020,S12,BASELINE,Diastolic Blood Pressure,DIABP,73.0,73.0,mmHg,2026-01-15,1
VS_042-S12-020_BASELINE_PULSE,042-S12-020,S12,BASELINE,Pulse Rate,PULSE,68.0,68.0,beats/min,2026-01-15,1
VS_042-S12-020_BASELINE_WEIGHT,042-S12-020,S12,BASELINE,Weight,WEIGHT,87.5,87.5,kg,2026-01-15,1
VS_042-S01-001_WEEK2_SYSBP,042-S01-001,S01,WEEK2,Systolic Blood Pressure,SYSBP,121.0,121.0,mmHg,2026-02-01,2
VS_042-S01-001_WEEK2_DIABP,042-S01-001,S01,WEEK2,Diastolic Blood Pressure,DIABP,73.0,73.0,mmHg,2026-02-01,2
VS_042-S01-001_WEEK2_PULSE,042-S01-001,S01,WEEK2,Pulse Rate,PULSE,77.0,77.0,beats/min,2026-02-01,2
VS_042-S01-001_WEEK2_WEIGHT,042-S01-001,S01,WEEK2,Weight,WEIGHT,82.5,82.5,kg,2026-02-01,2
VS_042-S01-002_WEEK2_SYSBP,042-S01-002,S01,WEEK2,Systolic Blood Pressure,SYSBP,119.0,119.0,mmHg,2026-02-01,2
VS_042-S01-002_WEEK2_DIABP,042-S01-002,S01,WEEK2,Diastolic Blood Pressure,DIABP,79.0,79.0,mmHg,2026-02-01,2
VS_042-S01-002_WEEK2_PULSE,042-S01-002,S01,WEEK2,Pulse Rate,PULSE,76.0,76.0,beats/min,2026-02-01,2
VS_042-S01-002_WEEK2_WEIGHT,042-S01-002,S01,WEEK2,Weight,WEIGHT,86.5,86.5,kg,2026-02-01,2
VS_042-S01-003_WEEK2_SYSBP,042-S01-003,S01,WEEK2,Systolic Blood Pressure,SYSBP,124.0,124.0,mmHg,2026-02-01,2
VS_042-S01-003_WEEK2_DIABP,042-S01-003,S01,WEEK2,Diastolic Blood Pressure,DIABP,74.0,74.0,mmHg,2026-02-01,2
VS_042-S01-003_WEEK2_PULSE,042-S01-003,S01,WEEK2,Pulse Rate,PULSE,76.0,76.0,beats/min,2026-02-01,2
VS_042-S01-003_WEEK2_WEIGHT,042-S01-003,S01,WEEK2,Weight,WEIGHT,86.5,86.5,kg,2026-02-01,2
VS_042-S01-004_WEEK2_SYSBP,042-S01-004,S01,WEEK2,Systolic Blood Pressure,SYSBP,121.0,121.0,mmHg,2026-02-01,2
VS_042-S01-004_WEEK2_DIABP,042-S01-004,S01,WEEK2,Diastolic Blood Pressure,DIABP,75.0,75.0,mmHg,2026-02-01,2
VS_042-S01-004_WEEK2_PULSE,042-S01-004,S01,WEEK2,Pulse Rate,PULSE,73.0,73.0,beats/min,2026-02-01,2
VS_042-S01-004_WEEK2_WEIGHT,042-S01-004,S01,WEEK2,Weight,WEIGHT,82.5,82.5,kg,2026-02-01,2
VS_042-S01-005_WEEK2_SYSBP,042-S01-005,S01,WEEK2,Systolic Blood Pressure,SYSBP,123.0,123.0,mmHg,2026-02-01,2
VS_042-S01-005_WEEK2_DIABP,042-S01-005,S01,WEEK2,Diastolic Blood Pressure,DIABP,75.0,75.0,mmHg,2026-02-01,2
VS_042-S01-005_WEEK2_PULSE,042-S01-005,S01,WEEK2,Pulse Rate,PULSE,76.0,76.0,beats/min,2026-02-01,2
VS_042-S01-005_WEEK2_WEIGHT,042-S01-005,S01,WEEK2,Weight,WEIGHT,85.5,85.5,kg,2026-02-01,2
VS_042-S01-006_WEEK2_SYSBP,042-S01-006,S01,WEEK2,Systolic Blood Pressure,SYSBP,119.0,119.0,mmHg,2026-02-01,2
VS_042-S01-006_WEEK2_DIABP,042-S01-006,S01,WEEK2,Diastolic Blood Pressure,DIABP,74.0,74.0,mmHg,2026-02-01,2
VS_042-S01-006_WEEK2_PULSE,042-S01-006,S01,WEEK2,Pulse Rate,PULSE,75.0,75.0,beats/min,2026-02-01,2
VS_042-S01-006_WEEK2_WEIGHT,042-S01-006,S01,WEEK2,Weight,WEIGHT,84.5,84.5,kg,2026-02-01,2
VS_042-S01-007_WEEK2_SYSBP,042-S01-007,S01,WEEK2,Systolic Blood Pressure,SYSBP,126.0,126.0,mmHg,2026-02-01,2
VS_042-S01-007_WEEK2_DIABP,042-S01-007,S01,WEEK2,Diastolic Blood Pressure,DIABP,76.0,76.0,mmHg,2026-02-01,2
VS_042-S01-007_WEEK2_PULSE,042-S01-007,S01,WEEK2,Pulse Rate,PULSE,68.0,68.0,beats/min,2026-02-01,2
VS_042-S01-007_WEEK2_WEIGHT,042-S01-007,S01,WEEK2,Weight,WEIGHT,84.5,84.5,kg,2026-02-01,2
VS_042-S01-008_WEEK2_SYSBP,042-S01-008,S01,WEEK2,Systolic Blood Pressure,SYSBP,121.0,121.0,mmHg,2026-02-01,2
VS_042-S01-008_WEEK2_DIABP,042-S01-008,S01,WEEK2,Diastolic Blood Pressure,DIABP,79.0,79.0,mmHg,2026-02-01,2
VS_042-S01-008_WEEK2_PULSE,042-S01-008,S01,WEEK2,Pulse Rate,PULSE,73.0,73.0,beats/min,2026-02-01,2
VS_042-S01-008_WEEK2_WEIGHT,042-S01-008,S01,WEEK2,Weight,WEIGHT,79.5,79.5,kg,2026-02-01,2
VS_042-S01-009_WEEK2_SYSBP,042-S01-009,S01,WEEK2,Systolic Blood Pressure,SYSBP,124.0,124.0,mmHg,2026-02-01,2
VS_042-S01-009_WEEK2_DIABP,042-S01-009,S01,WEEK2,Diastolic Blood Pressure,DIABP,82.0,82.0,mmHg,2026-02-01,2
VS_042-S01-009_WEEK2_PULSE,042-S01-009,S01,WEEK2,Pulse Rate,PULSE,68.0,68.0,beats/min,2026-02-01,2
VS_042-S01-009_WEEK2_WEIGHT,042-S01-009,S01,WEEK2,Weight,WEIGHT,78.5,78.5,kg,2026-02-01,2
VS_042-S01-010_WEEK2_SYSBP,042-S01-010,S01,WEEK2,Systolic Blood Pressure,SYSBP,125.0,125.0,mmHg,2026-02-01,2
VS_042-S01-010_WEEK2_DIABP,042-S01-010,S01,WEEK2,Diastolic Blood Pressure,DIABP,77.0,77.0,mmHg,2026-02-01,2
VS_042-S01-010_WEEK2_PULSE,042-S01-010,S01,WEEK2,Pulse Rate,PULSE,74.0,74.0,beats/min,2026-02-01,2
VS_042-S01-010_WEEK2_WEIGHT,042-S01-010,S01,WEEK2,Weight,WEIGHT,84.5,84.5,kg,2026-02-01,2
VS_042-S01-011_WEEK2_SYSBP,042-S01-011,S01,WEEK2,Systolic Blood Pressure,SYSBP,122.0,122.0,mmHg,2026-02-01,2
VS_042-S01-011_WEEK2_DIABP,042-S01-011,S01,WEEK2,Diastolic Blood Pressure,DIABP,75.0,75.0,mmHg,2026-02-01,2
VS_042-S01-011_WEEK2_PULSE,042-S01-011,S01,WEEK2,Pulse Rate,PULSE,77.0,77.0,beats/min,2026-02-01,2
VS_042-S01-011_WEEK2_WEIGHT,042-S01-011,S01,WEEK2,Weight,WEIGHT,77.5,77.5,kg,2026-02-01,2
VS_042-S01-012_WEEK2_SYSBP,042-S01-012,S01,WEEK2,Systolic Blood Pressure,SYSBP,126.0,126.0,mmHg,2026-02-01,2
VS_042-S01-012_WEEK2_DIABP,042-S01-012,S01,WEEK2,Diastolic Blood Pressure,DIABP,77.0,77.0,mmHg,2026-02-01,2
VS_042-S01-012_WEEK2_PULSE,042-S01-012,S01,WEEK2,Pulse Rate,PULSE,69.0,69.0,beats/min,2026-02-01,2
VS_042-S01-012_WEEK2_WEIGHT,042-S01-012,S01,WEEK2,Weight,WEIGHT,86.5,86.5,kg,2026-02-01,2
VS_042-S01-013_WEEK2_SYSBP,042-S01-013,S01,WEEK2,Systolic Blood Pressure,SYSBP,126.0,126.0,mmHg,2026-02-01,2
VS_042-S01-013_WEEK2_DIABP,042-S01-013,S01,WEEK2,Diastolic Blood Pressure,DIABP,80.0,80.0,mmHg,2026-02-01,2
VS_042-S01-013_WEEK2_PULSE,042-S01-013,S01,WEEK2,Pulse Rate,PULSE,73.0,73.0,beats/min,2026-02-01,2
VS_042-S01-013_WEEK2_WEIGHT,042-S01-013,S01,WEEK2,Weight,WEIGHT,83.5,83.5,kg,2026-02-01,2
VS_042-S01-014_WEEK2_SYSBP,042-S01-014,S01,WEEK2,Systolic Blood Pressure,SYSBP,128.0,128.0,mmHg,2026-02-01,2
VS_042-S01-014_WEEK2_DIABP,042-S01-014,S01,WEEK2,Diastolic Blood Pressure,DIABP,82.0,82.0,mmHg,2026-02-01,2
VS_042-S01-014_WEEK2_PULSE,042-S01-014,S01,WEEK2,Pulse Rate,PULSE,72.0,72.0,beats/min,2026-02-01,2
VS_042-S01-014_WEEK2_WEIGHT,042-S01-014,S01,WEEK2,Weight,WEIGHT,79.5,79.5,kg,2026-02-01,2
VS_042-S01-015_WEEK2_SYSBP,042-S01-015,S01,WEEK2,Systolic Blood Pressure,SYSBP,121.0,121.0,mmHg,2026-02-01,2
VS_042-S01-015_WEEK2_DIABP,042-S01-015,S01,WEEK2,Diastolic Blood Pressure,DIABP,82.0,82.0,mmHg,2026-02-01,2
VS_042-S01-015_WEEK2_PULSE,042-S01-015,S01,WEEK2,Pulse Rate,PULSE,75.0,75.0,beats/min,2026-02-01,2
VS_042-S01-015_WEEK2_WEIGHT,042-S01-015,S01,WEEK2,Weight,WEIGHT,84.5,84.5,kg,2026-02-01,2
VS_042-S01-016_WEEK2_SYSBP,042-S01-016,S01,WEEK2,Systolic Blood Pressure,SYSBP,128.0,128.0,mmHg,2026-02-01,2
VS_042-S01-016_WEEK2_DIABP,042-S01-016,S01,WEEK2,Diastolic Blood Pressure,DIABP,73.0,73.0,mmHg,2026-02-01,2
VS_042-S01-016_WEEK2_PULSE,042-S01-016,S01,WEEK2,Pulse Rate,PULSE,74.0,74.0,beats/min,2026-02-01,2
VS_042-S01-016_WEEK2_WEIGHT,042-S01-016,S01,WEEK2,Weight,WEIGHT,87.5,87.5,kg,2026-02-01,2
VS_042-S01-017_WEEK2_SYSBP,042-S01-017,S01,WEEK2,Systolic Blood Pressure,SYSBP,126.0,126.0,mmHg,2026-02-01,2
VS_042-S01-017_WEEK2_DIABP,042-S01-017,S01,WEEK2,Diastolic Blood Pressure,DIABP,77.0,77.0,mmHg,2026-02-01,2
VS_042-S01-017_WEEK2_PULSE,042-S01-017,S01,WEEK2,Pulse Rate,PULSE,75.0,75.0,beats/min,2026-02-01,2
VS_042-S01-017_WEEK2_WEIGHT,042-S01-017,S01,WEEK2,Weight,WEIGHT,82.5,82.5,kg,2026-02-01,2
VS_042-S01-018_WEEK2_SYSBP,042-S01-018,S01,WEEK2,Systolic Blood Pressure,SYSBP,126.0,126.0,mmHg,2026-02-01,2
VS_042-S01-018_WEEK2_DIABP,042-S01-018,S01,WEEK2,Diastolic Blood Pressure,DIABP,79.0,79.0,mmHg,2026-02-01,2
VS_042-S01-018_WEEK2_PULSE,042-S01-018,S01,WEEK2,Pulse Rate,PULSE,75.0,75.0,beats/min,2026-02-01,2
VS_042-S01-018_WEEK2_WEIGHT,042-S01-018,S01,WEEK2,Weight,WEIGHT,83.5,83.5,kg,2026-02-01,2
VS_042-S01-019_WEEK2_SYSBP,042-S01-019,S01,WEEK2,Systolic Blood Pressure,SYSBP,129.0,129.0,mmHg,2026-02-01,2
VS_042-S01-019_WEEK2_DIABP,042-S01-019,S01,WEEK2,Diastolic Blood Pressure,DIABP,79.0,79.0,mmHg,2026-02-01,2
VS_042-S01-019_WEEK2_PULSE,042-S01-019,S01,WEEK2,Pulse Rate,PULSE,71.0,71.0,beats/min,2026-02-01,2
VS_042-S01-019_WEEK2_WEIGHT,042-S01-019,S01,WEEK2,Weight,WEIGHT,87.5,87.5,kg,2026-02-01,2
VS_042-S01-020_WEEK2_SYSBP,042-S01-020,S01,WEEK2,Systolic Blood Pressure,SYSBP,122.0,122.0,mmHg,2026-02-01,2
VS_042-S01-020_WEEK2_DIABP,042-S01-020,S01,WEEK2,Diastolic Blood Pressure,DIABP,83.0,83.0,mmHg,2026-02-01,2
VS_042-S01-020_WEEK2_PULSE,042-S01-020,S01,WEEK2,Pulse Rate,PULSE,72.0,72.0,beats/min,2026-02-01,2
VS_042-S01-020_WEEK2_WEIGHT,042-S01-020,S01,WEEK2,Weight,WEIGHT,77.5,77.5,kg,2026-02-01,2
VS_042-S01-021_WEEK2_SYSBP,042-S01-021,S01,WEEK2,Systolic Blood Pressure,SYSBP,127.0,127.0,mmHg,2026-02-01,2
VS_042-S01-021_WEEK2_DIABP,042-S01-021,S01,WEEK2,Diastolic Blood Pressure,DIABP,78.0,78.0,mmHg,2026-02-01,2
VS_042-S01-021_WEEK2_PULSE,042-S01-021,S01,WEEK2,Pulse Rate,PULSE,77.0,77.0,beats/min,2026-02-01,2
VS_042-S01-021_WEEK2_WEIGHT,042-S01-021,S01,WEEK2,Weight,WEIGHT,78.5,78.5,kg,2026-02-01,2
VS_042-S02-001_WEEK2_SYSBP,042-S02-001,S02,WEEK2,Systolic Blood Pressure,SYSBP,123.0,123.0,mmHg,2026-02-01,2
VS_042-S02-001_WEEK2_DIABP,042-S02-001,S02,WEEK2,Diastolic Blood Pressure,DIABP,80.0,80.0,mmHg,2026-02-01,2
VS_042-S02-001_WEEK2_PULSE,042-S02-001,S02,WEEK2,Pulse Rate,PULSE,73.0,73.0,beats/min,2026-02-01,2
VS_042-S02-001_WEEK2_WEIGHT,042-S02-001,S02,WEEK2,Weight,WEIGHT,87.5,87.5,kg,2026-02-01,2
VS_042-S02-002_WEEK2_SYSBP,042-S02-002,S02,WEEK2,Systolic Blood Pressure,SYSBP,126.0,126.0,mmHg,2026-02-01,2
VS_042-S02-002_WEEK2_DIABP,042-S02-002,S02,WEEK2,Diastolic Blood Pressure,DIABP,82.0,82.0,mmHg,2026-02-01,2
VS_042-S02-002_WEEK2_PULSE,042-S02-002,S02,WEEK2,Pulse Rate,PULSE,67.0,67.0,beats/min,2026-02-01,2
VS_042-S02-002_WEEK2_WEIGHT,042-S02-002,S02,WEEK2,Weight,WEIGHT,82.5,82.5,kg,2026-02-01,2
VS_042-S02-003_WEEK2_SYSBP,042-S02-003,S02,WEEK2,Systolic Blood Pressure,SYSBP,128.0,128.0,mmHg,2026-02-01,2
VS_042-S02-003_WEEK2_DIABP,042-S02-003,S02,WEEK2,Diastolic Blood Pressure,DIABP,77.0,77.0,mmHg,2026-02-01,2
VS_042-S02-003_WEEK2_PULSE,042-S02-003,S02,WEEK2,Pulse Rate,PULSE,68.0,68.0,beats/min,2026-02-01,2
VS_042-S02-003_WEEK2_WEIGHT,042-S02-003,S02,WEEK2,Weight,WEIGHT,82.5,82.5,kg,2026-02-01,2
VS_042-S02-004_WEEK2_SYSBP,042-S02-004,S02,WEEK2,Systolic Blood Pressure,SYSBP,124.0,124.0,mmHg,2026-02-01,2
VS_042-S02-004_WEEK2_DIABP,042-S02-004,S02,WEEK2,Diastolic Blood Pressure,DIABP,77.0,77.0,mmHg,2026-02-01,2
VS_042-S02-004_WEEK2_PULSE,042-S02-004,S02,WEEK2,Pulse Rate,PULSE,69.0,69.0,beats/min,2026-02-01,2
VS_042-S02-004_WEEK2_WEIGHT,042-S02-004,S02,WEEK2,Weight,WEIGHT,82.5,82.5,kg,2026-02-01,2
VS_042-S02-005_WEEK2_SYSBP,042-S02-005,S02,WEEK2,Systolic Blood Pressure,SYSBP,120.0,120.0,mmHg,2026-02-01,2
VS_042-S02-005_WEEK2_DIABP,042-S02-005,S02,WEEK2,Diastolic Blood Pressure,DIABP,78.0,78.0,mmHg,2026-02-01,2
VS_042-S02-005_WEEK2_PULSE,042-S02-005,S02,WEEK2,Pulse Rate,PULSE,71.0,71.0,beats/min,2026-02-01,2
VS_042-S02-005_WEEK2_WEIGHT,042-S02-005,S02,WEEK2,Weight,WEIGHT,87.5,87.5,kg,2026-02-01,2
VS_042-S02-006_WEEK2_SYSBP,042-S02-006,S02,WEEK2,Systolic Blood Pressure,SYSBP,121.0,121.0,mmHg,2026-02-01,2
VS_042-S02-006_WEEK2_DIABP,042-S02-006,S02,WEEK2,Diastolic Blood Pressure,DIABP,83.0,83.0,mmHg,2026-02-01,2
VS_042-S02-006_WEEK2_PULSE,042-S02-006,S02,WEEK2,Pulse Rate,PULSE,67.0,67.0,beats/min,2026-02-01,2
VS_042-S02-006_WEEK2_WEIGHT,042-S02-006,S02,WEEK2,Weight,WEIGHT,87.5,87.5,kg,2026-02-01,2
VS_042-S02-007_WEEK2_SYSBP,042-S02-007,S02,WEEK2,Systolic Blood Pressure,SYSBP,120.0,120.0,mmHg,2026-02-01,2
VS_042-S02-007_WEEK2_DIABP,042-S02-007,S02,WEEK2,Diastolic Blood Pressure,DIABP,76.0,76.0,mmHg,2026-02-01,2
VS_042-S02-007_WEEK2_PULSE,042-S02-007,S02,WEEK2,Pulse Rate,PULSE,67.0,67.0,beats/min,2026-02-01,2
VS_042-S02-007_WEEK2_WEIGHT,042-S02-007,S02,WEEK2,Weight,WEIGHT,79.5,79.5,kg,2026-02-01,2
VS_042-S02-008_WEEK2_SYSBP,042-S02-008,S02,WEEK2,Systolic Blood Pressure,SYSBP,128.0,128.0,mmHg,2026-02-01,2
VS_042-S02-008_WEEK2_DIABP,042-S02-008,S02,WEEK2,Diastolic Blood Pressure,DIABP,74.0,74.0,mmHg,2026-02-01,2
VS_042-S02-008_WEEK2_PULSE,042-S02-008,S02,WEEK2,Pulse Rate,PULSE,72.0,72.0,beats/min,2026-02-01,2
VS_042-S02-008_WEEK2_WEIGHT,042-S02-008,S02,WEEK2,Weight,WEIGHT,86.5,86.5,kg,2026-02-01,2
VS_042-S02-009_WEEK2_SYSBP,042-S02-009,S02,WEEK2,Systolic Blood Pressure,SYSBP,120.0,120.0,mmHg,2026-02-01,2
VS_042-S02-009_WEEK2_DIABP,042-S02-009,S02,WEEK2,Diastolic Blood Pressure,DIABP,82.0,82.0,mmHg,2026-02-01,2
VS_042-S02-009_WEEK2_PULSE,042-S02-009,S02,WEEK2,Pulse Rate,PULSE,71.0,71.0,beats/min,2026-02-01,2
VS_042-S02-009_WEEK2_WEIGHT,042-S02-009,S02,WEEK2,Weight,WEIGHT,80.5,80.5,kg,2026-02-01,2
VS_042-S02-010_WEEK2_SYSBP,042-S02-010,S02,WEEK2,Systolic Blood Pressure,SYSBP,123.0,123.0,mmHg,2026-02-01,2
VS_042-S02-010_WEEK2_DIABP,042-S02-010,S02,WEEK2,Diastolic Blood Pressure,DIABP,80.0,80.0,mmHg,2026-02-01,2
VS_042-S02-010_WEEK2_PULSE,042-S02-010,S02,WEEK2,Pulse Rate,PULSE,76.0,76.0,beats/min,2026-02-01,2
VS_042-S02-010_WEEK2_WEIGHT,042-S02-010,S02,WEEK2,Weight,WEIGHT,86.5,86.5,kg,2026-02-01,2
VS_042-S02-011_WEEK2_SYSBP,042-S02-011,S02,WEEK2,Systolic Blood Pressure,SYSBP,126.0,126.0,mmHg,2026-02-01,2
VS_042-S02-011_WEEK2_DIABP,042-S02-011,S02,WEEK2,Diastolic Blood Pressure,DIABP,73.0,73.0,mmHg,2026-02-01,2
VS_042-S02-011_WEEK2_PULSE,042-S02-011,S02,WEEK2,Pulse Rate,PULSE,70.0,70.0,beats/min,2026-02-01,2
VS_042-S02-011_WEEK2_WEIGHT,042-S02-011,S02,WEEK2,Weight,WEIGHT,80.5,80.5,kg,2026-02-01,2
VS_042-S02-012_WEEK2_SYSBP,042-S02-012,S02,WEEK2,Systolic Blood Pressure,SYSBP,122.0,122.0,mmHg,2026-02-01,2
VS_042-S02-012_WEEK2_DIABP,042-S02-012,S02,WEEK2,Diastolic Blood Pressure,DIABP,81.0,81.0,mmHg,2026-02-01,2
VS_042-S02-012_WEEK2_PULSE,042-S02-012,S02,WEEK2,Pulse Rate,PULSE,75.0,75.0,beats/min,2026-02-01,2
VS_042-S02-012_WEEK2_WEIGHT,042-S02-012,S02,WEEK2,Weight,WEIGHT,86.5,86.5,kg,2026-02-01,2
VS_042-S02-013_WEEK2_SYSBP,042-S02-013,S02,WEEK2,Systolic Blood Pressure,SYSBP,124.0,124.0,mmHg,2026-02-01,2
VS_042-S02-013_WEEK2_DIABP,042-S02-013,S02,WEEK2,Diastolic Blood Pressure,DIABP,83.0,83.0,mmHg,2026-02-01,2
VS_042-S02-013_WEEK2_PULSE,042-S02-013,S02,WEEK2,Pulse Rate,PULSE,67.0,67.0,beats/min,2026-02-01,2
VS_042-S02-013_WEEK2_WEIGHT,042-S02-013,S02,WEEK2,Weight,WEIGHT,81.5,81.5,kg,2026-02-01,2
VS_042-S02-014_WEEK2_SYSBP,042-S02-014,S02,WEEK2,Systolic Blood Pressure,SYSBP,120.0,120.0,mmHg,2026-02-01,2
VS_042-S02-014_WEEK2_DIABP,042-S02-014,S02,WEEK2,Diastolic Blood Pressure,DIABP,82.0,82.0,mmHg,2026-02-01,2
VS_042-S02-014_WEEK2_PULSE,042-S02-014,S02,WEEK2,Pulse Rate,PULSE,70.0,70.0,beats/min,2026-02-01,2
VS_042-S02-014_WEEK2_WEIGHT,042-S02-014,S02,WEEK2,Weight,WEIGHT,79.5,79.5,kg,2026-02-01,2
VS_042-S02-015_WEEK2_SYSBP,042-S02-015,S02,WEEK2,Systolic Blood Pressure,SYSBP,121.0,121.0,mmHg,2026-02-01,2
VS_042-S02-015_WEEK2_DIABP,042-S02-015,S02,WEEK2,Diastolic Blood Pressure,DIABP,79.0,79.0,mmHg,2026-02-01,2
VS_042-S02-015_WEEK2_PULSE,042-S02-015,S02,WEEK2,Pulse Rate,PULSE,75.0,75.0,beats/min,2026-02-01,2
VS_042-S02-015_WEEK2_WEIGHT,042-S02-015,S02,WEEK2,Weight,WEIGHT,82.5,82.5,kg,2026-02-01,2
VS_042-S02-016_WEEK2_SYSBP,042-S02-016,S02,WEEK2,Systolic Blood Pressure,SYSBP,122.0,122.0,mmHg,2026-02-01,2
VS_042-S02-016_WEEK2_DIABP,042-S02-016,S02,WEEK2,Diastolic Blood Pressure,DIABP,83.0,83.0,mmHg,2026-02-01,2
VS_042-S02-016_WEEK2_PULSE,042-S02-016,S02,WEEK2,Pulse Rate,PULSE,68.0,68.0,beats/min,2026-02-01,2
VS_042-S02-016_WEEK2_WEIGHT,042-S02-016,S02,WEEK2,Weight,WEIGHT,81.5,81.5,kg,2026-02-01,2
VS_042-S02-017_WEEK2_SYSBP,042-S02-017,S02,WEEK2,Systolic Blood Pressure,SYSBP,125.0,125.0,mmHg,2026-02-01,2
VS_042-S02-017_WEEK2_DIABP,042-S02-017,S02,WEEK2,Diastolic Blood Pressure,DIABP,82.0,82.0,mmHg,2026-02-01,2
VS_042-S02-017_WEEK2_PULSE,042-S02-017,S02,WEEK2,Pulse Rate,PULSE,75.0,75.0,beats/min,2026-02-01,2
VS_042-S02-017_WEEK2_WEIGHT,042-S02-017,S02,WEEK2,Weight,WEIGHT,85.5,85.5,kg,2026-02-01,2
VS_042-S02-018_WEEK2_SYSBP,042-S02-018,S02,WEEK2,Systolic Blood Pressure,SYSBP,128.0,128.0,mmHg,2026-02-01,2
VS_042-S02-018_WEEK2_DIABP,042-S02-018,S02,WEEK2,Diastolic Blood Pressure,DIABP,76.0,76.0,mmHg,2026-02-01,2
VS_042-S02-018_WEEK2_PULSE,042-S02-018,S02,WEEK2,Pulse Rate,PULSE,77.0,77.0,beats/min,2026-02-01,2
VS_042-S02-018_WEEK2_WEIGHT,042-S02-018,S02,WEEK2,Weight,WEIGHT,84.5,84.5,kg,2026-02-01,2
VS_042-S02-019_WEEK2_SYSBP,042-S02-019,S02,WEEK2,Systolic Blood Pressure,SYSBP,122.0,122.0,mmHg,2026-02-01,2
VS_042-S02-019_WEEK2_DIABP,042-S02-019,S02,WEEK2,Diastolic Blood Pressure,DIABP,75.0,75.0,mmHg,2026-02-01,2
VS_042-S02-019_WEEK2_PULSE,042-S02-019,S02,WEEK2,Pulse Rate,PULSE,67.0,67.0,beats/min,2026-02-01,2
VS_042-S02-019_WEEK2_WEIGHT,042-S02-019,S02,WEEK2,Weight,WEIGHT,85.5,85.5,kg,2026-02-01,2
VS_042-S02-020_WEEK2_SYSBP,042-S02-020,S02,WEEK2,Systolic Blood Pressure,SYSBP,119.0,119.0,mmHg,2026-02-01,2
VS_042-S02-020_WEEK2_DIABP,042-S02-020,S02,WEEK2,Diastolic Blood Pressure,DIABP,73.0,73.0,mmHg,2026-02-01,2
VS_042-S02-020_WEEK2_PULSE,042-S02-020,S02,WEEK2,Pulse Rate,PULSE,74.0,74.0,beats/min,2026-02-01,2
VS_042-S02-020_WEEK2_WEIGHT,042-S02-020,S02,WEEK2,Weight,WEIGHT,78.5,78.5,kg,2026-02-01,2
VS_042-S03-001_WEEK2_SYSBP,042-S03-001,S03,WEEK2,Systolic Blood Pressure,SYSBP,128.0,128.0,mmHg,2026-02-01,2
VS_042-S03-001_WEEK2_DIABP,042-S03-001,S03,WEEK2,Diastolic Blood Pressure,DIABP,80.0,80.0,mmHg,2026-02-01,2
VS_042-S03-001_WEEK2_PULSE,042-S03-001,S03,WEEK2,Pulse Rate,PULSE,73.0,73.0,beats/min,2026-02-01,2
VS_042-S03-001_WEEK2_WEIGHT,042-S03-001,S03,WEEK2,Weight,WEIGHT,86.5,86.5,kg,2026-02-01,2
VS_042-S03-002_WEEK2_SYSBP,042-S03-002,S03,WEEK2,Systolic Blood Pressure,SYSBP,127.0,127.0,mmHg,2026-02-01,2
VS_042-S03-002_WEEK2_DIABP,042-S03-002,S03,WEEK2,Diastolic Blood Pressure,DIABP,82.0,82.0,mmHg,2026-02-01,2
VS_042-S03-002_WEEK2_PULSE,042-S03-002,S03,WEEK2,Pulse Rate,PULSE,75.0,75.0,beats/min,2026-02-01,2
VS_042-S03-002_WEEK2_WEIGHT,042-S03-002,S03,WEEK2,Weight,WEIGHT,83.5,83.5,kg,2026-02-01,2
VS_042-S03-003_WEEK2_SYSBP,042-S03-003,S03,WEEK2,Systolic Blood Pressure,SYSBP,123.0,123.0,mmHg,2026-02-01,2
VS_042-S03-003_WEEK2_DIABP,042-S03-003,S03,WEEK2,Diastolic Blood Pressure,DIABP,81.0,81.0,mmHg,2026-02-01,2
VS_042-S03-003_WEEK2_PULSE,042-S03-003,S03,WEEK2,Pulse Rate,PULSE,70.0,70.0,beats/min,2026-02-01,2
VS_042-S03-003_WEEK2_WEIGHT,042-S03-003,S03,WEEK2,Weight,WEIGHT,77.5,77.5,kg,2026-02-01,2
VS_042-S03-004_WEEK2_SYSBP,042-S03-004,S03,WEEK2,Systolic Blood Pressure,SYSBP,126.0,126.0,mmHg,2026-02-01,2
VS_042-S03-004_WEEK2_DIABP,042-S03-004,S03,WEEK2,Diastolic Blood Pressure,DIABP,73.0,73.0,mmHg,2026-02-01,2
VS_042-S03-004_WEEK2_PULSE,042-S03-004,S03,WEEK2,Pulse Rate,PULSE,71.0,71.0,beats/min,2026-02-01,2
VS_042-S03-004_WEEK2_WEIGHT,042-S03-004,S03,WEEK2,Weight,WEIGHT,79.5,79.5,kg,2026-02-01,2
VS_042-S03-005_WEEK2_SYSBP,042-S03-005,S03,WEEK2,Systolic Blood Pressure,SYSBP,124.0,124.0,mmHg,2026-02-01,2
VS_042-S03-005_WEEK2_DIABP,042-S03-005,S03,WEEK2,Diastolic Blood Pressure,DIABP,80.0,80.0,mmHg,2026-02-01,2
VS_042-S03-005_WEEK2_PULSE,042-S03-005,S03,WEEK2,Pulse Rate,PULSE,72.0,72.0,beats/min,2026-02-01,2
VS_042-S03-005_WEEK2_WEIGHT,042-S03-005,S03,WEEK2,Weight,WEIGHT,84.5,84.5,kg,2026-02-01,2
VS_042-S03-006_WEEK2_SYSBP,042-S03-006,S03,WEEK2,Systolic Blood Pressure,SYSBP,119.0,119.0,mmHg,2026-02-01,2
VS_042-S03-006_WEEK2_DIABP,042-S03-006,S03,WEEK2,Diastolic Blood Pressure,DIABP,79.0,79.0,mmHg,2026-02-01,2
VS_042-S03-006_WEEK2_PULSE,042-S03-006,S03,WEEK2,Pulse Rate,PULSE,76.0,76.0,beats/min,2026-02-01,2
VS_042-S03-006_WEEK2_WEIGHT,042-S03-006,S03,WEEK2,Weight,WEIGHT,80.5,80.5,kg,2026-02-01,2
VS_042-S03-007_WEEK2_SYSBP,042-S03-007,S03,WEEK2,Systolic Blood Pressure,SYSBP,122.0,122.0,mmHg,2026-02-01,2
VS_042-S03-007_WEEK2_DIABP,042-S03-007,S03,WEEK2,Diastolic Blood Pressure,DIABP,78.0,78.0,mmHg,2026-02-01,2
VS_042-S03-007_WEEK2_PULSE,042-S03-007,S03,WEEK2,Pulse Rate,PULSE,69.0,69.0,beats/min,2026-02-01,2
VS_042-S03-007_WEEK2_WEIGHT,042-S03-007,S03,WEEK2,Weight,WEIGHT,82.5,82.5,kg,2026-02-01,2
VS_042-S03-008_WEEK2_SYSBP,042-S03-008,S03,WEEK2,Systolic Blood Pressure,SYSBP,121.0,121.0,mmHg,2026-02-01,2
VS_042-S03-008_WEEK2_DIABP,042-S03-008,S03,WEEK2,Diastolic Blood Pressure,DIABP,78.0,78.0,mmHg,2026-02-01,2
VS_042-S03-008_WEEK2_PULSE,042-S03-008,S03,WEEK2,Pulse Rate,PULSE,71.0,71.0,beats/min,2026-02-01,2
VS_042-S03-008_WEEK2_WEIGHT,042-S03-008,S03,WEEK2,Weight,WEIGHT,84.5,84.5,kg,2026-02-01,2
VS_042-S03-009_WEEK2_SYSBP,042-S03-009,S03,WEEK2,Systolic Blood Pressure,SYSBP,127.0,127.0,mmHg,2026-02-01,2
VS_042-S03-009_WEEK2_DIABP,042-S03-009,S03,WEEK2,Diastolic Blood Pressure,DIABP,76.0,76.0,mmHg,2026-02-01,2
VS_042-S03-009_WEEK2_PULSE,042-S03-009,S03,WEEK2,Pulse Rate,PULSE,69.0,69.0,beats/min,2026-02-01,2
VS_042-S03-009_WEEK2_WEIGHT,042-S03-009,S03,WEEK2,Weight,WEIGHT,86.5,86.5,kg,2026-02-01,2
VS_042-S03-010_WEEK2_SYSBP,042-S03-010,S03,WEEK2,Systolic Blood Pressure,SYSBP,123.0,123.0,mmHg,2026-02-01,2
VS_042-S03-010_WEEK2_DIABP,042-S03-010,S03,WEEK2,Diastolic Blood Pressure,DIABP,79.0,79.0,mmHg,2026-02-01,2
VS_042-S03-010_WEEK2_PULSE,042-S03-010,S03,WEEK2,Pulse Rate,PULSE,68.0,68.0,beats/min,2026-02-01,2
VS_042-S03-010_WEEK2_WEIGHT,042-S03-010,S03,WEEK2,Weight,WEIGHT,78.5,78.5,kg,2026-02-01,2
VS_042-S03-011_WEEK2_SYSBP,042-S03-011,S03,WEEK2,Systolic Blood Pressure,SYSBP,127.0,127.0,mmHg,2026-02-01,2
VS_042-S03-011_WEEK2_DIABP,042-S03-011,S03,WEEK2,Diastolic Blood Pressure,DIABP,76.0,76.0,mmHg,2026-02-01,2
VS_042-S03-011_WEEK2_PULSE,042-S03-011,S03,WEEK2,Pulse Rate,PULSE,76.0,76.0,beats/min,2026-02-01,2
VS_042-S03-011_WEEK2_WEIGHT,042-S03-011,S03,WEEK2,Weight,WEIGHT,82.5,82.5,kg,2026-02-01,2
VS_042-S03-012_WEEK2_SYSBP,042-S03-012,S03,WEEK2,Systolic Blood Pressure,SYSBP,128.0,128.0,mmHg,2026-02-01,2
VS_042-S03-012_WEEK2_DIABP,042-S03-012,S03,WEEK2,Diastolic Blood Pressure,DIABP,77.0,77.0,mmHg,2026-02-01,2
VS_042-S03-012_WEEK2_PULSE,042-S03-012,S03,WEEK2,Pulse Rate,PULSE,72.0,72.0,beats/min,2026-02-01,2
VS_042-S03-012_WEEK2_WEIGHT,042-S03-012,S03,WEEK2,Weight,WEIGHT,87.5,87.5,kg,2026-02-01,2
VS_042-S03-013_WEEK2_SYSBP,042-S03-013,S03,WEEK2,Systolic Blood Pressure,SYSBP,122.0,122.0,mmHg,2026-02-01,2
VS_042-S03-013_WEEK2_DIABP,042-S03-013,S03,WEEK2,Diastolic Blood Pressure,DIABP,79.0,79.0,mmHg,2026-02-01,2
VS_042-S03-013_WEEK2_PULSE,042-S03-013,S03,WEEK2,Pulse Rate,PULSE,72.0,72.0,beats/min,2026-02-01,2
VS_042-S03-013_WEEK2_WEIGHT,042-S03-013,S03,WEEK2,Weight,WEIGHT,86.5,86.5,kg,2026-02-01,2
VS_042-S03-014_WEEK2_SYSBP,042-S03-014,S03,WEEK2,Systolic Blood Pressure,SYSBP,127.0,127.0,mmHg,2026-02-01,2
VS_042-S03-014_WEEK2_DIABP,042-S03-014,S03,WEEK2,Diastolic Blood Pressure,DIABP,83.0,83.0,mmHg,2026-02-01,2
VS_042-S03-014_WEEK2_PULSE,042-S03-014,S03,WEEK2,Pulse Rate,PULSE,67.0,67.0,beats/min,2026-02-01,2
VS_042-S03-014_WEEK2_WEIGHT,042-S03-014,S03,WEEK2,Weight,WEIGHT,85.5,85.5,kg,2026-02-01,2
VS_042-S03-015_WEEK2_SYSBP,042-S03-015,S03,WEEK2,Systolic Blood Pressure,SYSBP,119.0,119.0,mmHg,2026-02-01,2
VS_042-S03-015_WEEK2_DIABP,042-S03-015,S03,WEEK2,Diastolic Blood Pressure,DIABP,80.0,80.0,mmHg,2026-02-01,2
VS_042-S03-015_WEEK2_PULSE,042-S03-015,S03,WEEK2,Pulse Rate,PULSE,73.0,73.0,beats/min,2026-02-01,2
VS_042-S03-015_WEEK2_WEIGHT,042-S03-015,S03,WEEK2,Weight,WEIGHT,78.5,78.5,kg,2026-02-01,2
VS_042-S03-016_WEEK2_SYSBP,042-S03-016,S03,WEEK2,Systolic Blood Pressure,SYSBP,129.0,129.0,mmHg,2026-02-01,2
VS_042-S03-016_WEEK2_DIABP,042-S03-016,S03,WEEK2,Diastolic Blood Pressure,DIABP,76.0,76.0,mmHg,2026-02-01,2
VS_042-S03-016_WEEK2_PULSE,042-S03-016,S03,WEEK2,Pulse Rate,PULSE,75.0,75.0,beats/min,2026-02-01,2
VS_042-S03-016_WEEK2_WEIGHT,042-S03-016,S03,WEEK2,Weight,WEIGHT,81.5,81.5,kg,2026-02-01,2
VS_042-S03-017_WEEK2_SYSBP,042-S03-017,S03,WEEK2,Systolic Blood Pressure,SYSBP,128.0,128.0,mmHg,2026-02-01,2
VS_042-S03-017_WEEK2_DIABP,042-S03-017,S03,WEEK2,Diastolic Blood Pressure,DIABP,76.0,76.0,mmHg,2026-02-01,2
VS_042-S03-017_WEEK2_PULSE,042-S03-017,S03,WEEK2,Pulse Rate,PULSE,71.0,71.0,beats/min,2026-02-01,2
VS_042-S03-017_WEEK2_WEIGHT,042-S03-017,S03,WEEK2,Weight,WEIGHT,85.5,85.5,kg,2026-02-01,2
VS_042-S03-018_WEEK2_SYSBP,042-S03-018,S03,WEEK2,Systolic Blood Pressure,SYSBP,121.0,121.0,mmHg,2026-02-01,2
VS_042-S03-018_WEEK2_DIABP,042-S03-018,S03,WEEK2,Diastolic Blood Pressure,DIABP,81.0,81.0,mmHg,2026-02-01,2
VS_042-S03-018_WEEK2_PULSE,042-S03-018,S03,WEEK2,Pulse Rate,PULSE,69.0,69.0,beats/min,2026-02-01,2
VS_042-S03-018_WEEK2_WEIGHT,042-S03-018,S03,WEEK2,Weight,WEIGHT,83.5,83.5,kg,2026-02-01,2
VS_042-S03-019_WEEK2_SYSBP,042-S03-019,S03,WEEK2,Systolic Blood Pressure,SYSBP,123.0,123.0,mmHg,2026-02-01,2
VS_042-S03-019_WEEK2_DIABP,042-S03-019,S03,WEEK2,Diastolic Blood Pressure,DIABP,76.0,76.0,mmHg,2026-02-01,2
VS_042-S03-019_WEEK2_PULSE,042-S03-019,S03,WEEK2,Pulse Rate,PULSE,76.0,76.0,beats/min,2026-02-01,2
VS_042-S03-019_WEEK2_WEIGHT,042-S03-019,S03,WEEK2,Weight,WEIGHT,80.5,80.5,kg,2026-02-01,2
VS_042-S03-020_WEEK2_SYSBP,042-S03-020,S03,WEEK2,Systolic Blood Pressure,SYSBP,129.0,129.0,mmHg,2026-02-01,2
VS_042-S03-020_WEEK2_DIABP,042-S03-020,S03,WEEK2,Diastolic Blood Pressure,DIABP,82.0,82.0,mmHg,2026-02-01,2
VS_042-S03-020_WEEK2_PULSE,042-S03-020,S03,WEEK2,Pulse Rate,PULSE,77.0,77.0,beats/min,2026-02-01,2
VS_042-S03-020_WEEK2_WEIGHT,042-S03-020,S03,WEEK2,Weight,WEIGHT,78.5,78.5,kg,2026-02-01,2
VS_042-S05-001_WEEK2_SYSBP,042-S05-001,S05,WEEK2,Systolic Blood Pressure,SYSBP,122.0,122.0,mmHg,2026-02-01,2
VS_042-S05-001_WEEK2_DIABP,042-S05-001,S05,WEEK2,Diastolic Blood Pressure,DIABP,76.0,76.0,mmHg,2026-02-01,2
VS_042-S05-001_WEEK2_PULSE,042-S05-001,S05,WEEK2,Pulse Rate,PULSE,69.0,69.0,beats/min,2026-02-01,2
VS_042-S05-001_WEEK2_WEIGHT,042-S05-001,S05,WEEK2,Weight,WEIGHT,83.5,83.5,kg,2026-02-01,2
VS_042-S05-002_WEEK2_SYSBP,042-S05-002,S05,WEEK2,Systolic Blood Pressure,SYSBP,129.0,129.0,mmHg,2026-02-01,2
VS_042-S05-002_WEEK2_DIABP,042-S05-002,S05,WEEK2,Diastolic Blood Pressure,DIABP,80.0,80.0,mmHg,2026-02-01,2
VS_042-S05-002_WEEK2_PULSE,042-S05-002,S05,WEEK2,Pulse Rate,PULSE,69.0,69.0,beats/min,2026-02-01,2
VS_042-S05-002_WEEK2_WEIGHT,042-S05-002,S05,WEEK2,Weight,WEIGHT,84.5,84.5,kg,2026-02-01,2
VS_042-S05-003_WEEK2_SYSBP,042-S05-003,S05,WEEK2,Systolic Blood Pressure,SYSBP,120.0,120.0,mmHg,2026-02-01,2
VS_042-S05-003_WEEK2_DIABP,042-S05-003,S05,WEEK2,Diastolic Blood Pressure,DIABP,75.0,75.0,mmHg,2026-02-01,2
VS_042-S05-003_WEEK2_PULSE,042-S05-003,S05,WEEK2,Pulse Rate,PULSE,67.0,67.0,beats/min,2026-02-01,2
VS_042-S05-003_WEEK2_WEIGHT,042-S05-003,S05,WEEK2,Weight,WEIGHT,79.5,79.5,kg,2026-02-01,2
VS_042-S05-004_WEEK2_SYSBP,042-S05-004,S05,WEEK2,Systolic Blood Pressure,SYSBP,128.0,128.0,mmHg,2026-02-01,2
VS_042-S05-004_WEEK2_DIABP,042-S05-004,S05,WEEK2,Diastolic Blood Pressure,DIABP,83.0,83.0,mmHg,2026-02-01,2
VS_042-S05-004_WEEK2_PULSE,042-S05-004,S05,WEEK2,Pulse Rate,PULSE,68.0,68.0,beats/min,2026-02-01,2
VS_042-S05-004_WEEK2_WEIGHT,042-S05-004,S05,WEEK2,Weight,WEIGHT,81.5,81.5,kg,2026-02-01,2
VS_042-S05-005_WEEK2_SYSBP,042-S05-005,S05,WEEK2,Systolic Blood Pressure,SYSBP,124.0,124.0,mmHg,2026-02-01,2
VS_042-S05-005_WEEK2_DIABP,042-S05-005,S05,WEEK2,Diastolic Blood Pressure,DIABP,80.0,80.0,mmHg,2026-02-01,2
VS_042-S05-005_WEEK2_PULSE,042-S05-005,S05,WEEK2,Pulse Rate,PULSE,68.0,68.0,beats/min,2026-02-01,2
VS_042-S05-005_WEEK2_WEIGHT,042-S05-005,S05,WEEK2,Weight,WEIGHT,78.5,78.5,kg,2026-02-01,2
VS_042-S05-006_WEEK2_SYSBP,042-S05-006,S05,WEEK2,Systolic Blood Pressure,SYSBP,127.0,127.0,mmHg,2026-02-01,2
VS_042-S05-006_WEEK2_DIABP,042-S05-006,S05,WEEK2,Diastolic Blood Pressure,DIABP,80.0,80.0,mmHg,2026-02-01,2
VS_042-S05-006_WEEK2_PULSE,042-S05-006,S05,WEEK2,Pulse Rate,PULSE,74.0,74.0,beats/min,2026-02-01,2
VS_042-S05-006_WEEK2_WEIGHT,042-S05-006,S05,WEEK2,Weight,WEIGHT,86.5,86.5,kg,2026-02-01,2
VS_042-S05-007_WEEK2_SYSBP,042-S05-007,S05,WEEK2,Systolic Blood Pressure,SYSBP,125.0,125.0,mmHg,2026-02-01,2
VS_042-S05-007_WEEK2_DIABP,042-S05-007,S05,WEEK2,Diastolic Blood Pressure,DIABP,80.0,80.0,mmHg,2026-02-01,2
VS_042-S05-007_WEEK2_PULSE,042-S05-007,S05,WEEK2,Pulse Rate,PULSE,71.0,71.0,beats/min,2026-02-01,2
VS_042-S05-007_WEEK2_WEIGHT,042-S05-007,S05,WEEK2,Weight,WEIGHT,79.5,79.5,kg,2026-02-01,2
VS_042-S05-008_WEEK2_SYSBP,042-S05-008,S05,WEEK2,Systolic Blood Pressure,SYSBP,120.0,120.0,mmHg,2026-02-01,2
VS_042-S05-008_WEEK2_DIABP,042-S05-008,S05,WEEK2,Diastolic Blood Pressure,DIABP,81.0,81.0,mmHg,2026-02-01,2
VS_042-S05-008_WEEK2_PULSE,042-S05-008,S05,WEEK2,Pulse Rate,PULSE,70.0,70.0,beats/min,2026-02-01,2
VS_042-S05-008_WEEK2_WEIGHT,042-S05-008,S05,WEEK2,Weight,WEIGHT,78.5,78.5,kg,2026-02-01,2
VS_042-S05-009_WEEK2_SYSBP,042-S05-009,S05,WEEK2,Systolic Blood Pressure,SYSBP,123.0,123.0,mmHg,2026-02-01,2
VS_042-S05-009_WEEK2_DIABP,042-S05-009,S05,WEEK2,Diastolic Blood Pressure,DIABP,79.0,79.0,mmHg,2026-02-01,2
VS_042-S05-009_WEEK2_PULSE,042-S05-009,S05,WEEK2,Pulse Rate,PULSE,76.0,76.0,beats/min,2026-02-01,2
VS_042-S05-009_WEEK2_WEIGHT,042-S05-009,S05,WEEK2,Weight,WEIGHT,86.5,86.5,kg,2026-02-01,2
VS_042-S05-010_WEEK2_SYSBP,042-S05-010,S05,WEEK2,Systolic Blood Pressure,SYSBP,122.0,122.0,mmHg,2026-02-01,2
VS_042-S05-010_WEEK2_DIABP,042-S05-010,S05,WEEK2,Diastolic Blood Pressure,DIABP,81.0,81.0,mmHg,2026-02-01,2
VS_042-S05-010_WEEK2_PULSE,042-S05-010,S05,WEEK2,Pulse Rate,PULSE,77.0,77.0,beats/min,2026-02-01,2
VS_042-S05-010_WEEK2_WEIGHT,042-S05-010,S05,WEEK2,Weight,WEIGHT,83.5,83.5,kg,2026-02-01,2
VS_042-S05-011_WEEK2_SYSBP,042-S05-011,S05,WEEK2,Systolic Blood Pressure,SYSBP,122.0,122.0,mmHg,2026-02-01,2
VS_042-S05-011_WEEK2_DIABP,042-S05-011,S05,WEEK2,Diastolic Blood Pressure,DIABP,80.0,80.0,mmHg,2026-02-01,2
VS_042-S05-011_WEEK2_PULSE,042-S05-011,S05,WEEK2,Pulse Rate,PULSE,77.0,77.0,beats/min,2026-02-01,2
VS_042-S05-011_WEEK2_WEIGHT,042-S05-011,S05,WEEK2,Weight,WEIGHT,87.5,87.5,kg,2026-02-01,2
VS_042-S05-012_WEEK2_SYSBP,042-S05-012,S05,WEEK2,Systolic Blood Pressure,SYSBP,127.0,127.0,mmHg,2026-02-01,2
VS_042-S05-012_WEEK2_DIABP,042-S05-012,S05,WEEK2,Diastolic Blood Pressure,DIABP,76.0,76.0,mmHg,2026-02-01,2
VS_042-S05-012_WEEK2_PULSE,042-S05-012,S05,WEEK2,Pulse Rate,PULSE,67.0,67.0,beats/min,2026-02-01,2
VS_042-S05-012_WEEK2_WEIGHT,042-S05-012,S05,WEEK2,Weight,WEIGHT,77.5,77.5,kg,2026-02-01,2
VS_042-S05-013_WEEK2_SYSBP,042-S05-013,S05,WEEK2,Systolic Blood Pressure,SYSBP,120.0,120.0,mmHg,2026-02-01,2
VS_042-S05-013_WEEK2_DIABP,042-S05-013,S05,WEEK2,Diastolic Blood Pressure,DIABP,81.0,81.0,mmHg,2026-02-01,2
VS_042-S05-013_WEEK2_PULSE,042-S05-013,S05,WEEK2,Pulse Rate,PULSE,76.0,76.0,beats/min,2026-02-01,2
VS_042-S05-013_WEEK2_WEIGHT,042-S05-013,S05,WEEK2,Weight,WEIGHT,87.5,87.5,kg,2026-02-01,2
VS_042-S05-014_WEEK2_SYSBP,042-S05-014,S05,WEEK2,Systolic Blood Pressure,SYSBP,127.0,127.0,mmHg,2026-02-01,2
VS_042-S05-014_WEEK2_DIABP,042-S05-014,S05,WEEK2,Diastolic Blood Pressure,DIABP,81.0,81.0,mmHg,2026-02-01,2
VS_042-S05-014_WEEK2_PULSE,042-S05-014,S05,WEEK2,Pulse Rate,PULSE,68.0,68.0,beats/min,2026-02-01,2
VS_042-S05-014_WEEK2_WEIGHT,042-S05-014,S05,WEEK2,Weight,WEIGHT,80.5,80.5,kg,2026-02-01,2
VS_042-S05-015_WEEK2_SYSBP,042-S05-015,S05,WEEK2,Systolic Blood Pressure,SYSBP,124.0,124.0,mmHg,2026-02-01,2
VS_042-S05-015_WEEK2_DIABP,042-S05-015,S05,WEEK2,Diastolic Blood Pressure,DIABP,76.0,76.0,mmHg,2026-02-01,2
VS_042-S05-015_WEEK2_PULSE,042-S05-015,S05,WEEK2,Pulse Rate,PULSE,77.0,77.0,beats/min,2026-02-01,2
VS_042-S05-015_WEEK2_WEIGHT,042-S05-015,S05,WEEK2,Weight,WEIGHT,83.5,83.5,kg,2026-02-01,2
VS_042-S05-016_WEEK2_SYSBP,042-S05-016,S05,WEEK2,Systolic Blood Pressure,SYSBP,119.0,119.0,mmHg,2026-02-01,2
VS_042-S05-016_WEEK2_DIABP,042-S05-016,S05,WEEK2,Diastolic Blood Pressure,DIABP,75.0,75.0,mmHg,2026-02-01,2
VS_042-S05-016_WEEK2_PULSE,042-S05-016,S05,WEEK2,Pulse Rate,PULSE,76.0,76.0,beats/min,2026-02-01,2
VS_042-S05-016_WEEK2_WEIGHT,042-S05-016,S05,WEEK2,Weight,WEIGHT,81.5,81.5,kg,2026-02-01,2
VS_042-S05-017_WEEK2_SYSBP,042-S05-017,S05,WEEK2,Systolic Blood Pressure,SYSBP,127.0,127.0,mmHg,2026-02-01,2
VS_042-S05-017_WEEK2_DIABP,042-S05-017,S05,WEEK2,Diastolic Blood Pressure,DIABP,81.0,81.0,mmHg,2026-02-01,2
VS_042-S05-017_WEEK2_PULSE,042-S05-017,S05,WEEK2,Pulse Rate,PULSE,67.0,67.0,beats/min,2026-02-01,2
VS_042-S05-017_WEEK2_WEIGHT,042-S05-017,S05,WEEK2,Weight,WEIGHT,81.5,81.5,kg,2026-02-01,2
VS_042-S05-018_WEEK2_SYSBP,042-S05-018,S05,WEEK2,Systolic Blood Pressure,SYSBP,125.0,125.0,mmHg,2026-02-01,2
VS_042-S05-018_WEEK2_DIABP,042-S05-018,S05,WEEK2,Diastolic Blood Pressure,DIABP,77.0,77.0,mmHg,2026-02-01,2
VS_042-S05-018_WEEK2_PULSE,042-S05-018,S05,WEEK2,Pulse Rate,PULSE,74.0,74.0,beats/min,2026-02-01,2
VS_042-S05-018_WEEK2_WEIGHT,042-S05-018,S05,WEEK2,Weight,WEIGHT,85.5,85.5,kg,2026-02-01,2
VS_042-S05-019_WEEK2_SYSBP,042-S05-019,S05,WEEK2,Systolic Blood Pressure,SYSBP,123.0,123.0,mmHg,2026-02-01,2
VS_042-S05-019_WEEK2_DIABP,042-S05-019,S05,WEEK2,Diastolic Blood Pressure,DIABP,73.0,73.0,mmHg,2026-02-01,2
VS_042-S05-019_WEEK2_PULSE,042-S05-019,S05,WEEK2,Pulse Rate,PULSE,77.0,77.0,beats/min,2026-02-01,2
VS_042-S05-019_WEEK2_WEIGHT,042-S05-019,S05,WEEK2,Weight,WEIGHT,82.5,82.5,kg,2026-02-01,2
VS_042-S05-020_WEEK2_SYSBP,042-S05-020,S05,WEEK2,Systolic Blood Pressure,SYSBP,122.0,122.0,mmHg,2026-02-01,2
VS_042-S05-020_WEEK2_DIABP,042-S05-020,S05,WEEK2,Diastolic Blood Pressure,DIABP,75.0,75.0,mmHg,2026-02-01,2
VS_042-S05-020_WEEK2_PULSE,042-S05-020,S05,WEEK2,Pulse Rate,PULSE,68.0,68.0,beats/min,2026-02-01,2
VS_042-S05-020_WEEK2_WEIGHT,042-S05-020,S05,WEEK2,Weight,WEIGHT,78.5,78.5,kg,2026-02-01,2
VS_042-S06-001_WEEK2_SYSBP,042-S06-001,S06,WEEK2,Systolic Blood Pressure,SYSBP,122.0,122.0,mmHg,2026-02-01,2
VS_042-S06-001_WEEK2_DIABP,042-S06-001,S06,WEEK2,Diastolic Blood Pressure,DIABP,74.0,74.0,mmHg,2026-02-01,2
VS_042-S06-001_WEEK2_PULSE,042-S06-001,S06,WEEK2,Pulse Rate,PULSE,77.0,77.0,beats/min,2026-02-01,2
VS_042-S06-001_WEEK2_WEIGHT,042-S06-001,S06,WEEK2,Weight,WEIGHT,84.5,84.5,kg,2026-02-01,2
VS_042-S06-002_WEEK2_SYSBP,042-S06-002,S06,WEEK2,Systolic Blood Pressure,SYSBP,119.0,119.0,mmHg,2026-02-01,2
VS_042-S06-002_WEEK2_DIABP,042-S06-002,S06,WEEK2,Diastolic Blood Pressure,DIABP,81.0,81.0,mmHg,2026-02-01,2
VS_042-S06-002_WEEK2_PULSE,042-S06-002,S06,WEEK2,Pulse Rate,PULSE,74.0,74.0,beats/min,2026-02-01,2
VS_042-S06-002_WEEK2_WEIGHT,042-S06-002,S06,WEEK2,Weight,WEIGHT,86.5,86.5,kg,2026-02-01,2
VS_042-S06-003_WEEK2_SYSBP,042-S06-003,S06,WEEK2,Systolic Blood Pressure,SYSBP,124.0,124.0,mmHg,2026-02-01,2
VS_042-S06-003_WEEK2_DIABP,042-S06-003,S06,WEEK2,Diastolic Blood Pressure,DIABP,76.0,76.0,mmHg,2026-02-01,2
VS_042-S06-003_WEEK2_PULSE,042-S06-003,S06,WEEK2,Pulse Rate,PULSE,72.0,72.0,beats/min,2026-02-01,2
VS_042-S06-003_WEEK2_WEIGHT,042-S06-003,S06,WEEK2,Weight,WEIGHT,79.5,79.5,kg,2026-02-01,2
VS_042-S06-004_WEEK2_SYSBP,042-S06-004,S06,WEEK2,Systolic Blood Pressure,SYSBP,125.0,125.0,mmHg,2026-02-01,2
VS_042-S06-004_WEEK2_DIABP,042-S06-004,S06,WEEK2,Diastolic Blood Pressure,DIABP,79.0,79.0,mmHg,2026-02-01,2
VS_042-S06-004_WEEK2_PULSE,042-S06-004,S06,WEEK2,Pulse Rate,PULSE,73.0,73.0,beats/min,2026-02-01,2
VS_042-S06-004_WEEK2_WEIGHT,042-S06-004,S06,WEEK2,Weight,WEIGHT,78.5,78.5,kg,2026-02-01,2
VS_042-S06-005_WEEK2_SYSBP,042-S06-005,S06,WEEK2,Systolic Blood Pressure,SYSBP,124.0,124.0,mmHg,2026-02-01,2
VS_042-S06-005_WEEK2_DIABP,042-S06-005,S06,WEEK2,Diastolic Blood Pressure,DIABP,78.0,78.0,mmHg,2026-02-01,2
VS_042-S06-005_WEEK2_PULSE,042-S06-005,S06,WEEK2,Pulse Rate,PULSE,69.0,69.0,beats/min,2026-02-01,2
VS_042-S06-005_WEEK2_WEIGHT,042-S06-005,S06,WEEK2,Weight,WEIGHT,85.5,85.5,kg,2026-02-01,2
VS_042-S06-006_WEEK2_SYSBP,042-S06-006,S06,WEEK2,Systolic Blood Pressure,SYSBP,124.0,124.0,mmHg,2026-02-01,2
VS_042-S06-006_WEEK2_DIABP,042-S06-006,S06,WEEK2,Diastolic Blood Pressure,DIABP,75.0,75.0,mmHg,2026-02-01,2
VS_042-S06-006_WEEK2_PULSE,042-S06-006,S06,WEEK2,Pulse Rate,PULSE,68.0,68.0,beats/min,2026-02-01,2
VS_042-S06-006_WEEK2_WEIGHT,042-S06-006,S06,WEEK2,Weight,WEIGHT,78.5,78.5,kg,2026-02-01,2
VS_042-S06-007_WEEK2_SYSBP,042-S06-007,S06,WEEK2,Systolic Blood Pressure,SYSBP,124.0,124.0,mmHg,2026-02-01,2
VS_042-S06-007_WEEK2_DIABP,042-S06-007,S06,WEEK2,Diastolic Blood Pressure,DIABP,82.0,82.0,mmHg,2026-02-01,2
VS_042-S06-007_WEEK2_PULSE,042-S06-007,S06,WEEK2,Pulse Rate,PULSE,74.0,74.0,beats/min,2026-02-01,2
VS_042-S06-007_WEEK2_WEIGHT,042-S06-007,S06,WEEK2,Weight,WEIGHT,85.5,85.5,kg,2026-02-01,2
VS_042-S06-008_WEEK2_SYSBP,042-S06-008,S06,WEEK2,Systolic Blood Pressure,SYSBP,122.0,122.0,mmHg,2026-02-01,2
VS_042-S06-008_WEEK2_DIABP,042-S06-008,S06,WEEK2,Diastolic Blood Pressure,DIABP,82.0,82.0,mmHg,2026-02-01,2
VS_042-S06-008_WEEK2_PULSE,042-S06-008,S06,WEEK2,Pulse Rate,PULSE,69.0,69.0,beats/min,2026-02-01,2
VS_042-S06-008_WEEK2_WEIGHT,042-S06-008,S06,WEEK2,Weight,WEIGHT,82.5,82.5,kg,2026-02-01,2
VS_042-S06-009_WEEK2_SYSBP,042-S06-009,S06,WEEK2,Systolic Blood Pressure,SYSBP,125.0,125.0,mmHg,2026-02-01,2
VS_042-S06-009_WEEK2_DIABP,042-S06-009,S06,WEEK2,Diastolic Blood Pressure,DIABP,81.0,81.0,mmHg,2026-02-01,2
VS_042-S06-009_WEEK2_PULSE,042-S06-009,S06,WEEK2,Pulse Rate,PULSE,72.0,72.0,beats/min,2026-02-01,2
VS_042-S06-009_WEEK2_WEIGHT,042-S06-009,S06,WEEK2,Weight,WEIGHT,77.5,77.5,kg,2026-02-01,2
VS_042-S06-010_WEEK2_SYSBP,042-S06-010,S06,WEEK2,Systolic Blood Pressure,SYSBP,127.0,127.0,mmHg,2026-02-01,2
VS_042-S06-010_WEEK2_DIABP,042-S06-010,S06,WEEK2,Diastolic Blood Pressure,DIABP,79.0,79.0,mmHg,2026-02-01,2
VS_042-S06-010_WEEK2_PULSE,042-S06-010,S06,WEEK2,Pulse Rate,PULSE,75.0,75.0,beats/min,2026-02-01,2
VS_042-S06-010_WEEK2_WEIGHT,042-S06-010,S06,WEEK2,Weight,WEIGHT,83.5,83.5,kg,2026-02-01,2
VS_042-S06-011_WEEK2_SYSBP,042-S06-011,S06,WEEK2,Systolic Blood Pressure,SYSBP,129.0,129.0,mmHg,2026-02-01,2
VS_042-S06-011_WEEK2_DIABP,042-S06-011,S06,WEEK2,Diastolic Blood Pressure,DIABP,83.0,83.0,mmHg,2026-02-01,2
VS_042-S06-011_WEEK2_PULSE,042-S06-011,S06,WEEK2,Pulse Rate,PULSE,72.0,72.0,beats/min,2026-02-01,2
VS_042-S06-011_WEEK2_WEIGHT,042-S06-011,S06,WEEK2,Weight,WEIGHT,83.5,83.5,kg,2026-02-01,2
VS_042-S06-012_WEEK2_SYSBP,042-S06-012,S06,WEEK2,Systolic Blood Pressure,SYSBP,124.0,124.0,mmHg,2026-02-01,2
VS_042-S06-012_WEEK2_DIABP,042-S06-012,S06,WEEK2,Diastolic Blood Pressure,DIABP,78.0,78.0,mmHg,2026-02-01,2
VS_042-S06-012_WEEK2_PULSE,042-S06-012,S06,WEEK2,Pulse Rate,PULSE,77.0,77.0,beats/min,2026-02-01,2
VS_042-S06-012_WEEK2_WEIGHT,042-S06-012,S06,WEEK2,Weight,WEIGHT,83.5,83.5,kg,2026-02-01,2
VS_042-S06-013_WEEK2_SYSBP,042-S06-013,S06,WEEK2,Systolic Blood Pressure,SYSBP,119.0,119.0,mmHg,2026-02-01,2
VS_042-S06-013_WEEK2_DIABP,042-S06-013,S06,WEEK2,Diastolic Blood Pressure,DIABP,78.0,78.0,mmHg,2026-02-01,2
VS_042-S06-013_WEEK2_PULSE,042-S06-013,S06,WEEK2,Pulse Rate,PULSE,75.0,75.0,beats/min,2026-02-01,2
VS_042-S06-013_WEEK2_WEIGHT,042-S06-013,S06,WEEK2,Weight,WEIGHT,82.5,82.5,kg,2026-02-01,2
VS_042-S06-014_WEEK2_SYSBP,042-S06-014,S06,WEEK2,Systolic Blood Pressure,SYSBP,123.0,123.0,mmHg,2026-02-01,2
VS_042-S06-014_WEEK2_DIABP,042-S06-014,S06,WEEK2,Diastolic Blood Pressure,DIABP,81.0,81.0,mmHg,2026-02-01,2
VS_042-S06-014_WEEK2_PULSE,042-S06-014,S06,WEEK2,Pulse Rate,PULSE,73.0,73.0,beats/min,2026-02-01,2
VS_042-S06-014_WEEK2_WEIGHT,042-S06-014,S06,WEEK2,Weight,WEIGHT,78.5,78.5,kg,2026-02-01,2
VS_042-S06-015_WEEK2_SYSBP,042-S06-015,S06,WEEK2,Systolic Blood Pressure,SYSBP,119.0,119.0,mmHg,2026-02-01,2
VS_042-S06-015_WEEK2_DIABP,042-S06-015,S06,WEEK2,Diastolic Blood Pressure,DIABP,75.0,75.0,mmHg,2026-02-01,2
VS_042-S06-015_WEEK2_PULSE,042-S06-015,S06,WEEK2,Pulse Rate,PULSE,74.0,74.0,beats/min,2026-02-01,2
VS_042-S06-015_WEEK2_WEIGHT,042-S06-015,S06,WEEK2,Weight,WEIGHT,83.5,83.5,kg,2026-02-01,2
VS_042-S06-016_WEEK2_SYSBP,042-S06-016,S06,WEEK2,Systolic Blood Pressure,SYSBP,124.0,124.0,mmHg,2026-02-01,2
VS_042-S06-016_WEEK2_DIABP,042-S06-016,S06,WEEK2,Diastolic Blood Pressure,DIABP,80.0,80.0,mmHg,2026-02-01,2
VS_042-S06-016_WEEK2_PULSE,042-S06-016,S06,WEEK2,Pulse Rate,PULSE,68.0,68.0,beats/min,2026-02-01,2
VS_042-S06-016_WEEK2_WEIGHT,042-S06-016,S06,WEEK2,Weight,WEIGHT,79.5,79.5,kg,2026-02-01,2
VS_042-S06-017_WEEK2_SYSBP,042-S06-017,S06,WEEK2,Systolic Blood Pressure,SYSBP,119.0,119.0,mmHg,2026-02-01,2
VS_042-S06-017_WEEK2_DIABP,042-S06-017,S06,WEEK2,Diastolic Blood Pressure,DIABP,73.0,73.0,mmHg,2026-02-01,2
VS_042-S06-017_WEEK2_PULSE,042-S06-017,S06,WEEK2,Pulse Rate,PULSE,69.0,69.0,beats/min,2026-02-01,2
VS_042-S06-017_WEEK2_WEIGHT,042-S06-017,S06,WEEK2,Weight,WEIGHT,78.5,78.5,kg,2026-02-01,2
VS_042-S06-018_WEEK2_SYSBP,042-S06-018,S06,WEEK2,Systolic Blood Pressure,SYSBP,123.0,123.0,mmHg,2026-02-01,2
VS_042-S06-018_WEEK2_DIABP,042-S06-018,S06,WEEK2,Diastolic Blood Pressure,DIABP,81.0,81.0,mmHg,2026-02-01,2
VS_042-S06-018_WEEK2_PULSE,042-S06-018,S06,WEEK2,Pulse Rate,PULSE,69.0,69.0,beats/min,2026-02-01,2
VS_042-S06-018_WEEK2_WEIGHT,042-S06-018,S06,WEEK2,Weight,WEIGHT,87.5,87.5,kg,2026-02-01,2
VS_042-S06-019_WEEK2_SYSBP,042-S06-019,S06,WEEK2,Systolic Blood Pressure,SYSBP,129.0,129.0,mmHg,2026-02-01,2
VS_042-S06-019_WEEK2_DIABP,042-S06-019,S06,WEEK2,Diastolic Blood Pressure,DIABP,73.0,73.0,mmHg,2026-02-01,2
VS_042-S06-019_WEEK2_PULSE,042-S06-019,S06,WEEK2,Pulse Rate,PULSE,71.0,71.0,beats/min,2026-02-01,2
VS_042-S06-019_WEEK2_WEIGHT,042-S06-019,S06,WEEK2,Weight,WEIGHT,80.5,80.5,kg,2026-02-01,2
VS_042-S06-020_WEEK2_SYSBP,042-S06-020,S06,WEEK2,Systolic Blood Pressure,SYSBP,123.0,123.0,mmHg,2026-02-01,2
VS_042-S06-020_WEEK2_DIABP,042-S06-020,S06,WEEK2,Diastolic Blood Pressure,DIABP,75.0,75.0,mmHg,2026-02-01,2
VS_042-S06-020_WEEK2_PULSE,042-S06-020,S06,WEEK2,Pulse Rate,PULSE,75.0,75.0,beats/min,2026-02-01,2
VS_042-S06-020_WEEK2_WEIGHT,042-S06-020,S06,WEEK2,Weight,WEIGHT,83.5,83.5,kg,2026-02-01,2
VS_042-S07-001_WEEK2_SYSBP,042-S07-001,S07,WEEK2,Systolic Blood Pressure,SYSBP,126.0,126.0,mmHg,2026-02-01,2
VS_042-S07-001_WEEK2_DIABP,042-S07-001,S07,WEEK2,Diastolic Blood Pressure,DIABP,80.0,80.0,mmHg,2026-02-01,2
VS_042-S07-001_WEEK2_PULSE,042-S07-001,S07,WEEK2,Pulse Rate,PULSE,70.0,70.0,beats/min,2026-02-01,2
VS_042-S07-001_WEEK2_WEIGHT,042-S07-001,S07,WEEK2,Weight,WEIGHT,83.5,83.5,kg,2026-02-01,2
VS_042-S07-002_WEEK2_SYSBP,042-S07-002,S07,WEEK2,Systolic Blood Pressure,SYSBP,125.0,125.0,mmHg,2026-02-01,2
VS_042-S07-002_WEEK2_DIABP,042-S07-002,S07,WEEK2,Diastolic Blood Pressure,DIABP,78.0,78.0,mmHg,2026-02-01,2
VS_042-S07-002_WEEK2_PULSE,042-S07-002,S07,WEEK2,Pulse Rate,PULSE,74.0,74.0,beats/min,2026-02-01,2
VS_042-S07-002_WEEK2_WEIGHT,042-S07-002,S07,WEEK2,Weight,WEIGHT,80.5,80.5,kg,2026-02-01,2
VS_042-S07-003_WEEK2_SYSBP,042-S07-003,S07,WEEK2,Systolic Blood Pressure,SYSBP,121.0,121.0,mmHg,2026-02-01,2
VS_042-S07-003_WEEK2_DIABP,042-S07-003,S07,WEEK2,Diastolic Blood Pressure,DIABP,75.0,75.0,mmHg,2026-02-01,2
VS_042-S07-003_WEEK2_PULSE,042-S07-003,S07,WEEK2,Pulse Rate,PULSE,76.0,76.0,beats/min,2026-02-01,2
VS_042-S07-003_WEEK2_WEIGHT,042-S07-003,S07,WEEK2,Weight,WEIGHT,77.5,77.5,kg,2026-02-01,2
VS_042-S07-004_WEEK2_SYSBP,042-S07-004,S07,WEEK2,Systolic Blood Pressure,SYSBP,123.0,123.0,mmHg,2026-02-01,2
VS_042-S07-004_WEEK2_DIABP,042-S07-004,S07,WEEK2,Diastolic Blood Pressure,DIABP,78.0,78.0,mmHg,2026-02-01,2
VS_042-S07-004_WEEK2_PULSE,042-S07-004,S07,WEEK2,Pulse Rate,PULSE,72.0,72.0,beats/min,2026-02-01,2
VS_042-S07-004_WEEK2_WEIGHT,042-S07-004,S07,WEEK2,Weight,WEIGHT,84.5,84.5,kg,2026-02-01,2
VS_042-S07-005_WEEK2_SYSBP,042-S07-005,S07,WEEK2,Systolic Blood Pressure,SYSBP,127.0,127.0,mmHg,2026-02-01,2
VS_042-S07-005_WEEK2_DIABP,042-S07-005,S07,WEEK2,Diastolic Blood Pressure,DIABP,80.0,80.0,mmHg,2026-02-01,2
VS_042-S07-005_WEEK2_PULSE,042-S07-005,S07,WEEK2,Pulse Rate,PULSE,70.0,70.0,beats/min,2026-02-01,2
VS_042-S07-005_WEEK2_WEIGHT,042-S07-005,S07,WEEK2,Weight,WEIGHT,82.5,82.5,kg,2026-02-01,2
VS_042-S07-006_WEEK2_SYSBP,042-S07-006,S07,WEEK2,Systolic Blood Pressure,SYSBP,120.0,120.0,mmHg,2026-02-01,2
VS_042-S07-006_WEEK2_DIABP,042-S07-006,S07,WEEK2,Diastolic Blood Pressure,DIABP,73.0,73.0,mmHg,2026-02-01,2
VS_042-S07-006_WEEK2_PULSE,042-S07-006,S07,WEEK2,Pulse Rate,PULSE,76.0,76.0,beats/min,2026-02-01,2
VS_042-S07-006_WEEK2_WEIGHT,042-S07-006,S07,WEEK2,Weight,WEIGHT,82.5,82.5,kg,2026-02-01,2
VS_042-S07-007_WEEK2_SYSBP,042-S07-007,S07,WEEK2,Systolic Blood Pressure,SYSBP,120.0,120.0,mmHg,2026-02-01,2
VS_042-S07-007_WEEK2_DIABP,042-S07-007,S07,WEEK2,Diastolic Blood Pressure,DIABP,75.0,75.0,mmHg,2026-02-01,2
VS_042-S07-007_WEEK2_PULSE,042-S07-007,S07,WEEK2,Pulse Rate,PULSE,67.0,67.0,beats/min,2026-02-01,2
VS_042-S07-007_WEEK2_WEIGHT,042-S07-007,S07,WEEK2,Weight,WEIGHT,82.5,82.5,kg,2026-02-01,2
VS_042-S07-008_WEEK2_SYSBP,042-S07-008,S07,WEEK2,Systolic Blood Pressure,SYSBP,123.0,123.0,mmHg,2026-02-01,2
VS_042-S07-008_WEEK2_DIABP,042-S07-008,S07,WEEK2,Diastolic Blood Pressure,DIABP,75.0,75.0,mmHg,2026-02-01,2
VS_042-S07-008_WEEK2_PULSE,042-S07-008,S07,WEEK2,Pulse Rate,PULSE,72.0,72.0,beats/min,2026-02-01,2
VS_042-S07-008_WEEK2_WEIGHT,042-S07-008,S07,WEEK2,Weight,WEIGHT,84.5,84.5,kg,2026-02-01,2
VS_042-S07-009_WEEK2_SYSBP,042-S07-009,S07,WEEK2,Systolic Blood Pressure,SYSBP,121.0,121.0,mmHg,2026-02-01,2
VS_042-S07-009_WEEK2_DIABP,042-S07-009,S07,WEEK2,Diastolic Blood Pressure,DIABP,79.0,79.0,mmHg,2026-02-01,2
VS_042-S07-009_WEEK2_PULSE,042-S07-009,S07,WEEK2,Pulse Rate,PULSE,75.0,75.0,beats/min,2026-02-01,2
VS_042-S07-009_WEEK2_WEIGHT,042-S07-009,S07,WEEK2,Weight,WEIGHT,83.5,83.5,kg,2026-02-01,2
VS_042-S07-010_WEEK2_SYSBP,042-S07-010,S07,WEEK2,Systolic Blood Pressure,SYSBP,120.0,120.0,mmHg,2026-02-01,2
VS_042-S07-010_WEEK2_DIABP,042-S07-010,S07,WEEK2,Diastolic Blood Pressure,DIABP,75.0,75.0,mmHg,2026-02-01,2
VS_042-S07-010_WEEK2_PULSE,042-S07-010,S07,WEEK2,Pulse Rate,PULSE,67.0,67.0,beats/min,2026-02-01,2
VS_042-S07-010_WEEK2_WEIGHT,042-S07-010,S07,WEEK2,Weight,WEIGHT,77.5,77.5,kg,2026-02-01,2
VS_042-S07-011_WEEK2_SYSBP,042-S07-011,S07,WEEK2,Systolic Blood Pressure,SYSBP,124.0,124.0,mmHg,2026-02-01,2
VS_042-S07-011_WEEK2_DIABP,042-S07-011,S07,WEEK2,Diastolic Blood Pressure,DIABP,77.0,77.0,mmHg,2026-02-01,2
VS_042-S07-011_WEEK2_PULSE,042-S07-011,S07,WEEK2,Pulse Rate,PULSE,68.0,68.0,beats/min,2026-02-01,2
VS_042-S07-011_WEEK2_WEIGHT,042-S07-011,S07,WEEK2,Weight,WEIGHT,87.5,87.5,kg,2026-02-01,2
VS_042-S07-012_WEEK2_SYSBP,042-S07-012,S07,WEEK2,Systolic Blood Pressure,SYSBP,129.0,129.0,mmHg,2026-02-01,2
VS_042-S07-012_WEEK2_DIABP,042-S07-012,S07,WEEK2,Diastolic Blood Pressure,DIABP,83.0,83.0,mmHg,2026-02-01,2
VS_042-S07-012_WEEK2_PULSE,042-S07-012,S07,WEEK2,Pulse Rate,PULSE,74.0,74.0,beats/min,2026-02-01,2
VS_042-S07-012_WEEK2_WEIGHT,042-S07-012,S07,WEEK2,Weight,WEIGHT,81.5,81.5,kg,2026-02-01,2
VS_042-S07-013_WEEK2_SYSBP,042-S07-013,S07,WEEK2,Systolic Blood Pressure,SYSBP,124.0,124.0,mmHg,2026-02-01,2
VS_042-S07-013_WEEK2_DIABP,042-S07-013,S07,WEEK2,Diastolic Blood Pressure,DIABP,77.0,77.0,mmHg,2026-02-01,2
VS_042-S07-013_WEEK2_PULSE,042-S07-013,S07,WEEK2,Pulse Rate,PULSE,67.0,67.0,beats/min,2026-02-01,2
VS_042-S07-013_WEEK2_WEIGHT,042-S07-013,S07,WEEK2,Weight,WEIGHT,78.5,78.5,kg,2026-02-01,2
VS_042-S07-014_WEEK2_SYSBP,042-S07-014,S07,WEEK2,Systolic Blood Pressure,SYSBP,127.0,127.0,mmHg,2026-02-01,2
VS_042-S07-014_WEEK2_DIABP,042-S07-014,S07,WEEK2,Diastolic Blood Pressure,DIABP,80.0,80.0,mmHg,2026-02-01,2
VS_042-S07-014_WEEK2_PULSE,042-S07-014,S07,WEEK2,Pulse Rate,PULSE,69.0,69.0,beats/min,2026-02-01,2
VS_042-S07-014_WEEK2_WEIGHT,042-S07-014,S07,WEEK2,Weight,WEIGHT,84.5,84.5,kg,2026-02-01,2
VS_042-S07-015_WEEK2_SYSBP,042-S07-015,S07,WEEK2,Systolic Blood Pressure,SYSBP,129.0,129.0,mmHg,2026-02-01,2
VS_042-S07-015_WEEK2_DIABP,042-S07-015,S07,WEEK2,Diastolic Blood Pressure,DIABP,81.0,81.0,mmHg,2026-02-01,2
VS_042-S07-015_WEEK2_PULSE,042-S07-015,S07,WEEK2,Pulse Rate,PULSE,69.0,69.0,beats/min,2026-02-01,2
VS_042-S07-015_WEEK2_WEIGHT,042-S07-015,S07,WEEK2,Weight,WEIGHT,77.5,77.5,kg,2026-02-01,2
VS_042-S07-016_WEEK2_SYSBP,042-S07-016,S07,WEEK2,Systolic Blood Pressure,SYSBP,126.0,126.0,mmHg,2026-02-01,2
VS_042-S07-016_WEEK2_DIABP,042-S07-016,S07,WEEK2,Diastolic Blood Pressure,DIABP,79.0,79.0,mmHg,2026-02-01,2
VS_042-S07-016_WEEK2_PULSE,042-S07-016,S07,WEEK2,Pulse Rate,PULSE,67.0,67.0,beats/min,2026-02-01,2
VS_042-S07-016_WEEK2_WEIGHT,042-S07-016,S07,WEEK2,Weight,WEIGHT,87.5,87.5,kg,2026-02-01,2
VS_042-S07-017_WEEK2_SYSBP,042-S07-017,S07,WEEK2,Systolic Blood Pressure,SYSBP,119.0,119.0,mmHg,2026-02-01,2
VS_042-S07-017_WEEK2_DIABP,042-S07-017,S07,WEEK2,Diastolic Blood Pressure,DIABP,76.0,76.0,mmHg,2026-02-01,2
VS_042-S07-017_WEEK2_PULSE,042-S07-017,S07,WEEK2,Pulse Rate,PULSE,70.0,70.0,beats/min,2026-02-01,2
VS_042-S07-017_WEEK2_WEIGHT,042-S07-017,S07,WEEK2,Weight,WEIGHT,85.5,85.5,kg,2026-02-01,2
VS_042-S07-018_WEEK2_SYSBP,042-S07-018,S07,WEEK2,Systolic Blood Pressure,SYSBP,129.0,129.0,mmHg,2026-02-01,2
VS_042-S07-018_WEEK2_DIABP,042-S07-018,S07,WEEK2,Diastolic Blood Pressure,DIABP,78.0,78.0,mmHg,2026-02-01,2
VS_042-S07-018_WEEK2_PULSE,042-S07-018,S07,WEEK2,Pulse Rate,PULSE,75.0,75.0,beats/min,2026-02-01,2
VS_042-S07-018_WEEK2_WEIGHT,042-S07-018,S07,WEEK2,Weight,WEIGHT,79.5,79.5,kg,2026-02-01,2
VS_042-S07-019_WEEK2_SYSBP,042-S07-019,S07,WEEK2,Systolic Blood Pressure,SYSBP,123.0,123.0,mmHg,2026-02-01,2
VS_042-S07-019_WEEK2_DIABP,042-S07-019,S07,WEEK2,Diastolic Blood Pressure,DIABP,73.0,73.0,mmHg,2026-02-01,2
VS_042-S07-019_WEEK2_PULSE,042-S07-019,S07,WEEK2,Pulse Rate,PULSE,67.0,67.0,beats/min,2026-02-01,2
VS_042-S07-019_WEEK2_WEIGHT,042-S07-019,S07,WEEK2,Weight,WEIGHT,85.5,85.5,kg,2026-02-01,2
VS_042-S07-020_WEEK2_SYSBP,042-S07-020,S07,WEEK2,Systolic Blood Pressure,SYSBP,125.0,125.0,mmHg,2026-02-01,2
VS_042-S07-020_WEEK2_DIABP,042-S07-020,S07,WEEK2,Diastolic Blood Pressure,DIABP,74.0,74.0,mmHg,2026-02-01,2
VS_042-S07-020_WEEK2_PULSE,042-S07-020,S07,WEEK2,Pulse Rate,PULSE,77.0,77.0,beats/min,2026-02-01,2
VS_042-S07-020_WEEK2_WEIGHT,042-S07-020,S07,WEEK2,Weight,WEIGHT,78.5,78.5,kg,2026-02-01,2
VS_042-S08-001_WEEK2_SYSBP,042-S08-001,S08,WEEK2,Systolic Blood Pressure,SYSBP,120.0,120.0,mmHg,2026-02-01,2
VS_042-S08-001_WEEK2_DIABP,042-S08-001,S08,WEEK2,Diastolic Blood Pressure,DIABP,74.0,74.0,mmHg,2026-02-01,2
VS_042-S08-001_WEEK2_PULSE,042-S08-001,S08,WEEK2,Pulse Rate,PULSE,77.0,77.0,beats/min,2026-02-01,2
VS_042-S08-001_WEEK2_WEIGHT,042-S08-001,S08,WEEK2,Weight,WEIGHT,85.5,85.5,kg,2026-02-01,2
VS_042-S08-002_WEEK2_SYSBP,042-S08-002,S08,WEEK2,Systolic Blood Pressure,SYSBP,123.0,123.0,mmHg,2026-02-01,2
VS_042-S08-002_WEEK2_DIABP,042-S08-002,S08,WEEK2,Diastolic Blood Pressure,DIABP,82.0,82.0,mmHg,2026-02-01,2
VS_042-S08-002_WEEK2_PULSE,042-S08-002,S08,WEEK2,Pulse Rate,PULSE,76.0,76.0,beats/min,2026-02-01,2
VS_042-S08-002_WEEK2_WEIGHT,042-S08-002,S08,WEEK2,Weight,WEIGHT,85.5,85.5,kg,2026-02-01,2
VS_042-S08-003_WEEK2_SYSBP,042-S08-003,S08,WEEK2,Systolic Blood Pressure,SYSBP,128.0,128.0,mmHg,2026-02-01,2
VS_042-S08-003_WEEK2_DIABP,042-S08-003,S08,WEEK2,Diastolic Blood Pressure,DIABP,81.0,81.0,mmHg,2026-02-01,2
VS_042-S08-003_WEEK2_PULSE,042-S08-003,S08,WEEK2,Pulse Rate,PULSE,73.0,73.0,beats/min,2026-02-01,2
VS_042-S08-003_WEEK2_WEIGHT,042-S08-003,S08,WEEK2,Weight,WEIGHT,78.5,78.5,kg,2026-02-01,2
VS_042-S08-004_WEEK2_SYSBP,042-S08-004,S08,WEEK2,Systolic Blood Pressure,SYSBP,120.0,120.0,mmHg,2026-02-01,2
VS_042-S08-004_WEEK2_DIABP,042-S08-004,S08,WEEK2,Diastolic Blood Pressure,DIABP,82.0,82.0,mmHg,2026-02-01,2
VS_042-S08-004_WEEK2_PULSE,042-S08-004,S08,WEEK2,Pulse Rate,PULSE,75.0,75.0,beats/min,2026-02-01,2
VS_042-S08-004_WEEK2_WEIGHT,042-S08-004,S08,WEEK2,Weight,WEIGHT,79.5,79.5,kg,2026-02-01,2
VS_042-S08-005_WEEK2_SYSBP,042-S08-005,S08,WEEK2,Systolic Blood Pressure,SYSBP,122.0,122.0,mmHg,2026-02-01,2
VS_042-S08-005_WEEK2_DIABP,042-S08-005,S08,WEEK2,Diastolic Blood Pressure,DIABP,74.0,74.0,mmHg,2026-02-01,2
VS_042-S08-005_WEEK2_PULSE,042-S08-005,S08,WEEK2,Pulse Rate,PULSE,67.0,67.0,beats/min,2026-02-01,2
VS_042-S08-005_WEEK2_WEIGHT,042-S08-005,S08,WEEK2,Weight,WEIGHT,79.5,79.5,kg,2026-02-01,2
VS_042-S08-006_WEEK2_SYSBP,042-S08-006,S08,WEEK2,Systolic Blood Pressure,SYSBP,127.0,127.0,mmHg,2026-02-01,2
VS_042-S08-006_WEEK2_DIABP,042-S08-006,S08,WEEK2,Diastolic Blood Pressure,DIABP,77.0,77.0,mmHg,2026-02-01,2
VS_042-S08-006_WEEK2_PULSE,042-S08-006,S08,WEEK2,Pulse Rate,PULSE,77.0,77.0,beats/min,2026-02-01,2
VS_042-S08-006_WEEK2_WEIGHT,042-S08-006,S08,WEEK2,Weight,WEIGHT,84.5,84.5,kg,2026-02-01,2
VS_042-S08-007_WEEK2_SYSBP,042-S08-007,S08,WEEK2,Systolic Blood Pressure,SYSBP,121.0,121.0,mmHg,2026-02-01,2
VS_042-S08-007_WEEK2_DIABP,042-S08-007,S08,WEEK2,Diastolic Blood Pressure,DIABP,83.0,83.0,mmHg,2026-02-01,2
VS_042-S08-007_WEEK2_PULSE,042-S08-007,S08,WEEK2,Pulse Rate,PULSE,71.0,71.0,beats/min,2026-02-01,2
VS_042-S08-007_WEEK2_WEIGHT,042-S08-007,S08,WEEK2,Weight,WEIGHT,86.5,86.5,kg,2026-02-01,2
VS_042-S08-008_WEEK2_SYSBP,042-S08-008,S08,WEEK2,Systolic Blood Pressure,SYSBP,123.0,123.0,mmHg,2026-02-01,2
VS_042-S08-008_WEEK2_DIABP,042-S08-008,S08,WEEK2,Diastolic Blood Pressure,DIABP,79.0,79.0,mmHg,2026-02-01,2
VS_042-S08-008_WEEK2_PULSE,042-S08-008,S08,WEEK2,Pulse Rate,PULSE,68.0,68.0,beats/min,2026-02-01,2
VS_042-S08-008_WEEK2_WEIGHT,042-S08-008,S08,WEEK2,Weight,WEIGHT,84.5,84.5,kg,2026-02-01,2
VS_042-S08-009_WEEK2_SYSBP,042-S08-009,S08,WEEK2,Systolic Blood Pressure,SYSBP,121.0,121.0,mmHg,2026-02-01,2
VS_042-S08-009_WEEK2_DIABP,042-S08-009,S08,WEEK2,Diastolic Blood Pressure,DIABP,81.0,81.0,mmHg,2026-02-01,2
VS_042-S08-009_WEEK2_PULSE,042-S08-009,S08,WEEK2,Pulse Rate,PULSE,71.0,71.0,beats/min,2026-02-01,2
VS_042-S08-009_WEEK2_WEIGHT,042-S08-009,S08,WEEK2,Weight,WEIGHT,78.5,78.5,kg,2026-02-01,2
VS_042-S08-010_WEEK2_SYSBP,042-S08-010,S08,WEEK2,Systolic Blood Pressure,SYSBP,126.0,126.0,mmHg,2026-02-01,2
VS_042-S08-010_WEEK2_DIABP,042-S08-010,S08,WEEK2,Diastolic Blood Pressure,DIABP,78.0,78.0,mmHg,2026-02-01,2
VS_042-S08-010_WEEK2_PULSE,042-S08-010,S08,WEEK2,Pulse Rate,PULSE,71.0,71.0,beats/min,2026-02-01,2
VS_042-S08-010_WEEK2_WEIGHT,042-S08-010,S08,WEEK2,Weight,WEIGHT,79.5,79.5,kg,2026-02-01,2
VS_042-S08-011_WEEK2_SYSBP,042-S08-011,S08,WEEK2,Systolic Blood Pressure,SYSBP,119.0,119.0,mmHg,2026-02-01,2
VS_042-S08-011_WEEK2_DIABP,042-S08-011,S08,WEEK2,Diastolic Blood Pressure,DIABP,79.0,79.0,mmHg,2026-02-01,2
VS_042-S08-011_WEEK2_PULSE,042-S08-011,S08,WEEK2,Pulse Rate,PULSE,71.0,71.0,beats/min,2026-02-01,2
VS_042-S08-011_WEEK2_WEIGHT,042-S08-011,S08,WEEK2,Weight,WEIGHT,82.5,82.5,kg,2026-02-01,2
VS_042-S08-012_WEEK2_SYSBP,042-S08-012,S08,WEEK2,Systolic Blood Pressure,SYSBP,121.0,121.0,mmHg,2026-02-01,2
VS_042-S08-012_WEEK2_DIABP,042-S08-012,S08,WEEK2,Diastolic Blood Pressure,DIABP,81.0,81.0,mmHg,2026-02-01,2
VS_042-S08-012_WEEK2_PULSE,042-S08-012,S08,WEEK2,Pulse Rate,PULSE,73.0,73.0,beats/min,2026-02-01,2
VS_042-S08-012_WEEK2_WEIGHT,042-S08-012,S08,WEEK2,Weight,WEIGHT,79.5,79.5,kg,2026-02-01,2
VS_042-S08-013_WEEK2_SYSBP,042-S08-013,S08,WEEK2,Systolic Blood Pressure,SYSBP,127.0,127.0,mmHg,2026-02-01,2
VS_042-S08-013_WEEK2_DIABP,042-S08-013,S08,WEEK2,Diastolic Blood Pressure,DIABP,77.0,77.0,mmHg,2026-02-01,2
VS_042-S08-013_WEEK2_PULSE,042-S08-013,S08,WEEK2,Pulse Rate,PULSE,75.0,75.0,beats/min,2026-02-01,2
VS_042-S08-013_WEEK2_WEIGHT,042-S08-013,S08,WEEK2,Weight,WEIGHT,85.5,85.5,kg,2026-02-01,2
VS_042-S08-014_WEEK2_SYSBP,042-S08-014,S08,WEEK2,Systolic Blood Pressure,SYSBP,124.0,124.0,mmHg,2026-02-01,2
VS_042-S08-014_WEEK2_DIABP,042-S08-014,S08,WEEK2,Diastolic Blood Pressure,DIABP,78.0,78.0,mmHg,2026-02-01,2
VS_042-S08-014_WEEK2_PULSE,042-S08-014,S08,WEEK2,Pulse Rate,PULSE,68.0,68.0,beats/min,2026-02-01,2
VS_042-S08-014_WEEK2_WEIGHT,042-S08-014,S08,WEEK2,Weight,WEIGHT,85.5,85.5,kg,2026-02-01,2
VS_042-S08-015_WEEK2_SYSBP,042-S08-015,S08,WEEK2,Systolic Blood Pressure,SYSBP,119.0,119.0,mmHg,2026-02-01,2
VS_042-S08-015_WEEK2_DIABP,042-S08-015,S08,WEEK2,Diastolic Blood Pressure,DIABP,76.0,76.0,mmHg,2026-02-01,2
VS_042-S08-015_WEEK2_PULSE,042-S08-015,S08,WEEK2,Pulse Rate,PULSE,69.0,69.0,beats/min,2026-02-01,2
VS_042-S08-015_WEEK2_WEIGHT,042-S08-015,S08,WEEK2,Weight,WEIGHT,85.5,85.5,kg,2026-02-01,2
VS_042-S08-016_WEEK2_SYSBP,042-S08-016,S08,WEEK2,Systolic Blood Pressure,SYSBP,119.0,119.0,mmHg,2026-02-01,2
VS_042-S08-016_WEEK2_DIABP,042-S08-016,S08,WEEK2,Diastolic Blood Pressure,DIABP,76.0,76.0,mmHg,2026-02-01,2
VS_042-S08-016_WEEK2_PULSE,042-S08-016,S08,WEEK2,Pulse Rate,PULSE,77.0,77.0,beats/min,2026-02-01,2
VS_042-S08-016_WEEK2_WEIGHT,042-S08-016,S08,WEEK2,Weight,WEIGHT,84.5,84.5,kg,2026-02-01,2
VS_042-S08-017_WEEK2_SYSBP,042-S08-017,S08,WEEK2,Systolic Blood Pressure,SYSBP,126.0,126.0,mmHg,2026-02-01,2
VS_042-S08-017_WEEK2_DIABP,042-S08-017,S08,WEEK2,Diastolic Blood Pressure,DIABP,82.0,82.0,mmHg,2026-02-01,2
VS_042-S08-017_WEEK2_PULSE,042-S08-017,S08,WEEK2,Pulse Rate,PULSE,73.0,73.0,beats/min,2026-02-01,2
VS_042-S08-017_WEEK2_WEIGHT,042-S08-017,S08,WEEK2,Weight,WEIGHT,84.5,84.5,kg,2026-02-01,2
VS_042-S08-018_WEEK2_SYSBP,042-S08-018,S08,WEEK2,Systolic Blood Pressure,SYSBP,129.0,129.0,mmHg,2026-02-01,2
VS_042-S08-018_WEEK2_DIABP,042-S08-018,S08,WEEK2,Diastolic Blood Pressure,DIABP,75.0,75.0,mmHg,2026-02-01,2
VS_042-S08-018_WEEK2_PULSE,042-S08-018,S08,WEEK2,Pulse Rate,PULSE,69.0,69.0,beats/min,2026-02-01,2
VS_042-S08-018_WEEK2_WEIGHT,042-S08-018,S08,WEEK2,Weight,WEIGHT,86.5,86.5,kg,2026-02-01,2
VS_042-S08-019_WEEK2_SYSBP,042-S08-019,S08,WEEK2,Systolic Blood Pressure,SYSBP,125.0,125.0,mmHg,2026-02-01,2
VS_042-S08-019_WEEK2_DIABP,042-S08-019,S08,WEEK2,Diastolic Blood Pressure,DIABP,77.0,77.0,mmHg,2026-02-01,2
VS_042-S08-019_WEEK2_PULSE,042-S08-019,S08,WEEK2,Pulse Rate,PULSE,68.0,68.0,beats/min,2026-02-01,2
VS_042-S08-019_WEEK2_WEIGHT,042-S08-019,S08,WEEK2,Weight,WEIGHT,83.5,83.5,kg,2026-02-01,2
VS_042-S08-020_WEEK2_SYSBP,042-S08-020,S08,WEEK2,Systolic Blood Pressure,SYSBP,124.0,124.0,mmHg,2026-02-01,2
VS_042-S08-020_WEEK2_DIABP,042-S08-020,S08,WEEK2,Diastolic Blood Pressure,DIABP,80.0,80.0,mmHg,2026-02-01,2
VS_042-S08-020_WEEK2_PULSE,042-S08-020,S08,WEEK2,Pulse Rate,PULSE,76.0,76.0,beats/min,2026-02-01,2
VS_042-S08-020_WEEK2_WEIGHT,042-S08-020,S08,WEEK2,Weight,WEIGHT,87.5,87.5,kg,2026-02-01,2
VS_042-S10-001_WEEK2_SYSBP,042-S10-001,S10,WEEK2,Systolic Blood Pressure,SYSBP,126.0,126.0,mmHg,2026-02-01,2
VS_042-S10-001_WEEK2_DIABP,042-S10-001,S10,WEEK2,Diastolic Blood Pressure,DIABP,80.0,80.0,mmHg,2026-02-01,2
VS_042-S10-001_WEEK2_PULSE,042-S10-001,S10,WEEK2,Pulse Rate,PULSE,69.0,69.0,beats/min,2026-02-01,2
VS_042-S10-001_WEEK2_WEIGHT,042-S10-001,S10,WEEK2,Weight,WEIGHT,79.5,79.5,kg,2026-02-01,2
VS_042-S10-002_WEEK2_SYSBP,042-S10-002,S10,WEEK2,Systolic Blood Pressure,SYSBP,122.0,122.0,mmHg,2026-02-01,2
VS_042-S10-002_WEEK2_DIABP,042-S10-002,S10,WEEK2,Diastolic Blood Pressure,DIABP,82.0,82.0,mmHg,2026-02-01,2
VS_042-S10-002_WEEK2_PULSE,042-S10-002,S10,WEEK2,Pulse Rate,PULSE,71.0,71.0,beats/min,2026-02-01,2
VS_042-S10-002_WEEK2_WEIGHT,042-S10-002,S10,WEEK2,Weight,WEIGHT,85.5,85.5,kg,2026-02-01,2
VS_042-S10-003_WEEK2_SYSBP,042-S10-003,S10,WEEK2,Systolic Blood Pressure,SYSBP,129.0,129.0,mmHg,2026-02-01,2
VS_042-S10-003_WEEK2_DIABP,042-S10-003,S10,WEEK2,Diastolic Blood Pressure,DIABP,76.0,76.0,mmHg,2026-02-01,2
VS_042-S10-003_WEEK2_PULSE,042-S10-003,S10,WEEK2,Pulse Rate,PULSE,75.0,75.0,beats/min,2026-02-01,2
VS_042-S10-003_WEEK2_WEIGHT,042-S10-003,S10,WEEK2,Weight,WEIGHT,80.5,80.5,kg,2026-02-01,2
VS_042-S10-004_WEEK2_SYSBP,042-S10-004,S10,WEEK2,Systolic Blood Pressure,SYSBP,123.0,123.0,mmHg,2026-02-01,2
VS_042-S10-004_WEEK2_DIABP,042-S10-004,S10,WEEK2,Diastolic Blood Pressure,DIABP,81.0,81.0,mmHg,2026-02-01,2
VS_042-S10-004_WEEK2_PULSE,042-S10-004,S10,WEEK2,Pulse Rate,PULSE,72.0,72.0,beats/min,2026-02-01,2
VS_042-S10-004_WEEK2_WEIGHT,042-S10-004,S10,WEEK2,Weight,WEIGHT,83.5,83.5,kg,2026-02-01,2
VS_042-S10-005_WEEK2_SYSBP,042-S10-005,S10,WEEK2,Systolic Blood Pressure,SYSBP,125.0,125.0,mmHg,2026-02-01,2
VS_042-S10-005_WEEK2_DIABP,042-S10-005,S10,WEEK2,Diastolic Blood Pressure,DIABP,79.0,79.0,mmHg,2026-02-01,2
VS_042-S10-005_WEEK2_PULSE,042-S10-005,S10,WEEK2,Pulse Rate,PULSE,70.0,70.0,beats/min,2026-02-01,2
VS_042-S10-005_WEEK2_WEIGHT,042-S10-005,S10,WEEK2,Weight,WEIGHT,87.5,87.5,kg,2026-02-01,2
VS_042-S10-006_WEEK2_SYSBP,042-S10-006,S10,WEEK2,Systolic Blood Pressure,SYSBP,123.0,123.0,mmHg,2026-02-01,2
VS_042-S10-006_WEEK2_DIABP,042-S10-006,S10,WEEK2,Diastolic Blood Pressure,DIABP,81.0,81.0,mmHg,2026-02-01,2
VS_042-S10-006_WEEK2_PULSE,042-S10-006,S10,WEEK2,Pulse Rate,PULSE,67.0,67.0,beats/min,2026-02-01,2
VS_042-S10-006_WEEK2_WEIGHT,042-S10-006,S10,WEEK2,Weight,WEIGHT,84.5,84.5,kg,2026-02-01,2
VS_042-S10-007_WEEK2_SYSBP,042-S10-007,S10,WEEK2,Systolic Blood Pressure,SYSBP,127.0,127.0,mmHg,2026-02-01,2
VS_042-S10-007_WEEK2_DIABP,042-S10-007,S10,WEEK2,Diastolic Blood Pressure,DIABP,80.0,80.0,mmHg,2026-02-01,2
VS_042-S10-007_WEEK2_PULSE,042-S10-007,S10,WEEK2,Pulse Rate,PULSE,67.0,67.0,beats/min,2026-02-01,2
VS_042-S10-007_WEEK2_WEIGHT,042-S10-007,S10,WEEK2,Weight,WEIGHT,79.5,79.5,kg,2026-02-01,2
VS_042-S10-008_WEEK2_SYSBP,042-S10-008,S10,WEEK2,Systolic Blood Pressure,SYSBP,126.0,126.0,mmHg,2026-02-01,2
VS_042-S10-008_WEEK2_DIABP,042-S10-008,S10,WEEK2,Diastolic Blood Pressure,DIABP,78.0,78.0,mmHg,2026-02-01,2
VS_042-S10-008_WEEK2_PULSE,042-S10-008,S10,WEEK2,Pulse Rate,PULSE,77.0,77.0,beats/min,2026-02-01,2
VS_042-S10-008_WEEK2_WEIGHT,042-S10-008,S10,WEEK2,Weight,WEIGHT,78.5,78.5,kg,2026-02-01,2
VS_042-S10-009_WEEK2_SYSBP,042-S10-009,S10,WEEK2,Systolic Blood Pressure,SYSBP,128.0,128.0,mmHg,2026-02-01,2
VS_042-S10-009_WEEK2_DIABP,042-S10-009,S10,WEEK2,Diastolic Blood Pressure,DIABP,78.0,78.0,mmHg,2026-02-01,2
VS_042-S10-009_WEEK2_PULSE,042-S10-009,S10,WEEK2,Pulse Rate,PULSE,73.0,73.0,beats/min,2026-02-01,2
VS_042-S10-009_WEEK2_WEIGHT,042-S10-009,S10,WEEK2,Weight,WEIGHT,84.5,84.5,kg,2026-02-01,2
VS_042-S10-010_WEEK2_SYSBP,042-S10-010,S10,WEEK2,Systolic Blood Pressure,SYSBP,128.0,128.0,mmHg,2026-02-01,2
VS_042-S10-010_WEEK2_DIABP,042-S10-010,S10,WEEK2,Diastolic Blood Pressure,DIABP,74.0,74.0,mmHg,2026-02-01,2
VS_042-S10-010_WEEK2_PULSE,042-S10-010,S10,WEEK2,Pulse Rate,PULSE,74.0,74.0,beats/min,2026-02-01,2
VS_042-S10-010_WEEK2_WEIGHT,042-S10-010,S10,WEEK2,Weight,WEIGHT,83.5,83.5,kg,2026-02-01,2
VS_042-S10-011_WEEK2_SYSBP,042-S10-011,S10,WEEK2,Systolic Blood Pressure,SYSBP,125.0,125.0,mmHg,2026-02-01,2
VS_042-S10-011_WEEK2_DIABP,042-S10-011,S10,WEEK2,Diastolic Blood Pressure,DIABP,81.0,81.0,mmHg,2026-02-01,2
VS_042-S10-011_WEEK2_PULSE,042-S10-011,S10,WEEK2,Pulse Rate,PULSE,76.0,76.0,beats/min,2026-02-01,2
VS_042-S10-011_WEEK2_WEIGHT,042-S10-011,S10,WEEK2,Weight,WEIGHT,81.5,81.5,kg,2026-02-01,2
VS_042-S10-012_WEEK2_SYSBP,042-S10-012,S10,WEEK2,Systolic Blood Pressure,SYSBP,127.0,127.0,mmHg,2026-02-01,2
VS_042-S10-012_WEEK2_DIABP,042-S10-012,S10,WEEK2,Diastolic Blood Pressure,DIABP,80.0,80.0,mmHg,2026-02-01,2
VS_042-S10-012_WEEK2_PULSE,042-S10-012,S10,WEEK2,Pulse Rate,PULSE,72.0,72.0,beats/min,2026-02-01,2
VS_042-S10-012_WEEK2_WEIGHT,042-S10-012,S10,WEEK2,Weight,WEIGHT,80.5,80.5,kg,2026-02-01,2
VS_042-S10-013_WEEK2_SYSBP,042-S10-013,S10,WEEK2,Systolic Blood Pressure,SYSBP,125.0,125.0,mmHg,2026-02-01,2
VS_042-S10-013_WEEK2_DIABP,042-S10-013,S10,WEEK2,Diastolic Blood Pressure,DIABP,73.0,73.0,mmHg,2026-02-01,2
VS_042-S10-013_WEEK2_PULSE,042-S10-013,S10,WEEK2,Pulse Rate,PULSE,77.0,77.0,beats/min,2026-02-01,2
VS_042-S10-013_WEEK2_WEIGHT,042-S10-013,S10,WEEK2,Weight,WEIGHT,81.5,81.5,kg,2026-02-01,2
VS_042-S10-014_WEEK2_SYSBP,042-S10-014,S10,WEEK2,Systolic Blood Pressure,SYSBP,127.0,127.0,mmHg,2026-02-01,2
VS_042-S10-014_WEEK2_DIABP,042-S10-014,S10,WEEK2,Diastolic Blood Pressure,DIABP,80.0,80.0,mmHg,2026-02-01,2
VS_042-S10-014_WEEK2_PULSE,042-S10-014,S10,WEEK2,Pulse Rate,PULSE,68.0,68.0,beats/min,2026-02-01,2
VS_042-S10-014_WEEK2_WEIGHT,042-S10-014,S10,WEEK2,Weight,WEIGHT,79.5,79.5,kg,2026-02-01,2
VS_042-S10-015_WEEK2_SYSBP,042-S10-015,S10,WEEK2,Systolic Blood Pressure,SYSBP,128.0,128.0,mmHg,2026-02-01,2
VS_042-S10-015_WEEK2_DIABP,042-S10-015,S10,WEEK2,Diastolic Blood Pressure,DIABP,78.0,78.0,mmHg,2026-02-01,2
VS_042-S10-015_WEEK2_PULSE,042-S10-015,S10,WEEK2,Pulse Rate,PULSE,75.0,75.0,beats/min,2026-02-01,2
VS_042-S10-015_WEEK2_WEIGHT,042-S10-015,S10,WEEK2,Weight,WEIGHT,80.5,80.5,kg,2026-02-01,2
VS_042-S10-016_WEEK2_SYSBP,042-S10-016,S10,WEEK2,Systolic Blood Pressure,SYSBP,125.0,125.0,mmHg,2026-02-01,2
VS_042-S10-016_WEEK2_DIABP,042-S10-016,S10,WEEK2,Diastolic Blood Pressure,DIABP,83.0,83.0,mmHg,2026-02-01,2
VS_042-S10-016_WEEK2_PULSE,042-S10-016,S10,WEEK2,Pulse Rate,PULSE,71.0,71.0,beats/min,2026-02-01,2
VS_042-S10-016_WEEK2_WEIGHT,042-S10-016,S10,WEEK2,Weight,WEIGHT,82.5,82.5,kg,2026-02-01,2
VS_042-S10-017_WEEK2_SYSBP,042-S10-017,S10,WEEK2,Systolic Blood Pressure,SYSBP,129.0,129.0,mmHg,2026-02-01,2
VS_042-S10-017_WEEK2_DIABP,042-S10-017,S10,WEEK2,Diastolic Blood Pressure,DIABP,74.0,74.0,mmHg,2026-02-01,2
VS_042-S10-017_WEEK2_PULSE,042-S10-017,S10,WEEK2,Pulse Rate,PULSE,70.0,70.0,beats/min,2026-02-01,2
VS_042-S10-017_WEEK2_WEIGHT,042-S10-017,S10,WEEK2,Weight,WEIGHT,77.5,77.5,kg,2026-02-01,2
VS_042-S10-018_WEEK2_SYSBP,042-S10-018,S10,WEEK2,Systolic Blood Pressure,SYSBP,123.0,123.0,mmHg,2026-02-01,2
VS_042-S10-018_WEEK2_DIABP,042-S10-018,S10,WEEK2,Diastolic Blood Pressure,DIABP,74.0,74.0,mmHg,2026-02-01,2
VS_042-S10-018_WEEK2_PULSE,042-S10-018,S10,WEEK2,Pulse Rate,PULSE,67.0,67.0,beats/min,2026-02-01,2
VS_042-S10-018_WEEK2_WEIGHT,042-S10-018,S10,WEEK2,Weight,WEIGHT,78.5,78.5,kg,2026-02-01,2
VS_042-S10-019_WEEK2_SYSBP,042-S10-019,S10,WEEK2,Systolic Blood Pressure,SYSBP,125.0,125.0,mmHg,2026-02-01,2
VS_042-S10-019_WEEK2_DIABP,042-S10-019,S10,WEEK2,Diastolic Blood Pressure,DIABP,77.0,77.0,mmHg,2026-02-01,2
VS_042-S10-019_WEEK2_PULSE,042-S10-019,S10,WEEK2,Pulse Rate,PULSE,68.0,68.0,beats/min,2026-02-01,2
VS_042-S10-019_WEEK2_WEIGHT,042-S10-019,S10,WEEK2,Weight,WEIGHT,80.5,80.5,kg,2026-02-01,2
VS_042-S10-020_WEEK2_SYSBP,042-S10-020,S10,WEEK2,Systolic Blood Pressure,SYSBP,123.0,123.0,mmHg,2026-02-01,2
VS_042-S10-020_WEEK2_DIABP,042-S10-020,S10,WEEK2,Diastolic Blood Pressure,DIABP,81.0,81.0,mmHg,2026-02-01,2
VS_042-S10-020_WEEK2_PULSE,042-S10-020,S10,WEEK2,Pulse Rate,PULSE,74.0,74.0,beats/min,2026-02-01,2
VS_042-S10-020_WEEK2_WEIGHT,042-S10-020,S10,WEEK2,Weight,WEIGHT,78.5,78.5,kg,2026-02-01,2
VS_042-S11-001_WEEK2_SYSBP,042-S11-001,S11,WEEK2,Systolic Blood Pressure,SYSBP,127.0,127.0,mmHg,2026-02-01,2
VS_042-S11-001_WEEK2_DIABP,042-S11-001,S11,WEEK2,Diastolic Blood Pressure,DIABP,75.0,75.0,mmHg,2026-02-01,2
VS_042-S11-001_WEEK2_PULSE,042-S11-001,S11,WEEK2,Pulse Rate,PULSE,74.0,74.0,beats/min,2026-02-01,2
VS_042-S11-001_WEEK2_WEIGHT,042-S11-001,S11,WEEK2,Weight,WEIGHT,87.5,87.5,kg,2026-02-01,2
VS_042-S11-002_WEEK2_SYSBP,042-S11-002,S11,WEEK2,Systolic Blood Pressure,SYSBP,128.0,128.0,mmHg,2026-02-01,2
VS_042-S11-002_WEEK2_DIABP,042-S11-002,S11,WEEK2,Diastolic Blood Pressure,DIABP,82.0,82.0,mmHg,2026-02-01,2
VS_042-S11-002_WEEK2_PULSE,042-S11-002,S11,WEEK2,Pulse Rate,PULSE,77.0,77.0,beats/min,2026-02-01,2
VS_042-S11-002_WEEK2_WEIGHT,042-S11-002,S11,WEEK2,Weight,WEIGHT,80.5,80.5,kg,2026-02-01,2
VS_042-S11-003_WEEK2_SYSBP,042-S11-003,S11,WEEK2,Systolic Blood Pressure,SYSBP,129.0,129.0,mmHg,2026-02-01,2
VS_042-S11-003_WEEK2_DIABP,042-S11-003,S11,WEEK2,Diastolic Blood Pressure,DIABP,81.0,81.0,mmHg,2026-02-01,2
VS_042-S11-003_WEEK2_PULSE,042-S11-003,S11,WEEK2,Pulse Rate,PULSE,76.0,76.0,beats/min,2026-02-01,2
VS_042-S11-003_WEEK2_WEIGHT,042-S11-003,S11,WEEK2,Weight,WEIGHT,83.5,83.5,kg,2026-02-01,2
VS_042-S11-004_WEEK2_SYSBP,042-S11-004,S11,WEEK2,Systolic Blood Pressure,SYSBP,119.0,119.0,mmHg,2026-02-01,2
VS_042-S11-004_WEEK2_DIABP,042-S11-004,S11,WEEK2,Diastolic Blood Pressure,DIABP,76.0,76.0,mmHg,2026-02-01,2
VS_042-S11-004_WEEK2_PULSE,042-S11-004,S11,WEEK2,Pulse Rate,PULSE,76.0,76.0,beats/min,2026-02-01,2
VS_042-S11-004_WEEK2_WEIGHT,042-S11-004,S11,WEEK2,Weight,WEIGHT,82.5,82.5,kg,2026-02-01,2
VS_042-S11-005_WEEK2_SYSBP,042-S11-005,S11,WEEK2,Systolic Blood Pressure,SYSBP,122.0,122.0,mmHg,2026-02-01,2
VS_042-S11-005_WEEK2_DIABP,042-S11-005,S11,WEEK2,Diastolic Blood Pressure,DIABP,83.0,83.0,mmHg,2026-02-01,2
VS_042-S11-005_WEEK2_PULSE,042-S11-005,S11,WEEK2,Pulse Rate,PULSE,73.0,73.0,beats/min,2026-02-01,2
VS_042-S11-005_WEEK2_WEIGHT,042-S11-005,S11,WEEK2,Weight,WEIGHT,83.5,83.5,kg,2026-02-01,2
VS_042-S11-006_WEEK2_SYSBP,042-S11-006,S11,WEEK2,Systolic Blood Pressure,SYSBP,129.0,129.0,mmHg,2026-02-01,2
VS_042-S11-006_WEEK2_DIABP,042-S11-006,S11,WEEK2,Diastolic Blood Pressure,DIABP,78.0,78.0,mmHg,2026-02-01,2
VS_042-S11-006_WEEK2_PULSE,042-S11-006,S11,WEEK2,Pulse Rate,PULSE,70.0,70.0,beats/min,2026-02-01,2
VS_042-S11-006_WEEK2_WEIGHT,042-S11-006,S11,WEEK2,Weight,WEIGHT,83.5,83.5,kg,2026-02-01,2
VS_042-S11-007_WEEK2_SYSBP,042-S11-007,S11,WEEK2,Systolic Blood Pressure,SYSBP,121.0,121.0,mmHg,2026-02-01,2
VS_042-S11-007_WEEK2_DIABP,042-S11-007,S11,WEEK2,Diastolic Blood Pressure,DIABP,81.0,81.0,mmHg,2026-02-01,2
VS_042-S11-007_WEEK2_PULSE,042-S11-007,S11,WEEK2,Pulse Rate,PULSE,70.0,70.0,beats/min,2026-02-01,2
VS_042-S11-007_WEEK2_WEIGHT,042-S11-007,S11,WEEK2,Weight,WEIGHT,79.5,79.5,kg,2026-02-01,2
VS_042-S11-008_WEEK2_SYSBP,042-S11-008,S11,WEEK2,Systolic Blood Pressure,SYSBP,126.0,126.0,mmHg,2026-02-01,2
VS_042-S11-008_WEEK2_DIABP,042-S11-008,S11,WEEK2,Diastolic Blood Pressure,DIABP,77.0,77.0,mmHg,2026-02-01,2
VS_042-S11-008_WEEK2_PULSE,042-S11-008,S11,WEEK2,Pulse Rate,PULSE,70.0,70.0,beats/min,2026-02-01,2
VS_042-S11-008_WEEK2_WEIGHT,042-S11-008,S11,WEEK2,Weight,WEIGHT,81.5,81.5,kg,2026-02-01,2
VS_042-S11-009_WEEK2_SYSBP,042-S11-009,S11,WEEK2,Systolic Blood Pressure,SYSBP,127.0,127.0,mmHg,2026-02-01,2
VS_042-S11-009_WEEK2_DIABP,042-S11-009,S11,WEEK2,Diastolic Blood Pressure,DIABP,80.0,80.0,mmHg,2026-02-01,2
VS_042-S11-009_WEEK2_PULSE,042-S11-009,S11,WEEK2,Pulse Rate,PULSE,70.0,70.0,beats/min,2026-02-01,2
VS_042-S11-009_WEEK2_WEIGHT,042-S11-009,S11,WEEK2,Weight,WEIGHT,79.5,79.5,kg,2026-02-01,2
VS_042-S11-010_WEEK2_SYSBP,042-S11-010,S11,WEEK2,Systolic Blood Pressure,SYSBP,123.0,123.0,mmHg,2026-02-01,2
VS_042-S11-010_WEEK2_DIABP,042-S11-010,S11,WEEK2,Diastolic Blood Pressure,DIABP,78.0,78.0,mmHg,2026-02-01,2
VS_042-S11-010_WEEK2_PULSE,042-S11-010,S11,WEEK2,Pulse Rate,PULSE,74.0,74.0,beats/min,2026-02-01,2
VS_042-S11-010_WEEK2_WEIGHT,042-S11-010,S11,WEEK2,Weight,WEIGHT,78.5,78.5,kg,2026-02-01,2
VS_042-S11-011_WEEK2_SYSBP,042-S11-011,S11,WEEK2,Systolic Blood Pressure,SYSBP,128.0,128.0,mmHg,2026-02-01,2
VS_042-S11-011_WEEK2_DIABP,042-S11-011,S11,WEEK2,Diastolic Blood Pressure,DIABP,73.0,73.0,mmHg,2026-02-01,2
VS_042-S11-011_WEEK2_PULSE,042-S11-011,S11,WEEK2,Pulse Rate,PULSE,74.0,74.0,beats/min,2026-02-01,2
VS_042-S11-011_WEEK2_WEIGHT,042-S11-011,S11,WEEK2,Weight,WEIGHT,82.5,82.5,kg,2026-02-01,2
VS_042-S11-012_WEEK2_SYSBP,042-S11-012,S11,WEEK2,Systolic Blood Pressure,SYSBP,126.0,126.0,mmHg,2026-02-01,2
VS_042-S11-012_WEEK2_DIABP,042-S11-012,S11,WEEK2,Diastolic Blood Pressure,DIABP,73.0,73.0,mmHg,2026-02-01,2
VS_042-S11-012_WEEK2_PULSE,042-S11-012,S11,WEEK2,Pulse Rate,PULSE,72.0,72.0,beats/min,2026-02-01,2
VS_042-S11-012_WEEK2_WEIGHT,042-S11-012,S11,WEEK2,Weight,WEIGHT,78.5,78.5,kg,2026-02-01,2
VS_042-S11-013_WEEK2_SYSBP,042-S11-013,S11,WEEK2,Systolic Blood Pressure,SYSBP,119.0,119.0,mmHg,2026-02-01,2
VS_042-S11-013_WEEK2_DIABP,042-S11-013,S11,WEEK2,Diastolic Blood Pressure,DIABP,74.0,74.0,mmHg,2026-02-01,2
VS_042-S11-013_WEEK2_PULSE,042-S11-013,S11,WEEK2,Pulse Rate,PULSE,68.0,68.0,beats/min,2026-02-01,2
VS_042-S11-013_WEEK2_WEIGHT,042-S11-013,S11,WEEK2,Weight,WEIGHT,82.5,82.5,kg,2026-02-01,2
VS_042-S11-014_WEEK2_SYSBP,042-S11-014,S11,WEEK2,Systolic Blood Pressure,SYSBP,122.0,122.0,mmHg,2026-02-01,2
VS_042-S11-014_WEEK2_DIABP,042-S11-014,S11,WEEK2,Diastolic Blood Pressure,DIABP,82.0,82.0,mmHg,2026-02-01,2
VS_042-S11-014_WEEK2_PULSE,042-S11-014,S11,WEEK2,Pulse Rate,PULSE,74.0,74.0,beats/min,2026-02-01,2
VS_042-S11-014_WEEK2_WEIGHT,042-S11-014,S11,WEEK2,Weight,WEIGHT,80.5,80.5,kg,2026-02-01,2
VS_042-S11-015_WEEK2_SYSBP,042-S11-015,S11,WEEK2,Systolic Blood Pressure,SYSBP,119.0,119.0,mmHg,2026-02-01,2
VS_042-S11-015_WEEK2_DIABP,042-S11-015,S11,WEEK2,Diastolic Blood Pressure,DIABP,77.0,77.0,mmHg,2026-02-01,2
VS_042-S11-015_WEEK2_PULSE,042-S11-015,S11,WEEK2,Pulse Rate,PULSE,73.0,73.0,beats/min,2026-02-01,2
VS_042-S11-015_WEEK2_WEIGHT,042-S11-015,S11,WEEK2,Weight,WEIGHT,83.5,83.5,kg,2026-02-01,2
VS_042-S11-016_WEEK2_SYSBP,042-S11-016,S11,WEEK2,Systolic Blood Pressure,SYSBP,124.0,124.0,mmHg,2026-02-01,2
VS_042-S11-016_WEEK2_DIABP,042-S11-016,S11,WEEK2,Diastolic Blood Pressure,DIABP,82.0,82.0,mmHg,2026-02-01,2
VS_042-S11-016_WEEK2_PULSE,042-S11-016,S11,WEEK2,Pulse Rate,PULSE,72.0,72.0,beats/min,2026-02-01,2
VS_042-S11-016_WEEK2_WEIGHT,042-S11-016,S11,WEEK2,Weight,WEIGHT,85.5,85.5,kg,2026-02-01,2
VS_042-S11-017_WEEK2_SYSBP,042-S11-017,S11,WEEK2,Systolic Blood Pressure,SYSBP,125.0,125.0,mmHg,2026-02-01,2
VS_042-S11-017_WEEK2_DIABP,042-S11-017,S11,WEEK2,Diastolic Blood Pressure,DIABP,83.0,83.0,mmHg,2026-02-01,2
VS_042-S11-017_WEEK2_PULSE,042-S11-017,S11,WEEK2,Pulse Rate,PULSE,70.0,70.0,beats/min,2026-02-01,2
VS_042-S11-017_WEEK2_WEIGHT,042-S11-017,S11,WEEK2,Weight,WEIGHT,84.5,84.5,kg,2026-02-01,2
VS_042-S11-018_WEEK2_SYSBP,042-S11-018,S11,WEEK2,Systolic Blood Pressure,SYSBP,125.0,125.0,mmHg,2026-02-01,2
VS_042-S11-018_WEEK2_DIABP,042-S11-018,S11,WEEK2,Diastolic Blood Pressure,DIABP,76.0,76.0,mmHg,2026-02-01,2
VS_042-S11-018_WEEK2_PULSE,042-S11-018,S11,WEEK2,Pulse Rate,PULSE,71.0,71.0,beats/min,2026-02-01,2
VS_042-S11-018_WEEK2_WEIGHT,042-S11-018,S11,WEEK2,Weight,WEIGHT,81.5,81.5,kg,2026-02-01,2
VS_042-S11-019_WEEK2_SYSBP,042-S11-019,S11,WEEK2,Systolic Blood Pressure,SYSBP,120.0,120.0,mmHg,2026-02-01,2
VS_042-S11-019_WEEK2_DIABP,042-S11-019,S11,WEEK2,Diastolic Blood Pressure,DIABP,81.0,81.0,mmHg,2026-02-01,2
VS_042-S11-019_WEEK2_PULSE,042-S11-019,S11,WEEK2,Pulse Rate,PULSE,69.0,69.0,beats/min,2026-02-01,2
VS_042-S11-019_WEEK2_WEIGHT,042-S11-019,S11,WEEK2,Weight,WEIGHT,80.5,80.5,kg,2026-02-01,2
VS_042-S11-020_WEEK2_SYSBP,042-S11-020,S11,WEEK2,Systolic Blood Pressure,SYSBP,120.0,120.0,mmHg,2026-02-01,2
VS_042-S11-020_WEEK2_DIABP,042-S11-020,S11,WEEK2,Diastolic Blood Pressure,DIABP,81.0,81.0,mmHg,2026-02-01,2
VS_042-S11-020_WEEK2_PULSE,042-S11-020,S11,WEEK2,Pulse Rate,PULSE,71.0,71.0,beats/min,2026-02-01,2
VS_042-S11-020_WEEK2_WEIGHT,042-S11-020,S11,WEEK2,Weight,WEIGHT,87.5,87.5,kg,2026-02-01,2
VS_042-S12-001_WEEK2_SYSBP,042-S12-001,S12,WEEK2,Systolic Blood Pressure,SYSBP,119.0,119.0,mmHg,2026-02-01,2
VS_042-S12-001_WEEK2_DIABP,042-S12-001,S12,WEEK2,Diastolic Blood Pressure,DIABP,76.0,76.0,mmHg,2026-02-01,2
VS_042-S12-001_WEEK2_PULSE,042-S12-001,S12,WEEK2,Pulse Rate,PULSE,77.0,77.0,beats/min,2026-02-01,2
VS_042-S12-001_WEEK2_WEIGHT,042-S12-001,S12,WEEK2,Weight,WEIGHT,85.5,85.5,kg,2026-02-01,2
VS_042-S12-002_WEEK2_SYSBP,042-S12-002,S12,WEEK2,Systolic Blood Pressure,SYSBP,123.0,123.0,mmHg,2026-02-01,2
VS_042-S12-002_WEEK2_DIABP,042-S12-002,S12,WEEK2,Diastolic Blood Pressure,DIABP,75.0,75.0,mmHg,2026-02-01,2
VS_042-S12-002_WEEK2_PULSE,042-S12-002,S12,WEEK2,Pulse Rate,PULSE,77.0,77.0,beats/min,2026-02-01,2
VS_042-S12-002_WEEK2_WEIGHT,042-S12-002,S12,WEEK2,Weight,WEIGHT,86.5,86.5,kg,2026-02-01,2
VS_042-S12-003_WEEK2_SYSBP,042-S12-003,S12,WEEK2,Systolic Blood Pressure,SYSBP,128.0,128.0,mmHg,2026-02-01,2
VS_042-S12-003_WEEK2_DIABP,042-S12-003,S12,WEEK2,Diastolic Blood Pressure,DIABP,81.0,81.0,mmHg,2026-02-01,2
VS_042-S12-003_WEEK2_PULSE,042-S12-003,S12,WEEK2,Pulse Rate,PULSE,74.0,74.0,beats/min,2026-02-01,2
VS_042-S12-003_WEEK2_WEIGHT,042-S12-003,S12,WEEK2,Weight,WEIGHT,80.5,80.5,kg,2026-02-01,2
VS_042-S12-004_WEEK2_SYSBP,042-S12-004,S12,WEEK2,Systolic Blood Pressure,SYSBP,122.0,122.0,mmHg,2026-02-01,2
VS_042-S12-004_WEEK2_DIABP,042-S12-004,S12,WEEK2,Diastolic Blood Pressure,DIABP,81.0,81.0,mmHg,2026-02-01,2
VS_042-S12-004_WEEK2_PULSE,042-S12-004,S12,WEEK2,Pulse Rate,PULSE,72.0,72.0,beats/min,2026-02-01,2
VS_042-S12-004_WEEK2_WEIGHT,042-S12-004,S12,WEEK2,Weight,WEIGHT,85.5,85.5,kg,2026-02-01,2
VS_042-S12-005_WEEK2_SYSBP,042-S12-005,S12,WEEK2,Systolic Blood Pressure,SYSBP,125.0,125.0,mmHg,2026-02-01,2
VS_042-S12-005_WEEK2_DIABP,042-S12-005,S12,WEEK2,Diastolic Blood Pressure,DIABP,75.0,75.0,mmHg,2026-02-01,2
VS_042-S12-005_WEEK2_PULSE,042-S12-005,S12,WEEK2,Pulse Rate,PULSE,67.0,67.0,beats/min,2026-02-01,2
VS_042-S12-005_WEEK2_WEIGHT,042-S12-005,S12,WEEK2,Weight,WEIGHT,83.5,83.5,kg,2026-02-01,2
VS_042-S12-006_WEEK2_SYSBP,042-S12-006,S12,WEEK2,Systolic Blood Pressure,SYSBP,121.0,121.0,mmHg,2026-02-01,2
VS_042-S12-006_WEEK2_DIABP,042-S12-006,S12,WEEK2,Diastolic Blood Pressure,DIABP,77.0,77.0,mmHg,2026-02-01,2
VS_042-S12-006_WEEK2_PULSE,042-S12-006,S12,WEEK2,Pulse Rate,PULSE,77.0,77.0,beats/min,2026-02-01,2
VS_042-S12-006_WEEK2_WEIGHT,042-S12-006,S12,WEEK2,Weight,WEIGHT,84.5,84.5,kg,2026-02-01,2
VS_042-S12-007_WEEK2_SYSBP,042-S12-007,S12,WEEK2,Systolic Blood Pressure,SYSBP,128.0,128.0,mmHg,2026-02-01,2
VS_042-S12-007_WEEK2_DIABP,042-S12-007,S12,WEEK2,Diastolic Blood Pressure,DIABP,81.0,81.0,mmHg,2026-02-01,2
VS_042-S12-007_WEEK2_PULSE,042-S12-007,S12,WEEK2,Pulse Rate,PULSE,70.0,70.0,beats/min,2026-02-01,2
VS_042-S12-007_WEEK2_WEIGHT,042-S12-007,S12,WEEK2,Weight,WEIGHT,83.5,83.5,kg,2026-02-01,2
VS_042-S12-008_WEEK2_SYSBP,042-S12-008,S12,WEEK2,Systolic Blood Pressure,SYSBP,121.0,121.0,mmHg,2026-02-01,2
VS_042-S12-008_WEEK2_DIABP,042-S12-008,S12,WEEK2,Diastolic Blood Pressure,DIABP,75.0,75.0,mmHg,2026-02-01,2
VS_042-S12-008_WEEK2_PULSE,042-S12-008,S12,WEEK2,Pulse Rate,PULSE,70.0,70.0,beats/min,2026-02-01,2
VS_042-S12-008_WEEK2_WEIGHT,042-S12-008,S12,WEEK2,Weight,WEIGHT,86.5,86.5,kg,2026-02-01,2
VS_042-S12-009_WEEK2_SYSBP,042-S12-009,S12,WEEK2,Systolic Blood Pressure,SYSBP,128.0,128.0,mmHg,2026-02-01,2
VS_042-S12-009_WEEK2_DIABP,042-S12-009,S12,WEEK2,Diastolic Blood Pressure,DIABP,80.0,80.0,mmHg,2026-02-01,2
VS_042-S12-009_WEEK2_PULSE,042-S12-009,S12,WEEK2,Pulse Rate,PULSE,73.0,73.0,beats/min,2026-02-01,2
VS_042-S12-009_WEEK2_WEIGHT,042-S12-009,S12,WEEK2,Weight,WEIGHT,78.5,78.5,kg,2026-02-01,2
VS_042-S12-010_WEEK2_SYSBP,042-S12-010,S12,WEEK2,Systolic Blood Pressure,SYSBP,120.0,120.0,mmHg,2026-02-01,2
VS_042-S12-010_WEEK2_DIABP,042-S12-010,S12,WEEK2,Diastolic Blood Pressure,DIABP,83.0,83.0,mmHg,2026-02-01,2
VS_042-S12-010_WEEK2_PULSE,042-S12-010,S12,WEEK2,Pulse Rate,PULSE,70.0,70.0,beats/min,2026-02-01,2
VS_042-S12-010_WEEK2_WEIGHT,042-S12-010,S12,WEEK2,Weight,WEIGHT,80.5,80.5,kg,2026-02-01,2
VS_042-S12-011_WEEK2_SYSBP,042-S12-011,S12,WEEK2,Systolic Blood Pressure,SYSBP,127.0,127.0,mmHg,2026-02-01,2
VS_042-S12-011_WEEK2_DIABP,042-S12-011,S12,WEEK2,Diastolic Blood Pressure,DIABP,81.0,81.0,mmHg,2026-02-01,2
VS_042-S12-011_WEEK2_PULSE,042-S12-011,S12,WEEK2,Pulse Rate,PULSE,69.0,69.0,beats/min,2026-02-01,2
VS_042-S12-011_WEEK2_WEIGHT,042-S12-011,S12,WEEK2,Weight,WEIGHT,81.5,81.5,kg,2026-02-01,2
VS_042-S12-012_WEEK2_SYSBP,042-S12-012,S12,WEEK2,Systolic Blood Pressure,SYSBP,119.0,119.0,mmHg,2026-02-01,2
VS_042-S12-012_WEEK2_DIABP,042-S12-012,S12,WEEK2,Diastolic Blood Pressure,DIABP,79.0,79.0,mmHg,2026-02-01,2
VS_042-S12-012_WEEK2_PULSE,042-S12-012,S12,WEEK2,Pulse Rate,PULSE,73.0,73.0,beats/min,2026-02-01,2
VS_042-S12-012_WEEK2_WEIGHT,042-S12-012,S12,WEEK2,Weight,WEIGHT,78.5,78.5,kg,2026-02-01,2
VS_042-S12-013_WEEK2_SYSBP,042-S12-013,S12,WEEK2,Systolic Blood Pressure,SYSBP,129.0,129.0,mmHg,2026-02-01,2
VS_042-S12-013_WEEK2_DIABP,042-S12-013,S12,WEEK2,Diastolic Blood Pressure,DIABP,81.0,81.0,mmHg,2026-02-01,2
VS_042-S12-013_WEEK2_PULSE,042-S12-013,S12,WEEK2,Pulse Rate,PULSE,76.0,76.0,beats/min,2026-02-01,2
VS_042-S12-013_WEEK2_WEIGHT,042-S12-013,S12,WEEK2,Weight,WEIGHT,86.5,86.5,kg,2026-02-01,2
VS_042-S12-014_WEEK2_SYSBP,042-S12-014,S12,WEEK2,Systolic Blood Pressure,SYSBP,120.0,120.0,mmHg,2026-02-01,2
VS_042-S12-014_WEEK2_DIABP,042-S12-014,S12,WEEK2,Diastolic Blood Pressure,DIABP,78.0,78.0,mmHg,2026-02-01,2
VS_042-S12-014_WEEK2_PULSE,042-S12-014,S12,WEEK2,Pulse Rate,PULSE,70.0,70.0,beats/min,2026-02-01,2
VS_042-S12-014_WEEK2_WEIGHT,042-S12-014,S12,WEEK2,Weight,WEIGHT,86.5,86.5,kg,2026-02-01,2
VS_042-S12-015_WEEK2_SYSBP,042-S12-015,S12,WEEK2,Systolic Blood Pressure,SYSBP,124.0,124.0,mmHg,2026-02-01,2
VS_042-S12-015_WEEK2_DIABP,042-S12-015,S12,WEEK2,Diastolic Blood Pressure,DIABP,79.0,79.0,mmHg,2026-02-01,2
VS_042-S12-015_WEEK2_PULSE,042-S12-015,S12,WEEK2,Pulse Rate,PULSE,74.0,74.0,beats/min,2026-02-01,2
VS_042-S12-015_WEEK2_WEIGHT,042-S12-015,S12,WEEK2,Weight,WEIGHT,86.5,86.5,kg,2026-02-01,2
VS_042-S12-016_WEEK2_SYSBP,042-S12-016,S12,WEEK2,Systolic Blood Pressure,SYSBP,122.0,122.0,mmHg,2026-02-01,2
VS_042-S12-016_WEEK2_DIABP,042-S12-016,S12,WEEK2,Diastolic Blood Pressure,DIABP,80.0,80.0,mmHg,2026-02-01,2
VS_042-S12-016_WEEK2_PULSE,042-S12-016,S12,WEEK2,Pulse Rate,PULSE,68.0,68.0,beats/min,2026-02-01,2
VS_042-S12-016_WEEK2_WEIGHT,042-S12-016,S12,WEEK2,Weight,WEIGHT,87.5,87.5,kg,2026-02-01,2
VS_042-S12-017_WEEK2_SYSBP,042-S12-017,S12,WEEK2,Systolic Blood Pressure,SYSBP,128.0,128.0,mmHg,2026-02-01,2
VS_042-S12-017_WEEK2_DIABP,042-S12-017,S12,WEEK2,Diastolic Blood Pressure,DIABP,81.0,81.0,mmHg,2026-02-01,2
VS_042-S12-017_WEEK2_PULSE,042-S12-017,S12,WEEK2,Pulse Rate,PULSE,75.0,75.0,beats/min,2026-02-01,2
VS_042-S12-017_WEEK2_WEIGHT,042-S12-017,S12,WEEK2,Weight,WEIGHT,84.5,84.5,kg,2026-02-01,2
VS_042-S12-018_WEEK2_SYSBP,042-S12-018,S12,WEEK2,Systolic Blood Pressure,SYSBP,123.0,123.0,mmHg,2026-02-01,2
VS_042-S12-018_WEEK2_DIABP,042-S12-018,S12,WEEK2,Diastolic Blood Pressure,DIABP,77.0,77.0,mmHg,2026-02-01,2
VS_042-S12-018_WEEK2_PULSE,042-S12-018,S12,WEEK2,Pulse Rate,PULSE,75.0,75.0,beats/min,2026-02-01,2
VS_042-S12-018_WEEK2_WEIGHT,042-S12-018,S12,WEEK2,Weight,WEIGHT,84.5,84.5,kg,2026-02-01,2
VS_042-S12-019_WEEK2_SYSBP,042-S12-019,S12,WEEK2,Systolic Blood Pressure,SYSBP,129.0,129.0,mmHg,2026-02-01,2
VS_042-S12-019_WEEK2_DIABP,042-S12-019,S12,WEEK2,Diastolic Blood Pressure,DIABP,81.0,81.0,mmHg,2026-02-01,2
VS_042-S12-019_WEEK2_PULSE,042-S12-019,S12,WEEK2,Pulse Rate,PULSE,77.0,77.0,beats/min,2026-02-01,2
VS_042-S12-019_WEEK2_WEIGHT,042-S12-019,S12,WEEK2,Weight,WEIGHT,80.5,80.5,kg,2026-02-01,2
VS_042-S12-020_WEEK2_SYSBP,042-S12-020,S12,WEEK2,Systolic Blood Pressure,SYSBP,126.0,126.0,mmHg,2026-02-01,2
VS_042-S12-020_WEEK2_DIABP,042-S12-020,S12,WEEK2,Diastolic Blood Pressure,DIABP,75.0,75.0,mmHg,2026-02-01,2
VS_042-S12-020_WEEK2_PULSE,042-S12-020,S12,WEEK2,Pulse Rate,PULSE,70.0,70.0,beats/min,2026-02-01,2
VS_042-S12-020_WEEK2_WEIGHT,042-S12-020,S12,WEEK2,Weight,WEIGHT,80.5,80.5,kg,2026-02-01,2
VS_042-S01-001_WEEK4_SYSBP,042-S01-001,S01,WEEK4,Systolic Blood Pressure,SYSBP,123.0,123.0,mmHg,2026-02-24,3
VS_042-S01-001_WEEK4_DIABP,042-S01-001,S01,WEEK4,Diastolic Blood Pressure,DIABP,81.0,81.0,mmHg,2026-02-24,3
VS_042-S01-001_WEEK4_PULSE,042-S01-001,S01,WEEK4,Pulse Rate,PULSE,68.0,68.0,beats/min,2026-02-24,3
VS_042-S01-001_WEEK4_WEIGHT,042-S01-001,S01,WEEK4,Weight,WEIGHT,83.5,83.5,kg,2026-02-24,3
VS_042-S01-002_WEEK4_SYSBP,042-S01-002,S01,WEEK4,Systolic Blood Pressure,SYSBP,121.0,121.0,mmHg,2026-02-24,3
VS_042-S01-002_WEEK4_DIABP,042-S01-002,S01,WEEK4,Diastolic Blood Pressure,DIABP,82.0,82.0,mmHg,2026-02-24,3
VS_042-S01-002_WEEK4_PULSE,042-S01-002,S01,WEEK4,Pulse Rate,PULSE,76.0,76.0,beats/min,2026-02-24,3
VS_042-S01-002_WEEK4_WEIGHT,042-S01-002,S01,WEEK4,Weight,WEIGHT,84.5,84.5,kg,2026-02-24,3
VS_042-S01-003_WEEK4_SYSBP,042-S01-003,S01,WEEK4,Systolic Blood Pressure,SYSBP,129.0,129.0,mmHg,2026-02-24,3
VS_042-S01-003_WEEK4_DIABP,042-S01-003,S01,WEEK4,Diastolic Blood Pressure,DIABP,81.0,81.0,mmHg,2026-02-24,3
VS_042-S01-003_WEEK4_PULSE,042-S01-003,S01,WEEK4,Pulse Rate,PULSE,72.0,72.0,beats/min,2026-02-24,3
VS_042-S01-003_WEEK4_WEIGHT,042-S01-003,S01,WEEK4,Weight,WEIGHT,78.5,78.5,kg,2026-02-24,3
VS_042-S01-004_WEEK4_SYSBP,042-S01-004,S01,WEEK4,Systolic Blood Pressure,SYSBP,119.0,119.0,mmHg,2026-02-24,3
VS_042-S01-004_WEEK4_DIABP,042-S01-004,S01,WEEK4,Diastolic Blood Pressure,DIABP,81.0,81.0,mmHg,2026-02-24,3
VS_042-S01-004_WEEK4_PULSE,042-S01-004,S01,WEEK4,Pulse Rate,PULSE,75.0,75.0,beats/min,2026-02-24,3
VS_042-S01-004_WEEK4_WEIGHT,042-S01-004,S01,WEEK4,Weight,WEIGHT,79.5,79.5,kg,2026-02-24,3
VS_042-S01-005_WEEK4_SYSBP,042-S01-005,S01,WEEK4,Systolic Blood Pressure,SYSBP,124.0,124.0,mmHg,2026-02-24,3
VS_042-S01-005_WEEK4_DIABP,042-S01-005,S01,WEEK4,Diastolic Blood Pressure,DIABP,75.0,75.0,mmHg,2026-02-24,3
VS_042-S01-005_WEEK4_PULSE,042-S01-005,S01,WEEK4,Pulse Rate,PULSE,77.0,77.0,beats/min,2026-02-24,3
VS_042-S01-005_WEEK4_WEIGHT,042-S01-005,S01,WEEK4,Weight,WEIGHT,78.5,78.5,kg,2026-02-24,3
VS_042-S01-006_WEEK4_SYSBP,042-S01-006,S01,WEEK4,Systolic Blood Pressure,SYSBP,128.0,128.0,mmHg,2026-02-24,3
VS_042-S01-006_WEEK4_DIABP,042-S01-006,S01,WEEK4,Diastolic Blood Pressure,DIABP,82.0,82.0,mmHg,2026-02-24,3
VS_042-S01-006_WEEK4_PULSE,042-S01-006,S01,WEEK4,Pulse Rate,PULSE,70.0,70.0,beats/min,2026-02-24,3
VS_042-S01-006_WEEK4_WEIGHT,042-S01-006,S01,WEEK4,Weight,WEIGHT,80.5,80.5,kg,2026-02-24,3
VS_042-S01-007_WEEK4_SYSBP,042-S01-007,S01,WEEK4,Systolic Blood Pressure,SYSBP,128.0,128.0,mmHg,2026-02-24,3
VS_042-S01-007_WEEK4_DIABP,042-S01-007,S01,WEEK4,Diastolic Blood Pressure,DIABP,76.0,76.0,mmHg,2026-02-24,3
VS_042-S01-007_WEEK4_PULSE,042-S01-007,S01,WEEK4,Pulse Rate,PULSE,75.0,75.0,beats/min,2026-02-24,3
VS_042-S01-007_WEEK4_WEIGHT,042-S01-007,S01,WEEK4,Weight,WEIGHT,86.5,86.5,kg,2026-02-24,3
VS_042-S01-008_WEEK4_SYSBP,042-S01-008,S01,WEEK4,Systolic Blood Pressure,SYSBP,127.0,127.0,mmHg,2026-02-24,3
VS_042-S01-008_WEEK4_DIABP,042-S01-008,S01,WEEK4,Diastolic Blood Pressure,DIABP,75.0,75.0,mmHg,2026-02-24,3
VS_042-S01-008_WEEK4_PULSE,042-S01-008,S01,WEEK4,Pulse Rate,PULSE,68.0,68.0,beats/min,2026-02-24,3
VS_042-S01-008_WEEK4_WEIGHT,042-S01-008,S01,WEEK4,Weight,WEIGHT,78.5,78.5,kg,2026-02-24,3
VS_042-S01-009_WEEK4_SYSBP,042-S01-009,S01,WEEK4,Systolic Blood Pressure,SYSBP,129.0,129.0,mmHg,2026-02-24,3
VS_042-S01-009_WEEK4_DIABP,042-S01-009,S01,WEEK4,Diastolic Blood Pressure,DIABP,80.0,80.0,mmHg,2026-02-24,3
VS_042-S01-009_WEEK4_PULSE,042-S01-009,S01,WEEK4,Pulse Rate,PULSE,70.0,70.0,beats/min,2026-02-24,3
VS_042-S01-009_WEEK4_WEIGHT,042-S01-009,S01,WEEK4,Weight,WEIGHT,79.5,79.5,kg,2026-02-24,3
VS_042-S01-010_WEEK4_SYSBP,042-S01-010,S01,WEEK4,Systolic Blood Pressure,SYSBP,120.0,120.0,mmHg,2026-02-24,3
VS_042-S01-010_WEEK4_DIABP,042-S01-010,S01,WEEK4,Diastolic Blood Pressure,DIABP,78.0,78.0,mmHg,2026-02-24,3
VS_042-S01-010_WEEK4_PULSE,042-S01-010,S01,WEEK4,Pulse Rate,PULSE,75.0,75.0,beats/min,2026-02-24,3
VS_042-S01-010_WEEK4_WEIGHT,042-S01-010,S01,WEEK4,Weight,WEIGHT,81.5,81.5,kg,2026-02-24,3
VS_042-S01-011_WEEK4_SYSBP,042-S01-011,S01,WEEK4,Systolic Blood Pressure,SYSBP,120.0,120.0,mmHg,2026-02-24,3
VS_042-S01-011_WEEK4_DIABP,042-S01-011,S01,WEEK4,Diastolic Blood Pressure,DIABP,78.0,78.0,mmHg,2026-02-24,3
VS_042-S01-011_WEEK4_PULSE,042-S01-011,S01,WEEK4,Pulse Rate,PULSE,71.0,71.0,beats/min,2026-02-24,3
VS_042-S01-011_WEEK4_WEIGHT,042-S01-011,S01,WEEK4,Weight,WEIGHT,77.5,77.5,kg,2026-02-24,3
VS_042-S01-012_WEEK4_SYSBP,042-S01-012,S01,WEEK4,Systolic Blood Pressure,SYSBP,120.0,120.0,mmHg,2026-02-24,3
VS_042-S01-012_WEEK4_DIABP,042-S01-012,S01,WEEK4,Diastolic Blood Pressure,DIABP,73.0,73.0,mmHg,2026-02-24,3
VS_042-S01-012_WEEK4_PULSE,042-S01-012,S01,WEEK4,Pulse Rate,PULSE,69.0,69.0,beats/min,2026-02-24,3
VS_042-S01-012_WEEK4_WEIGHT,042-S01-012,S01,WEEK4,Weight,WEIGHT,81.5,81.5,kg,2026-02-24,3
VS_042-S01-013_WEEK4_SYSBP,042-S01-013,S01,WEEK4,Systolic Blood Pressure,SYSBP,127.0,127.0,mmHg,2026-02-24,3
VS_042-S01-013_WEEK4_DIABP,042-S01-013,S01,WEEK4,Diastolic Blood Pressure,DIABP,77.0,77.0,mmHg,2026-02-24,3
VS_042-S01-013_WEEK4_PULSE,042-S01-013,S01,WEEK4,Pulse Rate,PULSE,76.0,76.0,beats/min,2026-02-24,3
VS_042-S01-013_WEEK4_WEIGHT,042-S01-013,S01,WEEK4,Weight,WEIGHT,77.5,77.5,kg,2026-02-24,3
VS_042-S01-014_WEEK4_SYSBP,042-S01-014,S01,WEEK4,Systolic Blood Pressure,SYSBP,126.0,126.0,mmHg,2026-02-24,3
VS_042-S01-014_WEEK4_DIABP,042-S01-014,S01,WEEK4,Diastolic Blood Pressure,DIABP,77.0,77.0,mmHg,2026-02-24,3
VS_042-S01-014_WEEK4_PULSE,042-S01-014,S01,WEEK4,Pulse Rate,PULSE,70.0,70.0,beats/min,2026-02-24,3
VS_042-S01-014_WEEK4_WEIGHT,042-S01-014,S01,WEEK4,Weight,WEIGHT,78.5,78.5,kg,2026-02-24,3
VS_042-S01-015_WEEK4_SYSBP,042-S01-015,S01,WEEK4,Systolic Blood Pressure,SYSBP,119.0,119.0,mmHg,2026-02-24,3
VS_042-S01-015_WEEK4_DIABP,042-S01-015,S01,WEEK4,Diastolic Blood Pressure,DIABP,73.0,73.0,mmHg,2026-02-24,3
VS_042-S01-015_WEEK4_PULSE,042-S01-015,S01,WEEK4,Pulse Rate,PULSE,72.0,72.0,beats/min,2026-02-24,3
VS_042-S01-015_WEEK4_WEIGHT,042-S01-015,S01,WEEK4,Weight,WEIGHT,86.5,86.5,kg,2026-02-24,3
VS_042-S01-016_WEEK4_SYSBP,042-S01-016,S01,WEEK4,Systolic Blood Pressure,SYSBP,120.0,120.0,mmHg,2026-02-24,3
VS_042-S01-016_WEEK4_DIABP,042-S01-016,S01,WEEK4,Diastolic Blood Pressure,DIABP,77.0,77.0,mmHg,2026-02-24,3
VS_042-S01-016_WEEK4_PULSE,042-S01-016,S01,WEEK4,Pulse Rate,PULSE,71.0,71.0,beats/min,2026-02-24,3
VS_042-S01-016_WEEK4_WEIGHT,042-S01-016,S01,WEEK4,Weight,WEIGHT,77.5,77.5,kg,2026-02-24,3
VS_042-S01-017_WEEK4_SYSBP,042-S01-017,S01,WEEK4,Systolic Blood Pressure,SYSBP,128.0,128.0,mmHg,2026-02-24,3
VS_042-S01-017_WEEK4_DIABP,042-S01-017,S01,WEEK4,Diastolic Blood Pressure,DIABP,77.0,77.0,mmHg,2026-02-24,3
VS_042-S01-017_WEEK4_PULSE,042-S01-017,S01,WEEK4,Pulse Rate,PULSE,77.0,77.0,beats/min,2026-02-24,3
VS_042-S01-017_WEEK4_WEIGHT,042-S01-017,S01,WEEK4,Weight,WEIGHT,79.5,79.5,kg,2026-02-24,3
VS_042-S01-018_WEEK4_SYSBP,042-S01-018,S01,WEEK4,Systolic Blood Pressure,SYSBP,121.0,121.0,mmHg,2026-02-24,3
VS_042-S01-018_WEEK4_DIABP,042-S01-018,S01,WEEK4,Diastolic Blood Pressure,DIABP,76.0,76.0,mmHg,2026-02-24,3
VS_042-S01-018_WEEK4_PULSE,042-S01-018,S01,WEEK4,Pulse Rate,PULSE,75.0,75.0,beats/min,2026-02-24,3
VS_042-S01-018_WEEK4_WEIGHT,042-S01-018,S01,WEEK4,Weight,WEIGHT,78.5,78.5,kg,2026-02-24,3
VS_042-S01-019_WEEK4_SYSBP,042-S01-019,S01,WEEK4,Systolic Blood Pressure,SYSBP,129.0,129.0,mmHg,2026-02-24,3
VS_042-S01-019_WEEK4_DIABP,042-S01-019,S01,WEEK4,Diastolic Blood Pressure,DIABP,79.0,79.0,mmHg,2026-02-24,3
VS_042-S01-019_WEEK4_PULSE,042-S01-019,S01,WEEK4,Pulse Rate,PULSE,70.0,70.0,beats/min,2026-02-24,3
VS_042-S01-019_WEEK4_WEIGHT,042-S01-019,S01,WEEK4,Weight,WEIGHT,86.5,86.5,kg,2026-02-24,3
VS_042-S01-020_WEEK4_SYSBP,042-S01-020,S01,WEEK4,Systolic Blood Pressure,SYSBP,124.0,124.0,mmHg,2026-02-24,3
VS_042-S01-020_WEEK4_DIABP,042-S01-020,S01,WEEK4,Diastolic Blood Pressure,DIABP,78.0,78.0,mmHg,2026-02-24,3
VS_042-S01-020_WEEK4_PULSE,042-S01-020,S01,WEEK4,Pulse Rate,PULSE,77.0,77.0,beats/min,2026-02-24,3
VS_042-S01-020_WEEK4_WEIGHT,042-S01-020,S01,WEEK4,Weight,WEIGHT,79.5,79.5,kg,2026-02-24,3
VS_042-S01-021_WEEK4_SYSBP,042-S01-021,S01,WEEK4,Systolic Blood Pressure,SYSBP,122.0,122.0,mmHg,2026-02-24,3
VS_042-S01-021_WEEK4_DIABP,042-S01-021,S01,WEEK4,Diastolic Blood Pressure,DIABP,77.0,77.0,mmHg,2026-02-24,3
VS_042-S01-021_WEEK4_PULSE,042-S01-021,S01,WEEK4,Pulse Rate,PULSE,69.0,69.0,beats/min,2026-02-24,3
VS_042-S01-021_WEEK4_WEIGHT,042-S01-021,S01,WEEK4,Weight,WEIGHT,78.5,78.5,kg,2026-02-24,3
VS_042-S02-001_WEEK4_SYSBP,042-S02-001,S02,WEEK4,Systolic Blood Pressure,SYSBP,119.0,119.0,mmHg,2026-02-24,3
VS_042-S02-001_WEEK4_DIABP,042-S02-001,S02,WEEK4,Diastolic Blood Pressure,DIABP,78.0,78.0,mmHg,2026-02-24,3
VS_042-S02-001_WEEK4_PULSE,042-S02-001,S02,WEEK4,Pulse Rate,PULSE,77.0,77.0,beats/min,2026-02-24,3
VS_042-S02-001_WEEK4_WEIGHT,042-S02-001,S02,WEEK4,Weight,WEIGHT,86.5,86.5,kg,2026-02-24,3
VS_042-S02-002_WEEK4_SYSBP,042-S02-002,S02,WEEK4,Systolic Blood Pressure,SYSBP,119.0,119.0,mmHg,2026-02-24,3
VS_042-S02-002_WEEK4_DIABP,042-S02-002,S02,WEEK4,Diastolic Blood Pressure,DIABP,79.0,79.0,mmHg,2026-02-24,3
VS_042-S02-002_WEEK4_PULSE,042-S02-002,S02,WEEK4,Pulse Rate,PULSE,73.0,73.0,beats/min,2026-02-24,3
VS_042-S02-002_WEEK4_WEIGHT,042-S02-002,S02,WEEK4,Weight,WEIGHT,83.5,83.5,kg,2026-02-24,3
VS_042-S02-003_WEEK4_SYSBP,042-S02-003,S02,WEEK4,Systolic Blood Pressure,SYSBP,121.0,121.0,mmHg,2026-02-24,3
VS_042-S02-003_WEEK4_DIABP,042-S02-003,S02,WEEK4,Diastolic Blood Pressure,DIABP,77.0,77.0,mmHg,2026-02-24,3
VS_042-S02-003_WEEK4_PULSE,042-S02-003,S02,WEEK4,Pulse Rate,PULSE,71.0,71.0,beats/min,2026-02-24,3
VS_042-S02-003_WEEK4_WEIGHT,042-S02-003,S02,WEEK4,Weight,WEIGHT,80.5,80.5,kg,2026-02-24,3
VS_042-S02-004_WEEK4_SYSBP,042-S02-004,S02,WEEK4,Systolic Blood Pressure,SYSBP,127.0,127.0,mmHg,2026-02-24,3
VS_042-S02-004_WEEK4_DIABP,042-S02-004,S02,WEEK4,Diastolic Blood Pressure,DIABP,76.0,76.0,mmHg,2026-02-24,3
VS_042-S02-004_WEEK4_PULSE,042-S02-004,S02,WEEK4,Pulse Rate,PULSE,73.0,73.0,beats/min,2026-02-24,3
VS_042-S02-004_WEEK4_WEIGHT,042-S02-004,S02,WEEK4,Weight,WEIGHT,78.5,78.5,kg,2026-02-24,3
VS_042-S02-005_WEEK4_SYSBP,042-S02-005,S02,WEEK4,Systolic Blood Pressure,SYSBP,122.0,122.0,mmHg,2026-02-24,3
VS_042-S02-005_WEEK4_DIABP,042-S02-005,S02,WEEK4,Diastolic Blood Pressure,DIABP,73.0,73.0,mmHg,2026-02-24,3
VS_042-S02-005_WEEK4_PULSE,042-S02-005,S02,WEEK4,Pulse Rate,PULSE,76.0,76.0,beats/min,2026-02-24,3
VS_042-S02-005_WEEK4_WEIGHT,042-S02-005,S02,WEEK4,Weight,WEIGHT,87.5,87.5,kg,2026-02-24,3
VS_042-S02-006_WEEK4_SYSBP,042-S02-006,S02,WEEK4,Systolic Blood Pressure,SYSBP,123.0,123.0,mmHg,2026-02-24,3
VS_042-S02-006_WEEK4_DIABP,042-S02-006,S02,WEEK4,Diastolic Blood Pressure,DIABP,78.0,78.0,mmHg,2026-02-24,3
VS_042-S02-006_WEEK4_PULSE,042-S02-006,S02,WEEK4,Pulse Rate,PULSE,67.0,67.0,beats/min,2026-02-24,3
VS_042-S02-006_WEEK4_WEIGHT,042-S02-006,S02,WEEK4,Weight,WEIGHT,80.5,80.5,kg,2026-02-24,3
VS_042-S02-007_WEEK4_SYSBP,042-S02-007,S02,WEEK4,Systolic Blood Pressure,SYSBP,122.0,122.0,mmHg,2026-02-24,3
VS_042-S02-007_WEEK4_DIABP,042-S02-007,S02,WEEK4,Diastolic Blood Pressure,DIABP,83.0,83.0,mmHg,2026-02-24,3
VS_042-S02-007_WEEK4_PULSE,042-S02-007,S02,WEEK4,Pulse Rate,PULSE,74.0,74.0,beats/min,2026-02-24,3
VS_042-S02-007_WEEK4_WEIGHT,042-S02-007,S02,WEEK4,Weight,WEIGHT,87.5,87.5,kg,2026-02-24,3
VS_042-S02-008_WEEK4_SYSBP,042-S02-008,S02,WEEK4,Systolic Blood Pressure,SYSBP,127.0,127.0,mmHg,2026-02-24,3
VS_042-S02-008_WEEK4_DIABP,042-S02-008,S02,WEEK4,Diastolic Blood Pressure,DIABP,76.0,76.0,mmHg,2026-02-24,3
VS_042-S02-008_WEEK4_PULSE,042-S02-008,S02,WEEK4,Pulse Rate,PULSE,76.0,76.0,beats/min,2026-02-24,3
VS_042-S02-008_WEEK4_WEIGHT,042-S02-008,S02,WEEK4,Weight,WEIGHT,82.5,82.5,kg,2026-02-24,3
VS_042-S02-009_WEEK4_SYSBP,042-S02-009,S02,WEEK4,Systolic Blood Pressure,SYSBP,123.0,123.0,mmHg,2026-02-24,3
VS_042-S02-009_WEEK4_DIABP,042-S02-009,S02,WEEK4,Diastolic Blood Pressure,DIABP,75.0,75.0,mmHg,2026-02-24,3
VS_042-S02-009_WEEK4_PULSE,042-S02-009,S02,WEEK4,Pulse Rate,PULSE,71.0,71.0,beats/min,2026-02-24,3
VS_042-S02-009_WEEK4_WEIGHT,042-S02-009,S02,WEEK4,Weight,WEIGHT,81.5,81.5,kg,2026-02-24,3
VS_042-S02-010_WEEK4_SYSBP,042-S02-010,S02,WEEK4,Systolic Blood Pressure,SYSBP,124.0,124.0,mmHg,2026-02-24,3
VS_042-S02-010_WEEK4_DIABP,042-S02-010,S02,WEEK4,Diastolic Blood Pressure,DIABP,79.0,79.0,mmHg,2026-02-24,3
VS_042-S02-010_WEEK4_PULSE,042-S02-010,S02,WEEK4,Pulse Rate,PULSE,76.0,76.0,beats/min,2026-02-24,3
VS_042-S02-010_WEEK4_WEIGHT,042-S02-010,S02,WEEK4,Weight,WEIGHT,85.5,85.5,kg,2026-02-24,3
VS_042-S02-011_WEEK4_SYSBP,042-S02-011,S02,WEEK4,Systolic Blood Pressure,SYSBP,124.0,124.0,mmHg,2026-02-24,3
VS_042-S02-011_WEEK4_DIABP,042-S02-011,S02,WEEK4,Diastolic Blood Pressure,DIABP,74.0,74.0,mmHg,2026-02-24,3
VS_042-S02-011_WEEK4_PULSE,042-S02-011,S02,WEEK4,Pulse Rate,PULSE,74.0,74.0,beats/min,2026-02-24,3
VS_042-S02-011_WEEK4_WEIGHT,042-S02-011,S02,WEEK4,Weight,WEIGHT,79.5,79.5,kg,2026-02-24,3
VS_042-S02-012_WEEK4_SYSBP,042-S02-012,S02,WEEK4,Systolic Blood Pressure,SYSBP,127.0,127.0,mmHg,2026-02-24,3
VS_042-S02-012_WEEK4_DIABP,042-S02-012,S02,WEEK4,Diastolic Blood Pressure,DIABP,78.0,78.0,mmHg,2026-02-24,3
VS_042-S02-012_WEEK4_PULSE,042-S02-012,S02,WEEK4,Pulse Rate,PULSE,70.0,70.0,beats/min,2026-02-24,3
VS_042-S02-012_WEEK4_WEIGHT,042-S02-012,S02,WEEK4,Weight,WEIGHT,80.5,80.5,kg,2026-02-24,3
VS_042-S02-013_WEEK4_SYSBP,042-S02-013,S02,WEEK4,Systolic Blood Pressure,SYSBP,125.0,125.0,mmHg,2026-02-24,3
VS_042-S02-013_WEEK4_DIABP,042-S02-013,S02,WEEK4,Diastolic Blood Pressure,DIABP,82.0,82.0,mmHg,2026-02-24,3
VS_042-S02-013_WEEK4_PULSE,042-S02-013,S02,WEEK4,Pulse Rate,PULSE,70.0,70.0,beats/min,2026-02-24,3
VS_042-S02-013_WEEK4_WEIGHT,042-S02-013,S02,WEEK4,Weight,WEIGHT,81.5,81.5,kg,2026-02-24,3
VS_042-S02-014_WEEK4_SYSBP,042-S02-014,S02,WEEK4,Systolic Blood Pressure,SYSBP,129.0,129.0,mmHg,2026-02-24,3
VS_042-S02-014_WEEK4_DIABP,042-S02-014,S02,WEEK4,Diastolic Blood Pressure,DIABP,80.0,80.0,mmHg,2026-02-24,3
VS_042-S02-014_WEEK4_PULSE,042-S02-014,S02,WEEK4,Pulse Rate,PULSE,70.0,70.0,beats/min,2026-02-24,3
VS_042-S02-014_WEEK4_WEIGHT,042-S02-014,S02,WEEK4,Weight,WEIGHT,81.5,81.5,kg,2026-02-24,3
VS_042-S02-015_WEEK4_SYSBP,042-S02-015,S02,WEEK4,Systolic Blood Pressure,SYSBP,129.0,129.0,mmHg,2026-02-24,3
VS_042-S02-015_WEEK4_DIABP,042-S02-015,S02,WEEK4,Diastolic Blood Pressure,DIABP,83.0,83.0,mmHg,2026-02-24,3
VS_042-S02-015_WEEK4_PULSE,042-S02-015,S02,WEEK4,Pulse Rate,PULSE,74.0,74.0,beats/min,2026-02-24,3
VS_042-S02-015_WEEK4_WEIGHT,042-S02-015,S02,WEEK4,Weight,WEIGHT,81.5,81.5,kg,2026-02-24,3
VS_042-S02-016_WEEK4_SYSBP,042-S02-016,S02,WEEK4,Systolic Blood Pressure,SYSBP,119.0,119.0,mmHg,2026-02-24,3
VS_042-S02-016_WEEK4_DIABP,042-S02-016,S02,WEEK4,Diastolic Blood Pressure,DIABP,77.0,77.0,mmHg,2026-02-24,3
VS_042-S02-016_WEEK4_PULSE,042-S02-016,S02,WEEK4,Pulse Rate,PULSE,74.0,74.0,beats/min,2026-02-24,3
VS_042-S02-016_WEEK4_WEIGHT,042-S02-016,S02,WEEK4,Weight,WEIGHT,85.5,85.5,kg,2026-02-24,3
VS_042-S02-017_WEEK4_SYSBP,042-S02-017,S02,WEEK4,Systolic Blood Pressure,SYSBP,127.0,127.0,mmHg,2026-02-24,3
VS_042-S02-017_WEEK4_DIABP,042-S02-017,S02,WEEK4,Diastolic Blood Pressure,DIABP,77.0,77.0,mmHg,2026-02-24,3
VS_042-S02-017_WEEK4_PULSE,042-S02-017,S02,WEEK4,Pulse Rate,PULSE,70.0,70.0,beats/min,2026-02-24,3
VS_042-S02-017_WEEK4_WEIGHT,042-S02-017,S02,WEEK4,Weight,WEIGHT,87.5,87.5,kg,2026-02-24,3
VS_042-S02-018_WEEK4_SYSBP,042-S02-018,S02,WEEK4,Systolic Blood Pressure,SYSBP,126.0,126.0,mmHg,2026-02-24,3
VS_042-S02-018_WEEK4_DIABP,042-S02-018,S02,WEEK4,Diastolic Blood Pressure,DIABP,79.0,79.0,mmHg,2026-02-24,3
VS_042-S02-018_WEEK4_PULSE,042-S02-018,S02,WEEK4,Pulse Rate,PULSE,75.0,75.0,beats/min,2026-02-24,3
VS_042-S02-018_WEEK4_WEIGHT,042-S02-018,S02,WEEK4,Weight,WEIGHT,87.5,87.5,kg,2026-02-24,3
VS_042-S02-019_WEEK4_SYSBP,042-S02-019,S02,WEEK4,Systolic Blood Pressure,SYSBP,125.0,125.0,mmHg,2026-02-24,3
VS_042-S02-019_WEEK4_DIABP,042-S02-019,S02,WEEK4,Diastolic Blood Pressure,DIABP,73.0,73.0,mmHg,2026-02-24,3
VS_042-S02-019_WEEK4_PULSE,042-S02-019,S02,WEEK4,Pulse Rate,PULSE,72.0,72.0,beats/min,2026-02-24,3
VS_042-S02-019_WEEK4_WEIGHT,042-S02-019,S02,WEEK4,Weight,WEIGHT,80.5,80.5,kg,2026-02-24,3
VS_042-S02-020_WEEK4_SYSBP,042-S02-020,S02,WEEK4,Systolic Blood Pressure,SYSBP,119.0,119.0,mmHg,2026-02-24,3
VS_042-S02-020_WEEK4_DIABP,042-S02-020,S02,WEEK4,Diastolic Blood Pressure,DIABP,80.0,80.0,mmHg,2026-02-24,3
VS_042-S02-020_WEEK4_PULSE,042-S02-020,S02,WEEK4,Pulse Rate,PULSE,70.0,70.0,beats/min,2026-02-24,3
VS_042-S02-020_WEEK4_WEIGHT,042-S02-020,S02,WEEK4,Weight,WEIGHT,78.5,78.5,kg,2026-02-24,3
VS_042-S03-001_WEEK4_SYSBP,042-S03-001,S03,WEEK4,Systolic Blood Pressure,SYSBP,121.0,121.0,mmHg,2026-02-24,3
VS_042-S03-001_WEEK4_DIABP,042-S03-001,S03,WEEK4,Diastolic Blood Pressure,DIABP,80.0,80.0,mmHg,2026-02-24,3
VS_042-S03-001_WEEK4_PULSE,042-S03-001,S03,WEEK4,Pulse Rate,PULSE,70.0,70.0,beats/min,2026-02-24,3
VS_042-S03-001_WEEK4_WEIGHT,042-S03-001,S03,WEEK4,Weight,WEIGHT,87.5,87.5,kg,2026-02-24,3
VS_042-S03-002_WEEK4_SYSBP,042-S03-002,S03,WEEK4,Systolic Blood Pressure,SYSBP,122.0,122.0,mmHg,2026-02-24,3
VS_042-S03-002_WEEK4_DIABP,042-S03-002,S03,WEEK4,Diastolic Blood Pressure,DIABP,73.0,73.0,mmHg,2026-02-24,3
VS_042-S03-002_WEEK4_PULSE,042-S03-002,S03,WEEK4,Pulse Rate,PULSE,73.0,73.0,beats/min,2026-02-24,3
VS_042-S03-002_WEEK4_WEIGHT,042-S03-002,S03,WEEK4,Weight,WEIGHT,83.5,83.5,kg,2026-02-24,3
VS_042-S03-003_WEEK4_SYSBP,042-S03-003,S03,WEEK4,Systolic Blood Pressure,SYSBP,123.0,123.0,mmHg,2026-02-24,3
VS_042-S03-003_WEEK4_DIABP,042-S03-003,S03,WEEK4,Diastolic Blood Pressure,DIABP,83.0,83.0,mmHg,2026-02-24,3
VS_042-S03-003_WEEK4_PULSE,042-S03-003,S03,WEEK4,Pulse Rate,PULSE,70.0,70.0,beats/min,2026-02-24,3
VS_042-S03-003_WEEK4_WEIGHT,042-S03-003,S03,WEEK4,Weight,WEIGHT,81.5,81.5,kg,2026-02-24,3
VS_042-S03-004_WEEK4_SYSBP,042-S03-004,S03,WEEK4,Systolic Blood Pressure,SYSBP,125.0,125.0,mmHg,2026-02-24,3
VS_042-S03-004_WEEK4_DIABP,042-S03-004,S03,WEEK4,Diastolic Blood Pressure,DIABP,79.0,79.0,mmHg,2026-02-24,3
VS_042-S03-004_WEEK4_PULSE,042-S03-004,S03,WEEK4,Pulse Rate,PULSE,67.0,67.0,beats/min,2026-02-24,3
VS_042-S03-004_WEEK4_WEIGHT,042-S03-004,S03,WEEK4,Weight,WEIGHT,87.5,87.5,kg,2026-02-24,3
VS_042-S03-005_WEEK4_SYSBP,042-S03-005,S03,WEEK4,Systolic Blood Pressure,SYSBP,122.0,122.0,mmHg,2026-02-24,3
VS_042-S03-005_WEEK4_DIABP,042-S03-005,S03,WEEK4,Diastolic Blood Pressure,DIABP,78.0,78.0,mmHg,2026-02-24,3
VS_042-S03-005_WEEK4_PULSE,042-S03-005,S03,WEEK4,Pulse Rate,PULSE,72.0,72.0,beats/min,2026-02-24,3
VS_042-S03-005_WEEK4_WEIGHT,042-S03-005,S03,WEEK4,Weight,WEIGHT,81.5,81.5,kg,2026-02-24,3
VS_042-S03-006_WEEK4_SYSBP,042-S03-006,S03,WEEK4,Systolic Blood Pressure,SYSBP,120.0,120.0,mmHg,2026-02-24,3
VS_042-S03-006_WEEK4_DIABP,042-S03-006,S03,WEEK4,Diastolic Blood Pressure,DIABP,78.0,78.0,mmHg,2026-02-24,3
VS_042-S03-006_WEEK4_PULSE,042-S03-006,S03,WEEK4,Pulse Rate,PULSE,72.0,72.0,beats/min,2026-02-24,3
VS_042-S03-006_WEEK4_WEIGHT,042-S03-006,S03,WEEK4,Weight,WEIGHT,87.5,87.5,kg,2026-02-24,3
VS_042-S03-007_WEEK4_SYSBP,042-S03-007,S03,WEEK4,Systolic Blood Pressure,SYSBP,124.0,124.0,mmHg,2026-02-24,3
VS_042-S03-007_WEEK4_DIABP,042-S03-007,S03,WEEK4,Diastolic Blood Pressure,DIABP,75.0,75.0,mmHg,2026-02-24,3
VS_042-S03-007_WEEK4_PULSE,042-S03-007,S03,WEEK4,Pulse Rate,PULSE,73.0,73.0,beats/min,2026-02-24,3
VS_042-S03-007_WEEK4_WEIGHT,042-S03-007,S03,WEEK4,Weight,WEIGHT,78.5,78.5,kg,2026-02-24,3
VS_042-S03-008_WEEK4_SYSBP,042-S03-008,S03,WEEK4,Systolic Blood Pressure,SYSBP,122.0,122.0,mmHg,2026-02-24,3
VS_042-S03-008_WEEK4_DIABP,042-S03-008,S03,WEEK4,Diastolic Blood Pressure,DIABP,76.0,76.0,mmHg,2026-02-24,3
VS_042-S03-008_WEEK4_PULSE,042-S03-008,S03,WEEK4,Pulse Rate,PULSE,76.0,76.0,beats/min,2026-02-24,3
VS_042-S03-008_WEEK4_WEIGHT,042-S03-008,S03,WEEK4,Weight,WEIGHT,85.5,85.5,kg,2026-02-24,3
VS_042-S03-009_WEEK4_SYSBP,042-S03-009,S03,WEEK4,Systolic Blood Pressure,SYSBP,129.0,129.0,mmHg,2026-02-24,3
VS_042-S03-009_WEEK4_DIABP,042-S03-009,S03,WEEK4,Diastolic Blood Pressure,DIABP,83.0,83.0,mmHg,2026-02-24,3
VS_042-S03-009_WEEK4_PULSE,042-S03-009,S03,WEEK4,Pulse Rate,PULSE,68.0,68.0,beats/min,2026-02-24,3
VS_042-S03-009_WEEK4_WEIGHT,042-S03-009,S03,WEEK4,Weight,WEIGHT,79.5,79.5,kg,2026-02-24,3
VS_042-S03-010_WEEK4_SYSBP,042-S03-010,S03,WEEK4,Systolic Blood Pressure,SYSBP,127.0,127.0,mmHg,2026-02-24,3
VS_042-S03-010_WEEK4_DIABP,042-S03-010,S03,WEEK4,Diastolic Blood Pressure,DIABP,80.0,80.0,mmHg,2026-02-24,3
VS_042-S03-010_WEEK4_PULSE,042-S03-010,S03,WEEK4,Pulse Rate,PULSE,74.0,74.0,beats/min,2026-02-24,3
VS_042-S03-010_WEEK4_WEIGHT,042-S03-010,S03,WEEK4,Weight,WEIGHT,82.5,82.5,kg,2026-02-24,3
VS_042-S03-011_WEEK4_SYSBP,042-S03-011,S03,WEEK4,Systolic Blood Pressure,SYSBP,127.0,127.0,mmHg,2026-02-24,3
VS_042-S03-011_WEEK4_DIABP,042-S03-011,S03,WEEK4,Diastolic Blood Pressure,DIABP,79.0,79.0,mmHg,2026-02-24,3
VS_042-S03-011_WEEK4_PULSE,042-S03-011,S03,WEEK4,Pulse Rate,PULSE,77.0,77.0,beats/min,2026-02-24,3
VS_042-S03-011_WEEK4_WEIGHT,042-S03-011,S03,WEEK4,Weight,WEIGHT,81.5,81.5,kg,2026-02-24,3
VS_042-S03-012_WEEK4_SYSBP,042-S03-012,S03,WEEK4,Systolic Blood Pressure,SYSBP,122.0,122.0,mmHg,2026-02-24,3
VS_042-S03-012_WEEK4_DIABP,042-S03-012,S03,WEEK4,Diastolic Blood Pressure,DIABP,82.0,82.0,mmHg,2026-02-24,3
VS_042-S03-012_WEEK4_PULSE,042-S03-012,S03,WEEK4,Pulse Rate,PULSE,77.0,77.0,beats/min,2026-02-24,3
VS_042-S03-012_WEEK4_WEIGHT,042-S03-012,S03,WEEK4,Weight,WEIGHT,81.5,81.5,kg,2026-02-24,3
VS_042-S03-013_WEEK4_SYSBP,042-S03-013,S03,WEEK4,Systolic Blood Pressure,SYSBP,129.0,129.0,mmHg,2026-02-24,3
VS_042-S03-013_WEEK4_DIABP,042-S03-013,S03,WEEK4,Diastolic Blood Pressure,DIABP,76.0,76.0,mmHg,2026-02-24,3
VS_042-S03-013_WEEK4_PULSE,042-S03-013,S03,WEEK4,Pulse Rate,PULSE,70.0,70.0,beats/min,2026-02-24,3
VS_042-S03-013_WEEK4_WEIGHT,042-S03-013,S03,WEEK4,Weight,WEIGHT,82.5,82.5,kg,2026-02-24,3
VS_042-S03-014_WEEK4_SYSBP,042-S03-014,S03,WEEK4,Systolic Blood Pressure,SYSBP,121.0,121.0,mmHg,2026-02-24,3
VS_042-S03-014_WEEK4_DIABP,042-S03-014,S03,WEEK4,Diastolic Blood Pressure,DIABP,74.0,74.0,mmHg,2026-02-24,3
VS_042-S03-014_WEEK4_PULSE,042-S03-014,S03,WEEK4,Pulse Rate,PULSE,71.0,71.0,beats/min,2026-02-24,3
VS_042-S03-014_WEEK4_WEIGHT,042-S03-014,S03,WEEK4,Weight,WEIGHT,82.5,82.5,kg,2026-02-24,3
VS_042-S03-015_WEEK4_SYSBP,042-S03-015,S03,WEEK4,Systolic Blood Pressure,SYSBP,121.0,121.0,mmHg,2026-02-24,3
VS_042-S03-015_WEEK4_DIABP,042-S03-015,S03,WEEK4,Diastolic Blood Pressure,DIABP,73.0,73.0,mmHg,2026-02-24,3
VS_042-S03-015_WEEK4_PULSE,042-S03-015,S03,WEEK4,Pulse Rate,PULSE,75.0,75.0,beats/min,2026-02-24,3
VS_042-S03-015_WEEK4_WEIGHT,042-S03-015,S03,WEEK4,Weight,WEIGHT,79.5,79.5,kg,2026-02-24,3
VS_042-S03-016_WEEK4_SYSBP,042-S03-016,S03,WEEK4,Systolic Blood Pressure,SYSBP,122.0,122.0,mmHg,2026-02-24,3
VS_042-S03-016_WEEK4_DIABP,042-S03-016,S03,WEEK4,Diastolic Blood Pressure,DIABP,83.0,83.0,mmHg,2026-02-24,3
VS_042-S03-016_WEEK4_PULSE,042-S03-016,S03,WEEK4,Pulse Rate,PULSE,67.0,67.0,beats/min,2026-02-24,3
VS_042-S03-016_WEEK4_WEIGHT,042-S03-016,S03,WEEK4,Weight,WEIGHT,81.5,81.5,kg,2026-02-24,3
VS_042-S03-017_WEEK4_SYSBP,042-S03-017,S03,WEEK4,Systolic Blood Pressure,SYSBP,125.0,125.0,mmHg,2026-02-24,3
VS_042-S03-017_WEEK4_DIABP,042-S03-017,S03,WEEK4,Diastolic Blood Pressure,DIABP,78.0,78.0,mmHg,2026-02-24,3
VS_042-S03-017_WEEK4_PULSE,042-S03-017,S03,WEEK4,Pulse Rate,PULSE,75.0,75.0,beats/min,2026-02-24,3
VS_042-S03-017_WEEK4_WEIGHT,042-S03-017,S03,WEEK4,Weight,WEIGHT,86.5,86.5,kg,2026-02-24,3
VS_042-S03-018_WEEK4_SYSBP,042-S03-018,S03,WEEK4,Systolic Blood Pressure,SYSBP,129.0,129.0,mmHg,2026-02-24,3
VS_042-S03-018_WEEK4_DIABP,042-S03-018,S03,WEEK4,Diastolic Blood Pressure,DIABP,80.0,80.0,mmHg,2026-02-24,3
VS_042-S03-018_WEEK4_PULSE,042-S03-018,S03,WEEK4,Pulse Rate,PULSE,77.0,77.0,beats/min,2026-02-24,3
VS_042-S03-018_WEEK4_WEIGHT,042-S03-018,S03,WEEK4,Weight,WEIGHT,79.5,79.5,kg,2026-02-24,3
VS_042-S03-019_WEEK4_SYSBP,042-S03-019,S03,WEEK4,Systolic Blood Pressure,SYSBP,128.0,128.0,mmHg,2026-02-24,3
VS_042-S03-019_WEEK4_DIABP,042-S03-019,S03,WEEK4,Diastolic Blood Pressure,DIABP,80.0,80.0,mmHg,2026-02-24,3
VS_042-S03-019_WEEK4_PULSE,042-S03-019,S03,WEEK4,Pulse Rate,PULSE,67.0,67.0,beats/min,2026-02-24,3
VS_042-S03-019_WEEK4_WEIGHT,042-S03-019,S03,WEEK4,Weight,WEIGHT,85.5,85.5,kg,2026-02-24,3
VS_042-S03-020_WEEK4_SYSBP,042-S03-020,S03,WEEK4,Systolic Blood Pressure,SYSBP,126.0,126.0,mmHg,2026-02-24,3
VS_042-S03-020_WEEK4_DIABP,042-S03-020,S03,WEEK4,Diastolic Blood Pressure,DIABP,83.0,83.0,mmHg,2026-02-24,3
VS_042-S03-020_WEEK4_PULSE,042-S03-020,S03,WEEK4,Pulse Rate,PULSE,67.0,67.0,beats/min,2026-02-24,3
VS_042-S03-020_WEEK4_WEIGHT,042-S03-020,S03,WEEK4,Weight,WEIGHT,77.5,77.5,kg,2026-02-24,3
VS_042-S05-001_WEEK4_SYSBP,042-S05-001,S05,WEEK4,Systolic Blood Pressure,SYSBP,124.0,124.0,mmHg,2026-02-24,3
VS_042-S05-001_WEEK4_DIABP,042-S05-001,S05,WEEK4,Diastolic Blood Pressure,DIABP,82.0,82.0,mmHg,2026-02-24,3
VS_042-S05-001_WEEK4_PULSE,042-S05-001,S05,WEEK4,Pulse Rate,PULSE,73.0,73.0,beats/min,2026-02-24,3
VS_042-S05-001_WEEK4_WEIGHT,042-S05-001,S05,WEEK4,Weight,WEIGHT,78.5,78.5,kg,2026-02-24,3
VS_042-S05-002_WEEK4_SYSBP,042-S05-002,S05,WEEK4,Systolic Blood Pressure,SYSBP,121.0,121.0,mmHg,2026-02-24,3
VS_042-S05-002_WEEK4_DIABP,042-S05-002,S05,WEEK4,Diastolic Blood Pressure,DIABP,73.0,73.0,mmHg,2026-02-24,3
VS_042-S05-002_WEEK4_PULSE,042-S05-002,S05,WEEK4,Pulse Rate,PULSE,70.0,70.0,beats/min,2026-02-24,3
VS_042-S05-002_WEEK4_WEIGHT,042-S05-002,S05,WEEK4,Weight,WEIGHT,82.5,82.5,kg,2026-02-24,3
VS_042-S05-003_WEEK4_SYSBP,042-S05-003,S05,WEEK4,Systolic Blood Pressure,SYSBP,120.0,120.0,mmHg,2026-02-24,3
VS_042-S05-003_WEEK4_DIABP,042-S05-003,S05,WEEK4,Diastolic Blood Pressure,DIABP,75.0,75.0,mmHg,2026-02-24,3
VS_042-S05-003_WEEK4_PULSE,042-S05-003,S05,WEEK4,Pulse Rate,PULSE,71.0,71.0,beats/min,2026-02-24,3
VS_042-S05-003_WEEK4_WEIGHT,042-S05-003,S05,WEEK4,Weight,WEIGHT,83.5,83.5,kg,2026-02-24,3
VS_042-S05-004_WEEK4_SYSBP,042-S05-004,S05,WEEK4,Systolic Blood Pressure,SYSBP,119.0,119.0,mmHg,2026-02-24,3
VS_042-S05-004_WEEK4_DIABP,042-S05-004,S05,WEEK4,Diastolic Blood Pressure,DIABP,78.0,78.0,mmHg,2026-02-24,3
VS_042-S05-004_WEEK4_PULSE,042-S05-004,S05,WEEK4,Pulse Rate,PULSE,69.0,69.0,beats/min,2026-02-24,3
VS_042-S05-004_WEEK4_WEIGHT,042-S05-004,S05,WEEK4,Weight,WEIGHT,87.5,87.5,kg,2026-02-24,3
VS_042-S05-005_WEEK4_SYSBP,042-S05-005,S05,WEEK4,Systolic Blood Pressure,SYSBP,127.0,127.0,mmHg,2026-02-24,3
VS_042-S05-005_WEEK4_DIABP,042-S05-005,S05,WEEK4,Diastolic Blood Pressure,DIABP,73.0,73.0,mmHg,2026-02-24,3
VS_042-S05-005_WEEK4_PULSE,042-S05-005,S05,WEEK4,Pulse Rate,PULSE,72.0,72.0,beats/min,2026-02-24,3
VS_042-S05-005_WEEK4_WEIGHT,042-S05-005,S05,WEEK4,Weight,WEIGHT,85.5,85.5,kg,2026-02-24,3
VS_042-S05-006_WEEK4_SYSBP,042-S05-006,S05,WEEK4,Systolic Blood Pressure,SYSBP,120.0,120.0,mmHg,2026-02-24,3
VS_042-S05-006_WEEK4_DIABP,042-S05-006,S05,WEEK4,Diastolic Blood Pressure,DIABP,82.0,82.0,mmHg,2026-02-24,3
VS_042-S05-006_WEEK4_PULSE,042-S05-006,S05,WEEK4,Pulse Rate,PULSE,70.0,70.0,beats/min,2026-02-24,3
VS_042-S05-006_WEEK4_WEIGHT,042-S05-006,S05,WEEK4,Weight,WEIGHT,77.5,77.5,kg,2026-02-24,3
VS_042-S05-007_WEEK4_SYSBP,042-S05-007,S05,WEEK4,Systolic Blood Pressure,SYSBP,119.0,119.0,mmHg,2026-02-24,3
VS_042-S05-007_WEEK4_DIABP,042-S05-007,S05,WEEK4,Diastolic Blood Pressure,DIABP,77.0,77.0,mmHg,2026-02-24,3
VS_042-S05-007_WEEK4_PULSE,042-S05-007,S05,WEEK4,Pulse Rate,PULSE,67.0,67.0,beats/min,2026-02-24,3
VS_042-S05-007_WEEK4_WEIGHT,042-S05-007,S05,WEEK4,Weight,WEIGHT,82.5,82.5,kg,2026-02-24,3
VS_042-S05-008_WEEK4_SYSBP,042-S05-008,S05,WEEK4,Systolic Blood Pressure,SYSBP,126.0,126.0,mmHg,2026-02-24,3
VS_042-S05-008_WEEK4_DIABP,042-S05-008,S05,WEEK4,Diastolic Blood Pressure,DIABP,82.0,82.0,mmHg,2026-02-24,3
VS_042-S05-008_WEEK4_PULSE,042-S05-008,S05,WEEK4,Pulse Rate,PULSE,76.0,76.0,beats/min,2026-02-24,3
VS_042-S05-008_WEEK4_WEIGHT,042-S05-008,S05,WEEK4,Weight,WEIGHT,81.5,81.5,kg,2026-02-24,3
VS_042-S05-009_WEEK4_SYSBP,042-S05-009,S05,WEEK4,Systolic Blood Pressure,SYSBP,126.0,126.0,mmHg,2026-02-24,3
VS_042-S05-009_WEEK4_DIABP,042-S05-009,S05,WEEK4,Diastolic Blood Pressure,DIABP,83.0,83.0,mmHg,2026-02-24,3
VS_042-S05-009_WEEK4_PULSE,042-S05-009,S05,WEEK4,Pulse Rate,PULSE,74.0,74.0,beats/min,2026-02-24,3
VS_042-S05-009_WEEK4_WEIGHT,042-S05-009,S05,WEEK4,Weight,WEIGHT,86.5,86.5,kg,2026-02-24,3
VS_042-S05-010_WEEK4_SYSBP,042-S05-010,S05,WEEK4,Systolic Blood Pressure,SYSBP,128.0,128.0,mmHg,2026-02-24,3
VS_042-S05-010_WEEK4_DIABP,042-S05-010,S05,WEEK4,Diastolic Blood Pressure,DIABP,80.0,80.0,mmHg,2026-02-24,3
VS_042-S05-010_WEEK4_PULSE,042-S05-010,S05,WEEK4,Pulse Rate,PULSE,74.0,74.0,beats/min,2026-02-24,3
VS_042-S05-010_WEEK4_WEIGHT,042-S05-010,S05,WEEK4,Weight,WEIGHT,77.5,77.5,kg,2026-02-24,3
VS_042-S05-011_WEEK4_SYSBP,042-S05-011,S05,WEEK4,Systolic Blood Pressure,SYSBP,125.0,125.0,mmHg,2026-02-24,3
VS_042-S05-011_WEEK4_DIABP,042-S05-011,S05,WEEK4,Diastolic Blood Pressure,DIABP,73.0,73.0,mmHg,2026-02-24,3
VS_042-S05-011_WEEK4_PULSE,042-S05-011,S05,WEEK4,Pulse Rate,PULSE,69.0,69.0,beats/min,2026-02-24,3
VS_042-S05-011_WEEK4_WEIGHT,042-S05-011,S05,WEEK4,Weight,WEIGHT,86.5,86.5,kg,2026-02-24,3
VS_042-S05-012_WEEK4_SYSBP,042-S05-012,S05,WEEK4,Systolic Blood Pressure,SYSBP,123.0,123.0,mmHg,2026-02-24,3
VS_042-S05-012_WEEK4_DIABP,042-S05-012,S05,WEEK4,Diastolic Blood Pressure,DIABP,83.0,83.0,mmHg,2026-02-24,3
VS_042-S05-012_WEEK4_PULSE,042-S05-012,S05,WEEK4,Pulse Rate,PULSE,69.0,69.0,beats/min,2026-02-24,3
VS_042-S05-012_WEEK4_WEIGHT,042-S05-012,S05,WEEK4,Weight,WEIGHT,87.5,87.5,kg,2026-02-24,3
VS_042-S05-013_WEEK4_SYSBP,042-S05-013,S05,WEEK4,Systolic Blood Pressure,SYSBP,126.0,126.0,mmHg,2026-02-24,3
VS_042-S05-013_WEEK4_DIABP,042-S05-013,S05,WEEK4,Diastolic Blood Pressure,DIABP,76.0,76.0,mmHg,2026-02-24,3
VS_042-S05-013_WEEK4_PULSE,042-S05-013,S05,WEEK4,Pulse Rate,PULSE,75.0,75.0,beats/min,2026-02-24,3
VS_042-S05-013_WEEK4_WEIGHT,042-S05-013,S05,WEEK4,Weight,WEIGHT,80.5,80.5,kg,2026-02-24,3
VS_042-S05-014_WEEK4_SYSBP,042-S05-014,S05,WEEK4,Systolic Blood Pressure,SYSBP,124.0,124.0,mmHg,2026-02-24,3
VS_042-S05-014_WEEK4_DIABP,042-S05-014,S05,WEEK4,Diastolic Blood Pressure,DIABP,77.0,77.0,mmHg,2026-02-24,3
VS_042-S05-014_WEEK4_PULSE,042-S05-014,S05,WEEK4,Pulse Rate,PULSE,73.0,73.0,beats/min,2026-02-24,3
VS_042-S05-014_WEEK4_WEIGHT,042-S05-014,S05,WEEK4,Weight,WEIGHT,87.5,87.5,kg,2026-02-24,3
VS_042-S05-015_WEEK4_SYSBP,042-S05-015,S05,WEEK4,Systolic Blood Pressure,SYSBP,125.0,125.0,mmHg,2026-02-24,3
VS_042-S05-015_WEEK4_DIABP,042-S05-015,S05,WEEK4,Diastolic Blood Pressure,DIABP,81.0,81.0,mmHg,2026-02-24,3
VS_042-S05-015_WEEK4_PULSE,042-S05-015,S05,WEEK4,Pulse Rate,PULSE,72.0,72.0,beats/min,2026-02-24,3
VS_042-S05-015_WEEK4_WEIGHT,042-S05-015,S05,WEEK4,Weight,WEIGHT,85.5,85.5,kg,2026-02-24,3
VS_042-S05-016_WEEK4_SYSBP,042-S05-016,S05,WEEK4,Systolic Blood Pressure,SYSBP,126.0,126.0,mmHg,2026-02-24,3
VS_042-S05-016_WEEK4_DIABP,042-S05-016,S05,WEEK4,Diastolic Blood Pressure,DIABP,78.0,78.0,mmHg,2026-02-24,3
VS_042-S05-016_WEEK4_PULSE,042-S05-016,S05,WEEK4,Pulse Rate,PULSE,70.0,70.0,beats/min,2026-02-24,3
VS_042-S05-016_WEEK4_WEIGHT,042-S05-016,S05,WEEK4,Weight,WEIGHT,80.5,80.5,kg,2026-02-24,3
VS_042-S05-017_WEEK4_SYSBP,042-S05-017,S05,WEEK4,Systolic Blood Pressure,SYSBP,126.0,126.0,mmHg,2026-02-24,3
VS_042-S05-017_WEEK4_DIABP,042-S05-017,S05,WEEK4,Diastolic Blood Pressure,DIABP,78.0,78.0,mmHg,2026-02-24,3
VS_042-S05-017_WEEK4_PULSE,042-S05-017,S05,WEEK4,Pulse Rate,PULSE,68.0,68.0,beats/min,2026-02-24,3
VS_042-S05-017_WEEK4_WEIGHT,042-S05-017,S05,WEEK4,Weight,WEIGHT,82.5,82.5,kg,2026-02-24,3
VS_042-S05-018_WEEK4_SYSBP,042-S05-018,S05,WEEK4,Systolic Blood Pressure,SYSBP,121.0,121.0,mmHg,2026-02-24,3
VS_042-S05-018_WEEK4_DIABP,042-S05-018,S05,WEEK4,Diastolic Blood Pressure,DIABP,76.0,76.0,mmHg,2026-02-24,3
VS_042-S05-018_WEEK4_PULSE,042-S05-018,S05,WEEK4,Pulse Rate,PULSE,72.0,72.0,beats/min,2026-02-24,3
VS_042-S05-018_WEEK4_WEIGHT,042-S05-018,S05,WEEK4,Weight,WEIGHT,80.5,80.5,kg,2026-02-24,3
VS_042-S05-019_WEEK4_SYSBP,042-S05-019,S05,WEEK4,Systolic Blood Pressure,SYSBP,121.0,121.0,mmHg,2026-02-24,3
VS_042-S05-019_WEEK4_DIABP,042-S05-019,S05,WEEK4,Diastolic Blood Pressure,DIABP,78.0,78.0,mmHg,2026-02-24,3
VS_042-S05-019_WEEK4_PULSE,042-S05-019,S05,WEEK4,Pulse Rate,PULSE,67.0,67.0,beats/min,2026-02-24,3
VS_042-S05-019_WEEK4_WEIGHT,042-S05-019,S05,WEEK4,Weight,WEIGHT,80.5,80.5,kg,2026-02-24,3
VS_042-S05-020_WEEK4_SYSBP,042-S05-020,S05,WEEK4,Systolic Blood Pressure,SYSBP,129.0,129.0,mmHg,2026-02-24,3
VS_042-S05-020_WEEK4_DIABP,042-S05-020,S05,WEEK4,Diastolic Blood Pressure,DIABP,82.0,82.0,mmHg,2026-02-24,3
VS_042-S05-020_WEEK4_PULSE,042-S05-020,S05,WEEK4,Pulse Rate,PULSE,67.0,67.0,beats/min,2026-02-24,3
VS_042-S05-020_WEEK4_WEIGHT,042-S05-020,S05,WEEK4,Weight,WEIGHT,87.5,87.5,kg,2026-02-24,3
VS_042-S06-001_WEEK4_SYSBP,042-S06-001,S06,WEEK4,Systolic Blood Pressure,SYSBP,124.0,124.0,mmHg,2026-02-24,3
VS_042-S06-001_WEEK4_DIABP,042-S06-001,S06,WEEK4,Diastolic Blood Pressure,DIABP,76.0,76.0,mmHg,2026-02-24,3
VS_042-S06-001_WEEK4_PULSE,042-S06-001,S06,WEEK4,Pulse Rate,PULSE,69.0,69.0,beats/min,2026-02-24,3
VS_042-S06-001_WEEK4_WEIGHT,042-S06-001,S06,WEEK4,Weight,WEIGHT,79.5,79.5,kg,2026-02-24,3
VS_042-S06-002_WEEK4_SYSBP,042-S06-002,S06,WEEK4,Systolic Blood Pressure,SYSBP,124.0,124.0,mmHg,2026-02-24,3
VS_042-S06-002_WEEK4_DIABP,042-S06-002,S06,WEEK4,Diastolic Blood Pressure,DIABP,76.0,76.0,mmHg,2026-02-24,3
VS_042-S06-002_WEEK4_PULSE,042-S06-002,S06,WEEK4,Pulse Rate,PULSE,73.0,73.0,beats/min,2026-02-24,3
VS_042-S06-002_WEEK4_WEIGHT,042-S06-002,S06,WEEK4,Weight,WEIGHT,79.5,79.5,kg,2026-02-24,3
VS_042-S06-003_WEEK4_SYSBP,042-S06-003,S06,WEEK4,Systolic Blood Pressure,SYSBP,123.0,123.0,mmHg,2026-02-24,3
VS_042-S06-003_WEEK4_DIABP,042-S06-003,S06,WEEK4,Diastolic Blood Pressure,DIABP,80.0,80.0,mmHg,2026-02-24,3
VS_042-S06-003_WEEK4_PULSE,042-S06-003,S06,WEEK4,Pulse Rate,PULSE,71.0,71.0,beats/min,2026-02-24,3
VS_042-S06-003_WEEK4_WEIGHT,042-S06-003,S06,WEEK4,Weight,WEIGHT,83.5,83.5,kg,2026-02-24,3
VS_042-S06-004_WEEK4_SYSBP,042-S06-004,S06,WEEK4,Systolic Blood Pressure,SYSBP,119.0,119.0,mmHg,2026-02-24,3
VS_042-S06-004_WEEK4_DIABP,042-S06-004,S06,WEEK4,Diastolic Blood Pressure,DIABP,78.0,78.0,mmHg,2026-02-24,3
VS_042-S06-004_WEEK4_PULSE,042-S06-004,S06,WEEK4,Pulse Rate,PULSE,73.0,73.0,beats/min,2026-02-24,3
VS_042-S06-004_WEEK4_WEIGHT,042-S06-004,S06,WEEK4,Weight,WEIGHT,80.5,80.5,kg,2026-02-24,3
VS_042-S06-005_WEEK4_SYSBP,042-S06-005,S06,WEEK4,Systolic Blood Pressure,SYSBP,124.0,124.0,mmHg,2026-02-24,3
VS_042-S06-005_WEEK4_DIABP,042-S06-005,S06,WEEK4,Diastolic Blood Pressure,DIABP,78.0,78.0,mmHg,2026-02-24,3
VS_042-S06-005_WEEK4_PULSE,042-S06-005,S06,WEEK4,Pulse Rate,PULSE,77.0,77.0,beats/min,2026-02-24,3
VS_042-S06-005_WEEK4_WEIGHT,042-S06-005,S06,WEEK4,Weight,WEIGHT,79.5,79.5,kg,2026-02-24,3
VS_042-S06-006_WEEK4_SYSBP,042-S06-006,S06,WEEK4,Systolic Blood Pressure,SYSBP,119.0,119.0,mmHg,2026-02-24,3
VS_042-S06-006_WEEK4_DIABP,042-S06-006,S06,WEEK4,Diastolic Blood Pressure,DIABP,78.0,78.0,mmHg,2026-02-24,3
VS_042-S06-006_WEEK4_PULSE,042-S06-006,S06,WEEK4,Pulse Rate,PULSE,77.0,77.0,beats/min,2026-02-24,3
VS_042-S06-006_WEEK4_WEIGHT,042-S06-006,S06,WEEK4,Weight,WEIGHT,78.5,78.5,kg,2026-02-24,3
VS_042-S06-007_WEEK4_SYSBP,042-S06-007,S06,WEEK4,Systolic Blood Pressure,SYSBP,128.0,128.0,mmHg,2026-02-24,3
VS_042-S06-007_WEEK4_DIABP,042-S06-007,S06,WEEK4,Diastolic Blood Pressure,DIABP,75.0,75.0,mmHg,2026-02-24,3
VS_042-S06-007_WEEK4_PULSE,042-S06-007,S06,WEEK4,Pulse Rate,PULSE,73.0,73.0,beats/min,2026-02-24,3
VS_042-S06-007_WEEK4_WEIGHT,042-S06-007,S06,WEEK4,Weight,WEIGHT,77.5,77.5,kg,2026-02-24,3
VS_042-S06-008_WEEK4_SYSBP,042-S06-008,S06,WEEK4,Systolic Blood Pressure,SYSBP,129.0,129.0,mmHg,2026-02-24,3
VS_042-S06-008_WEEK4_DIABP,042-S06-008,S06,WEEK4,Diastolic Blood Pressure,DIABP,76.0,76.0,mmHg,2026-02-24,3
VS_042-S06-008_WEEK4_PULSE,042-S06-008,S06,WEEK4,Pulse Rate,PULSE,71.0,71.0,beats/min,2026-02-24,3
VS_042-S06-008_WEEK4_WEIGHT,042-S06-008,S06,WEEK4,Weight,WEIGHT,86.5,86.5,kg,2026-02-24,3
VS_042-S06-009_WEEK4_SYSBP,042-S06-009,S06,WEEK4,Systolic Blood Pressure,SYSBP,125.0,125.0,mmHg,2026-02-24,3
VS_042-S06-009_WEEK4_DIABP,042-S06-009,S06,WEEK4,Diastolic Blood Pressure,DIABP,77.0,77.0,mmHg,2026-02-24,3
VS_042-S06-009_WEEK4_PULSE,042-S06-009,S06,WEEK4,Pulse Rate,PULSE,75.0,75.0,beats/min,2026-02-24,3
VS_042-S06-009_WEEK4_WEIGHT,042-S06-009,S06,WEEK4,Weight,WEIGHT,80.5,80.5,kg,2026-02-24,3
VS_042-S06-010_WEEK4_SYSBP,042-S06-010,S06,WEEK4,Systolic Blood Pressure,SYSBP,124.0,124.0,mmHg,2026-02-24,3
VS_042-S06-010_WEEK4_DIABP,042-S06-010,S06,WEEK4,Diastolic Blood Pressure,DIABP,81.0,81.0,mmHg,2026-02-24,3
VS_042-S06-010_WEEK4_PULSE,042-S06-010,S06,WEEK4,Pulse Rate,PULSE,76.0,76.0,beats/min,2026-02-24,3
VS_042-S06-010_WEEK4_WEIGHT,042-S06-010,S06,WEEK4,Weight,WEIGHT,82.5,82.5,kg,2026-02-24,3
VS_042-S06-011_WEEK4_SYSBP,042-S06-011,S06,WEEK4,Systolic Blood Pressure,SYSBP,126.0,126.0,mmHg,2026-02-24,3
VS_042-S06-011_WEEK4_DIABP,042-S06-011,S06,WEEK4,Diastolic Blood Pressure,DIABP,78.0,78.0,mmHg,2026-02-24,3
VS_042-S06-011_WEEK4_PULSE,042-S06-011,S06,WEEK4,Pulse Rate,PULSE,73.0,73.0,beats/min,2026-02-24,3
VS_042-S06-011_WEEK4_WEIGHT,042-S06-011,S06,WEEK4,Weight,WEIGHT,87.5,87.5,kg,2026-02-24,3
VS_042-S06-012_WEEK4_SYSBP,042-S06-012,S06,WEEK4,Systolic Blood Pressure,SYSBP,123.0,123.0,mmHg,2026-02-24,3
VS_042-S06-012_WEEK4_DIABP,042-S06-012,S06,WEEK4,Diastolic Blood Pressure,DIABP,80.0,80.0,mmHg,2026-02-24,3
VS_042-S06-012_WEEK4_PULSE,042-S06-012,S06,WEEK4,Pulse Rate,PULSE,74.0,74.0,beats/min,2026-02-24,3
VS_042-S06-012_WEEK4_WEIGHT,042-S06-012,S06,WEEK4,Weight,WEIGHT,80.5,80.5,kg,2026-02-24,3
VS_042-S06-013_WEEK4_SYSBP,042-S06-013,S06,WEEK4,Systolic Blood Pressure,SYSBP,128.0,128.0,mmHg,2026-02-24,3
VS_042-S06-013_WEEK4_DIABP,042-S06-013,S06,WEEK4,Diastolic Blood Pressure,DIABP,82.0,82.0,mmHg,2026-02-24,3
VS_042-S06-013_WEEK4_PULSE,042-S06-013,S06,WEEK4,Pulse Rate,PULSE,77.0,77.0,beats/min,2026-02-24,3
VS_042-S06-013_WEEK4_WEIGHT,042-S06-013,S06,WEEK4,Weight,WEIGHT,86.5,86.5,kg,2026-02-24,3
VS_042-S06-014_WEEK4_SYSBP,042-S06-014,S06,WEEK4,Systolic Blood Pressure,SYSBP,124.0,124.0,mmHg,2026-02-24,3
VS_042-S06-014_WEEK4_DIABP,042-S06-014,S06,WEEK4,Diastolic Blood Pressure,DIABP,74.0,74.0,mmHg,2026-02-24,3
VS_042-S06-014_WEEK4_PULSE,042-S06-014,S06,WEEK4,Pulse Rate,PULSE,72.0,72.0,beats/min,2026-02-24,3
VS_042-S06-014_WEEK4_WEIGHT,042-S06-014,S06,WEEK4,Weight,WEIGHT,84.5,84.5,kg,2026-02-24,3
VS_042-S06-015_WEEK4_SYSBP,042-S06-015,S06,WEEK4,Systolic Blood Pressure,SYSBP,120.0,120.0,mmHg,2026-02-24,3
VS_042-S06-015_WEEK4_DIABP,042-S06-015,S06,WEEK4,Diastolic Blood Pressure,DIABP,73.0,73.0,mmHg,2026-02-24,3
VS_042-S06-015_WEEK4_PULSE,042-S06-015,S06,WEEK4,Pulse Rate,PULSE,76.0,76.0,beats/min,2026-02-24,3
VS_042-S06-015_WEEK4_WEIGHT,042-S06-015,S06,WEEK4,Weight,WEIGHT,86.5,86.5,kg,2026-02-24,3
VS_042-S06-016_WEEK4_SYSBP,042-S06-016,S06,WEEK4,Systolic Blood Pressure,SYSBP,127.0,127.0,mmHg,2026-02-24,3
VS_042-S06-016_WEEK4_DIABP,042-S06-016,S06,WEEK4,Diastolic Blood Pressure,DIABP,74.0,74.0,mmHg,2026-02-24,3
VS_042-S06-016_WEEK4_PULSE,042-S06-016,S06,WEEK4,Pulse Rate,PULSE,76.0,76.0,beats/min,2026-02-24,3
VS_042-S06-016_WEEK4_WEIGHT,042-S06-016,S06,WEEK4,Weight,WEIGHT,85.5,85.5,kg,2026-02-24,3
VS_042-S06-017_WEEK4_SYSBP,042-S06-017,S06,WEEK4,Systolic Blood Pressure,SYSBP,128.0,128.0,mmHg,2026-02-24,3
VS_042-S06-017_WEEK4_DIABP,042-S06-017,S06,WEEK4,Diastolic Blood Pressure,DIABP,83.0,83.0,mmHg,2026-02-24,3
VS_042-S06-017_WEEK4_PULSE,042-S06-017,S06,WEEK4,Pulse Rate,PULSE,76.0,76.0,beats/min,2026-02-24,3
VS_042-S06-017_WEEK4_WEIGHT,042-S06-017,S06,WEEK4,Weight,WEIGHT,87.5,87.5,kg,2026-02-24,3
VS_042-S06-018_WEEK4_SYSBP,042-S06-018,S06,WEEK4,Systolic Blood Pressure,SYSBP,121.0,121.0,mmHg,2026-02-24,3
VS_042-S06-018_WEEK4_DIABP,042-S06-018,S06,WEEK4,Diastolic Blood Pressure,DIABP,79.0,79.0,mmHg,2026-02-24,3
VS_042-S06-018_WEEK4_PULSE,042-S06-018,S06,WEEK4,Pulse Rate,PULSE,70.0,70.0,beats/min,2026-02-24,3
VS_042-S06-018_WEEK4_WEIGHT,042-S06-018,S06,WEEK4,Weight,WEIGHT,85.5,85.5,kg,2026-02-24,3
VS_042-S06-019_WEEK4_SYSBP,042-S06-019,S06,WEEK4,Systolic Blood Pressure,SYSBP,119.0,119.0,mmHg,2026-02-24,3
VS_042-S06-019_WEEK4_DIABP,042-S06-019,S06,WEEK4,Diastolic Blood Pressure,DIABP,76.0,76.0,mmHg,2026-02-24,3
VS_042-S06-019_WEEK4_PULSE,042-S06-019,S06,WEEK4,Pulse Rate,PULSE,68.0,68.0,beats/min,2026-02-24,3
VS_042-S06-019_WEEK4_WEIGHT,042-S06-019,S06,WEEK4,Weight,WEIGHT,83.5,83.5,kg,2026-02-24,3
VS_042-S06-020_WEEK4_SYSBP,042-S06-020,S06,WEEK4,Systolic Blood Pressure,SYSBP,128.0,128.0,mmHg,2026-02-24,3
VS_042-S06-020_WEEK4_DIABP,042-S06-020,S06,WEEK4,Diastolic Blood Pressure,DIABP,83.0,83.0,mmHg,2026-02-24,3
VS_042-S06-020_WEEK4_PULSE,042-S06-020,S06,WEEK4,Pulse Rate,PULSE,74.0,74.0,beats/min,2026-02-24,3
VS_042-S06-020_WEEK4_WEIGHT,042-S06-020,S06,WEEK4,Weight,WEIGHT,87.5,87.5,kg,2026-02-24,3
VS_042-S07-001_WEEK4_SYSBP,042-S07-001,S07,WEEK4,Systolic Blood Pressure,SYSBP,129.0,129.0,mmHg,2026-02-24,3
VS_042-S07-001_WEEK4_DIABP,042-S07-001,S07,WEEK4,Diastolic Blood Pressure,DIABP,82.0,82.0,mmHg,2026-02-24,3
VS_042-S07-001_WEEK4_PULSE,042-S07-001,S07,WEEK4,Pulse Rate,PULSE,73.0,73.0,beats/min,2026-02-24,3
VS_042-S07-001_WEEK4_WEIGHT,042-S07-001,S07,WEEK4,Weight,WEIGHT,81.5,81.5,kg,2026-02-24,3
VS_042-S07-002_WEEK4_SYSBP,042-S07-002,S07,WEEK4,Systolic Blood Pressure,SYSBP,119.0,119.0,mmHg,2026-02-24,3
VS_042-S07-002_WEEK4_DIABP,042-S07-002,S07,WEEK4,Diastolic Blood Pressure,DIABP,79.0,79.0,mmHg,2026-02-24,3
VS_042-S07-002_WEEK4_PULSE,042-S07-002,S07,WEEK4,Pulse Rate,PULSE,75.0,75.0,beats/min,2026-02-24,3
VS_042-S07-002_WEEK4_WEIGHT,042-S07-002,S07,WEEK4,Weight,WEIGHT,77.5,77.5,kg,2026-02-24,3
VS_042-S07-003_WEEK4_SYSBP,042-S07-003,S07,WEEK4,Systolic Blood Pressure,SYSBP,124.0,124.0,mmHg,2026-02-24,3
VS_042-S07-003_WEEK4_DIABP,042-S07-003,S07,WEEK4,Diastolic Blood Pressure,DIABP,77.0,77.0,mmHg,2026-02-24,3
VS_042-S07-003_WEEK4_PULSE,042-S07-003,S07,WEEK4,Pulse Rate,PULSE,70.0,70.0,beats/min,2026-02-24,3
VS_042-S07-003_WEEK4_WEIGHT,042-S07-003,S07,WEEK4,Weight,WEIGHT,85.5,85.5,kg,2026-02-24,3
VS_042-S07-004_WEEK4_SYSBP,042-S07-004,S07,WEEK4,Systolic Blood Pressure,SYSBP,125.0,125.0,mmHg,2026-02-24,3
VS_042-S07-004_WEEK4_DIABP,042-S07-004,S07,WEEK4,Diastolic Blood Pressure,DIABP,77.0,77.0,mmHg,2026-02-24,3
VS_042-S07-004_WEEK4_PULSE,042-S07-004,S07,WEEK4,Pulse Rate,PULSE,70.0,70.0,beats/min,2026-02-24,3
VS_042-S07-004_WEEK4_WEIGHT,042-S07-004,S07,WEEK4,Weight,WEIGHT,86.5,86.5,kg,2026-02-24,3
VS_042-S07-005_WEEK4_SYSBP,042-S07-005,S07,WEEK4,Systolic Blood Pressure,SYSBP,125.0,125.0,mmHg,2026-02-24,3
VS_042-S07-005_WEEK4_DIABP,042-S07-005,S07,WEEK4,Diastolic Blood Pressure,DIABP,75.0,75.0,mmHg,2026-02-24,3
VS_042-S07-005_WEEK4_PULSE,042-S07-005,S07,WEEK4,Pulse Rate,PULSE,77.0,77.0,beats/min,2026-02-24,3
VS_042-S07-005_WEEK4_WEIGHT,042-S07-005,S07,WEEK4,Weight,WEIGHT,81.5,81.5,kg,2026-02-24,3
VS_042-S07-006_WEEK4_SYSBP,042-S07-006,S07,WEEK4,Systolic Blood Pressure,SYSBP,127.0,127.0,mmHg,2026-02-24,3
VS_042-S07-006_WEEK4_DIABP,042-S07-006,S07,WEEK4,Diastolic Blood Pressure,DIABP,76.0,76.0,mmHg,2026-02-24,3
VS_042-S07-006_WEEK4_PULSE,042-S07-006,S07,WEEK4,Pulse Rate,PULSE,71.0,71.0,beats/min,2026-02-24,3
VS_042-S07-006_WEEK4_WEIGHT,042-S07-006,S07,WEEK4,Weight,WEIGHT,83.5,83.5,kg,2026-02-24,3
VS_042-S07-007_WEEK4_SYSBP,042-S07-007,S07,WEEK4,Systolic Blood Pressure,SYSBP,123.0,123.0,mmHg,2026-02-24,3
VS_042-S07-007_WEEK4_DIABP,042-S07-007,S07,WEEK4,Diastolic Blood Pressure,DIABP,82.0,82.0,mmHg,2026-02-24,3
VS_042-S07-007_WEEK4_PULSE,042-S07-007,S07,WEEK4,Pulse Rate,PULSE,76.0,76.0,beats/min,2026-02-24,3
VS_042-S07-007_WEEK4_WEIGHT,042-S07-007,S07,WEEK4,Weight,WEIGHT,84.5,84.5,kg,2026-02-24,3
VS_042-S07-008_WEEK4_SYSBP,042-S07-008,S07,WEEK4,Systolic Blood Pressure,SYSBP,119.0,119.0,mmHg,2026-02-24,3
VS_042-S07-008_WEEK4_DIABP,042-S07-008,S07,WEEK4,Diastolic Blood Pressure,DIABP,79.0,79.0,mmHg,2026-02-24,3
VS_042-S07-008_WEEK4_PULSE,042-S07-008,S07,WEEK4,Pulse Rate,PULSE,72.0,72.0,beats/min,2026-02-24,3
VS_042-S07-008_WEEK4_WEIGHT,042-S07-008,S07,WEEK4,Weight,WEIGHT,86.5,86.5,kg,2026-02-24,3
VS_042-S07-009_WEEK4_SYSBP,042-S07-009,S07,WEEK4,Systolic Blood Pressure,SYSBP,119.0,119.0,mmHg,2026-02-24,3
VS_042-S07-009_WEEK4_DIABP,042-S07-009,S07,WEEK4,Diastolic Blood Pressure,DIABP,82.0,82.0,mmHg,2026-02-24,3
VS_042-S07-009_WEEK4_PULSE,042-S07-009,S07,WEEK4,Pulse Rate,PULSE,69.0,69.0,beats/min,2026-02-24,3
VS_042-S07-009_WEEK4_WEIGHT,042-S07-009,S07,WEEK4,Weight,WEIGHT,83.5,83.5,kg,2026-02-24,3
VS_042-S07-010_WEEK4_SYSBP,042-S07-010,S07,WEEK4,Systolic Blood Pressure,SYSBP,119.0,119.0,mmHg,2026-02-24,3
VS_042-S07-010_WEEK4_DIABP,042-S07-010,S07,WEEK4,Diastolic Blood Pressure,DIABP,73.0,73.0,mmHg,2026-02-24,3
VS_042-S07-010_WEEK4_PULSE,042-S07-010,S07,WEEK4,Pulse Rate,PULSE,74.0,74.0,beats/min,2026-02-24,3
VS_042-S07-010_WEEK4_WEIGHT,042-S07-010,S07,WEEK4,Weight,WEIGHT,83.5,83.5,kg,2026-02-24,3
VS_042-S07-011_WEEK4_SYSBP,042-S07-011,S07,WEEK4,Systolic Blood Pressure,SYSBP,123.0,123.0,mmHg,2026-02-24,3
VS_042-S07-011_WEEK4_DIABP,042-S07-011,S07,WEEK4,Diastolic Blood Pressure,DIABP,76.0,76.0,mmHg,2026-02-24,3
VS_042-S07-011_WEEK4_PULSE,042-S07-011,S07,WEEK4,Pulse Rate,PULSE,69.0,69.0,beats/min,2026-02-24,3
VS_042-S07-011_WEEK4_WEIGHT,042-S07-011,S07,WEEK4,Weight,WEIGHT,82.5,82.5,kg,2026-02-24,3
VS_042-S07-012_WEEK4_SYSBP,042-S07-012,S07,WEEK4,Systolic Blood Pressure,SYSBP,121.0,121.0,mmHg,2026-02-24,3
VS_042-S07-012_WEEK4_DIABP,042-S07-012,S07,WEEK4,Diastolic Blood Pressure,DIABP,77.0,77.0,mmHg,2026-02-24,3
VS_042-S07-012_WEEK4_PULSE,042-S07-012,S07,WEEK4,Pulse Rate,PULSE,77.0,77.0,beats/min,2026-02-24,3
VS_042-S07-012_WEEK4_WEIGHT,042-S07-012,S07,WEEK4,Weight,WEIGHT,85.5,85.5,kg,2026-02-24,3
VS_042-S07-013_WEEK4_SYSBP,042-S07-013,S07,WEEK4,Systolic Blood Pressure,SYSBP,128.0,128.0,mmHg,2026-02-24,3
VS_042-S07-013_WEEK4_DIABP,042-S07-013,S07,WEEK4,Diastolic Blood Pressure,DIABP,78.0,78.0,mmHg,2026-02-24,3
VS_042-S07-013_WEEK4_PULSE,042-S07-013,S07,WEEK4,Pulse Rate,PULSE,71.0,71.0,beats/min,2026-02-24,3
VS_042-S07-013_WEEK4_WEIGHT,042-S07-013,S07,WEEK4,Weight,WEIGHT,79.5,79.5,kg,2026-02-24,3
VS_042-S07-014_WEEK4_SYSBP,042-S07-014,S07,WEEK4,Systolic Blood Pressure,SYSBP,121.0,121.0,mmHg,2026-02-24,3
VS_042-S07-014_WEEK4_DIABP,042-S07-014,S07,WEEK4,Diastolic Blood Pressure,DIABP,83.0,83.0,mmHg,2026-02-24,3
VS_042-S07-014_WEEK4_PULSE,042-S07-014,S07,WEEK4,Pulse Rate,PULSE,75.0,75.0,beats/min,2026-02-24,3
VS_042-S07-014_WEEK4_WEIGHT,042-S07-014,S07,WEEK4,Weight,WEIGHT,86.5,86.5,kg,2026-02-24,3
VS_042-S07-015_WEEK4_SYSBP,042-S07-015,S07,WEEK4,Systolic Blood Pressure,SYSBP,123.0,123.0,mmHg,2026-02-24,3
VS_042-S07-015_WEEK4_DIABP,042-S07-015,S07,WEEK4,Diastolic Blood Pressure,DIABP,78.0,78.0,mmHg,2026-02-24,3
VS_042-S07-015_WEEK4_PULSE,042-S07-015,S07,WEEK4,Pulse Rate,PULSE,72.0,72.0,beats/min,2026-02-24,3
VS_042-S07-015_WEEK4_WEIGHT,042-S07-015,S07,WEEK4,Weight,WEIGHT,82.5,82.5,kg,2026-02-24,3
VS_042-S07-016_WEEK4_SYSBP,042-S07-016,S07,WEEK4,Systolic Blood Pressure,SYSBP,120.0,120.0,mmHg,2026-02-24,3
VS_042-S07-016_WEEK4_DIABP,042-S07-016,S07,WEEK4,Diastolic Blood Pressure,DIABP,79.0,79.0,mmHg,2026-02-24,3
VS_042-S07-016_WEEK4_PULSE,042-S07-016,S07,WEEK4,Pulse Rate,PULSE,74.0,74.0,beats/min,2026-02-24,3
VS_042-S07-016_WEEK4_WEIGHT,042-S07-016,S07,WEEK4,Weight,WEIGHT,85.5,85.5,kg,2026-02-24,3
VS_042-S07-017_WEEK4_SYSBP,042-S07-017,S07,WEEK4,Systolic Blood Pressure,SYSBP,124.0,124.0,mmHg,2026-02-24,3
VS_042-S07-017_WEEK4_DIABP,042-S07-017,S07,WEEK4,Diastolic Blood Pressure,DIABP,82.0,82.0,mmHg,2026-02-24,3
VS_042-S07-017_WEEK4_PULSE,042-S07-017,S07,WEEK4,Pulse Rate,PULSE,67.0,67.0,beats/min,2026-02-24,3
VS_042-S07-017_WEEK4_WEIGHT,042-S07-017,S07,WEEK4,Weight,WEIGHT,87.5,87.5,kg,2026-02-24,3
VS_042-S07-018_WEEK4_SYSBP,042-S07-018,S07,WEEK4,Systolic Blood Pressure,SYSBP,128.0,128.0,mmHg,2026-02-24,3
VS_042-S07-018_WEEK4_DIABP,042-S07-018,S07,WEEK4,Diastolic Blood Pressure,DIABP,80.0,80.0,mmHg,2026-02-24,3
VS_042-S07-018_WEEK4_PULSE,042-S07-018,S07,WEEK4,Pulse Rate,PULSE,73.0,73.0,beats/min,2026-02-24,3
VS_042-S07-018_WEEK4_WEIGHT,042-S07-018,S07,WEEK4,Weight,WEIGHT,79.5,79.5,kg,2026-02-24,3
VS_042-S07-019_WEEK4_SYSBP,042-S07-019,S07,WEEK4,Systolic Blood Pressure,SYSBP,122.0,122.0,mmHg,2026-02-24,3
VS_042-S07-019_WEEK4_DIABP,042-S07-019,S07,WEEK4,Diastolic Blood Pressure,DIABP,78.0,78.0,mmHg,2026-02-24,3
VS_042-S07-019_WEEK4_PULSE,042-S07-019,S07,WEEK4,Pulse Rate,PULSE,70.0,70.0,beats/min,2026-02-24,3
VS_042-S07-019_WEEK4_WEIGHT,042-S07-019,S07,WEEK4,Weight,WEIGHT,87.5,87.5,kg,2026-02-24,3
VS_042-S07-020_WEEK4_SYSBP,042-S07-020,S07,WEEK4,Systolic Blood Pressure,SYSBP,129.0,129.0,mmHg,2026-02-24,3
VS_042-S07-020_WEEK4_DIABP,042-S07-020,S07,WEEK4,Diastolic Blood Pressure,DIABP,81.0,81.0,mmHg,2026-02-24,3
VS_042-S07-020_WEEK4_PULSE,042-S07-020,S07,WEEK4,Pulse Rate,PULSE,70.0,70.0,beats/min,2026-02-24,3
VS_042-S07-020_WEEK4_WEIGHT,042-S07-020,S07,WEEK4,Weight,WEIGHT,80.5,80.5,kg,2026-02-24,3
VS_042-S08-001_WEEK4_SYSBP,042-S08-001,S08,WEEK4,Systolic Blood Pressure,SYSBP,121.0,121.0,mmHg,2026-02-24,3
VS_042-S08-001_WEEK4_DIABP,042-S08-001,S08,WEEK4,Diastolic Blood Pressure,DIABP,74.0,74.0,mmHg,2026-02-24,3
VS_042-S08-001_WEEK4_PULSE,042-S08-001,S08,WEEK4,Pulse Rate,PULSE,77.0,77.0,beats/min,2026-02-24,3
VS_042-S08-001_WEEK4_WEIGHT,042-S08-001,S08,WEEK4,Weight,WEIGHT,84.5,84.5,kg,2026-02-24,3
VS_042-S08-002_WEEK4_SYSBP,042-S08-002,S08,WEEK4,Systolic Blood Pressure,SYSBP,125.0,125.0,mmHg,2026-02-24,3
VS_042-S08-002_WEEK4_DIABP,042-S08-002,S08,WEEK4,Diastolic Blood Pressure,DIABP,76.0,76.0,mmHg,2026-02-24,3
VS_042-S08-002_WEEK4_PULSE,042-S08-002,S08,WEEK4,Pulse Rate,PULSE,75.0,75.0,beats/min,2026-02-24,3
VS_042-S08-002_WEEK4_WEIGHT,042-S08-002,S08,WEEK4,Weight,WEIGHT,84.5,84.5,kg,2026-02-24,3
VS_042-S08-003_WEEK4_SYSBP,042-S08-003,S08,WEEK4,Systolic Blood Pressure,SYSBP,119.0,119.0,mmHg,2026-02-24,3
VS_042-S08-003_WEEK4_DIABP,042-S08-003,S08,WEEK4,Diastolic Blood Pressure,DIABP,73.0,73.0,mmHg,2026-02-24,3
VS_042-S08-003_WEEK4_PULSE,042-S08-003,S08,WEEK4,Pulse Rate,PULSE,76.0,76.0,beats/min,2026-02-24,3
VS_042-S08-003_WEEK4_WEIGHT,042-S08-003,S08,WEEK4,Weight,WEIGHT,82.5,82.5,kg,2026-02-24,3
VS_042-S08-004_WEEK4_SYSBP,042-S08-004,S08,WEEK4,Systolic Blood Pressure,SYSBP,121.0,121.0,mmHg,2026-02-24,3
VS_042-S08-004_WEEK4_DIABP,042-S08-004,S08,WEEK4,Diastolic Blood Pressure,DIABP,74.0,74.0,mmHg,2026-02-24,3
VS_042-S08-004_WEEK4_PULSE,042-S08-004,S08,WEEK4,Pulse Rate,PULSE,67.0,67.0,beats/min,2026-02-24,3
VS_042-S08-004_WEEK4_WEIGHT,042-S08-004,S08,WEEK4,Weight,WEIGHT,85.5,85.5,kg,2026-02-24,3
VS_042-S08-005_WEEK4_SYSBP,042-S08-005,S08,WEEK4,Systolic Blood Pressure,SYSBP,119.0,119.0,mmHg,2026-02-24,3
VS_042-S08-005_WEEK4_DIABP,042-S08-005,S08,WEEK4,Diastolic Blood Pressure,DIABP,81.0,81.0,mmHg,2026-02-24,3
VS_042-S08-005_WEEK4_PULSE,042-S08-005,S08,WEEK4,Pulse Rate,PULSE,68.0,68.0,beats/min,2026-02-24,3
VS_042-S08-005_WEEK4_WEIGHT,042-S08-005,S08,WEEK4,Weight,WEIGHT,79.5,79.5,kg,2026-02-24,3
VS_042-S08-006_WEEK4_SYSBP,042-S08-006,S08,WEEK4,Systolic Blood Pressure,SYSBP,127.0,127.0,mmHg,2026-02-24,3
VS_042-S08-006_WEEK4_DIABP,042-S08-006,S08,WEEK4,Diastolic Blood Pressure,DIABP,78.0,78.0,mmHg,2026-02-24,3
VS_042-S08-006_WEEK4_PULSE,042-S08-006,S08,WEEK4,Pulse Rate,PULSE,67.0,67.0,beats/min,2026-02-24,3
VS_042-S08-006_WEEK4_WEIGHT,042-S08-006,S08,WEEK4,Weight,WEIGHT,80.5,80.5,kg,2026-02-24,3
VS_042-S08-007_WEEK4_SYSBP,042-S08-007,S08,WEEK4,Systolic Blood Pressure,SYSBP,122.0,122.0,mmHg,2026-02-24,3
VS_042-S08-007_WEEK4_DIABP,042-S08-007,S08,WEEK4,Diastolic Blood Pressure,DIABP,82.0,82.0,mmHg,2026-02-24,3
VS_042-S08-007_WEEK4_PULSE,042-S08-007,S08,WEEK4,Pulse Rate,PULSE,69.0,69.0,beats/min,2026-02-24,3
VS_042-S08-007_WEEK4_WEIGHT,042-S08-007,S08,WEEK4,Weight,WEIGHT,80.5,80.5,kg,2026-02-24,3
VS_042-S08-008_WEEK4_SYSBP,042-S08-008,S08,WEEK4,Systolic Blood Pressure,SYSBP,127.0,127.0,mmHg,2026-02-24,3
VS_042-S08-008_WEEK4_DIABP,042-S08-008,S08,WEEK4,Diastolic Blood Pressure,DIABP,73.0,73.0,mmHg,2026-02-24,3
VS_042-S08-008_WEEK4_PULSE,042-S08-008,S08,WEEK4,Pulse Rate,PULSE,68.0,68.0,beats/min,2026-02-24,3
VS_042-S08-008_WEEK4_WEIGHT,042-S08-008,S08,WEEK4,Weight,WEIGHT,81.5,81.5,kg,2026-02-24,3
VS_042-S08-009_WEEK4_SYSBP,042-S08-009,S08,WEEK4,Systolic Blood Pressure,SYSBP,123.0,123.0,mmHg,2026-02-24,3
VS_042-S08-009_WEEK4_DIABP,042-S08-009,S08,WEEK4,Diastolic Blood Pressure,DIABP,73.0,73.0,mmHg,2026-02-24,3
VS_042-S08-009_WEEK4_PULSE,042-S08-009,S08,WEEK4,Pulse Rate,PULSE,76.0,76.0,beats/min,2026-02-24,3
VS_042-S08-009_WEEK4_WEIGHT,042-S08-009,S08,WEEK4,Weight,WEIGHT,83.5,83.5,kg,2026-02-24,3
VS_042-S08-010_WEEK4_SYSBP,042-S08-010,S08,WEEK4,Systolic Blood Pressure,SYSBP,126.0,126.0,mmHg,2026-02-24,3
VS_042-S08-010_WEEK4_DIABP,042-S08-010,S08,WEEK4,Diastolic Blood Pressure,DIABP,78.0,78.0,mmHg,2026-02-24,3
VS_042-S08-010_WEEK4_PULSE,042-S08-010,S08,WEEK4,Pulse Rate,PULSE,70.0,70.0,beats/min,2026-02-24,3
VS_042-S08-010_WEEK4_WEIGHT,042-S08-010,S08,WEEK4,Weight,WEIGHT,78.5,78.5,kg,2026-02-24,3
VS_042-S08-011_WEEK4_SYSBP,042-S08-011,S08,WEEK4,Systolic Blood Pressure,SYSBP,119.0,119.0,mmHg,2026-02-24,3
VS_042-S08-011_WEEK4_DIABP,042-S08-011,S08,WEEK4,Diastolic Blood Pressure,DIABP,75.0,75.0,mmHg,2026-02-24,3
VS_042-S08-011_WEEK4_PULSE,042-S08-011,S08,WEEK4,Pulse Rate,PULSE,68.0,68.0,beats/min,2026-02-24,3
VS_042-S08-011_WEEK4_WEIGHT,042-S08-011,S08,WEEK4,Weight,WEIGHT,85.5,85.5,kg,2026-02-24,3
VS_042-S08-012_WEEK4_SYSBP,042-S08-012,S08,WEEK4,Systolic Blood Pressure,SYSBP,129.0,129.0,mmHg,2026-02-24,3
VS_042-S08-012_WEEK4_DIABP,042-S08-012,S08,WEEK4,Diastolic Blood Pressure,DIABP,78.0,78.0,mmHg,2026-02-24,3
VS_042-S08-012_WEEK4_PULSE,042-S08-012,S08,WEEK4,Pulse Rate,PULSE,67.0,67.0,beats/min,2026-02-24,3
VS_042-S08-012_WEEK4_WEIGHT,042-S08-012,S08,WEEK4,Weight,WEIGHT,78.5,78.5,kg,2026-02-24,3
VS_042-S08-013_WEEK4_SYSBP,042-S08-013,S08,WEEK4,Systolic Blood Pressure,SYSBP,128.0,128.0,mmHg,2026-02-24,3
VS_042-S08-013_WEEK4_DIABP,042-S08-013,S08,WEEK4,Diastolic Blood Pressure,DIABP,83.0,83.0,mmHg,2026-02-24,3
VS_042-S08-013_WEEK4_PULSE,042-S08-013,S08,WEEK4,Pulse Rate,PULSE,76.0,76.0,beats/min,2026-02-24,3
VS_042-S08-013_WEEK4_WEIGHT,042-S08-013,S08,WEEK4,Weight,WEIGHT,84.5,84.5,kg,2026-02-24,3
VS_042-S08-014_WEEK4_SYSBP,042-S08-014,S08,WEEK4,Systolic Blood Pressure,SYSBP,121.0,121.0,mmHg,2026-02-24,3
VS_042-S08-014_WEEK4_DIABP,042-S08-014,S08,WEEK4,Diastolic Blood Pressure,DIABP,77.0,77.0,mmHg,2026-02-24,3
VS_042-S08-014_WEEK4_PULSE,042-S08-014,S08,WEEK4,Pulse Rate,PULSE,72.0,72.0,beats/min,2026-02-24,3
VS_042-S08-014_WEEK4_WEIGHT,042-S08-014,S08,WEEK4,Weight,WEIGHT,84.5,84.5,kg,2026-02-24,3
VS_042-S08-015_WEEK4_SYSBP,042-S08-015,S08,WEEK4,Systolic Blood Pressure,SYSBP,123.0,123.0,mmHg,2026-02-24,3
VS_042-S08-015_WEEK4_DIABP,042-S08-015,S08,WEEK4,Diastolic Blood Pressure,DIABP,79.0,79.0,mmHg,2026-02-24,3
VS_042-S08-015_WEEK4_PULSE,042-S08-015,S08,WEEK4,Pulse Rate,PULSE,68.0,68.0,beats/min,2026-02-24,3
VS_042-S08-015_WEEK4_WEIGHT,042-S08-015,S08,WEEK4,Weight,WEIGHT,87.5,87.5,kg,2026-02-24,3
VS_042-S08-016_WEEK4_SYSBP,042-S08-016,S08,WEEK4,Systolic Blood Pressure,SYSBP,124.0,124.0,mmHg,2026-02-24,3
VS_042-S08-016_WEEK4_DIABP,042-S08-016,S08,WEEK4,Diastolic Blood Pressure,DIABP,81.0,81.0,mmHg,2026-02-24,3
VS_042-S08-016_WEEK4_PULSE,042-S08-016,S08,WEEK4,Pulse Rate,PULSE,69.0,69.0,beats/min,2026-02-24,3
VS_042-S08-016_WEEK4_WEIGHT,042-S08-016,S08,WEEK4,Weight,WEIGHT,87.5,87.5,kg,2026-02-24,3
VS_042-S08-017_WEEK4_SYSBP,042-S08-017,S08,WEEK4,Systolic Blood Pressure,SYSBP,128.0,128.0,mmHg,2026-02-24,3
VS_042-S08-017_WEEK4_DIABP,042-S08-017,S08,WEEK4,Diastolic Blood Pressure,DIABP,75.0,75.0,mmHg,2026-02-24,3
VS_042-S08-017_WEEK4_PULSE,042-S08-017,S08,WEEK4,Pulse Rate,PULSE,73.0,73.0,beats/min,2026-02-24,3
VS_042-S08-017_WEEK4_WEIGHT,042-S08-017,S08,WEEK4,Weight,WEIGHT,77.5,77.5,kg,2026-02-24,3
VS_042-S08-018_WEEK4_SYSBP,042-S08-018,S08,WEEK4,Systolic Blood Pressure,SYSBP,119.0,119.0,mmHg,2026-02-24,3
VS_042-S08-018_WEEK4_DIABP,042-S08-018,S08,WEEK4,Diastolic Blood Pressure,DIABP,74.0,74.0,mmHg,2026-02-24,3
VS_042-S08-018_WEEK4_PULSE,042-S08-018,S08,WEEK4,Pulse Rate,PULSE,75.0,75.0,beats/min,2026-02-24,3
VS_042-S08-018_WEEK4_WEIGHT,042-S08-018,S08,WEEK4,Weight,WEIGHT,77.5,77.5,kg,2026-02-24,3
VS_042-S08-019_WEEK4_SYSBP,042-S08-019,S08,WEEK4,Systolic Blood Pressure,SYSBP,120.0,120.0,mmHg,2026-02-24,3
VS_042-S08-019_WEEK4_DIABP,042-S08-019,S08,WEEK4,Diastolic Blood Pressure,DIABP,74.0,74.0,mmHg,2026-02-24,3
VS_042-S08-019_WEEK4_PULSE,042-S08-019,S08,WEEK4,Pulse Rate,PULSE,75.0,75.0,beats/min,2026-02-24,3
VS_042-S08-019_WEEK4_WEIGHT,042-S08-019,S08,WEEK4,Weight,WEIGHT,87.5,87.5,kg,2026-02-24,3
VS_042-S08-020_WEEK4_SYSBP,042-S08-020,S08,WEEK4,Systolic Blood Pressure,SYSBP,125.0,125.0,mmHg,2026-02-24,3
VS_042-S08-020_WEEK4_DIABP,042-S08-020,S08,WEEK4,Diastolic Blood Pressure,DIABP,78.0,78.0,mmHg,2026-02-24,3
VS_042-S08-020_WEEK4_PULSE,042-S08-020,S08,WEEK4,Pulse Rate,PULSE,68.0,68.0,beats/min,2026-02-24,3
VS_042-S08-020_WEEK4_WEIGHT,042-S08-020,S08,WEEK4,Weight,WEIGHT,81.5,81.5,kg,2026-02-24,3
VS_042-S10-001_WEEK4_SYSBP,042-S10-001,S10,WEEK4,Systolic Blood Pressure,SYSBP,119.0,119.0,mmHg,2026-02-24,3
VS_042-S10-001_WEEK4_DIABP,042-S10-001,S10,WEEK4,Diastolic Blood Pressure,DIABP,74.0,74.0,mmHg,2026-02-24,3
VS_042-S10-001_WEEK4_PULSE,042-S10-001,S10,WEEK4,Pulse Rate,PULSE,69.0,69.0,beats/min,2026-02-24,3
VS_042-S10-001_WEEK4_WEIGHT,042-S10-001,S10,WEEK4,Weight,WEIGHT,79.5,79.5,kg,2026-02-24,3
VS_042-S10-002_WEEK4_SYSBP,042-S10-002,S10,WEEK4,Systolic Blood Pressure,SYSBP,123.0,123.0,mmHg,2026-02-24,3
VS_042-S10-002_WEEK4_DIABP,042-S10-002,S10,WEEK4,Diastolic Blood Pressure,DIABP,81.0,81.0,mmHg,2026-02-24,3
VS_042-S10-002_WEEK4_PULSE,042-S10-002,S10,WEEK4,Pulse Rate,PULSE,72.0,72.0,beats/min,2026-02-24,3
VS_042-S10-002_WEEK4_WEIGHT,042-S10-002,S10,WEEK4,Weight,WEIGHT,78.5,78.5,kg,2026-02-24,3
VS_042-S10-003_WEEK4_SYSBP,042-S10-003,S10,WEEK4,Systolic Blood Pressure,SYSBP,126.0,126.0,mmHg,2026-02-24,3
VS_042-S10-003_WEEK4_DIABP,042-S10-003,S10,WEEK4,Diastolic Blood Pressure,DIABP,83.0,83.0,mmHg,2026-02-24,3
VS_042-S10-003_WEEK4_PULSE,042-S10-003,S10,WEEK4,Pulse Rate,PULSE,71.0,71.0,beats/min,2026-02-24,3
VS_042-S10-003_WEEK4_WEIGHT,042-S10-003,S10,WEEK4,Weight,WEIGHT,86.5,86.5,kg,2026-02-24,3
VS_042-S10-004_WEEK4_SYSBP,042-S10-004,S10,WEEK4,Systolic Blood Pressure,SYSBP,125.0,125.0,mmHg,2026-02-24,3
VS_042-S10-004_WEEK4_DIABP,042-S10-004,S10,WEEK4,Diastolic Blood Pressure,DIABP,73.0,73.0,mmHg,2026-02-24,3
VS_042-S10-004_WEEK4_PULSE,042-S10-004,S10,WEEK4,Pulse Rate,PULSE,71.0,71.0,beats/min,2026-02-24,3
VS_042-S10-004_WEEK4_WEIGHT,042-S10-004,S10,WEEK4,Weight,WEIGHT,81.5,81.5,kg,2026-02-24,3
VS_042-S10-005_WEEK4_SYSBP,042-S10-005,S10,WEEK4,Systolic Blood Pressure,SYSBP,123.0,123.0,mmHg,2026-02-24,3
VS_042-S10-005_WEEK4_DIABP,042-S10-005,S10,WEEK4,Diastolic Blood Pressure,DIABP,76.0,76.0,mmHg,2026-02-24,3
VS_042-S10-005_WEEK4_PULSE,042-S10-005,S10,WEEK4,Pulse Rate,PULSE,68.0,68.0,beats/min,2026-02-24,3
VS_042-S10-005_WEEK4_WEIGHT,042-S10-005,S10,WEEK4,Weight,WEIGHT,85.5,85.5,kg,2026-02-24,3
VS_042-S10-006_WEEK4_SYSBP,042-S10-006,S10,WEEK4,Systolic Blood Pressure,SYSBP,122.0,122.0,mmHg,2026-02-24,3
VS_042-S10-006_WEEK4_DIABP,042-S10-006,S10,WEEK4,Diastolic Blood Pressure,DIABP,74.0,74.0,mmHg,2026-02-24,3
VS_042-S10-006_WEEK4_PULSE,042-S10-006,S10,WEEK4,Pulse Rate,PULSE,71.0,71.0,beats/min,2026-02-24,3
VS_042-S10-006_WEEK4_WEIGHT,042-S10-006,S10,WEEK4,Weight,WEIGHT,79.5,79.5,kg,2026-02-24,3
VS_042-S10-007_WEEK4_SYSBP,042-S10-007,S10,WEEK4,Systolic Blood Pressure,SYSBP,129.0,129.0,mmHg,2026-02-24,3
VS_042-S10-007_WEEK4_DIABP,042-S10-007,S10,WEEK4,Diastolic Blood Pressure,DIABP,74.0,74.0,mmHg,2026-02-24,3
VS_042-S10-007_WEEK4_PULSE,042-S10-007,S10,WEEK4,Pulse Rate,PULSE,67.0,67.0,beats/min,2026-02-24,3
VS_042-S10-007_WEEK4_WEIGHT,042-S10-007,S10,WEEK4,Weight,WEIGHT,82.5,82.5,kg,2026-02-24,3
VS_042-S10-008_WEEK4_SYSBP,042-S10-008,S10,WEEK4,Systolic Blood Pressure,SYSBP,120.0,120.0,mmHg,2026-02-24,3
VS_042-S10-008_WEEK4_DIABP,042-S10-008,S10,WEEK4,Diastolic Blood Pressure,DIABP,75.0,75.0,mmHg,2026-02-24,3
VS_042-S10-008_WEEK4_PULSE,042-S10-008,S10,WEEK4,Pulse Rate,PULSE,68.0,68.0,beats/min,2026-02-24,3
VS_042-S10-008_WEEK4_WEIGHT,042-S10-008,S10,WEEK4,Weight,WEIGHT,86.5,86.5,kg,2026-02-24,3
VS_042-S10-009_WEEK4_SYSBP,042-S10-009,S10,WEEK4,Systolic Blood Pressure,SYSBP,126.0,126.0,mmHg,2026-02-24,3
VS_042-S10-009_WEEK4_DIABP,042-S10-009,S10,WEEK4,Diastolic Blood Pressure,DIABP,80.0,80.0,mmHg,2026-02-24,3
VS_042-S10-009_WEEK4_PULSE,042-S10-009,S10,WEEK4,Pulse Rate,PULSE,70.0,70.0,beats/min,2026-02-24,3
VS_042-S10-009_WEEK4_WEIGHT,042-S10-009,S10,WEEK4,Weight,WEIGHT,79.5,79.5,kg,2026-02-24,3
VS_042-S10-010_WEEK4_SYSBP,042-S10-010,S10,WEEK4,Systolic Blood Pressure,SYSBP,128.0,128.0,mmHg,2026-02-24,3
VS_042-S10-010_WEEK4_DIABP,042-S10-010,S10,WEEK4,Diastolic Blood Pressure,DIABP,74.0,74.0,mmHg,2026-02-24,3
VS_042-S10-010_WEEK4_PULSE,042-S10-010,S10,WEEK4,Pulse Rate,PULSE,76.0,76.0,beats/min,2026-02-24,3
VS_042-S10-010_WEEK4_WEIGHT,042-S10-010,S10,WEEK4,Weight,WEIGHT,83.5,83.5,kg,2026-02-24,3
VS_042-S10-011_WEEK4_SYSBP,042-S10-011,S10,WEEK4,Systolic Blood Pressure,SYSBP,128.0,128.0,mmHg,2026-02-24,3
VS_042-S10-011_WEEK4_DIABP,042-S10-011,S10,WEEK4,Diastolic Blood Pressure,DIABP,75.0,75.0,mmHg,2026-02-24,3
VS_042-S10-011_WEEK4_PULSE,042-S10-011,S10,WEEK4,Pulse Rate,PULSE,69.0,69.0,beats/min,2026-02-24,3
VS_042-S10-011_WEEK4_WEIGHT,042-S10-011,S10,WEEK4,Weight,WEIGHT,77.5,77.5,kg,2026-02-24,3
VS_042-S10-012_WEEK4_SYSBP,042-S10-012,S10,WEEK4,Systolic Blood Pressure,SYSBP,127.0,127.0,mmHg,2026-02-24,3
VS_042-S10-012_WEEK4_DIABP,042-S10-012,S10,WEEK4,Diastolic Blood Pressure,DIABP,77.0,77.0,mmHg,2026-02-24,3
VS_042-S10-012_WEEK4_PULSE,042-S10-012,S10,WEEK4,Pulse Rate,PULSE,68.0,68.0,beats/min,2026-02-24,3
VS_042-S10-012_WEEK4_WEIGHT,042-S10-012,S10,WEEK4,Weight,WEIGHT,85.5,85.5,kg,2026-02-24,3
VS_042-S10-013_WEEK4_SYSBP,042-S10-013,S10,WEEK4,Systolic Blood Pressure,SYSBP,125.0,125.0,mmHg,2026-02-24,3
VS_042-S10-013_WEEK4_DIABP,042-S10-013,S10,WEEK4,Diastolic Blood Pressure,DIABP,80.0,80.0,mmHg,2026-02-24,3
VS_042-S10-013_WEEK4_PULSE,042-S10-013,S10,WEEK4,Pulse Rate,PULSE,69.0,69.0,beats/min,2026-02-24,3
VS_042-S10-013_WEEK4_WEIGHT,042-S10-013,S10,WEEK4,Weight,WEIGHT,81.5,81.5,kg,2026-02-24,3
VS_042-S10-014_WEEK4_SYSBP,042-S10-014,S10,WEEK4,Systolic Blood Pressure,SYSBP,127.0,127.0,mmHg,2026-02-24,3
VS_042-S10-014_WEEK4_DIABP,042-S10-014,S10,WEEK4,Diastolic Blood Pressure,DIABP,83.0,83.0,mmHg,2026-02-24,3
VS_042-S10-014_WEEK4_PULSE,042-S10-014,S10,WEEK4,Pulse Rate,PULSE,68.0,68.0,beats/min,2026-02-24,3
VS_042-S10-014_WEEK4_WEIGHT,042-S10-014,S10,WEEK4,Weight,WEIGHT,84.5,84.5,kg,2026-02-24,3
VS_042-S10-015_WEEK4_SYSBP,042-S10-015,S10,WEEK4,Systolic Blood Pressure,SYSBP,119.0,119.0,mmHg,2026-02-24,3
VS_042-S10-015_WEEK4_DIABP,042-S10-015,S10,WEEK4,Diastolic Blood Pressure,DIABP,82.0,82.0,mmHg,2026-02-24,3
VS_042-S10-015_WEEK4_PULSE,042-S10-015,S10,WEEK4,Pulse Rate,PULSE,71.0,71.0,beats/min,2026-02-24,3
VS_042-S10-015_WEEK4_WEIGHT,042-S10-015,S10,WEEK4,Weight,WEIGHT,79.5,79.5,kg,2026-02-24,3
VS_042-S10-016_WEEK4_SYSBP,042-S10-016,S10,WEEK4,Systolic Blood Pressure,SYSBP,129.0,129.0,mmHg,2026-02-24,3
VS_042-S10-016_WEEK4_DIABP,042-S10-016,S10,WEEK4,Diastolic Blood Pressure,DIABP,74.0,74.0,mmHg,2026-02-24,3
VS_042-S10-016_WEEK4_PULSE,042-S10-016,S10,WEEK4,Pulse Rate,PULSE,69.0,69.0,beats/min,2026-02-24,3
VS_042-S10-016_WEEK4_WEIGHT,042-S10-016,S10,WEEK4,Weight,WEIGHT,77.5,77.5,kg,2026-02-24,3
VS_042-S10-017_WEEK4_SYSBP,042-S10-017,S10,WEEK4,Systolic Blood Pressure,SYSBP,121.0,121.0,mmHg,2026-02-24,3
VS_042-S10-017_WEEK4_DIABP,042-S10-017,S10,WEEK4,Diastolic Blood Pressure,DIABP,74.0,74.0,mmHg,2026-02-24,3
VS_042-S10-017_WEEK4_PULSE,042-S10-017,S10,WEEK4,Pulse Rate,PULSE,76.0,76.0,beats/min,2026-02-24,3
VS_042-S10-017_WEEK4_WEIGHT,042-S10-017,S10,WEEK4,Weight,WEIGHT,86.5,86.5,kg,2026-02-24,3
VS_042-S10-018_WEEK4_SYSBP,042-S10-018,S10,WEEK4,Systolic Blood Pressure,SYSBP,120.0,120.0,mmHg,2026-02-24,3
VS_042-S10-018_WEEK4_DIABP,042-S10-018,S10,WEEK4,Diastolic Blood Pressure,DIABP,77.0,77.0,mmHg,2026-02-24,3
VS_042-S10-018_WEEK4_PULSE,042-S10-018,S10,WEEK4,Pulse Rate,PULSE,74.0,74.0,beats/min,2026-02-24,3
VS_042-S10-018_WEEK4_WEIGHT,042-S10-018,S10,WEEK4,Weight,WEIGHT,86.5,86.5,kg,2026-02-24,3
VS_042-S10-019_WEEK4_SYSBP,042-S10-019,S10,WEEK4,Systolic Blood Pressure,SYSBP,129.0,129.0,mmHg,2026-02-24,3
VS_042-S10-019_WEEK4_DIABP,042-S10-019,S10,WEEK4,Diastolic Blood Pressure,DIABP,77.0,77.0,mmHg,2026-02-24,3
VS_042-S10-019_WEEK4_PULSE,042-S10-019,S10,WEEK4,Pulse Rate,PULSE,70.0,70.0,beats/min,2026-02-24,3
VS_042-S10-019_WEEK4_WEIGHT,042-S10-019,S10,WEEK4,Weight,WEIGHT,85.5,85.5,kg,2026-02-24,3
VS_042-S10-020_WEEK4_SYSBP,042-S10-020,S10,WEEK4,Systolic Blood Pressure,SYSBP,126.0,126.0,mmHg,2026-02-24,3
VS_042-S10-020_WEEK4_DIABP,042-S10-020,S10,WEEK4,Diastolic Blood Pressure,DIABP,83.0,83.0,mmHg,2026-02-24,3
VS_042-S10-020_WEEK4_PULSE,042-S10-020,S10,WEEK4,Pulse Rate,PULSE,76.0,76.0,beats/min,2026-02-24,3
VS_042-S10-020_WEEK4_WEIGHT,042-S10-020,S10,WEEK4,Weight,WEIGHT,77.5,77.5,kg,2026-02-24,3
VS_042-S11-001_WEEK4_SYSBP,042-S11-001,S11,WEEK4,Systolic Blood Pressure,SYSBP,129.0,129.0,mmHg,2026-02-24,3
VS_042-S11-001_WEEK4_DIABP,042-S11-001,S11,WEEK4,Diastolic Blood Pressure,DIABP,76.0,76.0,mmHg,2026-02-24,3
VS_042-S11-001_WEEK4_PULSE,042-S11-001,S11,WEEK4,Pulse Rate,PULSE,68.0,68.0,beats/min,2026-02-24,3
VS_042-S11-001_WEEK4_WEIGHT,042-S11-001,S11,WEEK4,Weight,WEIGHT,82.5,82.5,kg,2026-02-24,3
VS_042-S11-002_WEEK4_SYSBP,042-S11-002,S11,WEEK4,Systolic Blood Pressure,SYSBP,119.0,119.0,mmHg,2026-02-24,3
VS_042-S11-002_WEEK4_DIABP,042-S11-002,S11,WEEK4,Diastolic Blood Pressure,DIABP,83.0,83.0,mmHg,2026-02-24,3
VS_042-S11-002_WEEK4_PULSE,042-S11-002,S11,WEEK4,Pulse Rate,PULSE,75.0,75.0,beats/min,2026-02-24,3
VS_042-S11-002_WEEK4_WEIGHT,042-S11-002,S11,WEEK4,Weight,WEIGHT,86.5,86.5,kg,2026-02-24,3
VS_042-S11-003_WEEK4_SYSBP,042-S11-003,S11,WEEK4,Systolic Blood Pressure,SYSBP,124.0,124.0,mmHg,2026-02-24,3
VS_042-S11-003_WEEK4_DIABP,042-S11-003,S11,WEEK4,Diastolic Blood Pressure,DIABP,77.0,77.0,mmHg,2026-02-24,3
VS_042-S11-003_WEEK4_PULSE,042-S11-003,S11,WEEK4,Pulse Rate,PULSE,69.0,69.0,beats/min,2026-02-24,3
VS_042-S11-003_WEEK4_WEIGHT,042-S11-003,S11,WEEK4,Weight,WEIGHT,82.5,82.5,kg,2026-02-24,3
VS_042-S11-004_WEEK4_SYSBP,042-S11-004,S11,WEEK4,Systolic Blood Pressure,SYSBP,119.0,119.0,mmHg,2026-02-24,3
VS_042-S11-004_WEEK4_DIABP,042-S11-004,S11,WEEK4,Diastolic Blood Pressure,DIABP,74.0,74.0,mmHg,2026-02-24,3
VS_042-S11-004_WEEK4_PULSE,042-S11-004,S11,WEEK4,Pulse Rate,PULSE,77.0,77.0,beats/min,2026-02-24,3
VS_042-S11-004_WEEK4_WEIGHT,042-S11-004,S11,WEEK4,Weight,WEIGHT,86.5,86.5,kg,2026-02-24,3
VS_042-S11-005_WEEK4_SYSBP,042-S11-005,S11,WEEK4,Systolic Blood Pressure,SYSBP,122.0,122.0,mmHg,2026-02-24,3
VS_042-S11-005_WEEK4_DIABP,042-S11-005,S11,WEEK4,Diastolic Blood Pressure,DIABP,80.0,80.0,mmHg,2026-02-24,3
VS_042-S11-005_WEEK4_PULSE,042-S11-005,S11,WEEK4,Pulse Rate,PULSE,69.0,69.0,beats/min,2026-02-24,3
VS_042-S11-005_WEEK4_WEIGHT,042-S11-005,S11,WEEK4,Weight,WEIGHT,78.5,78.5,kg,2026-02-24,3
VS_042-S11-006_WEEK4_SYSBP,042-S11-006,S11,WEEK4,Systolic Blood Pressure,SYSBP,124.0,124.0,mmHg,2026-02-24,3
VS_042-S11-006_WEEK4_DIABP,042-S11-006,S11,WEEK4,Diastolic Blood Pressure,DIABP,83.0,83.0,mmHg,2026-02-24,3
VS_042-S11-006_WEEK4_PULSE,042-S11-006,S11,WEEK4,Pulse Rate,PULSE,76.0,76.0,beats/min,2026-02-24,3
VS_042-S11-006_WEEK4_WEIGHT,042-S11-006,S11,WEEK4,Weight,WEIGHT,79.5,79.5,kg,2026-02-24,3
VS_042-S11-007_WEEK4_SYSBP,042-S11-007,S11,WEEK4,Systolic Blood Pressure,SYSBP,125.0,125.0,mmHg,2026-02-24,3
VS_042-S11-007_WEEK4_DIABP,042-S11-007,S11,WEEK4,Diastolic Blood Pressure,DIABP,83.0,83.0,mmHg,2026-02-24,3
VS_042-S11-007_WEEK4_PULSE,042-S11-007,S11,WEEK4,Pulse Rate,PULSE,67.0,67.0,beats/min,2026-02-24,3
VS_042-S11-007_WEEK4_WEIGHT,042-S11-007,S11,WEEK4,Weight,WEIGHT,81.5,81.5,kg,2026-02-24,3
VS_042-S11-008_WEEK4_SYSBP,042-S11-008,S11,WEEK4,Systolic Blood Pressure,SYSBP,124.0,124.0,mmHg,2026-02-24,3
VS_042-S11-008_WEEK4_DIABP,042-S11-008,S11,WEEK4,Diastolic Blood Pressure,DIABP,75.0,75.0,mmHg,2026-02-24,3
VS_042-S11-008_WEEK4_PULSE,042-S11-008,S11,WEEK4,Pulse Rate,PULSE,69.0,69.0,beats/min,2026-02-24,3
VS_042-S11-008_WEEK4_WEIGHT,042-S11-008,S11,WEEK4,Weight,WEIGHT,80.5,80.5,kg,2026-02-24,3
VS_042-S11-009_WEEK4_SYSBP,042-S11-009,S11,WEEK4,Systolic Blood Pressure,SYSBP,122.0,122.0,mmHg,2026-02-24,3
VS_042-S11-009_WEEK4_DIABP,042-S11-009,S11,WEEK4,Diastolic Blood Pressure,DIABP,74.0,74.0,mmHg,2026-02-24,3
VS_042-S11-009_WEEK4_PULSE,042-S11-009,S11,WEEK4,Pulse Rate,PULSE,76.0,76.0,beats/min,2026-02-24,3
VS_042-S11-009_WEEK4_WEIGHT,042-S11-009,S11,WEEK4,Weight,WEIGHT,82.5,82.5,kg,2026-02-24,3
VS_042-S11-010_WEEK4_SYSBP,042-S11-010,S11,WEEK4,Systolic Blood Pressure,SYSBP,127.0,127.0,mmHg,2026-02-24,3
VS_042-S11-010_WEEK4_DIABP,042-S11-010,S11,WEEK4,Diastolic Blood Pressure,DIABP,82.0,82.0,mmHg,2026-02-24,3
VS_042-S11-010_WEEK4_PULSE,042-S11-010,S11,WEEK4,Pulse Rate,PULSE,68.0,68.0,beats/min,2026-02-24,3
VS_042-S11-010_WEEK4_WEIGHT,042-S11-010,S11,WEEK4,Weight,WEIGHT,79.5,79.5,kg,2026-02-24,3
VS_042-S11-011_WEEK4_SYSBP,042-S11-011,S11,WEEK4,Systolic Blood Pressure,SYSBP,127.0,127.0,mmHg,2026-02-24,3
VS_042-S11-011_WEEK4_DIABP,042-S11-011,S11,WEEK4,Diastolic Blood Pressure,DIABP,73.0,73.0,mmHg,2026-02-24,3
VS_042-S11-011_WEEK4_PULSE,042-S11-011,S11,WEEK4,Pulse Rate,PULSE,69.0,69.0,beats/min,2026-02-24,3
VS_042-S11-011_WEEK4_WEIGHT,042-S11-011,S11,WEEK4,Weight,WEIGHT,81.5,81.5,kg,2026-02-24,3
VS_042-S11-012_WEEK4_SYSBP,042-S11-012,S11,WEEK4,Systolic Blood Pressure,SYSBP,121.0,121.0,mmHg,2026-02-24,3
VS_042-S11-012_WEEK4_DIABP,042-S11-012,S11,WEEK4,Diastolic Blood Pressure,DIABP,79.0,79.0,mmHg,2026-02-24,3
VS_042-S11-012_WEEK4_PULSE,042-S11-012,S11,WEEK4,Pulse Rate,PULSE,77.0,77.0,beats/min,2026-02-24,3
VS_042-S11-012_WEEK4_WEIGHT,042-S11-012,S11,WEEK4,Weight,WEIGHT,80.5,80.5,kg,2026-02-24,3
VS_042-S11-013_WEEK4_SYSBP,042-S11-013,S11,WEEK4,Systolic Blood Pressure,SYSBP,128.0,128.0,mmHg,2026-02-24,3
VS_042-S11-013_WEEK4_DIABP,042-S11-013,S11,WEEK4,Diastolic Blood Pressure,DIABP,78.0,78.0,mmHg,2026-02-24,3
VS_042-S11-013_WEEK4_PULSE,042-S11-013,S11,WEEK4,Pulse Rate,PULSE,74.0,74.0,beats/min,2026-02-24,3
VS_042-S11-013_WEEK4_WEIGHT,042-S11-013,S11,WEEK4,Weight,WEIGHT,82.5,82.5,kg,2026-02-24,3
VS_042-S11-014_WEEK4_SYSBP,042-S11-014,S11,WEEK4,Systolic Blood Pressure,SYSBP,127.0,127.0,mmHg,2026-02-24,3
VS_042-S11-014_WEEK4_DIABP,042-S11-014,S11,WEEK4,Diastolic Blood Pressure,DIABP,78.0,78.0,mmHg,2026-02-24,3
VS_042-S11-014_WEEK4_PULSE,042-S11-014,S11,WEEK4,Pulse Rate,PULSE,67.0,67.0,beats/min,2026-02-24,3
VS_042-S11-014_WEEK4_WEIGHT,042-S11-014,S11,WEEK4,Weight,WEIGHT,83.5,83.5,kg,2026-02-24,3
VS_042-S11-015_WEEK4_SYSBP,042-S11-015,S11,WEEK4,Systolic Blood Pressure,SYSBP,125.0,125.0,mmHg,2026-02-24,3
VS_042-S11-015_WEEK4_DIABP,042-S11-015,S11,WEEK4,Diastolic Blood Pressure,DIABP,81.0,81.0,mmHg,2026-02-24,3
VS_042-S11-015_WEEK4_PULSE,042-S11-015,S11,WEEK4,Pulse Rate,PULSE,67.0,67.0,beats/min,2026-02-24,3
VS_042-S11-015_WEEK4_WEIGHT,042-S11-015,S11,WEEK4,Weight,WEIGHT,78.5,78.5,kg,2026-02-24,3
VS_042-S11-016_WEEK4_SYSBP,042-S11-016,S11,WEEK4,Systolic Blood Pressure,SYSBP,120.0,120.0,mmHg,2026-02-24,3
VS_042-S11-016_WEEK4_DIABP,042-S11-016,S11,WEEK4,Diastolic Blood Pressure,DIABP,73.0,73.0,mmHg,2026-02-24,3
VS_042-S11-016_WEEK4_PULSE,042-S11-016,S11,WEEK4,Pulse Rate,PULSE,77.0,77.0,beats/min,2026-02-24,3
VS_042-S11-016_WEEK4_WEIGHT,042-S11-016,S11,WEEK4,Weight,WEIGHT,78.5,78.5,kg,2026-02-24,3
VS_042-S11-017_WEEK4_SYSBP,042-S11-017,S11,WEEK4,Systolic Blood Pressure,SYSBP,128.0,128.0,mmHg,2026-02-24,3
VS_042-S11-017_WEEK4_DIABP,042-S11-017,S11,WEEK4,Diastolic Blood Pressure,DIABP,73.0,73.0,mmHg,2026-02-24,3
VS_042-S11-017_WEEK4_PULSE,042-S11-017,S11,WEEK4,Pulse Rate,PULSE,74.0,74.0,beats/min,2026-02-24,3
VS_042-S11-017_WEEK4_WEIGHT,042-S11-017,S11,WEEK4,Weight,WEIGHT,77.5,77.5,kg,2026-02-24,3
VS_042-S11-018_WEEK4_SYSBP,042-S11-018,S11,WEEK4,Systolic Blood Pressure,SYSBP,125.0,125.0,mmHg,2026-02-24,3
VS_042-S11-018_WEEK4_DIABP,042-S11-018,S11,WEEK4,Diastolic Blood Pressure,DIABP,75.0,75.0,mmHg,2026-02-24,3
VS_042-S11-018_WEEK4_PULSE,042-S11-018,S11,WEEK4,Pulse Rate,PULSE,69.0,69.0,beats/min,2026-02-24,3
VS_042-S11-018_WEEK4_WEIGHT,042-S11-018,S11,WEEK4,Weight,WEIGHT,86.5,86.5,kg,2026-02-24,3
VS_042-S11-019_WEEK4_SYSBP,042-S11-019,S11,WEEK4,Systolic Blood Pressure,SYSBP,119.0,119.0,mmHg,2026-02-24,3
VS_042-S11-019_WEEK4_DIABP,042-S11-019,S11,WEEK4,Diastolic Blood Pressure,DIABP,78.0,78.0,mmHg,2026-02-24,3
VS_042-S11-019_WEEK4_PULSE,042-S11-019,S11,WEEK4,Pulse Rate,PULSE,73.0,73.0,beats/min,2026-02-24,3
VS_042-S11-019_WEEK4_WEIGHT,042-S11-019,S11,WEEK4,Weight,WEIGHT,80.5,80.5,kg,2026-02-24,3
VS_042-S11-020_WEEK4_SYSBP,042-S11-020,S11,WEEK4,Systolic Blood Pressure,SYSBP,124.0,124.0,mmHg,2026-02-24,3
VS_042-S11-020_WEEK4_DIABP,042-S11-020,S11,WEEK4,Diastolic Blood Pressure,DIABP,80.0,80.0,mmHg,2026-02-24,3
VS_042-S11-020_WEEK4_PULSE,042-S11-020,S11,WEEK4,Pulse Rate,PULSE,67.0,67.0,beats/min,2026-02-24,3
VS_042-S11-020_WEEK4_WEIGHT,042-S11-020,S11,WEEK4,Weight,WEIGHT,87.5,87.5,kg,2026-02-24,3
VS_042-S12-001_WEEK4_SYSBP,042-S12-001,S12,WEEK4,Systolic Blood Pressure,SYSBP,122.0,122.0,mmHg,2026-02-24,3
VS_042-S12-001_WEEK4_DIABP,042-S12-001,S12,WEEK4,Diastolic Blood Pressure,DIABP,74.0,74.0,mmHg,2026-02-24,3
VS_042-S12-001_WEEK4_PULSE,042-S12-001,S12,WEEK4,Pulse Rate,PULSE,77.0,77.0,beats/min,2026-02-24,3
VS_042-S12-001_WEEK4_WEIGHT,042-S12-001,S12,WEEK4,Weight,WEIGHT,79.5,79.5,kg,2026-02-24,3
VS_042-S12-002_WEEK4_SYSBP,042-S12-002,S12,WEEK4,Systolic Blood Pressure,SYSBP,128.0,128.0,mmHg,2026-02-24,3
VS_042-S12-002_WEEK4_DIABP,042-S12-002,S12,WEEK4,Diastolic Blood Pressure,DIABP,76.0,76.0,mmHg,2026-02-24,3
VS_042-S12-002_WEEK4_PULSE,042-S12-002,S12,WEEK4,Pulse Rate,PULSE,71.0,71.0,beats/min,2026-02-24,3
VS_042-S12-002_WEEK4_WEIGHT,042-S12-002,S12,WEEK4,Weight,WEIGHT,81.5,81.5,kg,2026-02-24,3
VS_042-S12-003_WEEK4_SYSBP,042-S12-003,S12,WEEK4,Systolic Blood Pressure,SYSBP,122.0,122.0,mmHg,2026-02-24,3
VS_042-S12-003_WEEK4_DIABP,042-S12-003,S12,WEEK4,Diastolic Blood Pressure,DIABP,78.0,78.0,mmHg,2026-02-24,3
VS_042-S12-003_WEEK4_PULSE,042-S12-003,S12,WEEK4,Pulse Rate,PULSE,77.0,77.0,beats/min,2026-02-24,3
VS_042-S12-003_WEEK4_WEIGHT,042-S12-003,S12,WEEK4,Weight,WEIGHT,86.5,86.5,kg,2026-02-24,3
VS_042-S12-004_WEEK4_SYSBP,042-S12-004,S12,WEEK4,Systolic Blood Pressure,SYSBP,125.0,125.0,mmHg,2026-02-24,3
VS_042-S12-004_WEEK4_DIABP,042-S12-004,S12,WEEK4,Diastolic Blood Pressure,DIABP,79.0,79.0,mmHg,2026-02-24,3
VS_042-S12-004_WEEK4_PULSE,042-S12-004,S12,WEEK4,Pulse Rate,PULSE,67.0,67.0,beats/min,2026-02-24,3
VS_042-S12-004_WEEK4_WEIGHT,042-S12-004,S12,WEEK4,Weight,WEIGHT,77.5,77.5,kg,2026-02-24,3
VS_042-S12-005_WEEK4_SYSBP,042-S12-005,S12,WEEK4,Systolic Blood Pressure,SYSBP,126.0,126.0,mmHg,2026-02-24,3
VS_042-S12-005_WEEK4_DIABP,042-S12-005,S12,WEEK4,Diastolic Blood Pressure,DIABP,79.0,79.0,mmHg,2026-02-24,3
VS_042-S12-005_WEEK4_PULSE,042-S12-005,S12,WEEK4,Pulse Rate,PULSE,73.0,73.0,beats/min,2026-02-24,3
VS_042-S12-005_WEEK4_WEIGHT,042-S12-005,S12,WEEK4,Weight,WEIGHT,77.5,77.5,kg,2026-02-24,3
VS_042-S12-006_WEEK4_SYSBP,042-S12-006,S12,WEEK4,Systolic Blood Pressure,SYSBP,127.0,127.0,mmHg,2026-02-24,3
VS_042-S12-006_WEEK4_DIABP,042-S12-006,S12,WEEK4,Diastolic Blood Pressure,DIABP,83.0,83.0,mmHg,2026-02-24,3
VS_042-S12-006_WEEK4_PULSE,042-S12-006,S12,WEEK4,Pulse Rate,PULSE,70.0,70.0,beats/min,2026-02-24,3
VS_042-S12-006_WEEK4_WEIGHT,042-S12-006,S12,WEEK4,Weight,WEIGHT,77.5,77.5,kg,2026-02-24,3
VS_042-S12-007_WEEK4_SYSBP,042-S12-007,S12,WEEK4,Systolic Blood Pressure,SYSBP,122.0,122.0,mmHg,2026-02-24,3
VS_042-S12-007_WEEK4_DIABP,042-S12-007,S12,WEEK4,Diastolic Blood Pressure,DIABP,80.0,80.0,mmHg,2026-02-24,3
VS_042-S12-007_WEEK4_PULSE,042-S12-007,S12,WEEK4,Pulse Rate,PULSE,75.0,75.0,beats/min,2026-02-24,3
VS_042-S12-007_WEEK4_WEIGHT,042-S12-007,S12,WEEK4,Weight,WEIGHT,84.5,84.5,kg,2026-02-24,3
VS_042-S12-008_WEEK4_SYSBP,042-S12-008,S12,WEEK4,Systolic Blood Pressure,SYSBP,124.0,124.0,mmHg,2026-02-24,3
VS_042-S12-008_WEEK4_DIABP,042-S12-008,S12,WEEK4,Diastolic Blood Pressure,DIABP,73.0,73.0,mmHg,2026-02-24,3
VS_042-S12-008_WEEK4_PULSE,042-S12-008,S12,WEEK4,Pulse Rate,PULSE,68.0,68.0,beats/min,2026-02-24,3
VS_042-S12-008_WEEK4_WEIGHT,042-S12-008,S12,WEEK4,Weight,WEIGHT,78.5,78.5,kg,2026-02-24,3
VS_042-S12-009_WEEK4_SYSBP,042-S12-009,S12,WEEK4,Systolic Blood Pressure,SYSBP,129.0,129.0,mmHg,2026-02-24,3
VS_042-S12-009_WEEK4_DIABP,042-S12-009,S12,WEEK4,Diastolic Blood Pressure,DIABP,82.0,82.0,mmHg,2026-02-24,3
VS_042-S12-009_WEEK4_PULSE,042-S12-009,S12,WEEK4,Pulse Rate,PULSE,68.0,68.0,beats/min,2026-02-24,3
VS_042-S12-009_WEEK4_WEIGHT,042-S12-009,S12,WEEK4,Weight,WEIGHT,85.5,85.5,kg,2026-02-24,3
VS_042-S12-010_WEEK4_SYSBP,042-S12-010,S12,WEEK4,Systolic Blood Pressure,SYSBP,122.0,122.0,mmHg,2026-02-24,3
VS_042-S12-010_WEEK4_DIABP,042-S12-010,S12,WEEK4,Diastolic Blood Pressure,DIABP,73.0,73.0,mmHg,2026-02-24,3
VS_042-S12-010_WEEK4_PULSE,042-S12-010,S12,WEEK4,Pulse Rate,PULSE,73.0,73.0,beats/min,2026-02-24,3
VS_042-S12-010_WEEK4_WEIGHT,042-S12-010,S12,WEEK4,Weight,WEIGHT,87.5,87.5,kg,2026-02-24,3
VS_042-S12-011_WEEK4_SYSBP,042-S12-011,S12,WEEK4,Systolic Blood Pressure,SYSBP,120.0,120.0,mmHg,2026-02-24,3
VS_042-S12-011_WEEK4_DIABP,042-S12-011,S12,WEEK4,Diastolic Blood Pressure,DIABP,81.0,81.0,mmHg,2026-02-24,3
VS_042-S12-011_WEEK4_PULSE,042-S12-011,S12,WEEK4,Pulse Rate,PULSE,73.0,73.0,beats/min,2026-02-24,3
VS_042-S12-011_WEEK4_WEIGHT,042-S12-011,S12,WEEK4,Weight,WEIGHT,82.5,82.5,kg,2026-02-24,3
VS_042-S12-012_WEEK4_SYSBP,042-S12-012,S12,WEEK4,Systolic Blood Pressure,SYSBP,120.0,120.0,mmHg,2026-02-24,3
VS_042-S12-012_WEEK4_DIABP,042-S12-012,S12,WEEK4,Diastolic Blood Pressure,DIABP,74.0,74.0,mmHg,2026-02-24,3
VS_042-S12-012_WEEK4_PULSE,042-S12-012,S12,WEEK4,Pulse Rate,PULSE,74.0,74.0,beats/min,2026-02-24,3
VS_042-S12-012_WEEK4_WEIGHT,042-S12-012,S12,WEEK4,Weight,WEIGHT,77.5,77.5,kg,2026-02-24,3
VS_042-S12-013_WEEK4_SYSBP,042-S12-013,S12,WEEK4,Systolic Blood Pressure,SYSBP,120.0,120.0,mmHg,2026-02-24,3
VS_042-S12-013_WEEK4_DIABP,042-S12-013,S12,WEEK4,Diastolic Blood Pressure,DIABP,77.0,77.0,mmHg,2026-02-24,3
VS_042-S12-013_WEEK4_PULSE,042-S12-013,S12,WEEK4,Pulse Rate,PULSE,73.0,73.0,beats/min,2026-02-24,3
VS_042-S12-013_WEEK4_WEIGHT,042-S12-013,S12,WEEK4,Weight,WEIGHT,83.5,83.5,kg,2026-02-24,3
VS_042-S12-014_WEEK4_SYSBP,042-S12-014,S12,WEEK4,Systolic Blood Pressure,SYSBP,121.0,121.0,mmHg,2026-02-24,3
VS_042-S12-014_WEEK4_DIABP,042-S12-014,S12,WEEK4,Diastolic Blood Pressure,DIABP,83.0,83.0,mmHg,2026-02-24,3
VS_042-S12-014_WEEK4_PULSE,042-S12-014,S12,WEEK4,Pulse Rate,PULSE,74.0,74.0,beats/min,2026-02-24,3
VS_042-S12-014_WEEK4_WEIGHT,042-S12-014,S12,WEEK4,Weight,WEIGHT,79.5,79.5,kg,2026-02-24,3
VS_042-S12-015_WEEK4_SYSBP,042-S12-015,S12,WEEK4,Systolic Blood Pressure,SYSBP,121.0,121.0,mmHg,2026-02-24,3
VS_042-S12-015_WEEK4_DIABP,042-S12-015,S12,WEEK4,Diastolic Blood Pressure,DIABP,74.0,74.0,mmHg,2026-02-24,3
VS_042-S12-015_WEEK4_PULSE,042-S12-015,S12,WEEK4,Pulse Rate,PULSE,70.0,70.0,beats/min,2026-02-24,3
VS_042-S12-015_WEEK4_WEIGHT,042-S12-015,S12,WEEK4,Weight,WEIGHT,86.5,86.5,kg,2026-02-24,3
VS_042-S12-016_WEEK4_SYSBP,042-S12-016,S12,WEEK4,Systolic Blood Pressure,SYSBP,126.0,126.0,mmHg,2026-02-24,3
VS_042-S12-016_WEEK4_DIABP,042-S12-016,S12,WEEK4,Diastolic Blood Pressure,DIABP,73.0,73.0,mmHg,2026-02-24,3
VS_042-S12-016_WEEK4_PULSE,042-S12-016,S12,WEEK4,Pulse Rate,PULSE,75.0,75.0,beats/min,2026-02-24,3
VS_042-S12-016_WEEK4_WEIGHT,042-S12-016,S12,WEEK4,Weight,WEIGHT,80.5,80.5,kg,2026-02-24,3
VS_042-S12-017_WEEK4_SYSBP,042-S12-017,S12,WEEK4,Systolic Blood Pressure,SYSBP,122.0,122.0,mmHg,2026-02-24,3
VS_042-S12-017_WEEK4_DIABP,042-S12-017,S12,WEEK4,Diastolic Blood Pressure,DIABP,81.0,81.0,mmHg,2026-02-24,3
VS_042-S12-017_WEEK4_PULSE,042-S12-017,S12,WEEK4,Pulse Rate,PULSE,71.0,71.0,beats/min,2026-02-24,3
VS_042-S12-017_WEEK4_WEIGHT,042-S12-017,S12,WEEK4,Weight,WEIGHT,86.5,86.5,kg,2026-02-24,3
VS_042-S12-018_WEEK4_SYSBP,042-S12-018,S12,WEEK4,Systolic Blood Pressure,SYSBP,120.0,120.0,mmHg,2026-02-24,3
VS_042-S12-018_WEEK4_DIABP,042-S12-018,S12,WEEK4,Diastolic Blood Pressure,DIABP,80.0,80.0,mmHg,2026-02-24,3
VS_042-S12-018_WEEK4_PULSE,042-S12-018,S12,WEEK4,Pulse Rate,PULSE,68.0,68.0,beats/min,2026-02-24,3
VS_042-S12-018_WEEK4_WEIGHT,042-S12-018,S12,WEEK4,Weight,WEIGHT,85.5,85.5,kg,2026-02-24,3
VS_042-S12-019_WEEK4_SYSBP,042-S12-019,S12,WEEK4,Systolic Blood Pressure,SYSBP,123.0,123.0,mmHg,2026-02-24,3
VS_042-S12-019_WEEK4_DIABP,042-S12-019,S12,WEEK4,Diastolic Blood Pressure,DIABP,80.0,80.0,mmHg,2026-02-24,3
VS_042-S12-019_WEEK4_PULSE,042-S12-019,S12,WEEK4,Pulse Rate,PULSE,68.0,68.0,beats/min,2026-02-24,3
VS_042-S12-019_WEEK4_WEIGHT,042-S12-019,S12,WEEK4,Weight,WEIGHT,82.5,82.5,kg,2026-02-24,3
VS_042-S12-020_WEEK4_SYSBP,042-S12-020,S12,WEEK4,Systolic Blood Pressure,SYSBP,126.0,126.0,mmHg,2026-02-24,3
VS_042-S12-020_WEEK4_DIABP,042-S12-020,S12,WEEK4,Diastolic Blood Pressure,DIABP,73.0,73.0,mmHg,2026-02-24,3
VS_042-S12-020_WEEK4_PULSE,042-S12-020,S12,WEEK4,Pulse Rate,PULSE,73.0,73.0,beats/min,2026-02-24,3
VS_042-S12-020_WEEK4_WEIGHT,042-S12-020,S12,WEEK4,Weight,WEIGHT,85.5,85.5,kg,2026-02-24,3
VS_042-S01-001_WEEK6_SYSBP,042-S01-001,S01,WEEK6,Systolic Blood Pressure,SYSBP,127.0,127.0,mmHg,2026-03-20,5
VS_042-S01-001_WEEK6_DIABP,042-S01-001,S01,WEEK6,Diastolic Blood Pressure,DIABP,75.0,75.0,mmHg,2026-03-20,5
VS_042-S01-001_WEEK6_PULSE,042-S01-001,S01,WEEK6,Pulse Rate,PULSE,72.0,72.0,beats/min,2026-03-20,5
VS_042-S01-001_WEEK6_WEIGHT,042-S01-001,S01,WEEK6,Weight,WEIGHT,85.5,85.5,kg,2026-03-20,5
VS_042-S01-002_WEEK6_SYSBP,042-S01-002,S01,WEEK6,Systolic Blood Pressure,SYSBP,126.0,126.0,mmHg,2026-03-20,5
VS_042-S01-002_WEEK6_DIABP,042-S01-002,S01,WEEK6,Diastolic Blood Pressure,DIABP,77.0,77.0,mmHg,2026-03-20,5
VS_042-S01-002_WEEK6_PULSE,042-S01-002,S01,WEEK6,Pulse Rate,PULSE,70.0,70.0,beats/min,2026-03-20,5
VS_042-S01-002_WEEK6_WEIGHT,042-S01-002,S01,WEEK6,Weight,WEIGHT,82.5,82.5,kg,2026-03-20,5
VS_042-S01-003_WEEK6_SYSBP,042-S01-003,S01,WEEK6,Systolic Blood Pressure,SYSBP,122.0,122.0,mmHg,2026-03-20,5
VS_042-S01-003_WEEK6_DIABP,042-S01-003,S01,WEEK6,Diastolic Blood Pressure,DIABP,78.0,78.0,mmHg,2026-03-20,5
VS_042-S01-003_WEEK6_PULSE,042-S01-003,S01,WEEK6,Pulse Rate,PULSE,73.0,73.0,beats/min,2026-03-20,5
VS_042-S01-003_WEEK6_WEIGHT,042-S01-003,S01,WEEK6,Weight,WEIGHT,81.5,81.5,kg,2026-03-20,5
VS_042-S01-004_WEEK6_SYSBP,042-S01-004,S01,WEEK6,Systolic Blood Pressure,SYSBP,124.0,124.0,mmHg,2026-03-20,5
VS_042-S01-004_WEEK6_DIABP,042-S01-004,S01,WEEK6,Diastolic Blood Pressure,DIABP,76.0,76.0,mmHg,2026-03-20,5
VS_042-S01-004_WEEK6_PULSE,042-S01-004,S01,WEEK6,Pulse Rate,PULSE,75.0,75.0,beats/min,2026-03-20,5
VS_042-S01-004_WEEK6_WEIGHT,042-S01-004,S01,WEEK6,Weight,WEIGHT,85.5,85.5,kg,2026-03-20,5
VS_042-S01-005_WEEK6_SYSBP,042-S01-005,S01,WEEK6,Systolic Blood Pressure,SYSBP,126.0,126.0,mmHg,2026-03-20,5
VS_042-S01-005_WEEK6_DIABP,042-S01-005,S01,WEEK6,Diastolic Blood Pressure,DIABP,82.0,82.0,mmHg,2026-03-20,5
VS_042-S01-005_WEEK6_PULSE,042-S01-005,S01,WEEK6,Pulse Rate,PULSE,67.0,67.0,beats/min,2026-03-20,5
VS_042-S01-005_WEEK6_WEIGHT,042-S01-005,S01,WEEK6,Weight,WEIGHT,81.5,81.5,kg,2026-03-20,5
VS_042-S01-006_WEEK6_SYSBP,042-S01-006,S01,WEEK6,Systolic Blood Pressure,SYSBP,125.0,125.0,mmHg,2026-03-20,5
VS_042-S01-006_WEEK6_DIABP,042-S01-006,S01,WEEK6,Diastolic Blood Pressure,DIABP,80.0,80.0,mmHg,2026-03-20,5
VS_042-S01-006_WEEK6_PULSE,042-S01-006,S01,WEEK6,Pulse Rate,PULSE,68.0,68.0,beats/min,2026-03-20,5
VS_042-S01-006_WEEK6_WEIGHT,042-S01-006,S01,WEEK6,Weight,WEIGHT,77.5,77.5,kg,2026-03-20,5
VS_042-S01-007_WEEK6_SYSBP,042-S01-007,S01,WEEK6,Systolic Blood Pressure,SYSBP,125.0,125.0,mmHg,2026-03-20,5
VS_042-S01-007_WEEK6_DIABP,042-S01-007,S01,WEEK6,Diastolic Blood Pressure,DIABP,83.0,83.0,mmHg,2026-03-20,5
VS_042-S01-007_WEEK6_PULSE,042-S01-007,S01,WEEK6,Pulse Rate,PULSE,70.0,70.0,beats/min,2026-03-20,5
VS_042-S01-007_WEEK6_WEIGHT,042-S01-007,S01,WEEK6,Weight,WEIGHT,80.5,80.5,kg,2026-03-20,5
VS_042-S01-008_WEEK6_SYSBP,042-S01-008,S01,WEEK6,Systolic Blood Pressure,SYSBP,125.0,125.0,mmHg,2026-03-20,5
VS_042-S01-008_WEEK6_DIABP,042-S01-008,S01,WEEK6,Diastolic Blood Pressure,DIABP,77.0,77.0,mmHg,2026-03-20,5
VS_042-S01-008_WEEK6_PULSE,042-S01-008,S01,WEEK6,Pulse Rate,PULSE,77.0,77.0,beats/min,2026-03-20,5
VS_042-S01-008_WEEK6_WEIGHT,042-S01-008,S01,WEEK6,Weight,WEIGHT,81.5,81.5,kg,2026-03-20,5
VS_042-S01-009_WEEK6_SYSBP,042-S01-009,S01,WEEK6,Systolic Blood Pressure,SYSBP,129.0,129.0,mmHg,2026-03-20,5
VS_042-S01-009_WEEK6_DIABP,042-S01-009,S01,WEEK6,Diastolic Blood Pressure,DIABP,81.0,81.0,mmHg,2026-03-20,5
VS_042-S01-009_WEEK6_PULSE,042-S01-009,S01,WEEK6,Pulse Rate,PULSE,69.0,69.0,beats/min,2026-03-20,5
VS_042-S01-009_WEEK6_WEIGHT,042-S01-009,S01,WEEK6,Weight,WEIGHT,87.5,87.5,kg,2026-03-20,5
VS_042-S01-010_WEEK6_SYSBP,042-S01-010,S01,WEEK6,Systolic Blood Pressure,SYSBP,127.0,127.0,mmHg,2026-03-20,5
VS_042-S01-010_WEEK6_DIABP,042-S01-010,S01,WEEK6,Diastolic Blood Pressure,DIABP,80.0,80.0,mmHg,2026-03-20,5
VS_042-S01-010_WEEK6_PULSE,042-S01-010,S01,WEEK6,Pulse Rate,PULSE,75.0,75.0,beats/min,2026-03-20,5
VS_042-S01-010_WEEK6_WEIGHT,042-S01-010,S01,WEEK6,Weight,WEIGHT,77.5,77.5,kg,2026-03-20,5
VS_042-S01-011_WEEK6_SYSBP,042-S01-011,S01,WEEK6,Systolic Blood Pressure,SYSBP,120.0,120.0,mmHg,2026-03-20,5
VS_042-S01-011_WEEK6_DIABP,042-S01-011,S01,WEEK6,Diastolic Blood Pressure,DIABP,79.0,79.0,mmHg,2026-03-20,5
VS_042-S01-011_WEEK6_PULSE,042-S01-011,S01,WEEK6,Pulse Rate,PULSE,69.0,69.0,beats/min,2026-03-20,5
VS_042-S01-011_WEEK6_WEIGHT,042-S01-011,S01,WEEK6,Weight,WEIGHT,78.5,78.5,kg,2026-03-20,5
VS_042-S01-012_WEEK6_SYSBP,042-S01-012,S01,WEEK6,Systolic Blood Pressure,SYSBP,120.0,120.0,mmHg,2026-03-20,5
VS_042-S01-012_WEEK6_DIABP,042-S01-012,S01,WEEK6,Diastolic Blood Pressure,DIABP,74.0,74.0,mmHg,2026-03-20,5
VS_042-S01-012_WEEK6_PULSE,042-S01-012,S01,WEEK6,Pulse Rate,PULSE,74.0,74.0,beats/min,2026-03-20,5
VS_042-S01-012_WEEK6_WEIGHT,042-S01-012,S01,WEEK6,Weight,WEIGHT,87.5,87.5,kg,2026-03-20,5
VS_042-S01-013_WEEK6_SYSBP,042-S01-013,S01,WEEK6,Systolic Blood Pressure,SYSBP,128.0,128.0,mmHg,2026-03-20,5
VS_042-S01-013_WEEK6_DIABP,042-S01-013,S01,WEEK6,Diastolic Blood Pressure,DIABP,74.0,74.0,mmHg,2026-03-20,5
VS_042-S01-013_WEEK6_PULSE,042-S01-013,S01,WEEK6,Pulse Rate,PULSE,77.0,77.0,beats/min,2026-03-20,5
VS_042-S01-013_WEEK6_WEIGHT,042-S01-013,S01,WEEK6,Weight,WEIGHT,85.5,85.5,kg,2026-03-20,5
VS_042-S01-014_WEEK6_SYSBP,042-S01-014,S01,WEEK6,Systolic Blood Pressure,SYSBP,120.0,120.0,mmHg,2026-03-20,5
VS_042-S01-014_WEEK6_DIABP,042-S01-014,S01,WEEK6,Diastolic Blood Pressure,DIABP,75.0,75.0,mmHg,2026-03-20,5
VS_042-S01-014_WEEK6_PULSE,042-S01-014,S01,WEEK6,Pulse Rate,PULSE,71.0,71.0,beats/min,2026-03-20,5
VS_042-S01-014_WEEK6_WEIGHT,042-S01-014,S01,WEEK6,Weight,WEIGHT,77.5,77.5,kg,2026-03-20,5
VS_042-S01-015_WEEK6_SYSBP,042-S01-015,S01,WEEK6,Systolic Blood Pressure,SYSBP,119.0,119.0,mmHg,2026-03-20,5
VS_042-S01-015_WEEK6_DIABP,042-S01-015,S01,WEEK6,Diastolic Blood Pressure,DIABP,82.0,82.0,mmHg,2026-03-20,5
VS_042-S01-015_WEEK6_PULSE,042-S01-015,S01,WEEK6,Pulse Rate,PULSE,68.0,68.0,beats/min,2026-03-20,5
VS_042-S01-015_WEEK6_WEIGHT,042-S01-015,S01,WEEK6,Weight,WEIGHT,78.5,78.5,kg,2026-03-20,5
VS_042-S01-016_WEEK6_SYSBP,042-S01-016,S01,WEEK6,Systolic Blood Pressure,SYSBP,128.0,128.0,mmHg,2026-03-20,5
VS_042-S01-016_WEEK6_DIABP,042-S01-016,S01,WEEK6,Diastolic Blood Pressure,DIABP,81.0,81.0,mmHg,2026-03-20,5
VS_042-S01-016_WEEK6_PULSE,042-S01-016,S01,WEEK6,Pulse Rate,PULSE,75.0,75.0,beats/min,2026-03-20,5
VS_042-S01-016_WEEK6_WEIGHT,042-S01-016,S01,WEEK6,Weight,WEIGHT,84.5,84.5,kg,2026-03-20,5
VS_042-S01-017_WEEK6_SYSBP,042-S01-017,S01,WEEK6,Systolic Blood Pressure,SYSBP,126.0,126.0,mmHg,2026-03-20,5
VS_042-S01-017_WEEK6_DIABP,042-S01-017,S01,WEEK6,Diastolic Blood Pressure,DIABP,80.0,80.0,mmHg,2026-03-20,5
VS_042-S01-017_WEEK6_PULSE,042-S01-017,S01,WEEK6,Pulse Rate,PULSE,67.0,67.0,beats/min,2026-03-20,5
VS_042-S01-017_WEEK6_WEIGHT,042-S01-017,S01,WEEK6,Weight,WEIGHT,87.5,87.5,kg,2026-03-20,5
VS_042-S01-018_WEEK6_SYSBP,042-S01-018,S01,WEEK6,Systolic Blood Pressure,SYSBP,128.0,128.0,mmHg,2026-03-20,5
VS_042-S01-018_WEEK6_DIABP,042-S01-018,S01,WEEK6,Diastolic Blood Pressure,DIABP,83.0,83.0,mmHg,2026-03-20,5
VS_042-S01-018_WEEK6_PULSE,042-S01-018,S01,WEEK6,Pulse Rate,PULSE,69.0,69.0,beats/min,2026-03-20,5
VS_042-S01-018_WEEK6_WEIGHT,042-S01-018,S01,WEEK6,Weight,WEIGHT,87.5,87.5,kg,2026-03-20,5
VS_042-S01-019_WEEK6_SYSBP,042-S01-019,S01,WEEK6,Systolic Blood Pressure,SYSBP,124.0,124.0,mmHg,2026-03-20,5
VS_042-S01-019_WEEK6_DIABP,042-S01-019,S01,WEEK6,Diastolic Blood Pressure,DIABP,77.0,77.0,mmHg,2026-03-20,5
VS_042-S01-019_WEEK6_PULSE,042-S01-019,S01,WEEK6,Pulse Rate,PULSE,70.0,70.0,beats/min,2026-03-20,5
VS_042-S01-019_WEEK6_WEIGHT,042-S01-019,S01,WEEK6,Weight,WEIGHT,81.5,81.5,kg,2026-03-20,5
VS_042-S01-020_WEEK6_SYSBP,042-S01-020,S01,WEEK6,Systolic Blood Pressure,SYSBP,124.0,124.0,mmHg,2026-03-20,5
VS_042-S01-020_WEEK6_DIABP,042-S01-020,S01,WEEK6,Diastolic Blood Pressure,DIABP,83.0,83.0,mmHg,2026-03-20,5
VS_042-S01-020_WEEK6_PULSE,042-S01-020,S01,WEEK6,Pulse Rate,PULSE,73.0,73.0,beats/min,2026-03-20,5
VS_042-S01-020_WEEK6_WEIGHT,042-S01-020,S01,WEEK6,Weight,WEIGHT,87.5,87.5,kg,2026-03-20,5
VS_042-S01-021_WEEK6_SYSBP,042-S01-021,S01,WEEK6,Systolic Blood Pressure,SYSBP,129.0,129.0,mmHg,2026-03-20,5
VS_042-S01-021_WEEK6_DIABP,042-S01-021,S01,WEEK6,Diastolic Blood Pressure,DIABP,76.0,76.0,mmHg,2026-03-20,5
VS_042-S01-021_WEEK6_PULSE,042-S01-021,S01,WEEK6,Pulse Rate,PULSE,71.0,71.0,beats/min,2026-03-20,5
VS_042-S01-021_WEEK6_WEIGHT,042-S01-021,S01,WEEK6,Weight,WEIGHT,78.5,78.5,kg,2026-03-20,5
VS_042-S02-001_WEEK6_SYSBP,042-S02-001,S02,WEEK6,Systolic Blood Pressure,SYSBP,124.0,124.0,mmHg,2026-03-20,5
VS_042-S02-001_WEEK6_DIABP,042-S02-001,S02,WEEK6,Diastolic Blood Pressure,DIABP,80.0,80.0,mmHg,2026-03-20,5
VS_042-S02-001_WEEK6_PULSE,042-S02-001,S02,WEEK6,Pulse Rate,PULSE,69.0,69.0,beats/min,2026-03-20,5
VS_042-S02-001_WEEK6_WEIGHT,042-S02-001,S02,WEEK6,Weight,WEIGHT,77.5,77.5,kg,2026-03-20,5
VS_042-S02-002_WEEK6_SYSBP,042-S02-002,S02,WEEK6,Systolic Blood Pressure,SYSBP,124.0,124.0,mmHg,2026-03-20,5
VS_042-S02-002_WEEK6_DIABP,042-S02-002,S02,WEEK6,Diastolic Blood Pressure,DIABP,74.0,74.0,mmHg,2026-03-20,5
VS_042-S02-002_WEEK6_PULSE,042-S02-002,S02,WEEK6,Pulse Rate,PULSE,73.0,73.0,beats/min,2026-03-20,5
VS_042-S02-002_WEEK6_WEIGHT,042-S02-002,S02,WEEK6,Weight,WEIGHT,82.5,82.5,kg,2026-03-20,5
VS_042-S02-003_WEEK6_SYSBP,042-S02-003,S02,WEEK6,Systolic Blood Pressure,SYSBP,123.0,123.0,mmHg,2026-03-20,5
VS_042-S02-003_WEEK6_DIABP,042-S02-003,S02,WEEK6,Diastolic Blood Pressure,DIABP,75.0,75.0,mmHg,2026-03-20,5
VS_042-S02-003_WEEK6_PULSE,042-S02-003,S02,WEEK6,Pulse Rate,PULSE,72.0,72.0,beats/min,2026-03-20,5
VS_042-S02-003_WEEK6_WEIGHT,042-S02-003,S02,WEEK6,Weight,WEIGHT,86.5,86.5,kg,2026-03-20,5
VS_042-S02-004_WEEK6_SYSBP,042-S02-004,S02,WEEK6,Systolic Blood Pressure,SYSBP,123.0,123.0,mmHg,2026-03-20,5
VS_042-S02-004_WEEK6_DIABP,042-S02-004,S02,WEEK6,Diastolic Blood Pressure,DIABP,73.0,73.0,mmHg,2026-03-20,5
VS_042-S02-004_WEEK6_PULSE,042-S02-004,S02,WEEK6,Pulse Rate,PULSE,74.0,74.0,beats/min,2026-03-20,5
VS_042-S02-004_WEEK6_WEIGHT,042-S02-004,S02,WEEK6,Weight,WEIGHT,80.5,80.5,kg,2026-03-20,5
VS_042-S02-005_WEEK6_SYSBP,042-S02-005,S02,WEEK6,Systolic Blood Pressure,SYSBP,119.0,119.0,mmHg,2026-03-20,5
VS_042-S02-005_WEEK6_DIABP,042-S02-005,S02,WEEK6,Diastolic Blood Pressure,DIABP,83.0,83.0,mmHg,2026-03-20,5
VS_042-S02-005_WEEK6_PULSE,042-S02-005,S02,WEEK6,Pulse Rate,PULSE,67.0,67.0,beats/min,2026-03-20,5
VS_042-S02-005_WEEK6_WEIGHT,042-S02-005,S02,WEEK6,Weight,WEIGHT,78.5,78.5,kg,2026-03-20,5
VS_042-S02-006_WEEK6_SYSBP,042-S02-006,S02,WEEK6,Systolic Blood Pressure,SYSBP,128.0,128.0,mmHg,2026-03-20,5
VS_042-S02-006_WEEK6_DIABP,042-S02-006,S02,WEEK6,Diastolic Blood Pressure,DIABP,82.0,82.0,mmHg,2026-03-20,5
VS_042-S02-006_WEEK6_PULSE,042-S02-006,S02,WEEK6,Pulse Rate,PULSE,71.0,71.0,beats/min,2026-03-20,5
VS_042-S02-006_WEEK6_WEIGHT,042-S02-006,S02,WEEK6,Weight,WEIGHT,78.5,78.5,kg,2026-03-20,5
VS_042-S02-007_WEEK6_SYSBP,042-S02-007,S02,WEEK6,Systolic Blood Pressure,SYSBP,122.0,122.0,mmHg,2026-03-20,5
VS_042-S02-007_WEEK6_DIABP,042-S02-007,S02,WEEK6,Diastolic Blood Pressure,DIABP,76.0,76.0,mmHg,2026-03-20,5
VS_042-S02-007_WEEK6_PULSE,042-S02-007,S02,WEEK6,Pulse Rate,PULSE,76.0,76.0,beats/min,2026-03-20,5
VS_042-S02-007_WEEK6_WEIGHT,042-S02-007,S02,WEEK6,Weight,WEIGHT,83.5,83.5,kg,2026-03-20,5
VS_042-S02-008_WEEK6_SYSBP,042-S02-008,S02,WEEK6,Systolic Blood Pressure,SYSBP,127.0,127.0,mmHg,2026-03-20,5
VS_042-S02-008_WEEK6_DIABP,042-S02-008,S02,WEEK6,Diastolic Blood Pressure,DIABP,76.0,76.0,mmHg,2026-03-20,5
VS_042-S02-008_WEEK6_PULSE,042-S02-008,S02,WEEK6,Pulse Rate,PULSE,76.0,76.0,beats/min,2026-03-20,5
VS_042-S02-008_WEEK6_WEIGHT,042-S02-008,S02,WEEK6,Weight,WEIGHT,83.5,83.5,kg,2026-03-20,5
VS_042-S02-009_WEEK6_SYSBP,042-S02-009,S02,WEEK6,Systolic Blood Pressure,SYSBP,122.0,122.0,mmHg,2026-03-20,5
VS_042-S02-009_WEEK6_DIABP,042-S02-009,S02,WEEK6,Diastolic Blood Pressure,DIABP,76.0,76.0,mmHg,2026-03-20,5
VS_042-S02-009_WEEK6_PULSE,042-S02-009,S02,WEEK6,Pulse Rate,PULSE,71.0,71.0,beats/min,2026-03-20,5
VS_042-S02-009_WEEK6_WEIGHT,042-S02-009,S02,WEEK6,Weight,WEIGHT,87.5,87.5,kg,2026-03-20,5
VS_042-S02-010_WEEK6_SYSBP,042-S02-010,S02,WEEK6,Systolic Blood Pressure,SYSBP,123.0,123.0,mmHg,2026-03-20,5
VS_042-S02-010_WEEK6_DIABP,042-S02-010,S02,WEEK6,Diastolic Blood Pressure,DIABP,73.0,73.0,mmHg,2026-03-20,5
VS_042-S02-010_WEEK6_PULSE,042-S02-010,S02,WEEK6,Pulse Rate,PULSE,75.0,75.0,beats/min,2026-03-20,5
VS_042-S02-010_WEEK6_WEIGHT,042-S02-010,S02,WEEK6,Weight,WEIGHT,87.5,87.5,kg,2026-03-20,5
VS_042-S02-011_WEEK6_SYSBP,042-S02-011,S02,WEEK6,Systolic Blood Pressure,SYSBP,126.0,126.0,mmHg,2026-03-20,5
VS_042-S02-011_WEEK6_DIABP,042-S02-011,S02,WEEK6,Diastolic Blood Pressure,DIABP,80.0,80.0,mmHg,2026-03-20,5
VS_042-S02-011_WEEK6_PULSE,042-S02-011,S02,WEEK6,Pulse Rate,PULSE,77.0,77.0,beats/min,2026-03-20,5
VS_042-S02-011_WEEK6_WEIGHT,042-S02-011,S02,WEEK6,Weight,WEIGHT,81.5,81.5,kg,2026-03-20,5
VS_042-S02-012_WEEK6_SYSBP,042-S02-012,S02,WEEK6,Systolic Blood Pressure,SYSBP,121.0,121.0,mmHg,2026-03-20,5
VS_042-S02-012_WEEK6_DIABP,042-S02-012,S02,WEEK6,Diastolic Blood Pressure,DIABP,79.0,79.0,mmHg,2026-03-20,5
VS_042-S02-012_WEEK6_PULSE,042-S02-012,S02,WEEK6,Pulse Rate,PULSE,72.0,72.0,beats/min,2026-03-20,5
VS_042-S02-012_WEEK6_WEIGHT,042-S02-012,S02,WEEK6,Weight,WEIGHT,77.5,77.5,kg,2026-03-20,5
VS_042-S02-013_WEEK6_SYSBP,042-S02-013,S02,WEEK6,Systolic Blood Pressure,SYSBP,120.0,120.0,mmHg,2026-03-20,5
VS_042-S02-013_WEEK6_DIABP,042-S02-013,S02,WEEK6,Diastolic Blood Pressure,DIABP,83.0,83.0,mmHg,2026-03-20,5
VS_042-S02-013_WEEK6_PULSE,042-S02-013,S02,WEEK6,Pulse Rate,PULSE,67.0,67.0,beats/min,2026-03-20,5
VS_042-S02-013_WEEK6_WEIGHT,042-S02-013,S02,WEEK6,Weight,WEIGHT,85.5,85.5,kg,2026-03-20,5
VS_042-S02-014_WEEK6_SYSBP,042-S02-014,S02,WEEK6,Systolic Blood Pressure,SYSBP,128.0,128.0,mmHg,2026-03-20,5
VS_042-S02-014_WEEK6_DIABP,042-S02-014,S02,WEEK6,Diastolic Blood Pressure,DIABP,75.0,75.0,mmHg,2026-03-20,5
VS_042-S02-014_WEEK6_PULSE,042-S02-014,S02,WEEK6,Pulse Rate,PULSE,75.0,75.0,beats/min,2026-03-20,5
VS_042-S02-014_WEEK6_WEIGHT,042-S02-014,S02,WEEK6,Weight,WEIGHT,87.5,87.5,kg,2026-03-20,5
VS_042-S02-015_WEEK6_SYSBP,042-S02-015,S02,WEEK6,Systolic Blood Pressure,SYSBP,126.0,126.0,mmHg,2026-03-20,5
VS_042-S02-015_WEEK6_DIABP,042-S02-015,S02,WEEK6,Diastolic Blood Pressure,DIABP,73.0,73.0,mmHg,2026-03-20,5
VS_042-S02-015_WEEK6_PULSE,042-S02-015,S02,WEEK6,Pulse Rate,PULSE,76.0,76.0,beats/min,2026-03-20,5
VS_042-S02-015_WEEK6_WEIGHT,042-S02-015,S02,WEEK6,Weight,WEIGHT,85.5,85.5,kg,2026-03-20,5
VS_042-S02-016_WEEK6_SYSBP,042-S02-016,S02,WEEK6,Systolic Blood Pressure,SYSBP,126.0,126.0,mmHg,2026-03-20,5
VS_042-S02-016_WEEK6_DIABP,042-S02-016,S02,WEEK6,Diastolic Blood Pressure,DIABP,78.0,78.0,mmHg,2026-03-20,5
VS_042-S02-016_WEEK6_PULSE,042-S02-016,S02,WEEK6,Pulse Rate,PULSE,69.0,69.0,beats/min,2026-03-20,5
VS_042-S02-016_WEEK6_WEIGHT,042-S02-016,S02,WEEK6,Weight,WEIGHT,84.5,84.5,kg,2026-03-20,5
VS_042-S02-017_WEEK6_SYSBP,042-S02-017,S02,WEEK6,Systolic Blood Pressure,SYSBP,120.0,120.0,mmHg,2026-03-20,5
VS_042-S02-017_WEEK6_DIABP,042-S02-017,S02,WEEK6,Diastolic Blood Pressure,DIABP,76.0,76.0,mmHg,2026-03-20,5
VS_042-S02-017_WEEK6_PULSE,042-S02-017,S02,WEEK6,Pulse Rate,PULSE,77.0,77.0,beats/min,2026-03-20,5
VS_042-S02-017_WEEK6_WEIGHT,042-S02-017,S02,WEEK6,Weight,WEIGHT,87.5,87.5,kg,2026-03-20,5
VS_042-S02-018_WEEK6_SYSBP,042-S02-018,S02,WEEK6,Systolic Blood Pressure,SYSBP,128.0,128.0,mmHg,2026-03-20,5
VS_042-S02-018_WEEK6_DIABP,042-S02-018,S02,WEEK6,Diastolic Blood Pressure,DIABP,74.0,74.0,mmHg,2026-03-20,5
VS_042-S02-018_WEEK6_PULSE,042-S02-018,S02,WEEK6,Pulse Rate,PULSE,77.0,77.0,beats/min,2026-03-20,5
VS_042-S02-018_WEEK6_WEIGHT,042-S02-018,S02,WEEK6,Weight,WEIGHT,78.5,78.5,kg,2026-03-20,5
VS_042-S02-019_WEEK6_SYSBP,042-S02-019,S02,WEEK6,Systolic Blood Pressure,SYSBP,123.0,123.0,mmHg,2026-03-20,5
VS_042-S02-019_WEEK6_DIABP,042-S02-019,S02,WEEK6,Diastolic Blood Pressure,DIABP,77.0,77.0,mmHg,2026-03-20,5
VS_042-S02-019_WEEK6_PULSE,042-S02-019,S02,WEEK6,Pulse Rate,PULSE,70.0,70.0,beats/min,2026-03-20,5
VS_042-S02-019_WEEK6_WEIGHT,042-S02-019,S02,WEEK6,Weight,WEIGHT,86.5,86.5,kg,2026-03-20,5
VS_042-S02-020_WEEK6_SYSBP,042-S02-020,S02,WEEK6,Systolic Blood Pressure,SYSBP,121.0,121.0,mmHg,2026-03-20,5
VS_042-S02-020_WEEK6_DIABP,042-S02-020,S02,WEEK6,Diastolic Blood Pressure,DIABP,83.0,83.0,mmHg,2026-03-20,5
VS_042-S02-020_WEEK6_PULSE,042-S02-020,S02,WEEK6,Pulse Rate,PULSE,72.0,72.0,beats/min,2026-03-20,5
VS_042-S02-020_WEEK6_WEIGHT,042-S02-020,S02,WEEK6,Weight,WEIGHT,87.5,87.5,kg,2026-03-20,5
VS_042-S03-001_WEEK6_SYSBP,042-S03-001,S03,WEEK6,Systolic Blood Pressure,SYSBP,124.0,124.0,mmHg,2026-03-20,5
VS_042-S03-001_WEEK6_DIABP,042-S03-001,S03,WEEK6,Diastolic Blood Pressure,DIABP,76.0,76.0,mmHg,2026-03-20,5
VS_042-S03-001_WEEK6_PULSE,042-S03-001,S03,WEEK6,Pulse Rate,PULSE,72.0,72.0,beats/min,2026-03-20,5
VS_042-S03-001_WEEK6_WEIGHT,042-S03-001,S03,WEEK6,Weight,WEIGHT,77.5,77.5,kg,2026-03-20,5
VS_042-S03-002_WEEK6_SYSBP,042-S03-002,S03,WEEK6,Systolic Blood Pressure,SYSBP,124.0,124.0,mmHg,2026-03-20,5
VS_042-S03-002_WEEK6_DIABP,042-S03-002,S03,WEEK6,Diastolic Blood Pressure,DIABP,82.0,82.0,mmHg,2026-03-20,5
VS_042-S03-002_WEEK6_PULSE,042-S03-002,S03,WEEK6,Pulse Rate,PULSE,71.0,71.0,beats/min,2026-03-20,5
VS_042-S03-002_WEEK6_WEIGHT,042-S03-002,S03,WEEK6,Weight,WEIGHT,79.5,79.5,kg,2026-03-20,5
VS_042-S03-003_WEEK6_SYSBP,042-S03-003,S03,WEEK6,Systolic Blood Pressure,SYSBP,128.0,128.0,mmHg,2026-03-20,5
VS_042-S03-003_WEEK6_DIABP,042-S03-003,S03,WEEK6,Diastolic Blood Pressure,DIABP,75.0,75.0,mmHg,2026-03-20,5
VS_042-S03-003_WEEK6_PULSE,042-S03-003,S03,WEEK6,Pulse Rate,PULSE,76.0,76.0,beats/min,2026-03-20,5
VS_042-S03-003_WEEK6_WEIGHT,042-S03-003,S03,WEEK6,Weight,WEIGHT,86.5,86.5,kg,2026-03-20,5
VS_042-S03-004_WEEK6_SYSBP,042-S03-004,S03,WEEK6,Systolic Blood Pressure,SYSBP,126.0,126.0,mmHg,2026-03-20,5
VS_042-S03-004_WEEK6_DIABP,042-S03-004,S03,WEEK6,Diastolic Blood Pressure,DIABP,74.0,74.0,mmHg,2026-03-20,5
VS_042-S03-004_WEEK6_PULSE,042-S03-004,S03,WEEK6,Pulse Rate,PULSE,76.0,76.0,beats/min,2026-03-20,5
VS_042-S03-004_WEEK6_WEIGHT,042-S03-004,S03,WEEK6,Weight,WEIGHT,79.5,79.5,kg,2026-03-20,5
VS_042-S03-005_WEEK6_SYSBP,042-S03-005,S03,WEEK6,Systolic Blood Pressure,SYSBP,123.0,123.0,mmHg,2026-03-20,5
VS_042-S03-005_WEEK6_DIABP,042-S03-005,S03,WEEK6,Diastolic Blood Pressure,DIABP,82.0,82.0,mmHg,2026-03-20,5
VS_042-S03-005_WEEK6_PULSE,042-S03-005,S03,WEEK6,Pulse Rate,PULSE,69.0,69.0,beats/min,2026-03-20,5
VS_042-S03-005_WEEK6_WEIGHT,042-S03-005,S03,WEEK6,Weight,WEIGHT,86.5,86.5,kg,2026-03-20,5
VS_042-S03-006_WEEK6_SYSBP,042-S03-006,S03,WEEK6,Systolic Blood Pressure,SYSBP,120.0,120.0,mmHg,2026-03-20,5
VS_042-S03-006_WEEK6_DIABP,042-S03-006,S03,WEEK6,Diastolic Blood Pressure,DIABP,75.0,75.0,mmHg,2026-03-20,5
VS_042-S03-006_WEEK6_PULSE,042-S03-006,S03,WEEK6,Pulse Rate,PULSE,68.0,68.0,beats/min,2026-03-20,5
VS_042-S03-006_WEEK6_WEIGHT,042-S03-006,S03,WEEK6,Weight,WEIGHT,87.5,87.5,kg,2026-03-20,5
VS_042-S03-007_WEEK6_SYSBP,042-S03-007,S03,WEEK6,Systolic Blood Pressure,SYSBP,127.0,127.0,mmHg,2026-03-20,5
VS_042-S03-007_WEEK6_DIABP,042-S03-007,S03,WEEK6,Diastolic Blood Pressure,DIABP,75.0,75.0,mmHg,2026-03-20,5
VS_042-S03-007_WEEK6_PULSE,042-S03-007,S03,WEEK6,Pulse Rate,PULSE,70.0,70.0,beats/min,2026-03-20,5
VS_042-S03-007_WEEK6_WEIGHT,042-S03-007,S03,WEEK6,Weight,WEIGHT,85.5,85.5,kg,2026-03-20,5
VS_042-S03-008_WEEK6_SYSBP,042-S03-008,S03,WEEK6,Systolic Blood Pressure,SYSBP,122.0,122.0,mmHg,2026-03-20,5
VS_042-S03-008_WEEK6_DIABP,042-S03-008,S03,WEEK6,Diastolic Blood Pressure,DIABP,79.0,79.0,mmHg,2026-03-20,5
VS_042-S03-008_WEEK6_PULSE,042-S03-008,S03,WEEK6,Pulse Rate,PULSE,76.0,76.0,beats/min,2026-03-20,5
VS_042-S03-008_WEEK6_WEIGHT,042-S03-008,S03,WEEK6,Weight,WEIGHT,84.5,84.5,kg,2026-03-20,5
VS_042-S03-009_WEEK6_SYSBP,042-S03-009,S03,WEEK6,Systolic Blood Pressure,SYSBP,123.0,123.0,mmHg,2026-03-20,5
VS_042-S03-009_WEEK6_DIABP,042-S03-009,S03,WEEK6,Diastolic Blood Pressure,DIABP,83.0,83.0,mmHg,2026-03-20,5
VS_042-S03-009_WEEK6_PULSE,042-S03-009,S03,WEEK6,Pulse Rate,PULSE,71.0,71.0,beats/min,2026-03-20,5
VS_042-S03-009_WEEK6_WEIGHT,042-S03-009,S03,WEEK6,Weight,WEIGHT,78.5,78.5,kg,2026-03-20,5
VS_042-S03-010_WEEK6_SYSBP,042-S03-010,S03,WEEK6,Systolic Blood Pressure,SYSBP,125.0,125.0,mmHg,2026-03-20,5
VS_042-S03-010_WEEK6_DIABP,042-S03-010,S03,WEEK6,Diastolic Blood Pressure,DIABP,76.0,76.0,mmHg,2026-03-20,5
VS_042-S03-010_WEEK6_PULSE,042-S03-010,S03,WEEK6,Pulse Rate,PULSE,75.0,75.0,beats/min,2026-03-20,5
VS_042-S03-010_WEEK6_WEIGHT,042-S03-010,S03,WEEK6,Weight,WEIGHT,80.5,80.5,kg,2026-03-20,5
VS_042-S03-011_WEEK6_SYSBP,042-S03-011,S03,WEEK6,Systolic Blood Pressure,SYSBP,124.0,124.0,mmHg,2026-03-20,5
VS_042-S03-011_WEEK6_DIABP,042-S03-011,S03,WEEK6,Diastolic Blood Pressure,DIABP,77.0,77.0,mmHg,2026-03-20,5
VS_042-S03-011_WEEK6_PULSE,042-S03-011,S03,WEEK6,Pulse Rate,PULSE,75.0,75.0,beats/min,2026-03-20,5
VS_042-S03-011_WEEK6_WEIGHT,042-S03-011,S03,WEEK6,Weight,WEIGHT,81.5,81.5,kg,2026-03-20,5
VS_042-S03-012_WEEK6_SYSBP,042-S03-012,S03,WEEK6,Systolic Blood Pressure,SYSBP,123.0,123.0,mmHg,2026-03-20,5
VS_042-S03-012_WEEK6_DIABP,042-S03-012,S03,WEEK6,Diastolic Blood Pressure,DIABP,74.0,74.0,mmHg,2026-03-20,5
VS_042-S03-012_WEEK6_PULSE,042-S03-012,S03,WEEK6,Pulse Rate,PULSE,70.0,70.0,beats/min,2026-03-20,5
VS_042-S03-012_WEEK6_WEIGHT,042-S03-012,S03,WEEK6,Weight,WEIGHT,77.5,77.5,kg,2026-03-20,5
VS_042-S03-013_WEEK6_SYSBP,042-S03-013,S03,WEEK6,Systolic Blood Pressure,SYSBP,126.0,126.0,mmHg,2026-03-20,5
VS_042-S03-013_WEEK6_DIABP,042-S03-013,S03,WEEK6,Diastolic Blood Pressure,DIABP,81.0,81.0,mmHg,2026-03-20,5
VS_042-S03-013_WEEK6_PULSE,042-S03-013,S03,WEEK6,Pulse Rate,PULSE,68.0,68.0,beats/min,2026-03-20,5
VS_042-S03-013_WEEK6_WEIGHT,042-S03-013,S03,WEEK6,Weight,WEIGHT,77.5,77.5,kg,2026-03-20,5
VS_042-S03-014_WEEK6_SYSBP,042-S03-014,S03,WEEK6,Systolic Blood Pressure,SYSBP,127.0,127.0,mmHg,2026-03-20,5
VS_042-S03-014_WEEK6_DIABP,042-S03-014,S03,WEEK6,Diastolic Blood Pressure,DIABP,76.0,76.0,mmHg,2026-03-20,5
VS_042-S03-014_WEEK6_PULSE,042-S03-014,S03,WEEK6,Pulse Rate,PULSE,73.0,73.0,beats/min,2026-03-20,5
VS_042-S03-014_WEEK6_WEIGHT,042-S03-014,S03,WEEK6,Weight,WEIGHT,78.5,78.5,kg,2026-03-20,5
VS_042-S03-015_WEEK6_SYSBP,042-S03-015,S03,WEEK6,Systolic Blood Pressure,SYSBP,119.0,119.0,mmHg,2026-03-20,5
VS_042-S03-015_WEEK6_DIABP,042-S03-015,S03,WEEK6,Diastolic Blood Pressure,DIABP,79.0,79.0,mmHg,2026-03-20,5
VS_042-S03-015_WEEK6_PULSE,042-S03-015,S03,WEEK6,Pulse Rate,PULSE,73.0,73.0,beats/min,2026-03-20,5
VS_042-S03-015_WEEK6_WEIGHT,042-S03-015,S03,WEEK6,Weight,WEIGHT,86.5,86.5,kg,2026-03-20,5
VS_042-S03-016_WEEK6_SYSBP,042-S03-016,S03,WEEK6,Systolic Blood Pressure,SYSBP,123.0,123.0,mmHg,2026-03-20,5
VS_042-S03-016_WEEK6_DIABP,042-S03-016,S03,WEEK6,Diastolic Blood Pressure,DIABP,80.0,80.0,mmHg,2026-03-20,5
VS_042-S03-016_WEEK6_PULSE,042-S03-016,S03,WEEK6,Pulse Rate,PULSE,71.0,71.0,beats/min,2026-03-20,5
VS_042-S03-016_WEEK6_WEIGHT,042-S03-016,S03,WEEK6,Weight,WEIGHT,79.5,79.5,kg,2026-03-20,5
VS_042-S03-017_WEEK6_SYSBP,042-S03-017,S03,WEEK6,Systolic Blood Pressure,SYSBP,119.0,119.0,mmHg,2026-03-20,5
VS_042-S03-017_WEEK6_DIABP,042-S03-017,S03,WEEK6,Diastolic Blood Pressure,DIABP,83.0,83.0,mmHg,2026-03-20,5
VS_042-S03-017_WEEK6_PULSE,042-S03-017,S03,WEEK6,Pulse Rate,PULSE,77.0,77.0,beats/min,2026-03-20,5
VS_042-S03-017_WEEK6_WEIGHT,042-S03-017,S03,WEEK6,Weight,WEIGHT,82.5,82.5,kg,2026-03-20,5
VS_042-S03-018_WEEK6_SYSBP,042-S03-018,S03,WEEK6,Systolic Blood Pressure,SYSBP,119.0,119.0,mmHg,2026-03-20,5
VS_042-S03-018_WEEK6_DIABP,042-S03-018,S03,WEEK6,Diastolic Blood Pressure,DIABP,75.0,75.0,mmHg,2026-03-20,5
VS_042-S03-018_WEEK6_PULSE,042-S03-018,S03,WEEK6,Pulse Rate,PULSE,72.0,72.0,beats/min,2026-03-20,5
VS_042-S03-018_WEEK6_WEIGHT,042-S03-018,S03,WEEK6,Weight,WEIGHT,77.5,77.5,kg,2026-03-20,5
VS_042-S03-019_WEEK6_SYSBP,042-S03-019,S03,WEEK6,Systolic Blood Pressure,SYSBP,124.0,124.0,mmHg,2026-03-20,5
VS_042-S03-019_WEEK6_DIABP,042-S03-019,S03,WEEK6,Diastolic Blood Pressure,DIABP,82.0,82.0,mmHg,2026-03-20,5
VS_042-S03-019_WEEK6_PULSE,042-S03-019,S03,WEEK6,Pulse Rate,PULSE,69.0,69.0,beats/min,2026-03-20,5
VS_042-S03-019_WEEK6_WEIGHT,042-S03-019,S03,WEEK6,Weight,WEIGHT,83.5,83.5,kg,2026-03-20,5
VS_042-S03-020_WEEK6_SYSBP,042-S03-020,S03,WEEK6,Systolic Blood Pressure,SYSBP,125.0,125.0,mmHg,2026-03-20,5
VS_042-S03-020_WEEK6_DIABP,042-S03-020,S03,WEEK6,Diastolic Blood Pressure,DIABP,81.0,81.0,mmHg,2026-03-20,5
VS_042-S03-020_WEEK6_PULSE,042-S03-020,S03,WEEK6,Pulse Rate,PULSE,70.0,70.0,beats/min,2026-03-20,5
VS_042-S03-020_WEEK6_WEIGHT,042-S03-020,S03,WEEK6,Weight,WEIGHT,81.5,81.5,kg,2026-03-20,5
VS_042-S05-001_WEEK6_SYSBP,042-S05-001,S05,WEEK6,Systolic Blood Pressure,SYSBP,122.0,122.0,mmHg,2026-03-20,5
VS_042-S05-001_WEEK6_DIABP,042-S05-001,S05,WEEK6,Diastolic Blood Pressure,DIABP,78.0,78.0,mmHg,2026-03-20,5
VS_042-S05-001_WEEK6_PULSE,042-S05-001,S05,WEEK6,Pulse Rate,PULSE,68.0,68.0,beats/min,2026-03-20,5
VS_042-S05-001_WEEK6_WEIGHT,042-S05-001,S05,WEEK6,Weight,WEIGHT,83.5,83.5,kg,2026-03-20,5
VS_042-S05-002_WEEK6_SYSBP,042-S05-002,S05,WEEK6,Systolic Blood Pressure,SYSBP,128.0,128.0,mmHg,2026-03-20,5
VS_042-S05-002_WEEK6_DIABP,042-S05-002,S05,WEEK6,Diastolic Blood Pressure,DIABP,81.0,81.0,mmHg,2026-03-20,5
VS_042-S05-002_WEEK6_PULSE,042-S05-002,S05,WEEK6,Pulse Rate,PULSE,68.0,68.0,beats/min,2026-03-20,5
VS_042-S05-002_WEEK6_WEIGHT,042-S05-002,S05,WEEK6,Weight,WEIGHT,79.5,79.5,kg,2026-03-20,5
VS_042-S05-003_WEEK6_SYSBP,042-S05-003,S05,WEEK6,Systolic Blood Pressure,SYSBP,120.0,120.0,mmHg,2026-03-20,5
VS_042-S05-003_WEEK6_DIABP,042-S05-003,S05,WEEK6,Diastolic Blood Pressure,DIABP,81.0,81.0,mmHg,2026-03-20,5
VS_042-S05-003_WEEK6_PULSE,042-S05-003,S05,WEEK6,Pulse Rate,PULSE,71.0,71.0,beats/min,2026-03-20,5
VS_042-S05-003_WEEK6_WEIGHT,042-S05-003,S05,WEEK6,Weight,WEIGHT,80.5,80.5,kg,2026-03-20,5
VS_042-S05-004_WEEK6_SYSBP,042-S05-004,S05,WEEK6,Systolic Blood Pressure,SYSBP,127.0,127.0,mmHg,2026-03-20,5
VS_042-S05-004_WEEK6_DIABP,042-S05-004,S05,WEEK6,Diastolic Blood Pressure,DIABP,75.0,75.0,mmHg,2026-03-20,5
VS_042-S05-004_WEEK6_PULSE,042-S05-004,S05,WEEK6,Pulse Rate,PULSE,68.0,68.0,beats/min,2026-03-20,5
VS_042-S05-004_WEEK6_WEIGHT,042-S05-004,S05,WEEK6,Weight,WEIGHT,84.5,84.5,kg,2026-03-20,5
VS_042-S05-005_WEEK6_SYSBP,042-S05-005,S05,WEEK6,Systolic Blood Pressure,SYSBP,129.0,129.0,mmHg,2026-03-20,5
VS_042-S05-005_WEEK6_DIABP,042-S05-005,S05,WEEK6,Diastolic Blood Pressure,DIABP,83.0,83.0,mmHg,2026-03-20,5
VS_042-S05-005_WEEK6_PULSE,042-S05-005,S05,WEEK6,Pulse Rate,PULSE,70.0,70.0,beats/min,2026-03-20,5
VS_042-S05-005_WEEK6_WEIGHT,042-S05-005,S05,WEEK6,Weight,WEIGHT,79.5,79.5,kg,2026-03-20,5
VS_042-S05-006_WEEK6_SYSBP,042-S05-006,S05,WEEK6,Systolic Blood Pressure,SYSBP,129.0,129.0,mmHg,2026-03-20,5
VS_042-S05-006_WEEK6_DIABP,042-S05-006,S05,WEEK6,Diastolic Blood Pressure,DIABP,79.0,79.0,mmHg,2026-03-20,5
VS_042-S05-006_WEEK6_PULSE,042-S05-006,S05,WEEK6,Pulse Rate,PULSE,77.0,77.0,beats/min,2026-03-20,5
VS_042-S05-006_WEEK6_WEIGHT,042-S05-006,S05,WEEK6,Weight,WEIGHT,78.5,78.5,kg,2026-03-20,5
VS_042-S05-007_WEEK6_SYSBP,042-S05-007,S05,WEEK6,Systolic Blood Pressure,SYSBP,119.0,119.0,mmHg,2026-03-20,5
VS_042-S05-007_WEEK6_DIABP,042-S05-007,S05,WEEK6,Diastolic Blood Pressure,DIABP,82.0,82.0,mmHg,2026-03-20,5
VS_042-S05-007_WEEK6_PULSE,042-S05-007,S05,WEEK6,Pulse Rate,PULSE,68.0,68.0,beats/min,2026-03-20,5
VS_042-S05-007_WEEK6_WEIGHT,042-S05-007,S05,WEEK6,Weight,WEIGHT,84.5,84.5,kg,2026-03-20,5
VS_042-S05-008_WEEK6_SYSBP,042-S05-008,S05,WEEK6,Systolic Blood Pressure,SYSBP,128.0,128.0,mmHg,2026-03-20,5
VS_042-S05-008_WEEK6_DIABP,042-S05-008,S05,WEEK6,Diastolic Blood Pressure,DIABP,75.0,75.0,mmHg,2026-03-20,5
VS_042-S05-008_WEEK6_PULSE,042-S05-008,S05,WEEK6,Pulse Rate,PULSE,71.0,71.0,beats/min,2026-03-20,5
VS_042-S05-008_WEEK6_WEIGHT,042-S05-008,S05,WEEK6,Weight,WEIGHT,83.5,83.5,kg,2026-03-20,5
VS_042-S05-009_WEEK6_SYSBP,042-S05-009,S05,WEEK6,Systolic Blood Pressure,SYSBP,126.0,126.0,mmHg,2026-03-20,5
VS_042-S05-009_WEEK6_DIABP,042-S05-009,S05,WEEK6,Diastolic Blood Pressure,DIABP,83.0,83.0,mmHg,2026-03-20,5
VS_042-S05-009_WEEK6_PULSE,042-S05-009,S05,WEEK6,Pulse Rate,PULSE,67.0,67.0,beats/min,2026-03-20,5
VS_042-S05-009_WEEK6_WEIGHT,042-S05-009,S05,WEEK6,Weight,WEIGHT,82.5,82.5,kg,2026-03-20,5
VS_042-S05-010_WEEK6_SYSBP,042-S05-010,S05,WEEK6,Systolic Blood Pressure,SYSBP,123.0,123.0,mmHg,2026-03-20,5
VS_042-S05-010_WEEK6_DIABP,042-S05-010,S05,WEEK6,Diastolic Blood Pressure,DIABP,79.0,79.0,mmHg,2026-03-20,5
VS_042-S05-010_WEEK6_PULSE,042-S05-010,S05,WEEK6,Pulse Rate,PULSE,74.0,74.0,beats/min,2026-03-20,5
VS_042-S05-010_WEEK6_WEIGHT,042-S05-010,S05,WEEK6,Weight,WEIGHT,77.5,77.5,kg,2026-03-20,5
VS_042-S05-011_WEEK6_SYSBP,042-S05-011,S05,WEEK6,Systolic Blood Pressure,SYSBP,123.0,123.0,mmHg,2026-03-20,5
VS_042-S05-011_WEEK6_DIABP,042-S05-011,S05,WEEK6,Diastolic Blood Pressure,DIABP,80.0,80.0,mmHg,2026-03-20,5
VS_042-S05-011_WEEK6_PULSE,042-S05-011,S05,WEEK6,Pulse Rate,PULSE,73.0,73.0,beats/min,2026-03-20,5
VS_042-S05-011_WEEK6_WEIGHT,042-S05-011,S05,WEEK6,Weight,WEIGHT,79.5,79.5,kg,2026-03-20,5
VS_042-S05-012_WEEK6_SYSBP,042-S05-012,S05,WEEK6,Systolic Blood Pressure,SYSBP,127.0,127.0,mmHg,2026-03-20,5
VS_042-S05-012_WEEK6_DIABP,042-S05-012,S05,WEEK6,Diastolic Blood Pressure,DIABP,75.0,75.0,mmHg,2026-03-20,5
VS_042-S05-012_WEEK6_PULSE,042-S05-012,S05,WEEK6,Pulse Rate,PULSE,73.0,73.0,beats/min,2026-03-20,5
VS_042-S05-012_WEEK6_WEIGHT,042-S05-012,S05,WEEK6,Weight,WEIGHT,78.5,78.5,kg,2026-03-20,5
VS_042-S05-013_WEEK6_SYSBP,042-S05-013,S05,WEEK6,Systolic Blood Pressure,SYSBP,129.0,129.0,mmHg,2026-03-20,5
VS_042-S05-013_WEEK6_DIABP,042-S05-013,S05,WEEK6,Diastolic Blood Pressure,DIABP,79.0,79.0,mmHg,2026-03-20,5
VS_042-S05-013_WEEK6_PULSE,042-S05-013,S05,WEEK6,Pulse Rate,PULSE,71.0,71.0,beats/min,2026-03-20,5
VS_042-S05-013_WEEK6_WEIGHT,042-S05-013,S05,WEEK6,Weight,WEIGHT,79.5,79.5,kg,2026-03-20,5
VS_042-S05-014_WEEK6_SYSBP,042-S05-014,S05,WEEK6,Systolic Blood Pressure,SYSBP,126.0,126.0,mmHg,2026-03-20,5
VS_042-S05-014_WEEK6_DIABP,042-S05-014,S05,WEEK6,Diastolic Blood Pressure,DIABP,81.0,81.0,mmHg,2026-03-20,5
VS_042-S05-014_WEEK6_PULSE,042-S05-014,S05,WEEK6,Pulse Rate,PULSE,68.0,68.0,beats/min,2026-03-20,5
VS_042-S05-014_WEEK6_WEIGHT,042-S05-014,S05,WEEK6,Weight,WEIGHT,82.5,82.5,kg,2026-03-20,5
VS_042-S05-015_WEEK6_SYSBP,042-S05-015,S05,WEEK6,Systolic Blood Pressure,SYSBP,129.0,129.0,mmHg,2026-03-20,5
VS_042-S05-015_WEEK6_DIABP,042-S05-015,S05,WEEK6,Diastolic Blood Pressure,DIABP,83.0,83.0,mmHg,2026-03-20,5
VS_042-S05-015_WEEK6_PULSE,042-S05-015,S05,WEEK6,Pulse Rate,PULSE,67.0,67.0,beats/min,2026-03-20,5
VS_042-S05-015_WEEK6_WEIGHT,042-S05-015,S05,WEEK6,Weight,WEIGHT,79.5,79.5,kg,2026-03-20,5
VS_042-S05-016_WEEK6_SYSBP,042-S05-016,S05,WEEK6,Systolic Blood Pressure,SYSBP,128.0,128.0,mmHg,2026-03-20,5
VS_042-S05-016_WEEK6_DIABP,042-S05-016,S05,WEEK6,Diastolic Blood Pressure,DIABP,74.0,74.0,mmHg,2026-03-20,5
VS_042-S05-016_WEEK6_PULSE,042-S05-016,S05,WEEK6,Pulse Rate,PULSE,71.0,71.0,beats/min,2026-03-20,5
VS_042-S05-016_WEEK6_WEIGHT,042-S05-016,S05,WEEK6,Weight,WEIGHT,81.5,81.5,kg,2026-03-20,5
VS_042-S05-017_WEEK6_SYSBP,042-S05-017,S05,WEEK6,Systolic Blood Pressure,SYSBP,123.0,123.0,mmHg,2026-03-20,5
VS_042-S05-017_WEEK6_DIABP,042-S05-017,S05,WEEK6,Diastolic Blood Pressure,DIABP,73.0,73.0,mmHg,2026-03-20,5
VS_042-S05-017_WEEK6_PULSE,042-S05-017,S05,WEEK6,Pulse Rate,PULSE,68.0,68.0,beats/min,2026-03-20,5
VS_042-S05-017_WEEK6_WEIGHT,042-S05-017,S05,WEEK6,Weight,WEIGHT,85.5,85.5,kg,2026-03-20,5
VS_042-S05-018_WEEK6_SYSBP,042-S05-018,S05,WEEK6,Systolic Blood Pressure,SYSBP,120.0,120.0,mmHg,2026-03-20,5
VS_042-S05-018_WEEK6_DIABP,042-S05-018,S05,WEEK6,Diastolic Blood Pressure,DIABP,75.0,75.0,mmHg,2026-03-20,5
VS_042-S05-018_WEEK6_PULSE,042-S05-018,S05,WEEK6,Pulse Rate,PULSE,67.0,67.0,beats/min,2026-03-20,5
VS_042-S05-018_WEEK6_WEIGHT,042-S05-018,S05,WEEK6,Weight,WEIGHT,81.5,81.5,kg,2026-03-20,5
VS_042-S05-019_WEEK6_SYSBP,042-S05-019,S05,WEEK6,Systolic Blood Pressure,SYSBP,125.0,125.0,mmHg,2026-03-20,5
VS_042-S05-019_WEEK6_DIABP,042-S05-019,S05,WEEK6,Diastolic Blood Pressure,DIABP,83.0,83.0,mmHg,2026-03-20,5
VS_042-S05-019_WEEK6_PULSE,042-S05-019,S05,WEEK6,Pulse Rate,PULSE,72.0,72.0,beats/min,2026-03-20,5
VS_042-S05-019_WEEK6_WEIGHT,042-S05-019,S05,WEEK6,Weight,WEIGHT,80.5,80.5,kg,2026-03-20,5
VS_042-S05-020_WEEK6_SYSBP,042-S05-020,S05,WEEK6,Systolic Blood Pressure,SYSBP,124.0,124.0,mmHg,2026-03-20,5
VS_042-S05-020_WEEK6_DIABP,042-S05-020,S05,WEEK6,Diastolic Blood Pressure,DIABP,76.0,76.0,mmHg,2026-03-20,5
VS_042-S05-020_WEEK6_PULSE,042-S05-020,S05,WEEK6,Pulse Rate,PULSE,69.0,69.0,beats/min,2026-03-20,5
VS_042-S05-020_WEEK6_WEIGHT,042-S05-020,S05,WEEK6,Weight,WEIGHT,84.5,84.5,kg,2026-03-20,5
VS_042-S06-001_WEEK6_SYSBP,042-S06-001,S06,WEEK6,Systolic Blood Pressure,SYSBP,122.0,122.0,mmHg,2026-03-20,5
VS_042-S06-001_WEEK6_DIABP,042-S06-001,S06,WEEK6,Diastolic Blood Pressure,DIABP,75.0,75.0,mmHg,2026-03-20,5
VS_042-S06-001_WEEK6_PULSE,042-S06-001,S06,WEEK6,Pulse Rate,PULSE,75.0,75.0,beats/min,2026-03-20,5
VS_042-S06-001_WEEK6_WEIGHT,042-S06-001,S06,WEEK6,Weight,WEIGHT,78.5,78.5,kg,2026-03-20,5
VS_042-S06-002_WEEK6_SYSBP,042-S06-002,S06,WEEK6,Systolic Blood Pressure,SYSBP,126.0,126.0,mmHg,2026-03-20,5
VS_042-S06-002_WEEK6_DIABP,042-S06-002,S06,WEEK6,Diastolic Blood Pressure,DIABP,80.0,80.0,mmHg,2026-03-20,5
VS_042-S06-002_WEEK6_PULSE,042-S06-002,S06,WEEK6,Pulse Rate,PULSE,68.0,68.0,beats/min,2026-03-20,5
VS_042-S06-002_WEEK6_WEIGHT,042-S06-002,S06,WEEK6,Weight,WEIGHT,79.5,79.5,kg,2026-03-20,5
VS_042-S06-003_WEEK6_SYSBP,042-S06-003,S06,WEEK6,Systolic Blood Pressure,SYSBP,125.0,125.0,mmHg,2026-03-20,5
VS_042-S06-003_WEEK6_DIABP,042-S06-003,S06,WEEK6,Diastolic Blood Pressure,DIABP,82.0,82.0,mmHg,2026-03-20,5
VS_042-S06-003_WEEK6_PULSE,042-S06-003,S06,WEEK6,Pulse Rate,PULSE,73.0,73.0,beats/min,2026-03-20,5
VS_042-S06-003_WEEK6_WEIGHT,042-S06-003,S06,WEEK6,Weight,WEIGHT,78.5,78.5,kg,2026-03-20,5
VS_042-S06-004_WEEK6_SYSBP,042-S06-004,S06,WEEK6,Systolic Blood Pressure,SYSBP,120.0,120.0,mmHg,2026-03-20,5
VS_042-S06-004_WEEK6_DIABP,042-S06-004,S06,WEEK6,Diastolic Blood Pressure,DIABP,79.0,79.0,mmHg,2026-03-20,5
VS_042-S06-004_WEEK6_PULSE,042-S06-004,S06,WEEK6,Pulse Rate,PULSE,71.0,71.0,beats/min,2026-03-20,5
VS_042-S06-004_WEEK6_WEIGHT,042-S06-004,S06,WEEK6,Weight,WEIGHT,86.5,86.5,kg,2026-03-20,5
VS_042-S06-005_WEEK6_SYSBP,042-S06-005,S06,WEEK6,Systolic Blood Pressure,SYSBP,128.0,128.0,mmHg,2026-03-20,5
VS_042-S06-005_WEEK6_DIABP,042-S06-005,S06,WEEK6,Diastolic Blood Pressure,DIABP,78.0,78.0,mmHg,2026-03-20,5
VS_042-S06-005_WEEK6_PULSE,042-S06-005,S06,WEEK6,Pulse Rate,PULSE,69.0,69.0,beats/min,2026-03-20,5
VS_042-S06-005_WEEK6_WEIGHT,042-S06-005,S06,WEEK6,Weight,WEIGHT,80.5,80.5,kg,2026-03-20,5
VS_042-S06-006_WEEK6_SYSBP,042-S06-006,S06,WEEK6,Systolic Blood Pressure,SYSBP,129.0,129.0,mmHg,2026-03-20,5
VS_042-S06-006_WEEK6_DIABP,042-S06-006,S06,WEEK6,Diastolic Blood Pressure,DIABP,74.0,74.0,mmHg,2026-03-20,5
VS_042-S06-006_WEEK6_PULSE,042-S06-006,S06,WEEK6,Pulse Rate,PULSE,72.0,72.0,beats/min,2026-03-20,5
VS_042-S06-006_WEEK6_WEIGHT,042-S06-006,S06,WEEK6,Weight,WEIGHT,81.5,81.5,kg,2026-03-20,5
VS_042-S06-007_WEEK6_SYSBP,042-S06-007,S06,WEEK6,Systolic Blood Pressure,SYSBP,119.0,119.0,mmHg,2026-03-20,5
VS_042-S06-007_WEEK6_DIABP,042-S06-007,S06,WEEK6,Diastolic Blood Pressure,DIABP,80.0,80.0,mmHg,2026-03-20,5
VS_042-S06-007_WEEK6_PULSE,042-S06-007,S06,WEEK6,Pulse Rate,PULSE,72.0,72.0,beats/min,2026-03-20,5
VS_042-S06-007_WEEK6_WEIGHT,042-S06-007,S06,WEEK6,Weight,WEIGHT,82.5,82.5,kg,2026-03-20,5
VS_042-S06-008_WEEK6_SYSBP,042-S06-008,S06,WEEK6,Systolic Blood Pressure,SYSBP,119.0,119.0,mmHg,2026-03-20,5
VS_042-S06-008_WEEK6_DIABP,042-S06-008,S06,WEEK6,Diastolic Blood Pressure,DIABP,77.0,77.0,mmHg,2026-03-20,5
VS_042-S06-008_WEEK6_PULSE,042-S06-008,S06,WEEK6,Pulse Rate,PULSE,71.0,71.0,beats/min,2026-03-20,5
VS_042-S06-008_WEEK6_WEIGHT,042-S06-008,S06,WEEK6,Weight,WEIGHT,80.5,80.5,kg,2026-03-20,5
VS_042-S06-009_WEEK6_SYSBP,042-S06-009,S06,WEEK6,Systolic Blood Pressure,SYSBP,121.0,121.0,mmHg,2026-03-20,5
VS_042-S06-009_WEEK6_DIABP,042-S06-009,S06,WEEK6,Diastolic Blood Pressure,DIABP,82.0,82.0,mmHg,2026-03-20,5
VS_042-S06-009_WEEK6_PULSE,042-S06-009,S06,WEEK6,Pulse Rate,PULSE,70.0,70.0,beats/min,2026-03-20,5
VS_042-S06-009_WEEK6_WEIGHT,042-S06-009,S06,WEEK6,Weight,WEIGHT,84.5,84.5,kg,2026-03-20,5
VS_042-S06-010_WEEK6_SYSBP,042-S06-010,S06,WEEK6,Systolic Blood Pressure,SYSBP,121.0,121.0,mmHg,2026-03-20,5
VS_042-S06-010_WEEK6_DIABP,042-S06-010,S06,WEEK6,Diastolic Blood Pressure,DIABP,76.0,76.0,mmHg,2026-03-20,5
VS_042-S06-010_WEEK6_PULSE,042-S06-010,S06,WEEK6,Pulse Rate,PULSE,75.0,75.0,beats/min,2026-03-20,5
VS_042-S06-010_WEEK6_WEIGHT,042-S06-010,S06,WEEK6,Weight,WEIGHT,80.5,80.5,kg,2026-03-20,5
VS_042-S06-011_WEEK6_SYSBP,042-S06-011,S06,WEEK6,Systolic Blood Pressure,SYSBP,126.0,126.0,mmHg,2026-03-20,5
VS_042-S06-011_WEEK6_DIABP,042-S06-011,S06,WEEK6,Diastolic Blood Pressure,DIABP,74.0,74.0,mmHg,2026-03-20,5
VS_042-S06-011_WEEK6_PULSE,042-S06-011,S06,WEEK6,Pulse Rate,PULSE,76.0,76.0,beats/min,2026-03-20,5
VS_042-S06-011_WEEK6_WEIGHT,042-S06-011,S06,WEEK6,Weight,WEIGHT,81.5,81.5,kg,2026-03-20,5
VS_042-S06-012_WEEK6_SYSBP,042-S06-012,S06,WEEK6,Systolic Blood Pressure,SYSBP,124.0,124.0,mmHg,2026-03-20,5
VS_042-S06-012_WEEK6_DIABP,042-S06-012,S06,WEEK6,Diastolic Blood Pressure,DIABP,75.0,75.0,mmHg,2026-03-20,5
VS_042-S06-012_WEEK6_PULSE,042-S06-012,S06,WEEK6,Pulse Rate,PULSE,76.0,76.0,beats/min,2026-03-20,5
VS_042-S06-012_WEEK6_WEIGHT,042-S06-012,S06,WEEK6,Weight,WEIGHT,80.5,80.5,kg,2026-03-20,5
VS_042-S06-013_WEEK6_SYSBP,042-S06-013,S06,WEEK6,Systolic Blood Pressure,SYSBP,127.0,127.0,mmHg,2026-03-20,5
VS_042-S06-013_WEEK6_DIABP,042-S06-013,S06,WEEK6,Diastolic Blood Pressure,DIABP,73.0,73.0,mmHg,2026-03-20,5
VS_042-S06-013_WEEK6_PULSE,042-S06-013,S06,WEEK6,Pulse Rate,PULSE,70.0,70.0,beats/min,2026-03-20,5
VS_042-S06-013_WEEK6_WEIGHT,042-S06-013,S06,WEEK6,Weight,WEIGHT,78.5,78.5,kg,2026-03-20,5
VS_042-S06-014_WEEK6_SYSBP,042-S06-014,S06,WEEK6,Systolic Blood Pressure,SYSBP,120.0,120.0,mmHg,2026-03-20,5
VS_042-S06-014_WEEK6_DIABP,042-S06-014,S06,WEEK6,Diastolic Blood Pressure,DIABP,76.0,76.0,mmHg,2026-03-20,5
VS_042-S06-014_WEEK6_PULSE,042-S06-014,S06,WEEK6,Pulse Rate,PULSE,67.0,67.0,beats/min,2026-03-20,5
VS_042-S06-014_WEEK6_WEIGHT,042-S06-014,S06,WEEK6,Weight,WEIGHT,83.5,83.5,kg,2026-03-20,5
VS_042-S06-015_WEEK6_SYSBP,042-S06-015,S06,WEEK6,Systolic Blood Pressure,SYSBP,126.0,126.0,mmHg,2026-03-20,5
VS_042-S06-015_WEEK6_DIABP,042-S06-015,S06,WEEK6,Diastolic Blood Pressure,DIABP,80.0,80.0,mmHg,2026-03-20,5
VS_042-S06-015_WEEK6_PULSE,042-S06-015,S06,WEEK6,Pulse Rate,PULSE,73.0,73.0,beats/min,2026-03-20,5
VS_042-S06-015_WEEK6_WEIGHT,042-S06-015,S06,WEEK6,Weight,WEIGHT,82.5,82.5,kg,2026-03-20,5
VS_042-S06-016_WEEK6_SYSBP,042-S06-016,S06,WEEK6,Systolic Blood Pressure,SYSBP,129.0,129.0,mmHg,2026-03-20,5
VS_042-S06-016_WEEK6_DIABP,042-S06-016,S06,WEEK6,Diastolic Blood Pressure,DIABP,79.0,79.0,mmHg,2026-03-20,5
VS_042-S06-016_WEEK6_PULSE,042-S06-016,S06,WEEK6,Pulse Rate,PULSE,71.0,71.0,beats/min,2026-03-20,5
VS_042-S06-016_WEEK6_WEIGHT,042-S06-016,S06,WEEK6,Weight,WEIGHT,87.5,87.5,kg,2026-03-20,5
VS_042-S06-017_WEEK6_SYSBP,042-S06-017,S06,WEEK6,Systolic Blood Pressure,SYSBP,125.0,125.0,mmHg,2026-03-20,5
VS_042-S06-017_WEEK6_DIABP,042-S06-017,S06,WEEK6,Diastolic Blood Pressure,DIABP,80.0,80.0,mmHg,2026-03-20,5
VS_042-S06-017_WEEK6_PULSE,042-S06-017,S06,WEEK6,Pulse Rate,PULSE,76.0,76.0,beats/min,2026-03-20,5
VS_042-S06-017_WEEK6_WEIGHT,042-S06-017,S06,WEEK6,Weight,WEIGHT,80.5,80.5,kg,2026-03-20,5
VS_042-S06-018_WEEK6_SYSBP,042-S06-018,S06,WEEK6,Systolic Blood Pressure,SYSBP,121.0,121.0,mmHg,2026-03-20,5
VS_042-S06-018_WEEK6_DIABP,042-S06-018,S06,WEEK6,Diastolic Blood Pressure,DIABP,83.0,83.0,mmHg,2026-03-20,5
VS_042-S06-018_WEEK6_PULSE,042-S06-018,S06,WEEK6,Pulse Rate,PULSE,74.0,74.0,beats/min,2026-03-20,5
VS_042-S06-018_WEEK6_WEIGHT,042-S06-018,S06,WEEK6,Weight,WEIGHT,81.5,81.5,kg,2026-03-20,5
VS_042-S06-019_WEEK6_SYSBP,042-S06-019,S06,WEEK6,Systolic Blood Pressure,SYSBP,124.0,124.0,mmHg,2026-03-20,5
VS_042-S06-019_WEEK6_DIABP,042-S06-019,S06,WEEK6,Diastolic Blood Pressure,DIABP,73.0,73.0,mmHg,2026-03-20,5
VS_042-S06-019_WEEK6_PULSE,042-S06-019,S06,WEEK6,Pulse Rate,PULSE,70.0,70.0,beats/min,2026-03-20,5
VS_042-S06-019_WEEK6_WEIGHT,042-S06-019,S06,WEEK6,Weight,WEIGHT,85.5,85.5,kg,2026-03-20,5
VS_042-S06-020_WEEK6_SYSBP,042-S06-020,S06,WEEK6,Systolic Blood Pressure,SYSBP,124.0,124.0,mmHg,2026-03-20,5
VS_042-S06-020_WEEK6_DIABP,042-S06-020,S06,WEEK6,Diastolic Blood Pressure,DIABP,77.0,77.0,mmHg,2026-03-20,5
VS_042-S06-020_WEEK6_PULSE,042-S06-020,S06,WEEK6,Pulse Rate,PULSE,70.0,70.0,beats/min,2026-03-20,5
VS_042-S06-020_WEEK6_WEIGHT,042-S06-020,S06,WEEK6,Weight,WEIGHT,79.5,79.5,kg,2026-03-20,5
VS_042-S07-001_WEEK6_SYSBP,042-S07-001,S07,WEEK6,Systolic Blood Pressure,SYSBP,123.0,123.0,mmHg,2026-03-20,5
VS_042-S07-001_WEEK6_DIABP,042-S07-001,S07,WEEK6,Diastolic Blood Pressure,DIABP,75.0,75.0,mmHg,2026-03-20,5
VS_042-S07-001_WEEK6_PULSE,042-S07-001,S07,WEEK6,Pulse Rate,PULSE,76.0,76.0,beats/min,2026-03-20,5
VS_042-S07-001_WEEK6_WEIGHT,042-S07-001,S07,WEEK6,Weight,WEIGHT,78.5,78.5,kg,2026-03-20,5
VS_042-S07-002_WEEK6_SYSBP,042-S07-002,S07,WEEK6,Systolic Blood Pressure,SYSBP,121.0,121.0,mmHg,2026-03-20,5
VS_042-S07-002_WEEK6_DIABP,042-S07-002,S07,WEEK6,Diastolic Blood Pressure,DIABP,74.0,74.0,mmHg,2026-03-20,5
VS_042-S07-002_WEEK6_PULSE,042-S07-002,S07,WEEK6,Pulse Rate,PULSE,70.0,70.0,beats/min,2026-03-20,5
VS_042-S07-002_WEEK6_WEIGHT,042-S07-002,S07,WEEK6,Weight,WEIGHT,85.5,85.5,kg,2026-03-20,5
VS_042-S07-003_WEEK6_SYSBP,042-S07-003,S07,WEEK6,Systolic Blood Pressure,SYSBP,122.0,122.0,mmHg,2026-03-20,5
VS_042-S07-003_WEEK6_DIABP,042-S07-003,S07,WEEK6,Diastolic Blood Pressure,DIABP,74.0,74.0,mmHg,2026-03-20,5
VS_042-S07-003_WEEK6_PULSE,042-S07-003,S07,WEEK6,Pulse Rate,PULSE,71.0,71.0,beats/min,2026-03-20,5
VS_042-S07-003_WEEK6_WEIGHT,042-S07-003,S07,WEEK6,Weight,WEIGHT,79.5,79.5,kg,2026-03-20,5
VS_042-S07-004_WEEK6_SYSBP,042-S07-004,S07,WEEK6,Systolic Blood Pressure,SYSBP,119.0,119.0,mmHg,2026-03-20,5
VS_042-S07-004_WEEK6_DIABP,042-S07-004,S07,WEEK6,Diastolic Blood Pressure,DIABP,74.0,74.0,mmHg,2026-03-20,5
VS_042-S07-004_WEEK6_PULSE,042-S07-004,S07,WEEK6,Pulse Rate,PULSE,71.0,71.0,beats/min,2026-03-20,5
VS_042-S07-004_WEEK6_WEIGHT,042-S07-004,S07,WEEK6,Weight,WEIGHT,82.5,82.5,kg,2026-03-20,5
VS_042-S07-005_WEEK6_SYSBP,042-S07-005,S07,WEEK6,Systolic Blood Pressure,SYSBP,124.0,124.0,mmHg,2026-03-20,5
VS_042-S07-005_WEEK6_DIABP,042-S07-005,S07,WEEK6,Diastolic Blood Pressure,DIABP,83.0,83.0,mmHg,2026-03-20,5
VS_042-S07-005_WEEK6_PULSE,042-S07-005,S07,WEEK6,Pulse Rate,PULSE,70.0,70.0,beats/min,2026-03-20,5
VS_042-S07-005_WEEK6_WEIGHT,042-S07-005,S07,WEEK6,Weight,WEIGHT,81.5,81.5,kg,2026-03-20,5
VS_042-S07-006_WEEK6_SYSBP,042-S07-006,S07,WEEK6,Systolic Blood Pressure,SYSBP,123.0,123.0,mmHg,2026-03-20,5
VS_042-S07-006_WEEK6_DIABP,042-S07-006,S07,WEEK6,Diastolic Blood Pressure,DIABP,79.0,79.0,mmHg,2026-03-20,5
VS_042-S07-006_WEEK6_PULSE,042-S07-006,S07,WEEK6,Pulse Rate,PULSE,72.0,72.0,beats/min,2026-03-20,5
VS_042-S07-006_WEEK6_WEIGHT,042-S07-006,S07,WEEK6,Weight,WEIGHT,85.5,85.5,kg,2026-03-20,5
VS_042-S07-007_WEEK6_SYSBP,042-S07-007,S07,WEEK6,Systolic Blood Pressure,SYSBP,124.0,124.0,mmHg,2026-03-20,5
VS_042-S07-007_WEEK6_DIABP,042-S07-007,S07,WEEK6,Diastolic Blood Pressure,DIABP,76.0,76.0,mmHg,2026-03-20,5
VS_042-S07-007_WEEK6_PULSE,042-S07-007,S07,WEEK6,Pulse Rate,PULSE,75.0,75.0,beats/min,2026-03-20,5
VS_042-S07-007_WEEK6_WEIGHT,042-S07-007,S07,WEEK6,Weight,WEIGHT,77.5,77.5,kg,2026-03-20,5
VS_042-S07-008_WEEK6_SYSBP,042-S07-008,S07,WEEK6,Systolic Blood Pressure,SYSBP,119.0,119.0,mmHg,2026-03-20,5
VS_042-S07-008_WEEK6_DIABP,042-S07-008,S07,WEEK6,Diastolic Blood Pressure,DIABP,81.0,81.0,mmHg,2026-03-20,5
VS_042-S07-008_WEEK6_PULSE,042-S07-008,S07,WEEK6,Pulse Rate,PULSE,74.0,74.0,beats/min,2026-03-20,5
VS_042-S07-008_WEEK6_WEIGHT,042-S07-008,S07,WEEK6,Weight,WEIGHT,82.5,82.5,kg,2026-03-20,5
VS_042-S07-009_WEEK6_SYSBP,042-S07-009,S07,WEEK6,Systolic Blood Pressure,SYSBP,121.0,121.0,mmHg,2026-03-20,5
VS_042-S07-009_WEEK6_DIABP,042-S07-009,S07,WEEK6,Diastolic Blood Pressure,DIABP,82.0,82.0,mmHg,2026-03-20,5
VS_042-S07-009_WEEK6_PULSE,042-S07-009,S07,WEEK6,Pulse Rate,PULSE,76.0,76.0,beats/min,2026-03-20,5
VS_042-S07-009_WEEK6_WEIGHT,042-S07-009,S07,WEEK6,Weight,WEIGHT,85.5,85.5,kg,2026-03-20,5
VS_042-S07-010_WEEK6_SYSBP,042-S07-010,S07,WEEK6,Systolic Blood Pressure,SYSBP,120.0,120.0,mmHg,2026-03-20,5
VS_042-S07-010_WEEK6_DIABP,042-S07-010,S07,WEEK6,Diastolic Blood Pressure,DIABP,80.0,80.0,mmHg,2026-03-20,5
VS_042-S07-010_WEEK6_PULSE,042-S07-010,S07,WEEK6,Pulse Rate,PULSE,77.0,77.0,beats/min,2026-03-20,5
VS_042-S07-010_WEEK6_WEIGHT,042-S07-010,S07,WEEK6,Weight,WEIGHT,77.5,77.5,kg,2026-03-20,5
VS_042-S07-011_WEEK6_SYSBP,042-S07-011,S07,WEEK6,Systolic Blood Pressure,SYSBP,122.0,122.0,mmHg,2026-03-20,5
VS_042-S07-011_WEEK6_DIABP,042-S07-011,S07,WEEK6,Diastolic Blood Pressure,DIABP,82.0,82.0,mmHg,2026-03-20,5
VS_042-S07-011_WEEK6_PULSE,042-S07-011,S07,WEEK6,Pulse Rate,PULSE,75.0,75.0,beats/min,2026-03-20,5
VS_042-S07-011_WEEK6_WEIGHT,042-S07-011,S07,WEEK6,Weight,WEIGHT,81.5,81.5,kg,2026-03-20,5
VS_042-S07-012_WEEK6_SYSBP,042-S07-012,S07,WEEK6,Systolic Blood Pressure,SYSBP,123.0,123.0,mmHg,2026-03-20,5
VS_042-S07-012_WEEK6_DIABP,042-S07-012,S07,WEEK6,Diastolic Blood Pressure,DIABP,80.0,80.0,mmHg,2026-03-20,5
VS_042-S07-012_WEEK6_PULSE,042-S07-012,S07,WEEK6,Pulse Rate,PULSE,70.0,70.0,beats/min,2026-03-20,5
VS_042-S07-012_WEEK6_WEIGHT,042-S07-012,S07,WEEK6,Weight,WEIGHT,81.5,81.5,kg,2026-03-20,5
VS_042-S07-013_WEEK6_SYSBP,042-S07-013,S07,WEEK6,Systolic Blood Pressure,SYSBP,122.0,122.0,mmHg,2026-03-20,5
VS_042-S07-013_WEEK6_DIABP,042-S07-013,S07,WEEK6,Diastolic Blood Pressure,DIABP,73.0,73.0,mmHg,2026-03-20,5
VS_042-S07-013_WEEK6_PULSE,042-S07-013,S07,WEEK6,Pulse Rate,PULSE,71.0,71.0,beats/min,2026-03-20,5
VS_042-S07-013_WEEK6_WEIGHT,042-S07-013,S07,WEEK6,Weight,WEIGHT,83.5,83.5,kg,2026-03-20,5
VS_042-S07-014_WEEK6_SYSBP,042-S07-014,S07,WEEK6,Systolic Blood Pressure,SYSBP,123.0,123.0,mmHg,2026-03-20,5
VS_042-S07-014_WEEK6_DIABP,042-S07-014,S07,WEEK6,Diastolic Blood Pressure,DIABP,83.0,83.0,mmHg,2026-03-20,5
VS_042-S07-014_WEEK6_PULSE,042-S07-014,S07,WEEK6,Pulse Rate,PULSE,68.0,68.0,beats/min,2026-03-20,5
VS_042-S07-014_WEEK6_WEIGHT,042-S07-014,S07,WEEK6,Weight,WEIGHT,85.5,85.5,kg,2026-03-20,5
VS_042-S07-015_WEEK6_SYSBP,042-S07-015,S07,WEEK6,Systolic Blood Pressure,SYSBP,127.0,127.0,mmHg,2026-03-20,5
VS_042-S07-015_WEEK6_DIABP,042-S07-015,S07,WEEK6,Diastolic Blood Pressure,DIABP,78.0,78.0,mmHg,2026-03-20,5
VS_042-S07-015_WEEK6_PULSE,042-S07-015,S07,WEEK6,Pulse Rate,PULSE,68.0,68.0,beats/min,2026-03-20,5
VS_042-S07-015_WEEK6_WEIGHT,042-S07-015,S07,WEEK6,Weight,WEIGHT,82.5,82.5,kg,2026-03-20,5
VS_042-S07-016_WEEK6_SYSBP,042-S07-016,S07,WEEK6,Systolic Blood Pressure,SYSBP,119.0,119.0,mmHg,2026-03-20,5
VS_042-S07-016_WEEK6_DIABP,042-S07-016,S07,WEEK6,Diastolic Blood Pressure,DIABP,75.0,75.0,mmHg,2026-03-20,5
VS_042-S07-016_WEEK6_PULSE,042-S07-016,S07,WEEK6,Pulse Rate,PULSE,67.0,67.0,beats/min,2026-03-20,5
VS_042-S07-016_WEEK6_WEIGHT,042-S07-016,S07,WEEK6,Weight,WEIGHT,85.5,85.5,kg,2026-03-20,5
VS_042-S07-017_WEEK6_SYSBP,042-S07-017,S07,WEEK6,Systolic Blood Pressure,SYSBP,123.0,123.0,mmHg,2026-03-20,5
VS_042-S07-017_WEEK6_DIABP,042-S07-017,S07,WEEK6,Diastolic Blood Pressure,DIABP,83.0,83.0,mmHg,2026-03-20,5
VS_042-S07-017_WEEK6_PULSE,042-S07-017,S07,WEEK6,Pulse Rate,PULSE,67.0,67.0,beats/min,2026-03-20,5
VS_042-S07-017_WEEK6_WEIGHT,042-S07-017,S07,WEEK6,Weight,WEIGHT,84.5,84.5,kg,2026-03-20,5
VS_042-S07-018_WEEK6_SYSBP,042-S07-018,S07,WEEK6,Systolic Blood Pressure,SYSBP,119.0,119.0,mmHg,2026-03-20,5
VS_042-S07-018_WEEK6_DIABP,042-S07-018,S07,WEEK6,Diastolic Blood Pressure,DIABP,74.0,74.0,mmHg,2026-03-20,5
VS_042-S07-018_WEEK6_PULSE,042-S07-018,S07,WEEK6,Pulse Rate,PULSE,71.0,71.0,beats/min,2026-03-20,5
VS_042-S07-018_WEEK6_WEIGHT,042-S07-018,S07,WEEK6,Weight,WEIGHT,81.5,81.5,kg,2026-03-20,5
VS_042-S07-019_WEEK6_SYSBP,042-S07-019,S07,WEEK6,Systolic Blood Pressure,SYSBP,123.0,123.0,mmHg,2026-03-20,5
VS_042-S07-019_WEEK6_DIABP,042-S07-019,S07,WEEK6,Diastolic Blood Pressure,DIABP,76.0,76.0,mmHg,2026-03-20,5
VS_042-S07-019_WEEK6_PULSE,042-S07-019,S07,WEEK6,Pulse Rate,PULSE,71.0,71.0,beats/min,2026-03-20,5
VS_042-S07-019_WEEK6_WEIGHT,042-S07-019,S07,WEEK6,Weight,WEIGHT,77.5,77.5,kg,2026-03-20,5
VS_042-S07-020_WEEK6_SYSBP,042-S07-020,S07,WEEK6,Systolic Blood Pressure,SYSBP,123.0,123.0,mmHg,2026-03-20,5
VS_042-S07-020_WEEK6_DIABP,042-S07-020,S07,WEEK6,Diastolic Blood Pressure,DIABP,81.0,81.0,mmHg,2026-03-20,5
VS_042-S07-020_WEEK6_PULSE,042-S07-020,S07,WEEK6,Pulse Rate,PULSE,67.0,67.0,beats/min,2026-03-20,5
VS_042-S07-020_WEEK6_WEIGHT,042-S07-020,S07,WEEK6,Weight,WEIGHT,79.5,79.5,kg,2026-03-20,5
VS_042-S08-001_WEEK6_SYSBP,042-S08-001,S08,WEEK6,Systolic Blood Pressure,SYSBP,129.0,129.0,mmHg,2026-03-20,5
VS_042-S08-001_WEEK6_DIABP,042-S08-001,S08,WEEK6,Diastolic Blood Pressure,DIABP,73.0,73.0,mmHg,2026-03-20,5
VS_042-S08-001_WEEK6_PULSE,042-S08-001,S08,WEEK6,Pulse Rate,PULSE,72.0,72.0,beats/min,2026-03-20,5
VS_042-S08-001_WEEK6_WEIGHT,042-S08-001,S08,WEEK6,Weight,WEIGHT,84.5,84.5,kg,2026-03-20,5
VS_042-S08-002_WEEK6_SYSBP,042-S08-002,S08,WEEK6,Systolic Blood Pressure,SYSBP,124.0,124.0,mmHg,2026-03-20,5
VS_042-S08-002_WEEK6_DIABP,042-S08-002,S08,WEEK6,Diastolic Blood Pressure,DIABP,78.0,78.0,mmHg,2026-03-20,5
VS_042-S08-002_WEEK6_PULSE,042-S08-002,S08,WEEK6,Pulse Rate,PULSE,67.0,67.0,beats/min,2026-03-20,5
VS_042-S08-002_WEEK6_WEIGHT,042-S08-002,S08,WEEK6,Weight,WEIGHT,79.5,79.5,kg,2026-03-20,5
VS_042-S08-003_WEEK6_SYSBP,042-S08-003,S08,WEEK6,Systolic Blood Pressure,SYSBP,119.0,119.0,mmHg,2026-03-20,5
VS_042-S08-003_WEEK6_DIABP,042-S08-003,S08,WEEK6,Diastolic Blood Pressure,DIABP,81.0,81.0,mmHg,2026-03-20,5
VS_042-S08-003_WEEK6_PULSE,042-S08-003,S08,WEEK6,Pulse Rate,PULSE,68.0,68.0,beats/min,2026-03-20,5
VS_042-S08-003_WEEK6_WEIGHT,042-S08-003,S08,WEEK6,Weight,WEIGHT,78.5,78.5,kg,2026-03-20,5
VS_042-S08-004_WEEK6_SYSBP,042-S08-004,S08,WEEK6,Systolic Blood Pressure,SYSBP,129.0,129.0,mmHg,2026-03-20,5
VS_042-S08-004_WEEK6_DIABP,042-S08-004,S08,WEEK6,Diastolic Blood Pressure,DIABP,74.0,74.0,mmHg,2026-03-20,5
VS_042-S08-004_WEEK6_PULSE,042-S08-004,S08,WEEK6,Pulse Rate,PULSE,76.0,76.0,beats/min,2026-03-20,5
VS_042-S08-004_WEEK6_WEIGHT,042-S08-004,S08,WEEK6,Weight,WEIGHT,86.5,86.5,kg,2026-03-20,5
VS_042-S08-005_WEEK6_SYSBP,042-S08-005,S08,WEEK6,Systolic Blood Pressure,SYSBP,120.0,120.0,mmHg,2026-03-20,5
VS_042-S08-005_WEEK6_DIABP,042-S08-005,S08,WEEK6,Diastolic Blood Pressure,DIABP,83.0,83.0,mmHg,2026-03-20,5
VS_042-S08-005_WEEK6_PULSE,042-S08-005,S08,WEEK6,Pulse Rate,PULSE,72.0,72.0,beats/min,2026-03-20,5
VS_042-S08-005_WEEK6_WEIGHT,042-S08-005,S08,WEEK6,Weight,WEIGHT,85.5,85.5,kg,2026-03-20,5
VS_042-S08-006_WEEK6_SYSBP,042-S08-006,S08,WEEK6,Systolic Blood Pressure,SYSBP,127.0,127.0,mmHg,2026-03-20,5
VS_042-S08-006_WEEK6_DIABP,042-S08-006,S08,WEEK6,Diastolic Blood Pressure,DIABP,81.0,81.0,mmHg,2026-03-20,5
VS_042-S08-006_WEEK6_PULSE,042-S08-006,S08,WEEK6,Pulse Rate,PULSE,71.0,71.0,beats/min,2026-03-20,5
VS_042-S08-006_WEEK6_WEIGHT,042-S08-006,S08,WEEK6,Weight,WEIGHT,83.5,83.5,kg,2026-03-20,5
VS_042-S08-007_WEEK6_SYSBP,042-S08-007,S08,WEEK6,Systolic Blood Pressure,SYSBP,123.0,123.0,mmHg,2026-03-20,5
VS_042-S08-007_WEEK6_DIABP,042-S08-007,S08,WEEK6,Diastolic Blood Pressure,DIABP,79.0,79.0,mmHg,2026-03-20,5
VS_042-S08-007_WEEK6_PULSE,042-S08-007,S08,WEEK6,Pulse Rate,PULSE,71.0,71.0,beats/min,2026-03-20,5
VS_042-S08-007_WEEK6_WEIGHT,042-S08-007,S08,WEEK6,Weight,WEIGHT,83.5,83.5,kg,2026-03-20,5
VS_042-S08-008_WEEK6_SYSBP,042-S08-008,S08,WEEK6,Systolic Blood Pressure,SYSBP,120.0,120.0,mmHg,2026-03-20,5
VS_042-S08-008_WEEK6_DIABP,042-S08-008,S08,WEEK6,Diastolic Blood Pressure,DIABP,75.0,75.0,mmHg,2026-03-20,5
VS_042-S08-008_WEEK6_PULSE,042-S08-008,S08,WEEK6,Pulse Rate,PULSE,71.0,71.0,beats/min,2026-03-20,5
VS_042-S08-008_WEEK6_WEIGHT,042-S08-008,S08,WEEK6,Weight,WEIGHT,81.5,81.5,kg,2026-03-20,5
VS_042-S08-009_WEEK6_SYSBP,042-S08-009,S08,WEEK6,Systolic Blood Pressure,SYSBP,128.0,128.0,mmHg,2026-03-20,5
VS_042-S08-009_WEEK6_DIABP,042-S08-009,S08,WEEK6,Diastolic Blood Pressure,DIABP,74.0,74.0,mmHg,2026-03-20,5
VS_042-S08-009_WEEK6_PULSE,042-S08-009,S08,WEEK6,Pulse Rate,PULSE,69.0,69.0,beats/min,2026-03-20,5
VS_042-S08-009_WEEK6_WEIGHT,042-S08-009,S08,WEEK6,Weight,WEIGHT,87.5,87.5,kg,2026-03-20,5
VS_042-S08-010_WEEK6_SYSBP,042-S08-010,S08,WEEK6,Systolic Blood Pressure,SYSBP,121.0,121.0,mmHg,2026-03-20,5
VS_042-S08-010_WEEK6_DIABP,042-S08-010,S08,WEEK6,Diastolic Blood Pressure,DIABP,78.0,78.0,mmHg,2026-03-20,5
VS_042-S08-010_WEEK6_PULSE,042-S08-010,S08,WEEK6,Pulse Rate,PULSE,73.0,73.0,beats/min,2026-03-20,5
VS_042-S08-010_WEEK6_WEIGHT,042-S08-010,S08,WEEK6,Weight,WEIGHT,83.5,83.5,kg,2026-03-20,5
VS_042-S08-011_WEEK6_SYSBP,042-S08-011,S08,WEEK6,Systolic Blood Pressure,SYSBP,128.0,128.0,mmHg,2026-03-20,5
VS_042-S08-011_WEEK6_DIABP,042-S08-011,S08,WEEK6,Diastolic Blood Pressure,DIABP,80.0,80.0,mmHg,2026-03-20,5
VS_042-S08-011_WEEK6_PULSE,042-S08-011,S08,WEEK6,Pulse Rate,PULSE,71.0,71.0,beats/min,2026-03-20,5
VS_042-S08-011_WEEK6_WEIGHT,042-S08-011,S08,WEEK6,Weight,WEIGHT,82.5,82.5,kg,2026-03-20,5
VS_042-S08-012_WEEK6_SYSBP,042-S08-012,S08,WEEK6,Systolic Blood Pressure,SYSBP,126.0,126.0,mmHg,2026-03-20,5
VS_042-S08-012_WEEK6_DIABP,042-S08-012,S08,WEEK6,Diastolic Blood Pressure,DIABP,79.0,79.0,mmHg,2026-03-20,5
VS_042-S08-012_WEEK6_PULSE,042-S08-012,S08,WEEK6,Pulse Rate,PULSE,70.0,70.0,beats/min,2026-03-20,5
VS_042-S08-012_WEEK6_WEIGHT,042-S08-012,S08,WEEK6,Weight,WEIGHT,82.5,82.5,kg,2026-03-20,5
VS_042-S08-013_WEEK6_SYSBP,042-S08-013,S08,WEEK6,Systolic Blood Pressure,SYSBP,124.0,124.0,mmHg,2026-03-20,5
VS_042-S08-013_WEEK6_DIABP,042-S08-013,S08,WEEK6,Diastolic Blood Pressure,DIABP,78.0,78.0,mmHg,2026-03-20,5
VS_042-S08-013_WEEK6_PULSE,042-S08-013,S08,WEEK6,Pulse Rate,PULSE,76.0,76.0,beats/min,2026-03-20,5
VS_042-S08-013_WEEK6_WEIGHT,042-S08-013,S08,WEEK6,Weight,WEIGHT,78.5,78.5,kg,2026-03-20,5
VS_042-S08-014_WEEK6_SYSBP,042-S08-014,S08,WEEK6,Systolic Blood Pressure,SYSBP,128.0,128.0,mmHg,2026-03-20,5
VS_042-S08-014_WEEK6_DIABP,042-S08-014,S08,WEEK6,Diastolic Blood Pressure,DIABP,78.0,78.0,mmHg,2026-03-20,5
VS_042-S08-014_WEEK6_PULSE,042-S08-014,S08,WEEK6,Pulse Rate,PULSE,73.0,73.0,beats/min,2026-03-20,5
VS_042-S08-014_WEEK6_WEIGHT,042-S08-014,S08,WEEK6,Weight,WEIGHT,87.5,87.5,kg,2026-03-20,5
VS_042-S08-015_WEEK6_SYSBP,042-S08-015,S08,WEEK6,Systolic Blood Pressure,SYSBP,120.0,120.0,mmHg,2026-03-20,5
VS_042-S08-015_WEEK6_DIABP,042-S08-015,S08,WEEK6,Diastolic Blood Pressure,DIABP,79.0,79.0,mmHg,2026-03-20,5
VS_042-S08-015_WEEK6_PULSE,042-S08-015,S08,WEEK6,Pulse Rate,PULSE,72.0,72.0,beats/min,2026-03-20,5
VS_042-S08-015_WEEK6_WEIGHT,042-S08-015,S08,WEEK6,Weight,WEIGHT,82.5,82.5,kg,2026-03-20,5
VS_042-S08-016_WEEK6_SYSBP,042-S08-016,S08,WEEK6,Systolic Blood Pressure,SYSBP,126.0,126.0,mmHg,2026-03-20,5
VS_042-S08-016_WEEK6_DIABP,042-S08-016,S08,WEEK6,Diastolic Blood Pressure,DIABP,80.0,80.0,mmHg,2026-03-20,5
VS_042-S08-016_WEEK6_PULSE,042-S08-016,S08,WEEK6,Pulse Rate,PULSE,73.0,73.0,beats/min,2026-03-20,5
VS_042-S08-016_WEEK6_WEIGHT,042-S08-016,S08,WEEK6,Weight,WEIGHT,81.5,81.5,kg,2026-03-20,5
VS_042-S08-017_WEEK6_SYSBP,042-S08-017,S08,WEEK6,Systolic Blood Pressure,SYSBP,125.0,125.0,mmHg,2026-03-20,5
VS_042-S08-017_WEEK6_DIABP,042-S08-017,S08,WEEK6,Diastolic Blood Pressure,DIABP,76.0,76.0,mmHg,2026-03-20,5
VS_042-S08-017_WEEK6_PULSE,042-S08-017,S08,WEEK6,Pulse Rate,PULSE,67.0,67.0,beats/min,2026-03-20,5
VS_042-S08-017_WEEK6_WEIGHT,042-S08-017,S08,WEEK6,Weight,WEIGHT,86.5,86.5,kg,2026-03-20,5
VS_042-S08-018_WEEK6_SYSBP,042-S08-018,S08,WEEK6,Systolic Blood Pressure,SYSBP,120.0,120.0,mmHg,2026-03-20,5
VS_042-S08-018_WEEK6_DIABP,042-S08-018,S08,WEEK6,Diastolic Blood Pressure,DIABP,80.0,80.0,mmHg,2026-03-20,5
VS_042-S08-018_WEEK6_PULSE,042-S08-018,S08,WEEK6,Pulse Rate,PULSE,67.0,67.0,beats/min,2026-03-20,5
VS_042-S08-018_WEEK6_WEIGHT,042-S08-018,S08,WEEK6,Weight,WEIGHT,82.5,82.5,kg,2026-03-20,5
VS_042-S08-019_WEEK6_SYSBP,042-S08-019,S08,WEEK6,Systolic Blood Pressure,SYSBP,126.0,126.0,mmHg,2026-03-20,5
VS_042-S08-019_WEEK6_DIABP,042-S08-019,S08,WEEK6,Diastolic Blood Pressure,DIABP,77.0,77.0,mmHg,2026-03-20,5
VS_042-S08-019_WEEK6_PULSE,042-S08-019,S08,WEEK6,Pulse Rate,PULSE,68.0,68.0,beats/min,2026-03-20,5
VS_042-S08-019_WEEK6_WEIGHT,042-S08-019,S08,WEEK6,Weight,WEIGHT,86.5,86.5,kg,2026-03-20,5
VS_042-S08-020_WEEK6_SYSBP,042-S08-020,S08,WEEK6,Systolic Blood Pressure,SYSBP,127.0,127.0,mmHg,2026-03-20,5
VS_042-S08-020_WEEK6_DIABP,042-S08-020,S08,WEEK6,Diastolic Blood Pressure,DIABP,82.0,82.0,mmHg,2026-03-20,5
VS_042-S08-020_WEEK6_PULSE,042-S08-020,S08,WEEK6,Pulse Rate,PULSE,70.0,70.0,beats/min,2026-03-20,5
VS_042-S08-020_WEEK6_WEIGHT,042-S08-020,S08,WEEK6,Weight,WEIGHT,78.5,78.5,kg,2026-03-20,5
VS_042-S10-001_WEEK6_SYSBP,042-S10-001,S10,WEEK6,Systolic Blood Pressure,SYSBP,128.0,128.0,mmHg,2026-03-20,5
VS_042-S10-001_WEEK6_DIABP,042-S10-001,S10,WEEK6,Diastolic Blood Pressure,DIABP,81.0,81.0,mmHg,2026-03-20,5
VS_042-S10-001_WEEK6_PULSE,042-S10-001,S10,WEEK6,Pulse Rate,PULSE,76.0,76.0,beats/min,2026-03-20,5
VS_042-S10-001_WEEK6_WEIGHT,042-S10-001,S10,WEEK6,Weight,WEIGHT,79.5,79.5,kg,2026-03-20,5
VS_042-S10-002_WEEK6_SYSBP,042-S10-002,S10,WEEK6,Systolic Blood Pressure,SYSBP,126.0,126.0,mmHg,2026-03-20,5
VS_042-S10-002_WEEK6_DIABP,042-S10-002,S10,WEEK6,Diastolic Blood Pressure,DIABP,80.0,80.0,mmHg,2026-03-20,5
VS_042-S10-002_WEEK6_PULSE,042-S10-002,S10,WEEK6,Pulse Rate,PULSE,75.0,75.0,beats/min,2026-03-20,5
VS_042-S10-002_WEEK6_WEIGHT,042-S10-002,S10,WEEK6,Weight,WEIGHT,78.5,78.5,kg,2026-03-20,5
VS_042-S10-003_WEEK6_SYSBP,042-S10-003,S10,WEEK6,Systolic Blood Pressure,SYSBP,128.0,128.0,mmHg,2026-03-20,5
VS_042-S10-003_WEEK6_DIABP,042-S10-003,S10,WEEK6,Diastolic Blood Pressure,DIABP,79.0,79.0,mmHg,2026-03-20,5
VS_042-S10-003_WEEK6_PULSE,042-S10-003,S10,WEEK6,Pulse Rate,PULSE,72.0,72.0,beats/min,2026-03-20,5
VS_042-S10-003_WEEK6_WEIGHT,042-S10-003,S10,WEEK6,Weight,WEIGHT,82.5,82.5,kg,2026-03-20,5
VS_042-S10-004_WEEK6_SYSBP,042-S10-004,S10,WEEK6,Systolic Blood Pressure,SYSBP,122.0,122.0,mmHg,2026-03-20,5
VS_042-S10-004_WEEK6_DIABP,042-S10-004,S10,WEEK6,Diastolic Blood Pressure,DIABP,79.0,79.0,mmHg,2026-03-20,5
VS_042-S10-004_WEEK6_PULSE,042-S10-004,S10,WEEK6,Pulse Rate,PULSE,76.0,76.0,beats/min,2026-03-20,5
VS_042-S10-004_WEEK6_WEIGHT,042-S10-004,S10,WEEK6,Weight,WEIGHT,81.5,81.5,kg,2026-03-20,5
VS_042-S10-005_WEEK6_SYSBP,042-S10-005,S10,WEEK6,Systolic Blood Pressure,SYSBP,124.0,124.0,mmHg,2026-03-20,5
VS_042-S10-005_WEEK6_DIABP,042-S10-005,S10,WEEK6,Diastolic Blood Pressure,DIABP,76.0,76.0,mmHg,2026-03-20,5
VS_042-S10-005_WEEK6_PULSE,042-S10-005,S10,WEEK6,Pulse Rate,PULSE,72.0,72.0,beats/min,2026-03-20,5
VS_042-S10-005_WEEK6_WEIGHT,042-S10-005,S10,WEEK6,Weight,WEIGHT,87.5,87.5,kg,2026-03-20,5
VS_042-S10-006_WEEK6_SYSBP,042-S10-006,S10,WEEK6,Systolic Blood Pressure,SYSBP,125.0,125.0,mmHg,2026-03-20,5
VS_042-S10-006_WEEK6_DIABP,042-S10-006,S10,WEEK6,Diastolic Blood Pressure,DIABP,82.0,82.0,mmHg,2026-03-20,5
VS_042-S10-006_WEEK6_PULSE,042-S10-006,S10,WEEK6,Pulse Rate,PULSE,68.0,68.0,beats/min,2026-03-20,5
VS_042-S10-006_WEEK6_WEIGHT,042-S10-006,S10,WEEK6,Weight,WEIGHT,85.5,85.5,kg,2026-03-20,5
VS_042-S10-007_WEEK6_SYSBP,042-S10-007,S10,WEEK6,Systolic Blood Pressure,SYSBP,121.0,121.0,mmHg,2026-03-20,5
VS_042-S10-007_WEEK6_DIABP,042-S10-007,S10,WEEK6,Diastolic Blood Pressure,DIABP,83.0,83.0,mmHg,2026-03-20,5
VS_042-S10-007_WEEK6_PULSE,042-S10-007,S10,WEEK6,Pulse Rate,PULSE,72.0,72.0,beats/min,2026-03-20,5
VS_042-S10-007_WEEK6_WEIGHT,042-S10-007,S10,WEEK6,Weight,WEIGHT,86.5,86.5,kg,2026-03-20,5
VS_042-S10-008_WEEK6_SYSBP,042-S10-008,S10,WEEK6,Systolic Blood Pressure,SYSBP,123.0,123.0,mmHg,2026-03-20,5
VS_042-S10-008_WEEK6_DIABP,042-S10-008,S10,WEEK6,Diastolic Blood Pressure,DIABP,75.0,75.0,mmHg,2026-03-20,5
VS_042-S10-008_WEEK6_PULSE,042-S10-008,S10,WEEK6,Pulse Rate,PULSE,68.0,68.0,beats/min,2026-03-20,5
VS_042-S10-008_WEEK6_WEIGHT,042-S10-008,S10,WEEK6,Weight,WEIGHT,80.5,80.5,kg,2026-03-20,5
VS_042-S10-009_WEEK6_SYSBP,042-S10-009,S10,WEEK6,Systolic Blood Pressure,SYSBP,123.0,123.0,mmHg,2026-03-20,5
VS_042-S10-009_WEEK6_DIABP,042-S10-009,S10,WEEK6,Diastolic Blood Pressure,DIABP,82.0,82.0,mmHg,2026-03-20,5
VS_042-S10-009_WEEK6_PULSE,042-S10-009,S10,WEEK6,Pulse Rate,PULSE,70.0,70.0,beats/min,2026-03-20,5
VS_042-S10-009_WEEK6_WEIGHT,042-S10-009,S10,WEEK6,Weight,WEIGHT,79.5,79.5,kg,2026-03-20,5
VS_042-S10-010_WEEK6_SYSBP,042-S10-010,S10,WEEK6,Systolic Blood Pressure,SYSBP,126.0,126.0,mmHg,2026-03-20,5
VS_042-S10-010_WEEK6_DIABP,042-S10-010,S10,WEEK6,Diastolic Blood Pressure,DIABP,76.0,76.0,mmHg,2026-03-20,5
VS_042-S10-010_WEEK6_PULSE,042-S10-010,S10,WEEK6,Pulse Rate,PULSE,75.0,75.0,beats/min,2026-03-20,5
VS_042-S10-010_WEEK6_WEIGHT,042-S10-010,S10,WEEK6,Weight,WEIGHT,79.5,79.5,kg,2026-03-20,5
VS_042-S10-011_WEEK6_SYSBP,042-S10-011,S10,WEEK6,Systolic Blood Pressure,SYSBP,129.0,129.0,mmHg,2026-03-20,5
VS_042-S10-011_WEEK6_DIABP,042-S10-011,S10,WEEK6,Diastolic Blood Pressure,DIABP,78.0,78.0,mmHg,2026-03-20,5
VS_042-S10-011_WEEK6_PULSE,042-S10-011,S10,WEEK6,Pulse Rate,PULSE,73.0,73.0,beats/min,2026-03-20,5
VS_042-S10-011_WEEK6_WEIGHT,042-S10-011,S10,WEEK6,Weight,WEIGHT,87.5,87.5,kg,2026-03-20,5
VS_042-S10-012_WEEK6_SYSBP,042-S10-012,S10,WEEK6,Systolic Blood Pressure,SYSBP,128.0,128.0,mmHg,2026-03-20,5
VS_042-S10-012_WEEK6_DIABP,042-S10-012,S10,WEEK6,Diastolic Blood Pressure,DIABP,79.0,79.0,mmHg,2026-03-20,5
VS_042-S10-012_WEEK6_PULSE,042-S10-012,S10,WEEK6,Pulse Rate,PULSE,71.0,71.0,beats/min,2026-03-20,5
VS_042-S10-012_WEEK6_WEIGHT,042-S10-012,S10,WEEK6,Weight,WEIGHT,81.5,81.5,kg,2026-03-20,5
VS_042-S10-013_WEEK6_SYSBP,042-S10-013,S10,WEEK6,Systolic Blood Pressure,SYSBP,121.0,121.0,mmHg,2026-03-20,5
VS_042-S10-013_WEEK6_DIABP,042-S10-013,S10,WEEK6,Diastolic Blood Pressure,DIABP,73.0,73.0,mmHg,2026-03-20,5
VS_042-S10-013_WEEK6_PULSE,042-S10-013,S10,WEEK6,Pulse Rate,PULSE,76.0,76.0,beats/min,2026-03-20,5
VS_042-S10-013_WEEK6_WEIGHT,042-S10-013,S10,WEEK6,Weight,WEIGHT,87.5,87.5,kg,2026-03-20,5
VS_042-S10-014_WEEK6_SYSBP,042-S10-014,S10,WEEK6,Systolic Blood Pressure,SYSBP,128.0,128.0,mmHg,2026-03-20,5
VS_042-S10-014_WEEK6_DIABP,042-S10-014,S10,WEEK6,Diastolic Blood Pressure,DIABP,82.0,82.0,mmHg,2026-03-20,5
VS_042-S10-014_WEEK6_PULSE,042-S10-014,S10,WEEK6,Pulse Rate,PULSE,76.0,76.0,beats/min,2026-03-20,5
VS_042-S10-014_WEEK6_WEIGHT,042-S10-014,S10,WEEK6,Weight,WEIGHT,84.5,84.5,kg,2026-03-20,5
VS_042-S10-015_WEEK6_SYSBP,042-S10-015,S10,WEEK6,Systolic Blood Pressure,SYSBP,128.0,128.0,mmHg,2026-03-20,5
VS_042-S10-015_WEEK6_DIABP,042-S10-015,S10,WEEK6,Diastolic Blood Pressure,DIABP,79.0,79.0,mmHg,2026-03-20,5
VS_042-S10-015_WEEK6_PULSE,042-S10-015,S10,WEEK6,Pulse Rate,PULSE,67.0,67.0,beats/min,2026-03-20,5
VS_042-S10-015_WEEK6_WEIGHT,042-S10-015,S10,WEEK6,Weight,WEIGHT,83.5,83.5,kg,2026-03-20,5
VS_042-S10-016_WEEK6_SYSBP,042-S10-016,S10,WEEK6,Systolic Blood Pressure,SYSBP,127.0,127.0,mmHg,2026-03-20,5
VS_042-S10-016_WEEK6_DIABP,042-S10-016,S10,WEEK6,Diastolic Blood Pressure,DIABP,78.0,78.0,mmHg,2026-03-20,5
VS_042-S10-016_WEEK6_PULSE,042-S10-016,S10,WEEK6,Pulse Rate,PULSE,74.0,74.0,beats/min,2026-03-20,5
VS_042-S10-016_WEEK6_WEIGHT,042-S10-016,S10,WEEK6,Weight,WEIGHT,82.5,82.5,kg,2026-03-20,5
VS_042-S10-017_WEEK6_SYSBP,042-S10-017,S10,WEEK6,Systolic Blood Pressure,SYSBP,127.0,127.0,mmHg,2026-03-20,5
VS_042-S10-017_WEEK6_DIABP,042-S10-017,S10,WEEK6,Diastolic Blood Pressure,DIABP,75.0,75.0,mmHg,2026-03-20,5
VS_042-S10-017_WEEK6_PULSE,042-S10-017,S10,WEEK6,Pulse Rate,PULSE,73.0,73.0,beats/min,2026-03-20,5
VS_042-S10-017_WEEK6_WEIGHT,042-S10-017,S10,WEEK6,Weight,WEIGHT,85.5,85.5,kg,2026-03-20,5
VS_042-S10-018_WEEK6_SYSBP,042-S10-018,S10,WEEK6,Systolic Blood Pressure,SYSBP,125.0,125.0,mmHg,2026-03-20,5
VS_042-S10-018_WEEK6_DIABP,042-S10-018,S10,WEEK6,Diastolic Blood Pressure,DIABP,80.0,80.0,mmHg,2026-03-20,5
VS_042-S10-018_WEEK6_PULSE,042-S10-018,S10,WEEK6,Pulse Rate,PULSE,70.0,70.0,beats/min,2026-03-20,5
VS_042-S10-018_WEEK6_WEIGHT,042-S10-018,S10,WEEK6,Weight,WEIGHT,87.5,87.5,kg,2026-03-20,5
VS_042-S10-019_WEEK6_SYSBP,042-S10-019,S10,WEEK6,Systolic Blood Pressure,SYSBP,129.0,129.0,mmHg,2026-03-20,5
VS_042-S10-019_WEEK6_DIABP,042-S10-019,S10,WEEK6,Diastolic Blood Pressure,DIABP,73.0,73.0,mmHg,2026-03-20,5
VS_042-S10-019_WEEK6_PULSE,042-S10-019,S10,WEEK6,Pulse Rate,PULSE,67.0,67.0,beats/min,2026-03-20,5
VS_042-S10-019_WEEK6_WEIGHT,042-S10-019,S10,WEEK6,Weight,WEIGHT,78.5,78.5,kg,2026-03-20,5
VS_042-S10-020_WEEK6_SYSBP,042-S10-020,S10,WEEK6,Systolic Blood Pressure,SYSBP,128.0,128.0,mmHg,2026-03-20,5
VS_042-S10-020_WEEK6_DIABP,042-S10-020,S10,WEEK6,Diastolic Blood Pressure,DIABP,79.0,79.0,mmHg,2026-03-20,5
VS_042-S10-020_WEEK6_PULSE,042-S10-020,S10,WEEK6,Pulse Rate,PULSE,69.0,69.0,beats/min,2026-03-20,5
VS_042-S10-020_WEEK6_WEIGHT,042-S10-020,S10,WEEK6,Weight,WEIGHT,87.5,87.5,kg,2026-03-20,5
VS_042-S11-001_WEEK6_SYSBP,042-S11-001,S11,WEEK6,Systolic Blood Pressure,SYSBP,122.0,122.0,mmHg,2026-03-20,5
VS_042-S11-001_WEEK6_DIABP,042-S11-001,S11,WEEK6,Diastolic Blood Pressure,DIABP,81.0,81.0,mmHg,2026-03-20,5
VS_042-S11-001_WEEK6_PULSE,042-S11-001,S11,WEEK6,Pulse Rate,PULSE,71.0,71.0,beats/min,2026-03-20,5
VS_042-S11-001_WEEK6_WEIGHT,042-S11-001,S11,WEEK6,Weight,WEIGHT,78.5,78.5,kg,2026-03-20,5
VS_042-S11-002_WEEK6_SYSBP,042-S11-002,S11,WEEK6,Systolic Blood Pressure,SYSBP,124.0,124.0,mmHg,2026-03-20,5
VS_042-S11-002_WEEK6_DIABP,042-S11-002,S11,WEEK6,Diastolic Blood Pressure,DIABP,83.0,83.0,mmHg,2026-03-20,5
VS_042-S11-002_WEEK6_PULSE,042-S11-002,S11,WEEK6,Pulse Rate,PULSE,67.0,67.0,beats/min,2026-03-20,5
VS_042-S11-002_WEEK6_WEIGHT,042-S11-002,S11,WEEK6,Weight,WEIGHT,78.5,78.5,kg,2026-03-20,5
VS_042-S11-003_WEEK6_SYSBP,042-S11-003,S11,WEEK6,Systolic Blood Pressure,SYSBP,126.0,126.0,mmHg,2026-03-20,5
VS_042-S11-003_WEEK6_DIABP,042-S11-003,S11,WEEK6,Diastolic Blood Pressure,DIABP,78.0,78.0,mmHg,2026-03-20,5
VS_042-S11-003_WEEK6_PULSE,042-S11-003,S11,WEEK6,Pulse Rate,PULSE,72.0,72.0,beats/min,2026-03-20,5
VS_042-S11-003_WEEK6_WEIGHT,042-S11-003,S11,WEEK6,Weight,WEIGHT,81.5,81.5,kg,2026-03-20,5
VS_042-S11-004_WEEK6_SYSBP,042-S11-004,S11,WEEK6,Systolic Blood Pressure,SYSBP,127.0,127.0,mmHg,2026-03-20,5
VS_042-S11-004_WEEK6_DIABP,042-S11-004,S11,WEEK6,Diastolic Blood Pressure,DIABP,78.0,78.0,mmHg,2026-03-20,5
VS_042-S11-004_WEEK6_PULSE,042-S11-004,S11,WEEK6,Pulse Rate,PULSE,73.0,73.0,beats/min,2026-03-20,5
VS_042-S11-004_WEEK6_WEIGHT,042-S11-004,S11,WEEK6,Weight,WEIGHT,80.5,80.5,kg,2026-03-20,5
VS_042-S11-005_WEEK6_SYSBP,042-S11-005,S11,WEEK6,Systolic Blood Pressure,SYSBP,122.0,122.0,mmHg,2026-03-20,5
VS_042-S11-005_WEEK6_DIABP,042-S11-005,S11,WEEK6,Diastolic Blood Pressure,DIABP,73.0,73.0,mmHg,2026-03-20,5
VS_042-S11-005_WEEK6_PULSE,042-S11-005,S11,WEEK6,Pulse Rate,PULSE,76.0,76.0,beats/min,2026-03-20,5
VS_042-S11-005_WEEK6_WEIGHT,042-S11-005,S11,WEEK6,Weight,WEIGHT,79.5,79.5,kg,2026-03-20,5
VS_042-S11-006_WEEK6_SYSBP,042-S11-006,S11,WEEK6,Systolic Blood Pressure,SYSBP,121.0,121.0,mmHg,2026-03-20,5
VS_042-S11-006_WEEK6_DIABP,042-S11-006,S11,WEEK6,Diastolic Blood Pressure,DIABP,81.0,81.0,mmHg,2026-03-20,5
VS_042-S11-006_WEEK6_PULSE,042-S11-006,S11,WEEK6,Pulse Rate,PULSE,77.0,77.0,beats/min,2026-03-20,5
VS_042-S11-006_WEEK6_WEIGHT,042-S11-006,S11,WEEK6,Weight,WEIGHT,81.5,81.5,kg,2026-03-20,5
VS_042-S11-007_WEEK6_SYSBP,042-S11-007,S11,WEEK6,Systolic Blood Pressure,SYSBP,123.0,123.0,mmHg,2026-03-20,5
VS_042-S11-007_WEEK6_DIABP,042-S11-007,S11,WEEK6,Diastolic Blood Pressure,DIABP,78.0,78.0,mmHg,2026-03-20,5
VS_042-S11-007_WEEK6_PULSE,042-S11-007,S11,WEEK6,Pulse Rate,PULSE,72.0,72.0,beats/min,2026-03-20,5
VS_042-S11-007_WEEK6_WEIGHT,042-S11-007,S11,WEEK6,Weight,WEIGHT,84.5,84.5,kg,2026-03-20,5
VS_042-S11-008_WEEK6_SYSBP,042-S11-008,S11,WEEK6,Systolic Blood Pressure,SYSBP,123.0,123.0,mmHg,2026-03-20,5
VS_042-S11-008_WEEK6_DIABP,042-S11-008,S11,WEEK6,Diastolic Blood Pressure,DIABP,78.0,78.0,mmHg,2026-03-20,5
VS_042-S11-008_WEEK6_PULSE,042-S11-008,S11,WEEK6,Pulse Rate,PULSE,69.0,69.0,beats/min,2026-03-20,5
VS_042-S11-008_WEEK6_WEIGHT,042-S11-008,S11,WEEK6,Weight,WEIGHT,86.5,86.5,kg,2026-03-20,5
VS_042-S11-009_WEEK6_SYSBP,042-S11-009,S11,WEEK6,Systolic Blood Pressure,SYSBP,120.0,120.0,mmHg,2026-03-20,5
VS_042-S11-009_WEEK6_DIABP,042-S11-009,S11,WEEK6,Diastolic Blood Pressure,DIABP,76.0,76.0,mmHg,2026-03-20,5
VS_042-S11-009_WEEK6_PULSE,042-S11-009,S11,WEEK6,Pulse Rate,PULSE,69.0,69.0,beats/min,2026-03-20,5
VS_042-S11-009_WEEK6_WEIGHT,042-S11-009,S11,WEEK6,Weight,WEIGHT,85.5,85.5,kg,2026-03-20,5
VS_042-S11-010_WEEK6_SYSBP,042-S11-010,S11,WEEK6,Systolic Blood Pressure,SYSBP,126.0,126.0,mmHg,2026-03-20,5
VS_042-S11-010_WEEK6_DIABP,042-S11-010,S11,WEEK6,Diastolic Blood Pressure,DIABP,75.0,75.0,mmHg,2026-03-20,5
VS_042-S11-010_WEEK6_PULSE,042-S11-010,S11,WEEK6,Pulse Rate,PULSE,69.0,69.0,beats/min,2026-03-20,5
VS_042-S11-010_WEEK6_WEIGHT,042-S11-010,S11,WEEK6,Weight,WEIGHT,78.5,78.5,kg,2026-03-20,5
VS_042-S11-011_WEEK6_SYSBP,042-S11-011,S11,WEEK6,Systolic Blood Pressure,SYSBP,129.0,129.0,mmHg,2026-03-20,5
VS_042-S11-011_WEEK6_DIABP,042-S11-011,S11,WEEK6,Diastolic Blood Pressure,DIABP,74.0,74.0,mmHg,2026-03-20,5
VS_042-S11-011_WEEK6_PULSE,042-S11-011,S11,WEEK6,Pulse Rate,PULSE,69.0,69.0,beats/min,2026-03-20,5
VS_042-S11-011_WEEK6_WEIGHT,042-S11-011,S11,WEEK6,Weight,WEIGHT,84.5,84.5,kg,2026-03-20,5
VS_042-S11-012_WEEK6_SYSBP,042-S11-012,S11,WEEK6,Systolic Blood Pressure,SYSBP,123.0,123.0,mmHg,2026-03-20,5
VS_042-S11-012_WEEK6_DIABP,042-S11-012,S11,WEEK6,Diastolic Blood Pressure,DIABP,77.0,77.0,mmHg,2026-03-20,5
VS_042-S11-012_WEEK6_PULSE,042-S11-012,S11,WEEK6,Pulse Rate,PULSE,71.0,71.0,beats/min,2026-03-20,5
VS_042-S11-012_WEEK6_WEIGHT,042-S11-012,S11,WEEK6,Weight,WEIGHT,82.5,82.5,kg,2026-03-20,5
VS_042-S11-013_WEEK6_SYSBP,042-S11-013,S11,WEEK6,Systolic Blood Pressure,SYSBP,122.0,122.0,mmHg,2026-03-20,5
VS_042-S11-013_WEEK6_DIABP,042-S11-013,S11,WEEK6,Diastolic Blood Pressure,DIABP,78.0,78.0,mmHg,2026-03-20,5
VS_042-S11-013_WEEK6_PULSE,042-S11-013,S11,WEEK6,Pulse Rate,PULSE,67.0,67.0,beats/min,2026-03-20,5
VS_042-S11-013_WEEK6_WEIGHT,042-S11-013,S11,WEEK6,Weight,WEIGHT,83.5,83.5,kg,2026-03-20,5
VS_042-S11-014_WEEK6_SYSBP,042-S11-014,S11,WEEK6,Systolic Blood Pressure,SYSBP,125.0,125.0,mmHg,2026-03-20,5
VS_042-S11-014_WEEK6_DIABP,042-S11-014,S11,WEEK6,Diastolic Blood Pressure,DIABP,76.0,76.0,mmHg,2026-03-20,5
VS_042-S11-014_WEEK6_PULSE,042-S11-014,S11,WEEK6,Pulse Rate,PULSE,67.0,67.0,beats/min,2026-03-20,5
VS_042-S11-014_WEEK6_WEIGHT,042-S11-014,S11,WEEK6,Weight,WEIGHT,78.5,78.5,kg,2026-03-20,5
VS_042-S11-015_WEEK6_SYSBP,042-S11-015,S11,WEEK6,Systolic Blood Pressure,SYSBP,122.0,122.0,mmHg,2026-03-20,5
VS_042-S11-015_WEEK6_DIABP,042-S11-015,S11,WEEK6,Diastolic Blood Pressure,DIABP,77.0,77.0,mmHg,2026-03-20,5
VS_042-S11-015_WEEK6_PULSE,042-S11-015,S11,WEEK6,Pulse Rate,PULSE,69.0,69.0,beats/min,2026-03-20,5
VS_042-S11-015_WEEK6_WEIGHT,042-S11-015,S11,WEEK6,Weight,WEIGHT,81.5,81.5,kg,2026-03-20,5
VS_042-S11-016_WEEK6_SYSBP,042-S11-016,S11,WEEK6,Systolic Blood Pressure,SYSBP,128.0,128.0,mmHg,2026-03-20,5
VS_042-S11-016_WEEK6_DIABP,042-S11-016,S11,WEEK6,Diastolic Blood Pressure,DIABP,74.0,74.0,mmHg,2026-03-20,5
VS_042-S11-016_WEEK6_PULSE,042-S11-016,S11,WEEK6,Pulse Rate,PULSE,67.0,67.0,beats/min,2026-03-20,5
VS_042-S11-016_WEEK6_WEIGHT,042-S11-016,S11,WEEK6,Weight,WEIGHT,83.5,83.5,kg,2026-03-20,5
VS_042-S11-017_WEEK6_SYSBP,042-S11-017,S11,WEEK6,Systolic Blood Pressure,SYSBP,128.0,128.0,mmHg,2026-03-20,5
VS_042-S11-017_WEEK6_DIABP,042-S11-017,S11,WEEK6,Diastolic Blood Pressure,DIABP,76.0,76.0,mmHg,2026-03-20,5
VS_042-S11-017_WEEK6_PULSE,042-S11-017,S11,WEEK6,Pulse Rate,PULSE,71.0,71.0,beats/min,2026-03-20,5
VS_042-S11-017_WEEK6_WEIGHT,042-S11-017,S11,WEEK6,Weight,WEIGHT,77.5,77.5,kg,2026-03-20,5
VS_042-S11-018_WEEK6_SYSBP,042-S11-018,S11,WEEK6,Systolic Blood Pressure,SYSBP,120.0,120.0,mmHg,2026-03-20,5
VS_042-S11-018_WEEK6_DIABP,042-S11-018,S11,WEEK6,Diastolic Blood Pressure,DIABP,81.0,81.0,mmHg,2026-03-20,5
VS_042-S11-018_WEEK6_PULSE,042-S11-018,S11,WEEK6,Pulse Rate,PULSE,71.0,71.0,beats/min,2026-03-20,5
VS_042-S11-018_WEEK6_WEIGHT,042-S11-018,S11,WEEK6,Weight,WEIGHT,81.5,81.5,kg,2026-03-20,5
VS_042-S11-019_WEEK6_SYSBP,042-S11-019,S11,WEEK6,Systolic Blood Pressure,SYSBP,129.0,129.0,mmHg,2026-03-20,5
VS_042-S11-019_WEEK6_DIABP,042-S11-019,S11,WEEK6,Diastolic Blood Pressure,DIABP,76.0,76.0,mmHg,2026-03-20,5
VS_042-S11-019_WEEK6_PULSE,042-S11-019,S11,WEEK6,Pulse Rate,PULSE,70.0,70.0,beats/min,2026-03-20,5
VS_042-S11-019_WEEK6_WEIGHT,042-S11-019,S11,WEEK6,Weight,WEIGHT,81.5,81.5,kg,2026-03-20,5
VS_042-S11-020_WEEK6_SYSBP,042-S11-020,S11,WEEK6,Systolic Blood Pressure,SYSBP,125.0,125.0,mmHg,2026-03-20,5
VS_042-S11-020_WEEK6_DIABP,042-S11-020,S11,WEEK6,Diastolic Blood Pressure,DIABP,75.0,75.0,mmHg,2026-03-20,5
VS_042-S11-020_WEEK6_PULSE,042-S11-020,S11,WEEK6,Pulse Rate,PULSE,69.0,69.0,beats/min,2026-03-20,5
VS_042-S11-020_WEEK6_WEIGHT,042-S11-020,S11,WEEK6,Weight,WEIGHT,82.5,82.5,kg,2026-03-20,5
VS_042-S12-001_WEEK6_SYSBP,042-S12-001,S12,WEEK6,Systolic Blood Pressure,SYSBP,127.0,127.0,mmHg,2026-03-20,5
VS_042-S12-001_WEEK6_DIABP,042-S12-001,S12,WEEK6,Diastolic Blood Pressure,DIABP,76.0,76.0,mmHg,2026-03-20,5
VS_042-S12-001_WEEK6_PULSE,042-S12-001,S12,WEEK6,Pulse Rate,PULSE,71.0,71.0,beats/min,2026-03-20,5
VS_042-S12-001_WEEK6_WEIGHT,042-S12-001,S12,WEEK6,Weight,WEIGHT,86.5,86.5,kg,2026-03-20,5
VS_042-S12-002_WEEK6_SYSBP,042-S12-002,S12,WEEK6,Systolic Blood Pressure,SYSBP,123.0,123.0,mmHg,2026-03-20,5
VS_042-S12-002_WEEK6_DIABP,042-S12-002,S12,WEEK6,Diastolic Blood Pressure,DIABP,79.0,79.0,mmHg,2026-03-20,5
VS_042-S12-002_WEEK6_PULSE,042-S12-002,S12,WEEK6,Pulse Rate,PULSE,74.0,74.0,beats/min,2026-03-20,5
VS_042-S12-002_WEEK6_WEIGHT,042-S12-002,S12,WEEK6,Weight,WEIGHT,87.5,87.5,kg,2026-03-20,5
VS_042-S12-003_WEEK6_SYSBP,042-S12-003,S12,WEEK6,Systolic Blood Pressure,SYSBP,127.0,127.0,mmHg,2026-03-20,5
VS_042-S12-003_WEEK6_DIABP,042-S12-003,S12,WEEK6,Diastolic Blood Pressure,DIABP,81.0,81.0,mmHg,2026-03-20,5
VS_042-S12-003_WEEK6_PULSE,042-S12-003,S12,WEEK6,Pulse Rate,PULSE,68.0,68.0,beats/min,2026-03-20,5
VS_042-S12-003_WEEK6_WEIGHT,042-S12-003,S12,WEEK6,Weight,WEIGHT,78.5,78.5,kg,2026-03-20,5
VS_042-S12-004_WEEK6_SYSBP,042-S12-004,S12,WEEK6,Systolic Blood Pressure,SYSBP,126.0,126.0,mmHg,2026-03-20,5
VS_042-S12-004_WEEK6_DIABP,042-S12-004,S12,WEEK6,Diastolic Blood Pressure,DIABP,79.0,79.0,mmHg,2026-03-20,5
VS_042-S12-004_WEEK6_PULSE,042-S12-004,S12,WEEK6,Pulse Rate,PULSE,77.0,77.0,beats/min,2026-03-20,5
VS_042-S12-004_WEEK6_WEIGHT,042-S12-004,S12,WEEK6,Weight,WEIGHT,86.5,86.5,kg,2026-03-20,5
VS_042-S12-005_WEEK6_SYSBP,042-S12-005,S12,WEEK6,Systolic Blood Pressure,SYSBP,129.0,129.0,mmHg,2026-03-20,5
VS_042-S12-005_WEEK6_DIABP,042-S12-005,S12,WEEK6,Diastolic Blood Pressure,DIABP,83.0,83.0,mmHg,2026-03-20,5
VS_042-S12-005_WEEK6_PULSE,042-S12-005,S12,WEEK6,Pulse Rate,PULSE,76.0,76.0,beats/min,2026-03-20,5
VS_042-S12-005_WEEK6_WEIGHT,042-S12-005,S12,WEEK6,Weight,WEIGHT,86.5,86.5,kg,2026-03-20,5
VS_042-S12-006_WEEK6_SYSBP,042-S12-006,S12,WEEK6,Systolic Blood Pressure,SYSBP,120.0,120.0,mmHg,2026-03-20,5
VS_042-S12-006_WEEK6_DIABP,042-S12-006,S12,WEEK6,Diastolic Blood Pressure,DIABP,75.0,75.0,mmHg,2026-03-20,5
VS_042-S12-006_WEEK6_PULSE,042-S12-006,S12,WEEK6,Pulse Rate,PULSE,71.0,71.0,beats/min,2026-03-20,5
VS_042-S12-006_WEEK6_WEIGHT,042-S12-006,S12,WEEK6,Weight,WEIGHT,78.5,78.5,kg,2026-03-20,5
VS_042-S12-007_WEEK6_SYSBP,042-S12-007,S12,WEEK6,Systolic Blood Pressure,SYSBP,121.0,121.0,mmHg,2026-03-20,5
VS_042-S12-007_WEEK6_DIABP,042-S12-007,S12,WEEK6,Diastolic Blood Pressure,DIABP,80.0,80.0,mmHg,2026-03-20,5
VS_042-S12-007_WEEK6_PULSE,042-S12-007,S12,WEEK6,Pulse Rate,PULSE,72.0,72.0,beats/min,2026-03-20,5
VS_042-S12-007_WEEK6_WEIGHT,042-S12-007,S12,WEEK6,Weight,WEIGHT,78.5,78.5,kg,2026-03-20,5
VS_042-S12-008_WEEK6_SYSBP,042-S12-008,S12,WEEK6,Systolic Blood Pressure,SYSBP,124.0,124.0,mmHg,2026-03-20,5
VS_042-S12-008_WEEK6_DIABP,042-S12-008,S12,WEEK6,Diastolic Blood Pressure,DIABP,80.0,80.0,mmHg,2026-03-20,5
VS_042-S12-008_WEEK6_PULSE,042-S12-008,S12,WEEK6,Pulse Rate,PULSE,75.0,75.0,beats/min,2026-03-20,5
VS_042-S12-008_WEEK6_WEIGHT,042-S12-008,S12,WEEK6,Weight,WEIGHT,78.5,78.5,kg,2026-03-20,5
VS_042-S12-009_WEEK6_SYSBP,042-S12-009,S12,WEEK6,Systolic Blood Pressure,SYSBP,129.0,129.0,mmHg,2026-03-20,5
VS_042-S12-009_WEEK6_DIABP,042-S12-009,S12,WEEK6,Diastolic Blood Pressure,DIABP,79.0,79.0,mmHg,2026-03-20,5
VS_042-S12-009_WEEK6_PULSE,042-S12-009,S12,WEEK6,Pulse Rate,PULSE,76.0,76.0,beats/min,2026-03-20,5
VS_042-S12-009_WEEK6_WEIGHT,042-S12-009,S12,WEEK6,Weight,WEIGHT,78.5,78.5,kg,2026-03-20,5
VS_042-S12-010_WEEK6_SYSBP,042-S12-010,S12,WEEK6,Systolic Blood Pressure,SYSBP,128.0,128.0,mmHg,2026-03-20,5
VS_042-S12-010_WEEK6_DIABP,042-S12-010,S12,WEEK6,Diastolic Blood Pressure,DIABP,76.0,76.0,mmHg,2026-03-20,5
VS_042-S12-010_WEEK6_PULSE,042-S12-010,S12,WEEK6,Pulse Rate,PULSE,73.0,73.0,beats/min,2026-03-20,5
VS_042-S12-010_WEEK6_WEIGHT,042-S12-010,S12,WEEK6,Weight,WEIGHT,85.5,85.5,kg,2026-03-20,5
VS_042-S12-011_WEEK6_SYSBP,042-S12-011,S12,WEEK6,Systolic Blood Pressure,SYSBP,127.0,127.0,mmHg,2026-03-20,5
VS_042-S12-011_WEEK6_DIABP,042-S12-011,S12,WEEK6,Diastolic Blood Pressure,DIABP,73.0,73.0,mmHg,2026-03-20,5
VS_042-S12-011_WEEK6_PULSE,042-S12-011,S12,WEEK6,Pulse Rate,PULSE,74.0,74.0,beats/min,2026-03-20,5
VS_042-S12-011_WEEK6_WEIGHT,042-S12-011,S12,WEEK6,Weight,WEIGHT,83.5,83.5,kg,2026-03-20,5
VS_042-S12-012_WEEK6_SYSBP,042-S12-012,S12,WEEK6,Systolic Blood Pressure,SYSBP,123.0,123.0,mmHg,2026-03-20,5
VS_042-S12-012_WEEK6_DIABP,042-S12-012,S12,WEEK6,Diastolic Blood Pressure,DIABP,73.0,73.0,mmHg,2026-03-20,5
VS_042-S12-012_WEEK6_PULSE,042-S12-012,S12,WEEK6,Pulse Rate,PULSE,73.0,73.0,beats/min,2026-03-20,5
VS_042-S12-012_WEEK6_WEIGHT,042-S12-012,S12,WEEK6,Weight,WEIGHT,85.5,85.5,kg,2026-03-20,5
VS_042-S12-013_WEEK6_SYSBP,042-S12-013,S12,WEEK6,Systolic Blood Pressure,SYSBP,120.0,120.0,mmHg,2026-03-20,5
VS_042-S12-013_WEEK6_DIABP,042-S12-013,S12,WEEK6,Diastolic Blood Pressure,DIABP,78.0,78.0,mmHg,2026-03-20,5
VS_042-S12-013_WEEK6_PULSE,042-S12-013,S12,WEEK6,Pulse Rate,PULSE,68.0,68.0,beats/min,2026-03-20,5
VS_042-S12-013_WEEK6_WEIGHT,042-S12-013,S12,WEEK6,Weight,WEIGHT,80.5,80.5,kg,2026-03-20,5
VS_042-S12-014_WEEK6_SYSBP,042-S12-014,S12,WEEK6,Systolic Blood Pressure,SYSBP,122.0,122.0,mmHg,2026-03-20,5
VS_042-S12-014_WEEK6_DIABP,042-S12-014,S12,WEEK6,Diastolic Blood Pressure,DIABP,75.0,75.0,mmHg,2026-03-20,5
VS_042-S12-014_WEEK6_PULSE,042-S12-014,S12,WEEK6,Pulse Rate,PULSE,67.0,67.0,beats/min,2026-03-20,5
VS_042-S12-014_WEEK6_WEIGHT,042-S12-014,S12,WEEK6,Weight,WEIGHT,86.5,86.5,kg,2026-03-20,5
VS_042-S12-015_WEEK6_SYSBP,042-S12-015,S12,WEEK6,Systolic Blood Pressure,SYSBP,123.0,123.0,mmHg,2026-03-20,5
VS_042-S12-015_WEEK6_DIABP,042-S12-015,S12,WEEK6,Diastolic Blood Pressure,DIABP,79.0,79.0,mmHg,2026-03-20,5
VS_042-S12-015_WEEK6_PULSE,042-S12-015,S12,WEEK6,Pulse Rate,PULSE,68.0,68.0,beats/min,2026-03-20,5
VS_042-S12-015_WEEK6_WEIGHT,042-S12-015,S12,WEEK6,Weight,WEIGHT,86.5,86.5,kg,2026-03-20,5
VS_042-S12-016_WEEK6_SYSBP,042-S12-016,S12,WEEK6,Systolic Blood Pressure,SYSBP,127.0,127.0,mmHg,2026-03-20,5
VS_042-S12-016_WEEK6_DIABP,042-S12-016,S12,WEEK6,Diastolic Blood Pressure,DIABP,79.0,79.0,mmHg,2026-03-20,5
VS_042-S12-016_WEEK6_PULSE,042-S12-016,S12,WEEK6,Pulse Rate,PULSE,77.0,77.0,beats/min,2026-03-20,5
VS_042-S12-016_WEEK6_WEIGHT,042-S12-016,S12,WEEK6,Weight,WEIGHT,84.5,84.5,kg,2026-03-20,5
VS_042-S12-017_WEEK6_SYSBP,042-S12-017,S12,WEEK6,Systolic Blood Pressure,SYSBP,124.0,124.0,mmHg,2026-03-20,5
VS_042-S12-017_WEEK6_DIABP,042-S12-017,S12,WEEK6,Diastolic Blood Pressure,DIABP,82.0,82.0,mmHg,2026-03-20,5
VS_042-S12-017_WEEK6_PULSE,042-S12-017,S12,WEEK6,Pulse Rate,PULSE,70.0,70.0,beats/min,2026-03-20,5
VS_042-S12-017_WEEK6_WEIGHT,042-S12-017,S12,WEEK6,Weight,WEIGHT,83.5,83.5,kg,2026-03-20,5
VS_042-S12-018_WEEK6_SYSBP,042-S12-018,S12,WEEK6,Systolic Blood Pressure,SYSBP,124.0,124.0,mmHg,2026-03-20,5
VS_042-S12-018_WEEK6_DIABP,042-S12-018,S12,WEEK6,Diastolic Blood Pressure,DIABP,76.0,76.0,mmHg,2026-03-20,5
VS_042-S12-018_WEEK6_PULSE,042-S12-018,S12,WEEK6,Pulse Rate,PULSE,74.0,74.0,beats/min,2026-03-20,5
VS_042-S12-018_WEEK6_WEIGHT,042-S12-018,S12,WEEK6,Weight,WEIGHT,82.5,82.5,kg,2026-03-20,5
VS_042-S12-019_WEEK6_SYSBP,042-S12-019,S12,WEEK6,Systolic Blood Pressure,SYSBP,129.0,129.0,mmHg,2026-03-20,5
VS_042-S12-019_WEEK6_DIABP,042-S12-019,S12,WEEK6,Diastolic Blood Pressure,DIABP,73.0,73.0,mmHg,2026-03-20,5
VS_042-S12-019_WEEK6_PULSE,042-S12-019,S12,WEEK6,Pulse Rate,PULSE,68.0,68.0,beats/min,2026-03-20,5
VS_042-S12-019_WEEK6_WEIGHT,042-S12-019,S12,WEEK6,Weight,WEIGHT,83.5,83.5,kg,2026-03-20,5
VS_042-S12-020_WEEK6_SYSBP,042-S12-020,S12,WEEK6,Systolic Blood Pressure,SYSBP,123.0,123.0,mmHg,2026-03-20,5
VS_042-S12-020_WEEK6_DIABP,042-S12-020,S12,WEEK6,Diastolic Blood Pressure,DIABP,82.0,82.0,mmHg,2026-03-20,5
VS_042-S12-020_WEEK6_PULSE,042-S12-020,S12,WEEK6,Pulse Rate,PULSE,68.0,68.0,beats/min,2026-03-20,5
VS_042-S12-020_WEEK6_WEIGHT,042-S12-020,S12,WEEK6,Weight,WEIGHT,78.5,78.5,kg,2026-03-20,5
VS_042-S01-001_WEEK8_SYSBP,042-S01-001,S01,WEEK8,Systolic Blood Pressure,SYSBP,123.0,123.0,mmHg,2026-04-10,7
VS_042-S01-001_WEEK8_DIABP,042-S01-001,S01,WEEK8,Diastolic Blood Pressure,DIABP,77.0,77.0,mmHg,2026-04-10,7
VS_042-S01-001_WEEK8_PULSE,042-S01-001,S01,WEEK8,Pulse Rate,PULSE,70.0,70.0,beats/min,2026-04-10,7
VS_042-S01-001_WEEK8_WEIGHT,042-S01-001,S01,WEEK8,Weight,WEIGHT,81.5,81.5,kg,2026-04-10,7
VS_042-S01-002_WEEK8_SYSBP,042-S01-002,S01,WEEK8,Systolic Blood Pressure,SYSBP,128.0,128.0,mmHg,2026-04-10,7
VS_042-S01-002_WEEK8_DIABP,042-S01-002,S01,WEEK8,Diastolic Blood Pressure,DIABP,81.0,81.0,mmHg,2026-04-10,7
VS_042-S01-002_WEEK8_PULSE,042-S01-002,S01,WEEK8,Pulse Rate,PULSE,77.0,77.0,beats/min,2026-04-10,7
VS_042-S01-002_WEEK8_WEIGHT,042-S01-002,S01,WEEK8,Weight,WEIGHT,87.5,87.5,kg,2026-04-10,7
VS_042-S01-003_WEEK8_SYSBP,042-S01-003,S01,WEEK8,Systolic Blood Pressure,SYSBP,126.0,126.0,mmHg,2026-04-10,7
VS_042-S01-003_WEEK8_DIABP,042-S01-003,S01,WEEK8,Diastolic Blood Pressure,DIABP,79.0,79.0,mmHg,2026-04-10,7
VS_042-S01-003_WEEK8_PULSE,042-S01-003,S01,WEEK8,Pulse Rate,PULSE,75.0,75.0,beats/min,2026-04-10,7
VS_042-S01-003_WEEK8_WEIGHT,042-S01-003,S01,WEEK8,Weight,WEIGHT,82.5,82.5,kg,2026-04-10,7
VS_042-S01-004_WEEK8_SYSBP,042-S01-004,S01,WEEK8,Systolic Blood Pressure,SYSBP,129.0,129.0,mmHg,2026-04-10,7
VS_042-S01-004_WEEK8_DIABP,042-S01-004,S01,WEEK8,Diastolic Blood Pressure,DIABP,79.0,79.0,mmHg,2026-04-10,7
VS_042-S01-004_WEEK8_PULSE,042-S01-004,S01,WEEK8,Pulse Rate,PULSE,69.0,69.0,beats/min,2026-04-10,7
VS_042-S01-004_WEEK8_WEIGHT,042-S01-004,S01,WEEK8,Weight,WEIGHT,84.5,84.5,kg,2026-04-10,7
VS_042-S01-005_WEEK8_SYSBP,042-S01-005,S01,WEEK8,Systolic Blood Pressure,SYSBP,125.0,125.0,mmHg,2026-04-10,7
VS_042-S01-005_WEEK8_DIABP,042-S01-005,S01,WEEK8,Diastolic Blood Pressure,DIABP,82.0,82.0,mmHg,2026-04-10,7
VS_042-S01-005_WEEK8_PULSE,042-S01-005,S01,WEEK8,Pulse Rate,PULSE,74.0,74.0,beats/min,2026-04-10,7
VS_042-S01-005_WEEK8_WEIGHT,042-S01-005,S01,WEEK8,Weight,WEIGHT,80.5,80.5,kg,2026-04-10,7
VS_042-S01-006_WEEK8_SYSBP,042-S01-006,S01,WEEK8,Systolic Blood Pressure,SYSBP,123.0,123.0,mmHg,2026-04-10,7
VS_042-S01-006_WEEK8_DIABP,042-S01-006,S01,WEEK8,Diastolic Blood Pressure,DIABP,74.0,74.0,mmHg,2026-04-10,7
VS_042-S01-006_WEEK8_PULSE,042-S01-006,S01,WEEK8,Pulse Rate,PULSE,73.0,73.0,beats/min,2026-04-10,7
VS_042-S01-006_WEEK8_WEIGHT,042-S01-006,S01,WEEK8,Weight,WEIGHT,85.5,85.5,kg,2026-04-10,7
VS_042-S01-007_WEEK8_SYSBP,042-S01-007,S01,WEEK8,Systolic Blood Pressure,SYSBP,125.0,125.0,mmHg,2026-04-10,7
VS_042-S01-007_WEEK8_DIABP,042-S01-007,S01,WEEK8,Diastolic Blood Pressure,DIABP,73.0,73.0,mmHg,2026-04-10,7
VS_042-S01-007_WEEK8_PULSE,042-S01-007,S01,WEEK8,Pulse Rate,PULSE,77.0,77.0,beats/min,2026-04-10,7
VS_042-S01-007_WEEK8_WEIGHT,042-S01-007,S01,WEEK8,Weight,WEIGHT,77.5,77.5,kg,2026-04-10,7
VS_042-S01-008_WEEK8_SYSBP,042-S01-008,S01,WEEK8,Systolic Blood Pressure,SYSBP,120.0,120.0,mmHg,2026-04-10,7
VS_042-S01-008_WEEK8_DIABP,042-S01-008,S01,WEEK8,Diastolic Blood Pressure,DIABP,76.0,76.0,mmHg,2026-04-10,7
VS_042-S01-008_WEEK8_PULSE,042-S01-008,S01,WEEK8,Pulse Rate,PULSE,73.0,73.0,beats/min,2026-04-10,7
VS_042-S01-008_WEEK8_WEIGHT,042-S01-008,S01,WEEK8,Weight,WEIGHT,78.5,78.5,kg,2026-04-10,7
VS_042-S01-009_WEEK8_SYSBP,042-S01-009,S01,WEEK8,Systolic Blood Pressure,SYSBP,122.0,122.0,mmHg,2026-04-10,7
VS_042-S01-009_WEEK8_DIABP,042-S01-009,S01,WEEK8,Diastolic Blood Pressure,DIABP,78.0,78.0,mmHg,2026-04-10,7
VS_042-S01-009_WEEK8_PULSE,042-S01-009,S01,WEEK8,Pulse Rate,PULSE,67.0,67.0,beats/min,2026-04-10,7
VS_042-S01-009_WEEK8_WEIGHT,042-S01-009,S01,WEEK8,Weight,WEIGHT,87.5,87.5,kg,2026-04-10,7
VS_042-S01-010_WEEK8_SYSBP,042-S01-010,S01,WEEK8,Systolic Blood Pressure,SYSBP,119.0,119.0,mmHg,2026-04-10,7
VS_042-S01-010_WEEK8_DIABP,042-S01-010,S01,WEEK8,Diastolic Blood Pressure,DIABP,74.0,74.0,mmHg,2026-04-10,7
VS_042-S01-010_WEEK8_PULSE,042-S01-010,S01,WEEK8,Pulse Rate,PULSE,77.0,77.0,beats/min,2026-04-10,7
VS_042-S01-010_WEEK8_WEIGHT,042-S01-010,S01,WEEK8,Weight,WEIGHT,86.5,86.5,kg,2026-04-10,7
VS_042-S01-011_WEEK8_SYSBP,042-S01-011,S01,WEEK8,Systolic Blood Pressure,SYSBP,126.0,126.0,mmHg,2026-04-10,7
VS_042-S01-011_WEEK8_DIABP,042-S01-011,S01,WEEK8,Diastolic Blood Pressure,DIABP,80.0,80.0,mmHg,2026-04-10,7
VS_042-S01-011_WEEK8_PULSE,042-S01-011,S01,WEEK8,Pulse Rate,PULSE,77.0,77.0,beats/min,2026-04-10,7
VS_042-S01-011_WEEK8_WEIGHT,042-S01-011,S01,WEEK8,Weight,WEIGHT,87.5,87.5,kg,2026-04-10,7
VS_042-S01-012_WEEK8_SYSBP,042-S01-012,S01,WEEK8,Systolic Blood Pressure,SYSBP,124.0,124.0,mmHg,2026-04-10,7
VS_042-S01-012_WEEK8_DIABP,042-S01-012,S01,WEEK8,Diastolic Blood Pressure,DIABP,77.0,77.0,mmHg,2026-04-10,7
VS_042-S01-012_WEEK8_PULSE,042-S01-012,S01,WEEK8,Pulse Rate,PULSE,73.0,73.0,beats/min,2026-04-10,7
VS_042-S01-012_WEEK8_WEIGHT,042-S01-012,S01,WEEK8,Weight,WEIGHT,83.5,83.5,kg,2026-04-10,7
VS_042-S01-013_WEEK8_SYSBP,042-S01-013,S01,WEEK8,Systolic Blood Pressure,SYSBP,120.0,120.0,mmHg,2026-04-10,7
VS_042-S01-013_WEEK8_DIABP,042-S01-013,S01,WEEK8,Diastolic Blood Pressure,DIABP,82.0,82.0,mmHg,2026-04-10,7
VS_042-S01-013_WEEK8_PULSE,042-S01-013,S01,WEEK8,Pulse Rate,PULSE,70.0,70.0,beats/min,2026-04-10,7
VS_042-S01-013_WEEK8_WEIGHT,042-S01-013,S01,WEEK8,Weight,WEIGHT,81.5,81.5,kg,2026-04-10,7
VS_042-S01-014_WEEK8_SYSBP,042-S01-014,S01,WEEK8,Systolic Blood Pressure,SYSBP,122.0,122.0,mmHg,2026-04-10,7
VS_042-S01-014_WEEK8_DIABP,042-S01-014,S01,WEEK8,Diastolic Blood Pressure,DIABP,78.0,78.0,mmHg,2026-04-10,7
VS_042-S01-014_WEEK8_PULSE,042-S01-014,S01,WEEK8,Pulse Rate,PULSE,72.0,72.0,beats/min,2026-04-10,7
VS_042-S01-014_WEEK8_WEIGHT,042-S01-014,S01,WEEK8,Weight,WEIGHT,82.5,82.5,kg,2026-04-10,7
VS_042-S01-015_WEEK8_SYSBP,042-S01-015,S01,WEEK8,Systolic Blood Pressure,SYSBP,127.0,127.0,mmHg,2026-04-10,7
VS_042-S01-015_WEEK8_DIABP,042-S01-015,S01,WEEK8,Diastolic Blood Pressure,DIABP,77.0,77.0,mmHg,2026-04-10,7
VS_042-S01-015_WEEK8_PULSE,042-S01-015,S01,WEEK8,Pulse Rate,PULSE,77.0,77.0,beats/min,2026-04-10,7
VS_042-S01-015_WEEK8_WEIGHT,042-S01-015,S01,WEEK8,Weight,WEIGHT,79.5,79.5,kg,2026-04-10,7
VS_042-S01-016_WEEK8_SYSBP,042-S01-016,S01,WEEK8,Systolic Blood Pressure,SYSBP,128.0,128.0,mmHg,2026-04-10,7
VS_042-S01-016_WEEK8_DIABP,042-S01-016,S01,WEEK8,Diastolic Blood Pressure,DIABP,79.0,79.0,mmHg,2026-04-10,7
VS_042-S01-016_WEEK8_PULSE,042-S01-016,S01,WEEK8,Pulse Rate,PULSE,73.0,73.0,beats/min,2026-04-10,7
VS_042-S01-016_WEEK8_WEIGHT,042-S01-016,S01,WEEK8,Weight,WEIGHT,78.5,78.5,kg,2026-04-10,7
VS_042-S01-017_WEEK8_SYSBP,042-S01-017,S01,WEEK8,Systolic Blood Pressure,SYSBP,121.0,121.0,mmHg,2026-04-10,7
VS_042-S01-017_WEEK8_DIABP,042-S01-017,S01,WEEK8,Diastolic Blood Pressure,DIABP,73.0,73.0,mmHg,2026-04-10,7
VS_042-S01-017_WEEK8_PULSE,042-S01-017,S01,WEEK8,Pulse Rate,PULSE,73.0,73.0,beats/min,2026-04-10,7
VS_042-S01-017_WEEK8_WEIGHT,042-S01-017,S01,WEEK8,Weight,WEIGHT,83.5,83.5,kg,2026-04-10,7
VS_042-S01-018_WEEK8_SYSBP,042-S01-018,S01,WEEK8,Systolic Blood Pressure,SYSBP,127.0,127.0,mmHg,2026-04-10,7
VS_042-S01-018_WEEK8_DIABP,042-S01-018,S01,WEEK8,Diastolic Blood Pressure,DIABP,83.0,83.0,mmHg,2026-04-10,7
VS_042-S01-018_WEEK8_PULSE,042-S01-018,S01,WEEK8,Pulse Rate,PULSE,74.0,74.0,beats/min,2026-04-10,7
VS_042-S01-018_WEEK8_WEIGHT,042-S01-018,S01,WEEK8,Weight,WEIGHT,87.5,87.5,kg,2026-04-10,7
VS_042-S01-019_WEEK8_SYSBP,042-S01-019,S01,WEEK8,Systolic Blood Pressure,SYSBP,124.0,124.0,mmHg,2026-04-10,7
VS_042-S01-019_WEEK8_DIABP,042-S01-019,S01,WEEK8,Diastolic Blood Pressure,DIABP,80.0,80.0,mmHg,2026-04-10,7
VS_042-S01-019_WEEK8_PULSE,042-S01-019,S01,WEEK8,Pulse Rate,PULSE,75.0,75.0,beats/min,2026-04-10,7
VS_042-S01-019_WEEK8_WEIGHT,042-S01-019,S01,WEEK8,Weight,WEIGHT,84.5,84.5,kg,2026-04-10,7
VS_042-S01-020_WEEK8_SYSBP,042-S01-020,S01,WEEK8,Systolic Blood Pressure,SYSBP,126.0,126.0,mmHg,2026-04-10,7
VS_042-S01-020_WEEK8_DIABP,042-S01-020,S01,WEEK8,Diastolic Blood Pressure,DIABP,80.0,80.0,mmHg,2026-04-10,7
VS_042-S01-020_WEEK8_PULSE,042-S01-020,S01,WEEK8,Pulse Rate,PULSE,74.0,74.0,beats/min,2026-04-10,7
VS_042-S01-020_WEEK8_WEIGHT,042-S01-020,S01,WEEK8,Weight,WEIGHT,83.5,83.5,kg,2026-04-10,7
VS_042-S01-021_WEEK8_SYSBP,042-S01-021,S01,WEEK8,Systolic Blood Pressure,SYSBP,123.0,123.0,mmHg,2026-04-10,7
VS_042-S01-021_WEEK8_DIABP,042-S01-021,S01,WEEK8,Diastolic Blood Pressure,DIABP,80.0,80.0,mmHg,2026-04-10,7
VS_042-S01-021_WEEK8_PULSE,042-S01-021,S01,WEEK8,Pulse Rate,PULSE,72.0,72.0,beats/min,2026-04-10,7
VS_042-S01-021_WEEK8_WEIGHT,042-S01-021,S01,WEEK8,Weight,WEIGHT,77.5,77.5,kg,2026-04-10,7
VS_042-S02-001_WEEK8_SYSBP,042-S02-001,S02,WEEK8,Systolic Blood Pressure,SYSBP,122.0,122.0,mmHg,2026-04-10,7
VS_042-S02-001_WEEK8_DIABP,042-S02-001,S02,WEEK8,Diastolic Blood Pressure,DIABP,82.0,82.0,mmHg,2026-04-10,7
VS_042-S02-001_WEEK8_PULSE,042-S02-001,S02,WEEK8,Pulse Rate,PULSE,67.0,67.0,beats/min,2026-04-10,7
VS_042-S02-001_WEEK8_WEIGHT,042-S02-001,S02,WEEK8,Weight,WEIGHT,86.5,86.5,kg,2026-04-10,7
VS_042-S02-002_WEEK8_SYSBP,042-S02-002,S02,WEEK8,Systolic Blood Pressure,SYSBP,128.0,128.0,mmHg,2026-04-10,7
VS_042-S02-002_WEEK8_DIABP,042-S02-002,S02,WEEK8,Diastolic Blood Pressure,DIABP,83.0,83.0,mmHg,2026-04-10,7
VS_042-S02-002_WEEK8_PULSE,042-S02-002,S02,WEEK8,Pulse Rate,PULSE,77.0,77.0,beats/min,2026-04-10,7
VS_042-S02-002_WEEK8_WEIGHT,042-S02-002,S02,WEEK8,Weight,WEIGHT,80.5,80.5,kg,2026-04-10,7
VS_042-S02-003_WEEK8_SYSBP,042-S02-003,S02,WEEK8,Systolic Blood Pressure,SYSBP,124.0,124.0,mmHg,2026-04-10,7
VS_042-S02-003_WEEK8_DIABP,042-S02-003,S02,WEEK8,Diastolic Blood Pressure,DIABP,82.0,82.0,mmHg,2026-04-10,7
VS_042-S02-003_WEEK8_PULSE,042-S02-003,S02,WEEK8,Pulse Rate,PULSE,67.0,67.0,beats/min,2026-04-10,7
VS_042-S02-003_WEEK8_WEIGHT,042-S02-003,S02,WEEK8,Weight,WEIGHT,80.5,80.5,kg,2026-04-10,7
VS_042-S02-004_WEEK8_SYSBP,042-S02-004,S02,WEEK8,Systolic Blood Pressure,SYSBP,124.0,124.0,mmHg,2026-04-10,7
VS_042-S02-004_WEEK8_DIABP,042-S02-004,S02,WEEK8,Diastolic Blood Pressure,DIABP,80.0,80.0,mmHg,2026-04-10,7
VS_042-S02-004_WEEK8_PULSE,042-S02-004,S02,WEEK8,Pulse Rate,PULSE,68.0,68.0,beats/min,2026-04-10,7
VS_042-S02-004_WEEK8_WEIGHT,042-S02-004,S02,WEEK8,Weight,WEIGHT,82.5,82.5,kg,2026-04-10,7
VS_042-S02-005_WEEK8_SYSBP,042-S02-005,S02,WEEK8,Systolic Blood Pressure,SYSBP,127.0,127.0,mmHg,2026-04-10,7
VS_042-S02-005_WEEK8_DIABP,042-S02-005,S02,WEEK8,Diastolic Blood Pressure,DIABP,75.0,75.0,mmHg,2026-04-10,7
VS_042-S02-005_WEEK8_PULSE,042-S02-005,S02,WEEK8,Pulse Rate,PULSE,71.0,71.0,beats/min,2026-04-10,7
VS_042-S02-005_WEEK8_WEIGHT,042-S02-005,S02,WEEK8,Weight,WEIGHT,81.5,81.5,kg,2026-04-10,7
VS_042-S02-006_WEEK8_SYSBP,042-S02-006,S02,WEEK8,Systolic Blood Pressure,SYSBP,128.0,128.0,mmHg,2026-04-10,7
VS_042-S02-006_WEEK8_DIABP,042-S02-006,S02,WEEK8,Diastolic Blood Pressure,DIABP,77.0,77.0,mmHg,2026-04-10,7
VS_042-S02-006_WEEK8_PULSE,042-S02-006,S02,WEEK8,Pulse Rate,PULSE,68.0,68.0,beats/min,2026-04-10,7
VS_042-S02-006_WEEK8_WEIGHT,042-S02-006,S02,WEEK8,Weight,WEIGHT,83.5,83.5,kg,2026-04-10,7
VS_042-S02-007_WEEK8_SYSBP,042-S02-007,S02,WEEK8,Systolic Blood Pressure,SYSBP,119.0,119.0,mmHg,2026-04-10,7
VS_042-S02-007_WEEK8_DIABP,042-S02-007,S02,WEEK8,Diastolic Blood Pressure,DIABP,80.0,80.0,mmHg,2026-04-10,7
VS_042-S02-007_WEEK8_PULSE,042-S02-007,S02,WEEK8,Pulse Rate,PULSE,75.0,75.0,beats/min,2026-04-10,7
VS_042-S02-007_WEEK8_WEIGHT,042-S02-007,S02,WEEK8,Weight,WEIGHT,77.5,77.5,kg,2026-04-10,7
VS_042-S02-008_WEEK8_SYSBP,042-S02-008,S02,WEEK8,Systolic Blood Pressure,SYSBP,121.0,121.0,mmHg,2026-04-10,7
VS_042-S02-008_WEEK8_DIABP,042-S02-008,S02,WEEK8,Diastolic Blood Pressure,DIABP,73.0,73.0,mmHg,2026-04-10,7
VS_042-S02-008_WEEK8_PULSE,042-S02-008,S02,WEEK8,Pulse Rate,PULSE,67.0,67.0,beats/min,2026-04-10,7
VS_042-S02-008_WEEK8_WEIGHT,042-S02-008,S02,WEEK8,Weight,WEIGHT,86.5,86.5,kg,2026-04-10,7
VS_042-S02-009_WEEK8_SYSBP,042-S02-009,S02,WEEK8,Systolic Blood Pressure,SYSBP,122.0,122.0,mmHg,2026-04-10,7
VS_042-S02-009_WEEK8_DIABP,042-S02-009,S02,WEEK8,Diastolic Blood Pressure,DIABP,77.0,77.0,mmHg,2026-04-10,7
VS_042-S02-009_WEEK8_PULSE,042-S02-009,S02,WEEK8,Pulse Rate,PULSE,77.0,77.0,beats/min,2026-04-10,7
VS_042-S02-009_WEEK8_WEIGHT,042-S02-009,S02,WEEK8,Weight,WEIGHT,77.5,77.5,kg,2026-04-10,7
VS_042-S02-010_WEEK8_SYSBP,042-S02-010,S02,WEEK8,Systolic Blood Pressure,SYSBP,128.0,128.0,mmHg,2026-04-10,7
VS_042-S02-010_WEEK8_DIABP,042-S02-010,S02,WEEK8,Diastolic Blood Pressure,DIABP,77.0,77.0,mmHg,2026-04-10,7
VS_042-S02-010_WEEK8_PULSE,042-S02-010,S02,WEEK8,Pulse Rate,PULSE,77.0,77.0,beats/min,2026-04-10,7
VS_042-S02-010_WEEK8_WEIGHT,042-S02-010,S02,WEEK8,Weight,WEIGHT,78.5,78.5,kg,2026-04-10,7
VS_042-S02-011_WEEK8_SYSBP,042-S02-011,S02,WEEK8,Systolic Blood Pressure,SYSBP,119.0,119.0,mmHg,2026-04-10,7
VS_042-S02-011_WEEK8_DIABP,042-S02-011,S02,WEEK8,Diastolic Blood Pressure,DIABP,78.0,78.0,mmHg,2026-04-10,7
VS_042-S02-011_WEEK8_PULSE,042-S02-011,S02,WEEK8,Pulse Rate,PULSE,70.0,70.0,beats/min,2026-04-10,7
VS_042-S02-011_WEEK8_WEIGHT,042-S02-011,S02,WEEK8,Weight,WEIGHT,82.5,82.5,kg,2026-04-10,7
VS_042-S02-012_WEEK8_SYSBP,042-S02-012,S02,WEEK8,Systolic Blood Pressure,SYSBP,129.0,129.0,mmHg,2026-04-10,7
VS_042-S02-012_WEEK8_DIABP,042-S02-012,S02,WEEK8,Diastolic Blood Pressure,DIABP,83.0,83.0,mmHg,2026-04-10,7
VS_042-S02-012_WEEK8_PULSE,042-S02-012,S02,WEEK8,Pulse Rate,PULSE,68.0,68.0,beats/min,2026-04-10,7
VS_042-S02-012_WEEK8_WEIGHT,042-S02-012,S02,WEEK8,Weight,WEIGHT,81.5,81.5,kg,2026-04-10,7
VS_042-S02-013_WEEK8_SYSBP,042-S02-013,S02,WEEK8,Systolic Blood Pressure,SYSBP,127.0,127.0,mmHg,2026-04-10,7
VS_042-S02-013_WEEK8_DIABP,042-S02-013,S02,WEEK8,Diastolic Blood Pressure,DIABP,75.0,75.0,mmHg,2026-04-10,7
VS_042-S02-013_WEEK8_PULSE,042-S02-013,S02,WEEK8,Pulse Rate,PULSE,76.0,76.0,beats/min,2026-04-10,7
VS_042-S02-013_WEEK8_WEIGHT,042-S02-013,S02,WEEK8,Weight,WEIGHT,87.5,87.5,kg,2026-04-10,7
VS_042-S02-014_WEEK8_SYSBP,042-S02-014,S02,WEEK8,Systolic Blood Pressure,SYSBP,121.0,121.0,mmHg,2026-04-10,7
VS_042-S02-014_WEEK8_DIABP,042-S02-014,S02,WEEK8,Diastolic Blood Pressure,DIABP,77.0,77.0,mmHg,2026-04-10,7
VS_042-S02-014_WEEK8_PULSE,042-S02-014,S02,WEEK8,Pulse Rate,PULSE,74.0,74.0,beats/min,2026-04-10,7
VS_042-S02-014_WEEK8_WEIGHT,042-S02-014,S02,WEEK8,Weight,WEIGHT,84.5,84.5,kg,2026-04-10,7
VS_042-S02-015_WEEK8_SYSBP,042-S02-015,S02,WEEK8,Systolic Blood Pressure,SYSBP,126.0,126.0,mmHg,2026-04-10,7
VS_042-S02-015_WEEK8_DIABP,042-S02-015,S02,WEEK8,Diastolic Blood Pressure,DIABP,76.0,76.0,mmHg,2026-04-10,7
VS_042-S02-015_WEEK8_PULSE,042-S02-015,S02,WEEK8,Pulse Rate,PULSE,70.0,70.0,beats/min,2026-04-10,7
VS_042-S02-015_WEEK8_WEIGHT,042-S02-015,S02,WEEK8,Weight,WEIGHT,78.5,78.5,kg,2026-04-10,7
VS_042-S02-016_WEEK8_SYSBP,042-S02-016,S02,WEEK8,Systolic Blood Pressure,SYSBP,123.0,123.0,mmHg,2026-04-10,7
VS_042-S02-016_WEEK8_DIABP,042-S02-016,S02,WEEK8,Diastolic Blood Pressure,DIABP,81.0,81.0,mmHg,2026-04-10,7
VS_042-S02-016_WEEK8_PULSE,042-S02-016,S02,WEEK8,Pulse Rate,PULSE,70.0,70.0,beats/min,2026-04-10,7
VS_042-S02-016_WEEK8_WEIGHT,042-S02-016,S02,WEEK8,Weight,WEIGHT,80.5,80.5,kg,2026-04-10,7
VS_042-S02-017_WEEK8_SYSBP,042-S02-017,S02,WEEK8,Systolic Blood Pressure,SYSBP,120.0,120.0,mmHg,2026-04-10,7
VS_042-S02-017_WEEK8_DIABP,042-S02-017,S02,WEEK8,Diastolic Blood Pressure,DIABP,82.0,82.0,mmHg,2026-04-10,7
VS_042-S02-017_WEEK8_PULSE,042-S02-017,S02,WEEK8,Pulse Rate,PULSE,71.0,71.0,beats/min,2026-04-10,7
VS_042-S02-017_WEEK8_WEIGHT,042-S02-017,S02,WEEK8,Weight,WEIGHT,77.5,77.5,kg,2026-04-10,7
VS_042-S02-018_WEEK8_SYSBP,042-S02-018,S02,WEEK8,Systolic Blood Pressure,SYSBP,122.0,122.0,mmHg,2026-04-10,7
VS_042-S02-018_WEEK8_DIABP,042-S02-018,S02,WEEK8,Diastolic Blood Pressure,DIABP,76.0,76.0,mmHg,2026-04-10,7
VS_042-S02-018_WEEK8_PULSE,042-S02-018,S02,WEEK8,Pulse Rate,PULSE,69.0,69.0,beats/min,2026-04-10,7
VS_042-S02-018_WEEK8_WEIGHT,042-S02-018,S02,WEEK8,Weight,WEIGHT,84.5,84.5,kg,2026-04-10,7
VS_042-S02-019_WEEK8_SYSBP,042-S02-019,S02,WEEK8,Systolic Blood Pressure,SYSBP,122.0,122.0,mmHg,2026-04-10,7
VS_042-S02-019_WEEK8_DIABP,042-S02-019,S02,WEEK8,Diastolic Blood Pressure,DIABP,77.0,77.0,mmHg,2026-04-10,7
VS_042-S02-019_WEEK8_PULSE,042-S02-019,S02,WEEK8,Pulse Rate,PULSE,73.0,73.0,beats/min,2026-04-10,7
VS_042-S02-019_WEEK8_WEIGHT,042-S02-019,S02,WEEK8,Weight,WEIGHT,79.5,79.5,kg,2026-04-10,7
VS_042-S02-020_WEEK8_SYSBP,042-S02-020,S02,WEEK8,Systolic Blood Pressure,SYSBP,128.0,128.0,mmHg,2026-04-10,7
VS_042-S02-020_WEEK8_DIABP,042-S02-020,S02,WEEK8,Diastolic Blood Pressure,DIABP,80.0,80.0,mmHg,2026-04-10,7
VS_042-S02-020_WEEK8_PULSE,042-S02-020,S02,WEEK8,Pulse Rate,PULSE,75.0,75.0,beats/min,2026-04-10,7
VS_042-S02-020_WEEK8_WEIGHT,042-S02-020,S02,WEEK8,Weight,WEIGHT,86.5,86.5,kg,2026-04-10,7
VS_042-S03-001_WEEK8_SYSBP,042-S03-001,S03,WEEK8,Systolic Blood Pressure,SYSBP,129.0,129.0,mmHg,2026-04-10,7
VS_042-S03-001_WEEK8_DIABP,042-S03-001,S03,WEEK8,Diastolic Blood Pressure,DIABP,74.0,74.0,mmHg,2026-04-10,7
VS_042-S03-001_WEEK8_PULSE,042-S03-001,S03,WEEK8,Pulse Rate,PULSE,69.0,69.0,beats/min,2026-04-10,7
VS_042-S03-001_WEEK8_WEIGHT,042-S03-001,S03,WEEK8,Weight,WEIGHT,86.5,86.5,kg,2026-04-10,7
VS_042-S03-002_WEEK8_SYSBP,042-S03-002,S03,WEEK8,Systolic Blood Pressure,SYSBP,125.0,125.0,mmHg,2026-04-10,7
VS_042-S03-002_WEEK8_DIABP,042-S03-002,S03,WEEK8,Diastolic Blood Pressure,DIABP,77.0,77.0,mmHg,2026-04-10,7
VS_042-S03-002_WEEK8_PULSE,042-S03-002,S03,WEEK8,Pulse Rate,PULSE,77.0,77.0,beats/min,2026-04-10,7
VS_042-S03-002_WEEK8_WEIGHT,042-S03-002,S03,WEEK8,Weight,WEIGHT,78.5,78.5,kg,2026-04-10,7
VS_042-S03-003_WEEK8_SYSBP,042-S03-003,S03,WEEK8,Systolic Blood Pressure,SYSBP,121.0,121.0,mmHg,2026-04-10,7
VS_042-S03-003_WEEK8_DIABP,042-S03-003,S03,WEEK8,Diastolic Blood Pressure,DIABP,80.0,80.0,mmHg,2026-04-10,7
VS_042-S03-003_WEEK8_PULSE,042-S03-003,S03,WEEK8,Pulse Rate,PULSE,73.0,73.0,beats/min,2026-04-10,7
VS_042-S03-003_WEEK8_WEIGHT,042-S03-003,S03,WEEK8,Weight,WEIGHT,87.5,87.5,kg,2026-04-10,7
VS_042-S03-004_WEEK8_SYSBP,042-S03-004,S03,WEEK8,Systolic Blood Pressure,SYSBP,121.0,121.0,mmHg,2026-04-10,7
VS_042-S03-004_WEEK8_DIABP,042-S03-004,S03,WEEK8,Diastolic Blood Pressure,DIABP,73.0,73.0,mmHg,2026-04-10,7
VS_042-S03-004_WEEK8_PULSE,042-S03-004,S03,WEEK8,Pulse Rate,PULSE,73.0,73.0,beats/min,2026-04-10,7
VS_042-S03-004_WEEK8_WEIGHT,042-S03-004,S03,WEEK8,Weight,WEIGHT,82.5,82.5,kg,2026-04-10,7
VS_042-S03-005_WEEK8_SYSBP,042-S03-005,S03,WEEK8,Systolic Blood Pressure,SYSBP,119.0,119.0,mmHg,2026-04-10,7
VS_042-S03-005_WEEK8_DIABP,042-S03-005,S03,WEEK8,Diastolic Blood Pressure,DIABP,81.0,81.0,mmHg,2026-04-10,7
VS_042-S03-005_WEEK8_PULSE,042-S03-005,S03,WEEK8,Pulse Rate,PULSE,69.0,69.0,beats/min,2026-04-10,7
VS_042-S03-005_WEEK8_WEIGHT,042-S03-005,S03,WEEK8,Weight,WEIGHT,82.5,82.5,kg,2026-04-10,7
VS_042-S03-006_WEEK8_SYSBP,042-S03-006,S03,WEEK8,Systolic Blood Pressure,SYSBP,129.0,129.0,mmHg,2026-04-10,7
VS_042-S03-006_WEEK8_DIABP,042-S03-006,S03,WEEK8,Diastolic Blood Pressure,DIABP,80.0,80.0,mmHg,2026-04-10,7
VS_042-S03-006_WEEK8_PULSE,042-S03-006,S03,WEEK8,Pulse Rate,PULSE,72.0,72.0,beats/min,2026-04-10,7
VS_042-S03-006_WEEK8_WEIGHT,042-S03-006,S03,WEEK8,Weight,WEIGHT,82.5,82.5,kg,2026-04-10,7
VS_042-S03-007_WEEK8_SYSBP,042-S03-007,S03,WEEK8,Systolic Blood Pressure,SYSBP,129.0,129.0,mmHg,2026-04-10,7
VS_042-S03-007_WEEK8_DIABP,042-S03-007,S03,WEEK8,Diastolic Blood Pressure,DIABP,76.0,76.0,mmHg,2026-04-10,7
VS_042-S03-007_WEEK8_PULSE,042-S03-007,S03,WEEK8,Pulse Rate,PULSE,69.0,69.0,beats/min,2026-04-10,7
VS_042-S03-007_WEEK8_WEIGHT,042-S03-007,S03,WEEK8,Weight,WEIGHT,78.5,78.5,kg,2026-04-10,7
VS_042-S03-008_WEEK8_SYSBP,042-S03-008,S03,WEEK8,Systolic Blood Pressure,SYSBP,128.0,128.0,mmHg,2026-04-10,7
VS_042-S03-008_WEEK8_DIABP,042-S03-008,S03,WEEK8,Diastolic Blood Pressure,DIABP,74.0,74.0,mmHg,2026-04-10,7
VS_042-S03-008_WEEK8_PULSE,042-S03-008,S03,WEEK8,Pulse Rate,PULSE,75.0,75.0,beats/min,2026-04-10,7
VS_042-S03-008_WEEK8_WEIGHT,042-S03-008,S03,WEEK8,Weight,WEIGHT,82.5,82.5,kg,2026-04-10,7
VS_042-S03-009_WEEK8_SYSBP,042-S03-009,S03,WEEK8,Systolic Blood Pressure,SYSBP,122.0,122.0,mmHg,2026-04-10,7
VS_042-S03-009_WEEK8_DIABP,042-S03-009,S03,WEEK8,Diastolic Blood Pressure,DIABP,83.0,83.0,mmHg,2026-04-10,7
VS_042-S03-009_WEEK8_PULSE,042-S03-009,S03,WEEK8,Pulse Rate,PULSE,76.0,76.0,beats/min,2026-04-10,7
VS_042-S03-009_WEEK8_WEIGHT,042-S03-009,S03,WEEK8,Weight,WEIGHT,84.5,84.5,kg,2026-04-10,7
VS_042-S03-010_WEEK8_SYSBP,042-S03-010,S03,WEEK8,Systolic Blood Pressure,SYSBP,129.0,129.0,mmHg,2026-04-10,7
VS_042-S03-010_WEEK8_DIABP,042-S03-010,S03,WEEK8,Diastolic Blood Pressure,DIABP,80.0,80.0,mmHg,2026-04-10,7
VS_042-S03-010_WEEK8_PULSE,042-S03-010,S03,WEEK8,Pulse Rate,PULSE,77.0,77.0,beats/min,2026-04-10,7
VS_042-S03-010_WEEK8_WEIGHT,042-S03-010,S03,WEEK8,Weight,WEIGHT,83.5,83.5,kg,2026-04-10,7
VS_042-S03-011_WEEK8_SYSBP,042-S03-011,S03,WEEK8,Systolic Blood Pressure,SYSBP,122.0,122.0,mmHg,2026-04-10,7
VS_042-S03-011_WEEK8_DIABP,042-S03-011,S03,WEEK8,Diastolic Blood Pressure,DIABP,82.0,82.0,mmHg,2026-04-10,7
VS_042-S03-011_WEEK8_PULSE,042-S03-011,S03,WEEK8,Pulse Rate,PULSE,67.0,67.0,beats/min,2026-04-10,7
VS_042-S03-011_WEEK8_WEIGHT,042-S03-011,S03,WEEK8,Weight,WEIGHT,84.5,84.5,kg,2026-04-10,7
VS_042-S03-012_WEEK8_SYSBP,042-S03-012,S03,WEEK8,Systolic Blood Pressure,SYSBP,126.0,126.0,mmHg,2026-04-10,7
VS_042-S03-012_WEEK8_DIABP,042-S03-012,S03,WEEK8,Diastolic Blood Pressure,DIABP,77.0,77.0,mmHg,2026-04-10,7
VS_042-S03-012_WEEK8_PULSE,042-S03-012,S03,WEEK8,Pulse Rate,PULSE,76.0,76.0,beats/min,2026-04-10,7
VS_042-S03-012_WEEK8_WEIGHT,042-S03-012,S03,WEEK8,Weight,WEIGHT,81.5,81.5,kg,2026-04-10,7
VS_042-S03-013_WEEK8_SYSBP,042-S03-013,S03,WEEK8,Systolic Blood Pressure,SYSBP,125.0,125.0,mmHg,2026-04-10,7
VS_042-S03-013_WEEK8_DIABP,042-S03-013,S03,WEEK8,Diastolic Blood Pressure,DIABP,75.0,75.0,mmHg,2026-04-10,7
VS_042-S03-013_WEEK8_PULSE,042-S03-013,S03,WEEK8,Pulse Rate,PULSE,69.0,69.0,beats/min,2026-04-10,7
VS_042-S03-013_WEEK8_WEIGHT,042-S03-013,S03,WEEK8,Weight,WEIGHT,87.5,87.5,kg,2026-04-10,7
VS_042-S03-014_WEEK8_SYSBP,042-S03-014,S03,WEEK8,Systolic Blood Pressure,SYSBP,119.0,119.0,mmHg,2026-04-10,7
VS_042-S03-014_WEEK8_DIABP,042-S03-014,S03,WEEK8,Diastolic Blood Pressure,DIABP,83.0,83.0,mmHg,2026-04-10,7
VS_042-S03-014_WEEK8_PULSE,042-S03-014,S03,WEEK8,Pulse Rate,PULSE,74.0,74.0,beats/min,2026-04-10,7
VS_042-S03-014_WEEK8_WEIGHT,042-S03-014,S03,WEEK8,Weight,WEIGHT,82.5,82.5,kg,2026-04-10,7
VS_042-S03-015_WEEK8_SYSBP,042-S03-015,S03,WEEK8,Systolic Blood Pressure,SYSBP,129.0,129.0,mmHg,2026-04-10,7
VS_042-S03-015_WEEK8_DIABP,042-S03-015,S03,WEEK8,Diastolic Blood Pressure,DIABP,77.0,77.0,mmHg,2026-04-10,7
VS_042-S03-015_WEEK8_PULSE,042-S03-015,S03,WEEK8,Pulse Rate,PULSE,76.0,76.0,beats/min,2026-04-10,7
VS_042-S03-015_WEEK8_WEIGHT,042-S03-015,S03,WEEK8,Weight,WEIGHT,83.5,83.5,kg,2026-04-10,7
VS_042-S03-016_WEEK8_SYSBP,042-S03-016,S03,WEEK8,Systolic Blood Pressure,SYSBP,126.0,126.0,mmHg,2026-04-10,7
VS_042-S03-016_WEEK8_DIABP,042-S03-016,S03,WEEK8,Diastolic Blood Pressure,DIABP,80.0,80.0,mmHg,2026-04-10,7
VS_042-S03-016_WEEK8_PULSE,042-S03-016,S03,WEEK8,Pulse Rate,PULSE,69.0,69.0,beats/min,2026-04-10,7
VS_042-S03-016_WEEK8_WEIGHT,042-S03-016,S03,WEEK8,Weight,WEIGHT,85.5,85.5,kg,2026-04-10,7
VS_042-S03-017_WEEK8_SYSBP,042-S03-017,S03,WEEK8,Systolic Blood Pressure,SYSBP,123.0,123.0,mmHg,2026-04-10,7
VS_042-S03-017_WEEK8_DIABP,042-S03-017,S03,WEEK8,Diastolic Blood Pressure,DIABP,83.0,83.0,mmHg,2026-04-10,7
VS_042-S03-017_WEEK8_PULSE,042-S03-017,S03,WEEK8,Pulse Rate,PULSE,76.0,76.0,beats/min,2026-04-10,7
VS_042-S03-017_WEEK8_WEIGHT,042-S03-017,S03,WEEK8,Weight,WEIGHT,84.5,84.5,kg,2026-04-10,7
VS_042-S03-018_WEEK8_SYSBP,042-S03-018,S03,WEEK8,Systolic Blood Pressure,SYSBP,128.0,128.0,mmHg,2026-04-10,7
VS_042-S03-018_WEEK8_DIABP,042-S03-018,S03,WEEK8,Diastolic Blood Pressure,DIABP,74.0,74.0,mmHg,2026-04-10,7
VS_042-S03-018_WEEK8_PULSE,042-S03-018,S03,WEEK8,Pulse Rate,PULSE,74.0,74.0,beats/min,2026-04-10,7
VS_042-S03-018_WEEK8_WEIGHT,042-S03-018,S03,WEEK8,Weight,WEIGHT,81.5,81.5,kg,2026-04-10,7
VS_042-S03-019_WEEK8_SYSBP,042-S03-019,S03,WEEK8,Systolic Blood Pressure,SYSBP,122.0,122.0,mmHg,2026-04-10,7
VS_042-S03-019_WEEK8_DIABP,042-S03-019,S03,WEEK8,Diastolic Blood Pressure,DIABP,82.0,82.0,mmHg,2026-04-10,7
VS_042-S03-019_WEEK8_PULSE,042-S03-019,S03,WEEK8,Pulse Rate,PULSE,69.0,69.0,beats/min,2026-04-10,7
VS_042-S03-019_WEEK8_WEIGHT,042-S03-019,S03,WEEK8,Weight,WEIGHT,85.5,85.5,kg,2026-04-10,7
VS_042-S03-020_WEEK8_SYSBP,042-S03-020,S03,WEEK8,Systolic Blood Pressure,SYSBP,126.0,126.0,mmHg,2026-04-10,7
VS_042-S03-020_WEEK8_DIABP,042-S03-020,S03,WEEK8,Diastolic Blood Pressure,DIABP,78.0,78.0,mmHg,2026-04-10,7
VS_042-S03-020_WEEK8_PULSE,042-S03-020,S03,WEEK8,Pulse Rate,PULSE,75.0,75.0,beats/min,2026-04-10,7
VS_042-S03-020_WEEK8_WEIGHT,042-S03-020,S03,WEEK8,Weight,WEIGHT,83.5,83.5,kg,2026-04-10,7
VS_042-S04-001_WEEK8_SYSBP,042-S04-001,S04,WEEK8,Systolic Blood Pressure,SYSBP,123.0,123.0,mmHg,2026-04-10,7
VS_042-S04-001_WEEK8_DIABP,042-S04-001,S04,WEEK8,Diastolic Blood Pressure,DIABP,74.0,74.0,mmHg,2026-04-10,7
VS_042-S04-001_WEEK8_PULSE,042-S04-001,S04,WEEK8,Pulse Rate,PULSE,72.0,72.0,beats/min,2026-04-10,7
VS_042-S04-001_WEEK8_WEIGHT,042-S04-001,S04,WEEK8,Weight,WEIGHT,78.5,78.5,kg,2026-04-10,7
VS_042-S04-002_WEEK8_SYSBP,042-S04-002,S04,WEEK8,Systolic Blood Pressure,SYSBP,120.0,120.0,mmHg,2026-04-10,7
VS_042-S04-002_WEEK8_DIABP,042-S04-002,S04,WEEK8,Diastolic Blood Pressure,DIABP,81.0,81.0,mmHg,2026-04-10,7
VS_042-S04-002_WEEK8_PULSE,042-S04-002,S04,WEEK8,Pulse Rate,PULSE,67.0,67.0,beats/min,2026-04-10,7
VS_042-S04-002_WEEK8_WEIGHT,042-S04-002,S04,WEEK8,Weight,WEIGHT,81.5,81.5,kg,2026-04-10,7
VS_042-S04-003_WEEK8_SYSBP,042-S04-003,S04,WEEK8,Systolic Blood Pressure,SYSBP,122.0,122.0,mmHg,2026-04-10,7
VS_042-S04-003_WEEK8_DIABP,042-S04-003,S04,WEEK8,Diastolic Blood Pressure,DIABP,81.0,81.0,mmHg,2026-04-10,7
VS_042-S04-003_WEEK8_PULSE,042-S04-003,S04,WEEK8,Pulse Rate,PULSE,72.0,72.0,beats/min,2026-04-10,7
VS_042-S04-003_WEEK8_WEIGHT,042-S04-003,S04,WEEK8,Weight,WEIGHT,77.5,77.5,kg,2026-04-10,7
VS_042-S04-004_WEEK8_SYSBP,042-S04-004,S04,WEEK8,Systolic Blood Pressure,SYSBP,121.0,121.0,mmHg,2026-04-10,7
VS_042-S04-004_WEEK8_DIABP,042-S04-004,S04,WEEK8,Diastolic Blood Pressure,DIABP,78.0,78.0,mmHg,2026-04-10,7
VS_042-S04-004_WEEK8_PULSE,042-S04-004,S04,WEEK8,Pulse Rate,PULSE,70.0,70.0,beats/min,2026-04-10,7
VS_042-S04-004_WEEK8_WEIGHT,042-S04-004,S04,WEEK8,Weight,WEIGHT,84.5,84.5,kg,2026-04-10,7
VS_042-S04-005_WEEK8_SYSBP,042-S04-005,S04,WEEK8,Systolic Blood Pressure,SYSBP,128.0,128.0,mmHg,2026-04-10,7
VS_042-S04-005_WEEK8_DIABP,042-S04-005,S04,WEEK8,Diastolic Blood Pressure,DIABP,73.0,73.0,mmHg,2026-04-10,7
VS_042-S04-005_WEEK8_PULSE,042-S04-005,S04,WEEK8,Pulse Rate,PULSE,73.0,73.0,beats/min,2026-04-10,7
VS_042-S04-005_WEEK8_WEIGHT,042-S04-005,S04,WEEK8,Weight,WEIGHT,78.5,78.5,kg,2026-04-10,7
VS_042-S04-006_WEEK8_SYSBP,042-S04-006,S04,WEEK8,Systolic Blood Pressure,SYSBP,128.0,128.0,mmHg,2026-04-10,7
VS_042-S04-006_WEEK8_DIABP,042-S04-006,S04,WEEK8,Diastolic Blood Pressure,DIABP,83.0,83.0,mmHg,2026-04-10,7
VS_042-S04-006_WEEK8_PULSE,042-S04-006,S04,WEEK8,Pulse Rate,PULSE,71.0,71.0,beats/min,2026-04-10,7
VS_042-S04-006_WEEK8_WEIGHT,042-S04-006,S04,WEEK8,Weight,WEIGHT,87.5,87.5,kg,2026-04-10,7
VS_042-S04-007_WEEK8_SYSBP,042-S04-007,S04,WEEK8,Systolic Blood Pressure,SYSBP,119.0,119.0,mmHg,2026-04-10,7
VS_042-S04-007_WEEK8_DIABP,042-S04-007,S04,WEEK8,Diastolic Blood Pressure,DIABP,83.0,83.0,mmHg,2026-04-10,7
VS_042-S04-007_WEEK8_PULSE,042-S04-007,S04,WEEK8,Pulse Rate,PULSE,76.0,76.0,beats/min,2026-04-10,7
VS_042-S04-007_WEEK8_WEIGHT,042-S04-007,S04,WEEK8,Weight,WEIGHT,78.5,78.5,kg,2026-04-10,7
VS_042-S04-008_WEEK8_SYSBP,042-S04-008,S04,WEEK8,Systolic Blood Pressure,SYSBP,123.0,123.0,mmHg,2026-04-10,7
VS_042-S04-008_WEEK8_DIABP,042-S04-008,S04,WEEK8,Diastolic Blood Pressure,DIABP,81.0,81.0,mmHg,2026-04-10,7
VS_042-S04-008_WEEK8_PULSE,042-S04-008,S04,WEEK8,Pulse Rate,PULSE,73.0,73.0,beats/min,2026-04-10,7
VS_042-S04-008_WEEK8_WEIGHT,042-S04-008,S04,WEEK8,Weight,WEIGHT,83.5,83.5,kg,2026-04-10,7
VS_042-S04-009_WEEK8_SYSBP,042-S04-009,S04,WEEK8,Systolic Blood Pressure,SYSBP,125.0,125.0,mmHg,2026-04-10,7
VS_042-S04-009_WEEK8_DIABP,042-S04-009,S04,WEEK8,Diastolic Blood Pressure,DIABP,79.0,79.0,mmHg,2026-04-10,7
VS_042-S04-009_WEEK8_PULSE,042-S04-009,S04,WEEK8,Pulse Rate,PULSE,70.0,70.0,beats/min,2026-04-10,7
VS_042-S04-009_WEEK8_WEIGHT,042-S04-009,S04,WEEK8,Weight,WEIGHT,83.5,83.5,kg,2026-04-10,7
VS_042-S04-010_WEEK8_SYSBP,042-S04-010,S04,WEEK8,Systolic Blood Pressure,SYSBP,128.0,128.0,mmHg,2026-04-10,7
VS_042-S04-010_WEEK8_DIABP,042-S04-010,S04,WEEK8,Diastolic Blood Pressure,DIABP,83.0,83.0,mmHg,2026-04-10,7
VS_042-S04-010_WEEK8_PULSE,042-S04-010,S04,WEEK8,Pulse Rate,PULSE,74.0,74.0,beats/min,2026-04-10,7
VS_042-S04-010_WEEK8_WEIGHT,042-S04-010,S04,WEEK8,Weight,WEIGHT,84.5,84.5,kg,2026-04-10,7
VS_042-S04-011_WEEK8_SYSBP,042-S04-011,S04,WEEK8,Systolic Blood Pressure,SYSBP,120.0,120.0,mmHg,2026-04-10,7
VS_042-S04-011_WEEK8_DIABP,042-S04-011,S04,WEEK8,Diastolic Blood Pressure,DIABP,78.0,78.0,mmHg,2026-04-10,7
VS_042-S04-011_WEEK8_PULSE,042-S04-011,S04,WEEK8,Pulse Rate,PULSE,74.0,74.0,beats/min,2026-04-10,7
VS_042-S04-011_WEEK8_WEIGHT,042-S04-011,S04,WEEK8,Weight,WEIGHT,86.5,86.5,kg,2026-04-10,7
VS_042-S04-012_WEEK8_SYSBP,042-S04-012,S04,WEEK8,Systolic Blood Pressure,SYSBP,123.0,123.0,mmHg,2026-04-10,7
VS_042-S04-012_WEEK8_DIABP,042-S04-012,S04,WEEK8,Diastolic Blood Pressure,DIABP,82.0,82.0,mmHg,2026-04-10,7
VS_042-S04-012_WEEK8_PULSE,042-S04-012,S04,WEEK8,Pulse Rate,PULSE,76.0,76.0,beats/min,2026-04-10,7
VS_042-S04-012_WEEK8_WEIGHT,042-S04-012,S04,WEEK8,Weight,WEIGHT,82.5,82.5,kg,2026-04-10,7
VS_042-S04-013_WEEK8_SYSBP,042-S04-013,S04,WEEK8,Systolic Blood Pressure,SYSBP,123.0,123.0,mmHg,2026-04-10,7
VS_042-S04-013_WEEK8_DIABP,042-S04-013,S04,WEEK8,Diastolic Blood Pressure,DIABP,80.0,80.0,mmHg,2026-04-10,7
VS_042-S04-013_WEEK8_PULSE,042-S04-013,S04,WEEK8,Pulse Rate,PULSE,71.0,71.0,beats/min,2026-04-10,7
VS_042-S04-013_WEEK8_WEIGHT,042-S04-013,S04,WEEK8,Weight,WEIGHT,85.5,85.5,kg,2026-04-10,7
VS_042-S04-014_WEEK8_SYSBP,042-S04-014,S04,WEEK8,Systolic Blood Pressure,SYSBP,125.0,125.0,mmHg,2026-04-10,7
VS_042-S04-014_WEEK8_DIABP,042-S04-014,S04,WEEK8,Diastolic Blood Pressure,DIABP,82.0,82.0,mmHg,2026-04-10,7
VS_042-S04-014_WEEK8_PULSE,042-S04-014,S04,WEEK8,Pulse Rate,PULSE,74.0,74.0,beats/min,2026-04-10,7
VS_042-S04-014_WEEK8_WEIGHT,042-S04-014,S04,WEEK8,Weight,WEIGHT,77.5,77.5,kg,2026-04-10,7
VS_042-S04-015_WEEK8_SYSBP,042-S04-015,S04,WEEK8,Systolic Blood Pressure,SYSBP,126.0,126.0,mmHg,2026-04-10,7
VS_042-S04-015_WEEK8_DIABP,042-S04-015,S04,WEEK8,Diastolic Blood Pressure,DIABP,81.0,81.0,mmHg,2026-04-10,7
VS_042-S04-015_WEEK8_PULSE,042-S04-015,S04,WEEK8,Pulse Rate,PULSE,67.0,67.0,beats/min,2026-04-10,7
VS_042-S04-015_WEEK8_WEIGHT,042-S04-015,S04,WEEK8,Weight,WEIGHT,78.5,78.5,kg,2026-04-10,7
VS_042-S04-016_WEEK8_SYSBP,042-S04-016,S04,WEEK8,Systolic Blood Pressure,SYSBP,129.0,129.0,mmHg,2026-04-10,7
VS_042-S04-016_WEEK8_DIABP,042-S04-016,S04,WEEK8,Diastolic Blood Pressure,DIABP,77.0,77.0,mmHg,2026-04-10,7
VS_042-S04-016_WEEK8_PULSE,042-S04-016,S04,WEEK8,Pulse Rate,PULSE,69.0,69.0,beats/min,2026-04-10,7
VS_042-S04-016_WEEK8_WEIGHT,042-S04-016,S04,WEEK8,Weight,WEIGHT,84.5,84.5,kg,2026-04-10,7
VS_042-S04-017_WEEK8_SYSBP,042-S04-017,S04,WEEK8,Systolic Blood Pressure,SYSBP,129.0,129.0,mmHg,2026-04-10,7
VS_042-S04-017_WEEK8_DIABP,042-S04-017,S04,WEEK8,Diastolic Blood Pressure,DIABP,83.0,83.0,mmHg,2026-04-10,7
VS_042-S04-017_WEEK8_PULSE,042-S04-017,S04,WEEK8,Pulse Rate,PULSE,77.0,77.0,beats/min,2026-04-10,7
VS_042-S04-017_WEEK8_WEIGHT,042-S04-017,S04,WEEK8,Weight,WEIGHT,79.5,79.5,kg,2026-04-10,7
VS_042-S04-018_WEEK8_SYSBP,042-S04-018,S04,WEEK8,Systolic Blood Pressure,SYSBP,125.0,125.0,mmHg,2026-04-10,7
VS_042-S04-018_WEEK8_DIABP,042-S04-018,S04,WEEK8,Diastolic Blood Pressure,DIABP,79.0,79.0,mmHg,2026-04-10,7
VS_042-S04-018_WEEK8_PULSE,042-S04-018,S04,WEEK8,Pulse Rate,PULSE,71.0,71.0,beats/min,2026-04-10,7
VS_042-S04-018_WEEK8_WEIGHT,042-S04-018,S04,WEEK8,Weight,WEIGHT,80.5,80.5,kg,2026-04-10,7
VS_042-S04-019_WEEK8_SYSBP,042-S04-019,S04,WEEK8,Systolic Blood Pressure,SYSBP,129.0,129.0,mmHg,2026-04-10,7
VS_042-S04-019_WEEK8_DIABP,042-S04-019,S04,WEEK8,Diastolic Blood Pressure,DIABP,82.0,82.0,mmHg,2026-04-10,7
VS_042-S04-019_WEEK8_PULSE,042-S04-019,S04,WEEK8,Pulse Rate,PULSE,67.0,67.0,beats/min,2026-04-10,7
VS_042-S04-019_WEEK8_WEIGHT,042-S04-019,S04,WEEK8,Weight,WEIGHT,78.5,78.5,kg,2026-04-10,7
VS_042-S04-020_WEEK8_SYSBP,042-S04-020,S04,WEEK8,Systolic Blood Pressure,SYSBP,127.0,127.0,mmHg,2026-04-10,7
VS_042-S04-020_WEEK8_DIABP,042-S04-020,S04,WEEK8,Diastolic Blood Pressure,DIABP,79.0,79.0,mmHg,2026-04-10,7
VS_042-S04-020_WEEK8_PULSE,042-S04-020,S04,WEEK8,Pulse Rate,PULSE,71.0,71.0,beats/min,2026-04-10,7
VS_042-S04-020_WEEK8_WEIGHT,042-S04-020,S04,WEEK8,Weight,WEIGHT,81.5,81.5,kg,2026-04-10,7
VS_042-S05-001_WEEK8_SYSBP,042-S05-001,S05,WEEK8,Systolic Blood Pressure,SYSBP,126.0,126.0,mmHg,2026-04-10,7
VS_042-S05-001_WEEK8_DIABP,042-S05-001,S05,WEEK8,Diastolic Blood Pressure,DIABP,73.0,73.0,mmHg,2026-04-10,7
VS_042-S05-001_WEEK8_PULSE,042-S05-001,S05,WEEK8,Pulse Rate,PULSE,73.0,73.0,beats/min,2026-04-10,7
VS_042-S05-001_WEEK8_WEIGHT,042-S05-001,S05,WEEK8,Weight,WEIGHT,84.5,84.5,kg,2026-04-10,7
VS_042-S05-002_WEEK8_SYSBP,042-S05-002,S05,WEEK8,Systolic Blood Pressure,SYSBP,120.0,120.0,mmHg,2026-04-10,7
VS_042-S05-002_WEEK8_DIABP,042-S05-002,S05,WEEK8,Diastolic Blood Pressure,DIABP,75.0,75.0,mmHg,2026-04-10,7
VS_042-S05-002_WEEK8_PULSE,042-S05-002,S05,WEEK8,Pulse Rate,PULSE,68.0,68.0,beats/min,2026-04-10,7
VS_042-S05-002_WEEK8_WEIGHT,042-S05-002,S05,WEEK8,Weight,WEIGHT,84.5,84.5,kg,2026-04-10,7
VS_042-S05-003_WEEK8_SYSBP,042-S05-003,S05,WEEK8,Systolic Blood Pressure,SYSBP,127.0,127.0,mmHg,2026-04-10,7
VS_042-S05-003_WEEK8_DIABP,042-S05-003,S05,WEEK8,Diastolic Blood Pressure,DIABP,81.0,81.0,mmHg,2026-04-10,7
VS_042-S05-003_WEEK8_PULSE,042-S05-003,S05,WEEK8,Pulse Rate,PULSE,69.0,69.0,beats/min,2026-04-10,7
VS_042-S05-003_WEEK8_WEIGHT,042-S05-003,S05,WEEK8,Weight,WEIGHT,81.5,81.5,kg,2026-04-10,7
VS_042-S05-004_WEEK8_SYSBP,042-S05-004,S05,WEEK8,Systolic Blood Pressure,SYSBP,122.0,122.0,mmHg,2026-04-10,7
VS_042-S05-004_WEEK8_DIABP,042-S05-004,S05,WEEK8,Diastolic Blood Pressure,DIABP,80.0,80.0,mmHg,2026-04-10,7
VS_042-S05-004_WEEK8_PULSE,042-S05-004,S05,WEEK8,Pulse Rate,PULSE,74.0,74.0,beats/min,2026-04-10,7
VS_042-S05-004_WEEK8_WEIGHT,042-S05-004,S05,WEEK8,Weight,WEIGHT,86.5,86.5,kg,2026-04-10,7
VS_042-S05-005_WEEK8_SYSBP,042-S05-005,S05,WEEK8,Systolic Blood Pressure,SYSBP,121.0,121.0,mmHg,2026-04-10,7
VS_042-S05-005_WEEK8_DIABP,042-S05-005,S05,WEEK8,Diastolic Blood Pressure,DIABP,76.0,76.0,mmHg,2026-04-10,7
VS_042-S05-005_WEEK8_PULSE,042-S05-005,S05,WEEK8,Pulse Rate,PULSE,76.0,76.0,beats/min,2026-04-10,7
VS_042-S05-005_WEEK8_WEIGHT,042-S05-005,S05,WEEK8,Weight,WEIGHT,82.5,82.5,kg,2026-04-10,7
VS_042-S05-006_WEEK8_SYSBP,042-S05-006,S05,WEEK8,Systolic Blood Pressure,SYSBP,122.0,122.0,mmHg,2026-04-10,7
VS_042-S05-006_WEEK8_DIABP,042-S05-006,S05,WEEK8,Diastolic Blood Pressure,DIABP,77.0,77.0,mmHg,2026-04-10,7
VS_042-S05-006_WEEK8_PULSE,042-S05-006,S05,WEEK8,Pulse Rate,PULSE,74.0,74.0,beats/min,2026-04-10,7
VS_042-S05-006_WEEK8_WEIGHT,042-S05-006,S05,WEEK8,Weight,WEIGHT,81.5,81.5,kg,2026-04-10,7
VS_042-S05-007_WEEK8_SYSBP,042-S05-007,S05,WEEK8,Systolic Blood Pressure,SYSBP,125.0,125.0,mmHg,2026-04-10,7
VS_042-S05-007_WEEK8_DIABP,042-S05-007,S05,WEEK8,Diastolic Blood Pressure,DIABP,76.0,76.0,mmHg,2026-04-10,7
VS_042-S05-007_WEEK8_PULSE,042-S05-007,S05,WEEK8,Pulse Rate,PULSE,77.0,77.0,beats/min,2026-04-10,7
VS_042-S05-007_WEEK8_WEIGHT,042-S05-007,S05,WEEK8,Weight,WEIGHT,82.5,82.5,kg,2026-04-10,7
VS_042-S05-008_WEEK8_SYSBP,042-S05-008,S05,WEEK8,Systolic Blood Pressure,SYSBP,127.0,127.0,mmHg,2026-04-10,7
VS_042-S05-008_WEEK8_DIABP,042-S05-008,S05,WEEK8,Diastolic Blood Pressure,DIABP,82.0,82.0,mmHg,2026-04-10,7
VS_042-S05-008_WEEK8_PULSE,042-S05-008,S05,WEEK8,Pulse Rate,PULSE,77.0,77.0,beats/min,2026-04-10,7
VS_042-S05-008_WEEK8_WEIGHT,042-S05-008,S05,WEEK8,Weight,WEIGHT,80.5,80.5,kg,2026-04-10,7
VS_042-S05-009_WEEK8_SYSBP,042-S05-009,S05,WEEK8,Systolic Blood Pressure,SYSBP,124.0,124.0,mmHg,2026-04-10,7
VS_042-S05-009_WEEK8_DIABP,042-S05-009,S05,WEEK8,Diastolic Blood Pressure,DIABP,82.0,82.0,mmHg,2026-04-10,7
VS_042-S05-009_WEEK8_PULSE,042-S05-009,S05,WEEK8,Pulse Rate,PULSE,77.0,77.0,beats/min,2026-04-10,7
VS_042-S05-009_WEEK8_WEIGHT,042-S05-009,S05,WEEK8,Weight,WEIGHT,87.5,87.5,kg,2026-04-10,7
VS_042-S05-010_WEEK8_SYSBP,042-S05-010,S05,WEEK8,Systolic Blood Pressure,SYSBP,127.0,127.0,mmHg,2026-04-10,7
VS_042-S05-010_WEEK8_DIABP,042-S05-010,S05,WEEK8,Diastolic Blood Pressure,DIABP,74.0,74.0,mmHg,2026-04-10,7
VS_042-S05-010_WEEK8_PULSE,042-S05-010,S05,WEEK8,Pulse Rate,PULSE,69.0,69.0,beats/min,2026-04-10,7
VS_042-S05-010_WEEK8_WEIGHT,042-S05-010,S05,WEEK8,Weight,WEIGHT,81.5,81.5,kg,2026-04-10,7
VS_042-S05-011_WEEK8_SYSBP,042-S05-011,S05,WEEK8,Systolic Blood Pressure,SYSBP,127.0,127.0,mmHg,2026-04-10,7
VS_042-S05-011_WEEK8_DIABP,042-S05-011,S05,WEEK8,Diastolic Blood Pressure,DIABP,74.0,74.0,mmHg,2026-04-10,7
VS_042-S05-011_WEEK8_PULSE,042-S05-011,S05,WEEK8,Pulse Rate,PULSE,74.0,74.0,beats/min,2026-04-10,7
VS_042-S05-011_WEEK8_WEIGHT,042-S05-011,S05,WEEK8,Weight,WEIGHT,87.5,87.5,kg,2026-04-10,7
VS_042-S05-012_WEEK8_SYSBP,042-S05-012,S05,WEEK8,Systolic Blood Pressure,SYSBP,127.0,127.0,mmHg,2026-04-10,7
VS_042-S05-012_WEEK8_DIABP,042-S05-012,S05,WEEK8,Diastolic Blood Pressure,DIABP,75.0,75.0,mmHg,2026-04-10,7
VS_042-S05-012_WEEK8_PULSE,042-S05-012,S05,WEEK8,Pulse Rate,PULSE,67.0,67.0,beats/min,2026-04-10,7
VS_042-S05-012_WEEK8_WEIGHT,042-S05-012,S05,WEEK8,Weight,WEIGHT,79.5,79.5,kg,2026-04-10,7
VS_042-S05-013_WEEK8_SYSBP,042-S05-013,S05,WEEK8,Systolic Blood Pressure,SYSBP,124.0,124.0,mmHg,2026-04-10,7
VS_042-S05-013_WEEK8_DIABP,042-S05-013,S05,WEEK8,Diastolic Blood Pressure,DIABP,81.0,81.0,mmHg,2026-04-10,7
VS_042-S05-013_WEEK8_PULSE,042-S05-013,S05,WEEK8,Pulse Rate,PULSE,75.0,75.0,beats/min,2026-04-10,7
VS_042-S05-013_WEEK8_WEIGHT,042-S05-013,S05,WEEK8,Weight,WEIGHT,84.5,84.5,kg,2026-04-10,7
VS_042-S05-014_WEEK8_SYSBP,042-S05-014,S05,WEEK8,Systolic Blood Pressure,SYSBP,123.0,123.0,mmHg,2026-04-10,7
VS_042-S05-014_WEEK8_DIABP,042-S05-014,S05,WEEK8,Diastolic Blood Pressure,DIABP,83.0,83.0,mmHg,2026-04-10,7
VS_042-S05-014_WEEK8_PULSE,042-S05-014,S05,WEEK8,Pulse Rate,PULSE,68.0,68.0,beats/min,2026-04-10,7
VS_042-S05-014_WEEK8_WEIGHT,042-S05-014,S05,WEEK8,Weight,WEIGHT,80.5,80.5,kg,2026-04-10,7
VS_042-S05-015_WEEK8_SYSBP,042-S05-015,S05,WEEK8,Systolic Blood Pressure,SYSBP,128.0,128.0,mmHg,2026-04-10,7
VS_042-S05-015_WEEK8_DIABP,042-S05-015,S05,WEEK8,Diastolic Blood Pressure,DIABP,73.0,73.0,mmHg,2026-04-10,7
VS_042-S05-015_WEEK8_PULSE,042-S05-015,S05,WEEK8,Pulse Rate,PULSE,73.0,73.0,beats/min,2026-04-10,7
VS_042-S05-015_WEEK8_WEIGHT,042-S05-015,S05,WEEK8,Weight,WEIGHT,82.5,82.5,kg,2026-04-10,7
VS_042-S05-016_WEEK8_SYSBP,042-S05-016,S05,WEEK8,Systolic Blood Pressure,SYSBP,122.0,122.0,mmHg,2026-04-10,7
VS_042-S05-016_WEEK8_DIABP,042-S05-016,S05,WEEK8,Diastolic Blood Pressure,DIABP,78.0,78.0,mmHg,2026-04-10,7
VS_042-S05-016_WEEK8_PULSE,042-S05-016,S05,WEEK8,Pulse Rate,PULSE,76.0,76.0,beats/min,2026-04-10,7
VS_042-S05-016_WEEK8_WEIGHT,042-S05-016,S05,WEEK8,Weight,WEIGHT,77.5,77.5,kg,2026-04-10,7
VS_042-S05-017_WEEK8_SYSBP,042-S05-017,S05,WEEK8,Systolic Blood Pressure,SYSBP,128.0,128.0,mmHg,2026-04-10,7
VS_042-S05-017_WEEK8_DIABP,042-S05-017,S05,WEEK8,Diastolic Blood Pressure,DIABP,79.0,79.0,mmHg,2026-04-10,7
VS_042-S05-017_WEEK8_PULSE,042-S05-017,S05,WEEK8,Pulse Rate,PULSE,75.0,75.0,beats/min,2026-04-10,7
VS_042-S05-017_WEEK8_WEIGHT,042-S05-017,S05,WEEK8,Weight,WEIGHT,77.5,77.5,kg,2026-04-10,7
VS_042-S05-018_WEEK8_SYSBP,042-S05-018,S05,WEEK8,Systolic Blood Pressure,SYSBP,120.0,120.0,mmHg,2026-04-10,7
VS_042-S05-018_WEEK8_DIABP,042-S05-018,S05,WEEK8,Diastolic Blood Pressure,DIABP,80.0,80.0,mmHg,2026-04-10,7
VS_042-S05-018_WEEK8_PULSE,042-S05-018,S05,WEEK8,Pulse Rate,PULSE,76.0,76.0,beats/min,2026-04-10,7
VS_042-S05-018_WEEK8_WEIGHT,042-S05-018,S05,WEEK8,Weight,WEIGHT,86.5,86.5,kg,2026-04-10,7
VS_042-S05-019_WEEK8_SYSBP,042-S05-019,S05,WEEK8,Systolic Blood Pressure,SYSBP,125.0,125.0,mmHg,2026-04-10,7
VS_042-S05-019_WEEK8_DIABP,042-S05-019,S05,WEEK8,Diastolic Blood Pressure,DIABP,80.0,80.0,mmHg,2026-04-10,7
VS_042-S05-019_WEEK8_PULSE,042-S05-019,S05,WEEK8,Pulse Rate,PULSE,67.0,67.0,beats/min,2026-04-10,7
VS_042-S05-019_WEEK8_WEIGHT,042-S05-019,S05,WEEK8,Weight,WEIGHT,78.5,78.5,kg,2026-04-10,7
VS_042-S05-020_WEEK8_SYSBP,042-S05-020,S05,WEEK8,Systolic Blood Pressure,SYSBP,119.0,119.0,mmHg,2026-04-10,7
VS_042-S05-020_WEEK8_DIABP,042-S05-020,S05,WEEK8,Diastolic Blood Pressure,DIABP,79.0,79.0,mmHg,2026-04-10,7
VS_042-S05-020_WEEK8_PULSE,042-S05-020,S05,WEEK8,Pulse Rate,PULSE,76.0,76.0,beats/min,2026-04-10,7
VS_042-S05-020_WEEK8_WEIGHT,042-S05-020,S05,WEEK8,Weight,WEIGHT,78.5,78.5,kg,2026-04-10,7
VS_042-S06-001_WEEK8_SYSBP,042-S06-001,S06,WEEK8,Systolic Blood Pressure,SYSBP,129.0,129.0,mmHg,2026-04-10,7
VS_042-S06-001_WEEK8_DIABP,042-S06-001,S06,WEEK8,Diastolic Blood Pressure,DIABP,82.0,82.0,mmHg,2026-04-10,7
VS_042-S06-001_WEEK8_PULSE,042-S06-001,S06,WEEK8,Pulse Rate,PULSE,71.0,71.0,beats/min,2026-04-10,7
VS_042-S06-001_WEEK8_WEIGHT,042-S06-001,S06,WEEK8,Weight,WEIGHT,79.5,79.5,kg,2026-04-10,7
VS_042-S06-002_WEEK8_SYSBP,042-S06-002,S06,WEEK8,Systolic Blood Pressure,SYSBP,121.0,121.0,mmHg,2026-04-10,7
VS_042-S06-002_WEEK8_DIABP,042-S06-002,S06,WEEK8,Diastolic Blood Pressure,DIABP,75.0,75.0,mmHg,2026-04-10,7
VS_042-S06-002_WEEK8_PULSE,042-S06-002,S06,WEEK8,Pulse Rate,PULSE,68.0,68.0,beats/min,2026-04-10,7
VS_042-S06-002_WEEK8_WEIGHT,042-S06-002,S06,WEEK8,Weight,WEIGHT,78.5,78.5,kg,2026-04-10,7
VS_042-S06-003_WEEK8_SYSBP,042-S06-003,S06,WEEK8,Systolic Blood Pressure,SYSBP,129.0,129.0,mmHg,2026-04-10,7
VS_042-S06-003_WEEK8_DIABP,042-S06-003,S06,WEEK8,Diastolic Blood Pressure,DIABP,83.0,83.0,mmHg,2026-04-10,7
VS_042-S06-003_WEEK8_PULSE,042-S06-003,S06,WEEK8,Pulse Rate,PULSE,72.0,72.0,beats/min,2026-04-10,7
VS_042-S06-003_WEEK8_WEIGHT,042-S06-003,S06,WEEK8,Weight,WEIGHT,83.5,83.5,kg,2026-04-10,7
VS_042-S06-004_WEEK8_SYSBP,042-S06-004,S06,WEEK8,Systolic Blood Pressure,SYSBP,122.0,122.0,mmHg,2026-04-10,7
VS_042-S06-004_WEEK8_DIABP,042-S06-004,S06,WEEK8,Diastolic Blood Pressure,DIABP,78.0,78.0,mmHg,2026-04-10,7
VS_042-S06-004_WEEK8_PULSE,042-S06-004,S06,WEEK8,Pulse Rate,PULSE,76.0,76.0,beats/min,2026-04-10,7
VS_042-S06-004_WEEK8_WEIGHT,042-S06-004,S06,WEEK8,Weight,WEIGHT,80.5,80.5,kg,2026-04-10,7
VS_042-S06-005_WEEK8_SYSBP,042-S06-005,S06,WEEK8,Systolic Blood Pressure,SYSBP,123.0,123.0,mmHg,2026-04-10,7
VS_042-S06-005_WEEK8_DIABP,042-S06-005,S06,WEEK8,Diastolic Blood Pressure,DIABP,76.0,76.0,mmHg,2026-04-10,7
VS_042-S06-005_WEEK8_PULSE,042-S06-005,S06,WEEK8,Pulse Rate,PULSE,68.0,68.0,beats/min,2026-04-10,7
VS_042-S06-005_WEEK8_WEIGHT,042-S06-005,S06,WEEK8,Weight,WEIGHT,77.5,77.5,kg,2026-04-10,7
VS_042-S06-006_WEEK8_SYSBP,042-S06-006,S06,WEEK8,Systolic Blood Pressure,SYSBP,127.0,127.0,mmHg,2026-04-10,7
VS_042-S06-006_WEEK8_DIABP,042-S06-006,S06,WEEK8,Diastolic Blood Pressure,DIABP,74.0,74.0,mmHg,2026-04-10,7
VS_042-S06-006_WEEK8_PULSE,042-S06-006,S06,WEEK8,Pulse Rate,PULSE,73.0,73.0,beats/min,2026-04-10,7
VS_042-S06-006_WEEK8_WEIGHT,042-S06-006,S06,WEEK8,Weight,WEIGHT,83.5,83.5,kg,2026-04-10,7
VS_042-S06-007_WEEK8_SYSBP,042-S06-007,S06,WEEK8,Systolic Blood Pressure,SYSBP,123.0,123.0,mmHg,2026-04-10,7
VS_042-S06-007_WEEK8_DIABP,042-S06-007,S06,WEEK8,Diastolic Blood Pressure,DIABP,77.0,77.0,mmHg,2026-04-10,7
VS_042-S06-007_WEEK8_PULSE,042-S06-007,S06,WEEK8,Pulse Rate,PULSE,68.0,68.0,beats/min,2026-04-10,7
VS_042-S06-007_WEEK8_WEIGHT,042-S06-007,S06,WEEK8,Weight,WEIGHT,78.5,78.5,kg,2026-04-10,7
VS_042-S06-008_WEEK8_SYSBP,042-S06-008,S06,WEEK8,Systolic Blood Pressure,SYSBP,127.0,127.0,mmHg,2026-04-10,7
VS_042-S06-008_WEEK8_DIABP,042-S06-008,S06,WEEK8,Diastolic Blood Pressure,DIABP,77.0,77.0,mmHg,2026-04-10,7
VS_042-S06-008_WEEK8_PULSE,042-S06-008,S06,WEEK8,Pulse Rate,PULSE,68.0,68.0,beats/min,2026-04-10,7
VS_042-S06-008_WEEK8_WEIGHT,042-S06-008,S06,WEEK8,Weight,WEIGHT,77.5,77.5,kg,2026-04-10,7
VS_042-S06-009_WEEK8_SYSBP,042-S06-009,S06,WEEK8,Systolic Blood Pressure,SYSBP,128.0,128.0,mmHg,2026-04-10,7
VS_042-S06-009_WEEK8_DIABP,042-S06-009,S06,WEEK8,Diastolic Blood Pressure,DIABP,78.0,78.0,mmHg,2026-04-10,7
VS_042-S06-009_WEEK8_PULSE,042-S06-009,S06,WEEK8,Pulse Rate,PULSE,75.0,75.0,beats/min,2026-04-10,7
VS_042-S06-009_WEEK8_WEIGHT,042-S06-009,S06,WEEK8,Weight,WEIGHT,82.5,82.5,kg,2026-04-10,7
VS_042-S06-010_WEEK8_SYSBP,042-S06-010,S06,WEEK8,Systolic Blood Pressure,SYSBP,127.0,127.0,mmHg,2026-04-10,7
VS_042-S06-010_WEEK8_DIABP,042-S06-010,S06,WEEK8,Diastolic Blood Pressure,DIABP,81.0,81.0,mmHg,2026-04-10,7
VS_042-S06-010_WEEK8_PULSE,042-S06-010,S06,WEEK8,Pulse Rate,PULSE,74.0,74.0,beats/min,2026-04-10,7
VS_042-S06-010_WEEK8_WEIGHT,042-S06-010,S06,WEEK8,Weight,WEIGHT,80.5,80.5,kg,2026-04-10,7
VS_042-S06-011_WEEK8_SYSBP,042-S06-011,S06,WEEK8,Systolic Blood Pressure,SYSBP,121.0,121.0,mmHg,2026-04-10,7
VS_042-S06-011_WEEK8_DIABP,042-S06-011,S06,WEEK8,Diastolic Blood Pressure,DIABP,81.0,81.0,mmHg,2026-04-10,7
VS_042-S06-011_WEEK8_PULSE,042-S06-011,S06,WEEK8,Pulse Rate,PULSE,74.0,74.0,beats/min,2026-04-10,7
VS_042-S06-011_WEEK8_WEIGHT,042-S06-011,S06,WEEK8,Weight,WEIGHT,84.5,84.5,kg,2026-04-10,7
VS_042-S06-012_WEEK8_SYSBP,042-S06-012,S06,WEEK8,Systolic Blood Pressure,SYSBP,122.0,122.0,mmHg,2026-04-10,7
VS_042-S06-012_WEEK8_DIABP,042-S06-012,S06,WEEK8,Diastolic Blood Pressure,DIABP,81.0,81.0,mmHg,2026-04-10,7
VS_042-S06-012_WEEK8_PULSE,042-S06-012,S06,WEEK8,Pulse Rate,PULSE,71.0,71.0,beats/min,2026-04-10,7
VS_042-S06-012_WEEK8_WEIGHT,042-S06-012,S06,WEEK8,Weight,WEIGHT,83.5,83.5,kg,2026-04-10,7
VS_042-S06-013_WEEK8_SYSBP,042-S06-013,S06,WEEK8,Systolic Blood Pressure,SYSBP,122.0,122.0,mmHg,2026-04-10,7
VS_042-S06-013_WEEK8_DIABP,042-S06-013,S06,WEEK8,Diastolic Blood Pressure,DIABP,79.0,79.0,mmHg,2026-04-10,7
VS_042-S06-013_WEEK8_PULSE,042-S06-013,S06,WEEK8,Pulse Rate,PULSE,75.0,75.0,beats/min,2026-04-10,7
VS_042-S06-013_WEEK8_WEIGHT,042-S06-013,S06,WEEK8,Weight,WEIGHT,81.5,81.5,kg,2026-04-10,7
VS_042-S06-014_WEEK8_SYSBP,042-S06-014,S06,WEEK8,Systolic Blood Pressure,SYSBP,122.0,122.0,mmHg,2026-04-10,7
VS_042-S06-014_WEEK8_DIABP,042-S06-014,S06,WEEK8,Diastolic Blood Pressure,DIABP,73.0,73.0,mmHg,2026-04-10,7
VS_042-S06-014_WEEK8_PULSE,042-S06-014,S06,WEEK8,Pulse Rate,PULSE,76.0,76.0,beats/min,2026-04-10,7
VS_042-S06-014_WEEK8_WEIGHT,042-S06-014,S06,WEEK8,Weight,WEIGHT,86.5,86.5,kg,2026-04-10,7
VS_042-S06-015_WEEK8_SYSBP,042-S06-015,S06,WEEK8,Systolic Blood Pressure,SYSBP,119.0,119.0,mmHg,2026-04-10,7
VS_042-S06-015_WEEK8_DIABP,042-S06-015,S06,WEEK8,Diastolic Blood Pressure,DIABP,77.0,77.0,mmHg,2026-04-10,7
VS_042-S06-015_WEEK8_PULSE,042-S06-015,S06,WEEK8,Pulse Rate,PULSE,77.0,77.0,beats/min,2026-04-10,7
VS_042-S06-015_WEEK8_WEIGHT,042-S06-015,S06,WEEK8,Weight,WEIGHT,80.5,80.5,kg,2026-04-10,7
VS_042-S06-016_WEEK8_SYSBP,042-S06-016,S06,WEEK8,Systolic Blood Pressure,SYSBP,122.0,122.0,mmHg,2026-04-10,7
VS_042-S06-016_WEEK8_DIABP,042-S06-016,S06,WEEK8,Diastolic Blood Pressure,DIABP,83.0,83.0,mmHg,2026-04-10,7
VS_042-S06-016_WEEK8_PULSE,042-S06-016,S06,WEEK8,Pulse Rate,PULSE,68.0,68.0,beats/min,2026-04-10,7
VS_042-S06-016_WEEK8_WEIGHT,042-S06-016,S06,WEEK8,Weight,WEIGHT,77.5,77.5,kg,2026-04-10,7
VS_042-S06-017_WEEK8_SYSBP,042-S06-017,S06,WEEK8,Systolic Blood Pressure,SYSBP,126.0,126.0,mmHg,2026-04-10,7
VS_042-S06-017_WEEK8_DIABP,042-S06-017,S06,WEEK8,Diastolic Blood Pressure,DIABP,80.0,80.0,mmHg,2026-04-10,7
VS_042-S06-017_WEEK8_PULSE,042-S06-017,S06,WEEK8,Pulse Rate,PULSE,77.0,77.0,beats/min,2026-04-10,7
VS_042-S06-017_WEEK8_WEIGHT,042-S06-017,S06,WEEK8,Weight,WEIGHT,78.5,78.5,kg,2026-04-10,7
VS_042-S06-018_WEEK8_SYSBP,042-S06-018,S06,WEEK8,Systolic Blood Pressure,SYSBP,119.0,119.0,mmHg,2026-04-10,7
VS_042-S06-018_WEEK8_DIABP,042-S06-018,S06,WEEK8,Diastolic Blood Pressure,DIABP,81.0,81.0,mmHg,2026-04-10,7
VS_042-S06-018_WEEK8_PULSE,042-S06-018,S06,WEEK8,Pulse Rate,PULSE,68.0,68.0,beats/min,2026-04-10,7
VS_042-S06-018_WEEK8_WEIGHT,042-S06-018,S06,WEEK8,Weight,WEIGHT,85.5,85.5,kg,2026-04-10,7
VS_042-S06-019_WEEK8_SYSBP,042-S06-019,S06,WEEK8,Systolic Blood Pressure,SYSBP,128.0,128.0,mmHg,2026-04-10,7
VS_042-S06-019_WEEK8_DIABP,042-S06-019,S06,WEEK8,Diastolic Blood Pressure,DIABP,83.0,83.0,mmHg,2026-04-10,7
VS_042-S06-019_WEEK8_PULSE,042-S06-019,S06,WEEK8,Pulse Rate,PULSE,73.0,73.0,beats/min,2026-04-10,7
VS_042-S06-019_WEEK8_WEIGHT,042-S06-019,S06,WEEK8,Weight,WEIGHT,86.5,86.5,kg,2026-04-10,7
VS_042-S06-020_WEEK8_SYSBP,042-S06-020,S06,WEEK8,Systolic Blood Pressure,SYSBP,127.0,127.0,mmHg,2026-04-10,7
VS_042-S06-020_WEEK8_DIABP,042-S06-020,S06,WEEK8,Diastolic Blood Pressure,DIABP,82.0,82.0,mmHg,2026-04-10,7
VS_042-S06-020_WEEK8_PULSE,042-S06-020,S06,WEEK8,Pulse Rate,PULSE,77.0,77.0,beats/min,2026-04-10,7
VS_042-S06-020_WEEK8_WEIGHT,042-S06-020,S06,WEEK8,Weight,WEIGHT,83.5,83.5,kg,2026-04-10,7
VS_042-S07-001_WEEK8_SYSBP,042-S07-001,S07,WEEK8,Systolic Blood Pressure,SYSBP,126.0,126.0,mmHg,2026-04-10,7
VS_042-S07-001_WEEK8_DIABP,042-S07-001,S07,WEEK8,Diastolic Blood Pressure,DIABP,81.0,81.0,mmHg,2026-04-10,7
VS_042-S07-001_WEEK8_PULSE,042-S07-001,S07,WEEK8,Pulse Rate,PULSE,75.0,75.0,beats/min,2026-04-10,7
VS_042-S07-001_WEEK8_WEIGHT,042-S07-001,S07,WEEK8,Weight,WEIGHT,77.5,77.5,kg,2026-04-10,7
VS_042-S07-002_WEEK8_SYSBP,042-S07-002,S07,WEEK8,Systolic Blood Pressure,SYSBP,127.0,127.0,mmHg,2026-04-10,7
VS_042-S07-002_WEEK8_DIABP,042-S07-002,S07,WEEK8,Diastolic Blood Pressure,DIABP,82.0,82.0,mmHg,2026-04-10,7
VS_042-S07-002_WEEK8_PULSE,042-S07-002,S07,WEEK8,Pulse Rate,PULSE,74.0,74.0,beats/min,2026-04-10,7
VS_042-S07-002_WEEK8_WEIGHT,042-S07-002,S07,WEEK8,Weight,WEIGHT,86.5,86.5,kg,2026-04-10,7
VS_042-S07-003_WEEK8_SYSBP,042-S07-003,S07,WEEK8,Systolic Blood Pressure,SYSBP,123.0,123.0,mmHg,2026-04-10,7
VS_042-S07-003_WEEK8_DIABP,042-S07-003,S07,WEEK8,Diastolic Blood Pressure,DIABP,82.0,82.0,mmHg,2026-04-10,7
VS_042-S07-003_WEEK8_PULSE,042-S07-003,S07,WEEK8,Pulse Rate,PULSE,69.0,69.0,beats/min,2026-04-10,7
VS_042-S07-003_WEEK8_WEIGHT,042-S07-003,S07,WEEK8,Weight,WEIGHT,80.5,80.5,kg,2026-04-10,7
VS_042-S07-004_WEEK8_SYSBP,042-S07-004,S07,WEEK8,Systolic Blood Pressure,SYSBP,120.0,120.0,mmHg,2026-04-10,7
VS_042-S07-004_WEEK8_DIABP,042-S07-004,S07,WEEK8,Diastolic Blood Pressure,DIABP,80.0,80.0,mmHg,2026-04-10,7
VS_042-S07-004_WEEK8_PULSE,042-S07-004,S07,WEEK8,Pulse Rate,PULSE,75.0,75.0,beats/min,2026-04-10,7
VS_042-S07-004_WEEK8_WEIGHT,042-S07-004,S07,WEEK8,Weight,WEIGHT,81.5,81.5,kg,2026-04-10,7
VS_042-S07-005_WEEK8_SYSBP,042-S07-005,S07,WEEK8,Systolic Blood Pressure,SYSBP,122.0,122.0,mmHg,2026-04-10,7
VS_042-S07-005_WEEK8_DIABP,042-S07-005,S07,WEEK8,Diastolic Blood Pressure,DIABP,73.0,73.0,mmHg,2026-04-10,7
VS_042-S07-005_WEEK8_PULSE,042-S07-005,S07,WEEK8,Pulse Rate,PULSE,73.0,73.0,beats/min,2026-04-10,7
VS_042-S07-005_WEEK8_WEIGHT,042-S07-005,S07,WEEK8,Weight,WEIGHT,86.5,86.5,kg,2026-04-10,7
VS_042-S07-006_WEEK8_SYSBP,042-S07-006,S07,WEEK8,Systolic Blood Pressure,SYSBP,128.0,128.0,mmHg,2026-04-10,7
VS_042-S07-006_WEEK8_DIABP,042-S07-006,S07,WEEK8,Diastolic Blood Pressure,DIABP,78.0,78.0,mmHg,2026-04-10,7
VS_042-S07-006_WEEK8_PULSE,042-S07-006,S07,WEEK8,Pulse Rate,PULSE,73.0,73.0,beats/min,2026-04-10,7
VS_042-S07-006_WEEK8_WEIGHT,042-S07-006,S07,WEEK8,Weight,WEIGHT,77.5,77.5,kg,2026-04-10,7
VS_042-S07-007_WEEK8_SYSBP,042-S07-007,S07,WEEK8,Systolic Blood Pressure,SYSBP,120.0,120.0,mmHg,2026-04-10,7
VS_042-S07-007_WEEK8_DIABP,042-S07-007,S07,WEEK8,Diastolic Blood Pressure,DIABP,73.0,73.0,mmHg,2026-04-10,7
VS_042-S07-007_WEEK8_PULSE,042-S07-007,S07,WEEK8,Pulse Rate,PULSE,67.0,67.0,beats/min,2026-04-10,7
VS_042-S07-007_WEEK8_WEIGHT,042-S07-007,S07,WEEK8,Weight,WEIGHT,81.5,81.5,kg,2026-04-10,7
VS_042-S07-008_WEEK8_SYSBP,042-S07-008,S07,WEEK8,Systolic Blood Pressure,SYSBP,124.0,124.0,mmHg,2026-04-10,7
VS_042-S07-008_WEEK8_DIABP,042-S07-008,S07,WEEK8,Diastolic Blood Pressure,DIABP,79.0,79.0,mmHg,2026-04-10,7
VS_042-S07-008_WEEK8_PULSE,042-S07-008,S07,WEEK8,Pulse Rate,PULSE,72.0,72.0,beats/min,2026-04-10,7
VS_042-S07-008_WEEK8_WEIGHT,042-S07-008,S07,WEEK8,Weight,WEIGHT,83.5,83.5,kg,2026-04-10,7
VS_042-S07-009_WEEK8_SYSBP,042-S07-009,S07,WEEK8,Systolic Blood Pressure,SYSBP,129.0,129.0,mmHg,2026-04-10,7
VS_042-S07-009_WEEK8_DIABP,042-S07-009,S07,WEEK8,Diastolic Blood Pressure,DIABP,74.0,74.0,mmHg,2026-04-10,7
VS_042-S07-009_WEEK8_PULSE,042-S07-009,S07,WEEK8,Pulse Rate,PULSE,72.0,72.0,beats/min,2026-04-10,7
VS_042-S07-009_WEEK8_WEIGHT,042-S07-009,S07,WEEK8,Weight,WEIGHT,77.5,77.5,kg,2026-04-10,7
VS_042-S07-010_WEEK8_SYSBP,042-S07-010,S07,WEEK8,Systolic Blood Pressure,SYSBP,119.0,119.0,mmHg,2026-04-10,7
VS_042-S07-010_WEEK8_DIABP,042-S07-010,S07,WEEK8,Diastolic Blood Pressure,DIABP,83.0,83.0,mmHg,2026-04-10,7
VS_042-S07-010_WEEK8_PULSE,042-S07-010,S07,WEEK8,Pulse Rate,PULSE,77.0,77.0,beats/min,2026-04-10,7
VS_042-S07-010_WEEK8_WEIGHT,042-S07-010,S07,WEEK8,Weight,WEIGHT,84.5,84.5,kg,2026-04-10,7
VS_042-S07-011_WEEK8_SYSBP,042-S07-011,S07,WEEK8,Systolic Blood Pressure,SYSBP,127.0,127.0,mmHg,2026-04-10,7
VS_042-S07-011_WEEK8_DIABP,042-S07-011,S07,WEEK8,Diastolic Blood Pressure,DIABP,82.0,82.0,mmHg,2026-04-10,7
VS_042-S07-011_WEEK8_PULSE,042-S07-011,S07,WEEK8,Pulse Rate,PULSE,72.0,72.0,beats/min,2026-04-10,7
VS_042-S07-011_WEEK8_WEIGHT,042-S07-011,S07,WEEK8,Weight,WEIGHT,82.5,82.5,kg,2026-04-10,7
VS_042-S07-012_WEEK8_SYSBP,042-S07-012,S07,WEEK8,Systolic Blood Pressure,SYSBP,129.0,129.0,mmHg,2026-04-10,7
VS_042-S07-012_WEEK8_DIABP,042-S07-012,S07,WEEK8,Diastolic Blood Pressure,DIABP,75.0,75.0,mmHg,2026-04-10,7
VS_042-S07-012_WEEK8_PULSE,042-S07-012,S07,WEEK8,Pulse Rate,PULSE,76.0,76.0,beats/min,2026-04-10,7
VS_042-S07-012_WEEK8_WEIGHT,042-S07-012,S07,WEEK8,Weight,WEIGHT,81.5,81.5,kg,2026-04-10,7
VS_042-S07-013_WEEK8_SYSBP,042-S07-013,S07,WEEK8,Systolic Blood Pressure,SYSBP,125.0,125.0,mmHg,2026-04-10,7
VS_042-S07-013_WEEK8_DIABP,042-S07-013,S07,WEEK8,Diastolic Blood Pressure,DIABP,77.0,77.0,mmHg,2026-04-10,7
VS_042-S07-013_WEEK8_PULSE,042-S07-013,S07,WEEK8,Pulse Rate,PULSE,76.0,76.0,beats/min,2026-04-10,7
VS_042-S07-013_WEEK8_WEIGHT,042-S07-013,S07,WEEK8,Weight,WEIGHT,85.5,85.5,kg,2026-04-10,7
VS_042-S07-014_WEEK8_SYSBP,042-S07-014,S07,WEEK8,Systolic Blood Pressure,SYSBP,127.0,127.0,mmHg,2026-04-10,7
VS_042-S07-014_WEEK8_DIABP,042-S07-014,S07,WEEK8,Diastolic Blood Pressure,DIABP,79.0,79.0,mmHg,2026-04-10,7
VS_042-S07-014_WEEK8_PULSE,042-S07-014,S07,WEEK8,Pulse Rate,PULSE,69.0,69.0,beats/min,2026-04-10,7
VS_042-S07-014_WEEK8_WEIGHT,042-S07-014,S07,WEEK8,Weight,WEIGHT,87.5,87.5,kg,2026-04-10,7
VS_042-S07-015_WEEK8_SYSBP,042-S07-015,S07,WEEK8,Systolic Blood Pressure,SYSBP,121.0,121.0,mmHg,2026-04-10,7
VS_042-S07-015_WEEK8_DIABP,042-S07-015,S07,WEEK8,Diastolic Blood Pressure,DIABP,80.0,80.0,mmHg,2026-04-10,7
VS_042-S07-015_WEEK8_PULSE,042-S07-015,S07,WEEK8,Pulse Rate,PULSE,76.0,76.0,beats/min,2026-04-10,7
VS_042-S07-015_WEEK8_WEIGHT,042-S07-015,S07,WEEK8,Weight,WEIGHT,83.5,83.5,kg,2026-04-10,7
VS_042-S07-016_WEEK8_SYSBP,042-S07-016,S07,WEEK8,Systolic Blood Pressure,SYSBP,124.0,124.0,mmHg,2026-04-10,7
VS_042-S07-016_WEEK8_DIABP,042-S07-016,S07,WEEK8,Diastolic Blood Pressure,DIABP,81.0,81.0,mmHg,2026-04-10,7
VS_042-S07-016_WEEK8_PULSE,042-S07-016,S07,WEEK8,Pulse Rate,PULSE,68.0,68.0,beats/min,2026-04-10,7
VS_042-S07-016_WEEK8_WEIGHT,042-S07-016,S07,WEEK8,Weight,WEIGHT,86.5,86.5,kg,2026-04-10,7
VS_042-S07-017_WEEK8_SYSBP,042-S07-017,S07,WEEK8,Systolic Blood Pressure,SYSBP,127.0,127.0,mmHg,2026-04-10,7
VS_042-S07-017_WEEK8_DIABP,042-S07-017,S07,WEEK8,Diastolic Blood Pressure,DIABP,83.0,83.0,mmHg,2026-04-10,7
VS_042-S07-017_WEEK8_PULSE,042-S07-017,S07,WEEK8,Pulse Rate,PULSE,76.0,76.0,beats/min,2026-04-10,7
VS_042-S07-017_WEEK8_WEIGHT,042-S07-017,S07,WEEK8,Weight,WEIGHT,84.5,84.5,kg,2026-04-10,7
VS_042-S07-018_WEEK8_SYSBP,042-S07-018,S07,WEEK8,Systolic Blood Pressure,SYSBP,126.0,126.0,mmHg,2026-04-10,7
VS_042-S07-018_WEEK8_DIABP,042-S07-018,S07,WEEK8,Diastolic Blood Pressure,DIABP,79.0,79.0,mmHg,2026-04-10,7
VS_042-S07-018_WEEK8_PULSE,042-S07-018,S07,WEEK8,Pulse Rate,PULSE,71.0,71.0,beats/min,2026-04-10,7
VS_042-S07-018_WEEK8_WEIGHT,042-S07-018,S07,WEEK8,Weight,WEIGHT,82.5,82.5,kg,2026-04-10,7
VS_042-S07-019_WEEK8_SYSBP,042-S07-019,S07,WEEK8,Systolic Blood Pressure,SYSBP,121.0,121.0,mmHg,2026-04-10,7
VS_042-S07-019_WEEK8_DIABP,042-S07-019,S07,WEEK8,Diastolic Blood Pressure,DIABP,76.0,76.0,mmHg,2026-04-10,7
VS_042-S07-019_WEEK8_PULSE,042-S07-019,S07,WEEK8,Pulse Rate,PULSE,73.0,73.0,beats/min,2026-04-10,7
VS_042-S07-019_WEEK8_WEIGHT,042-S07-019,S07,WEEK8,Weight,WEIGHT,84.5,84.5,kg,2026-04-10,7
VS_042-S07-020_WEEK8_SYSBP,042-S07-020,S07,WEEK8,Systolic Blood Pressure,SYSBP,122.0,122.0,mmHg,2026-04-10,7
VS_042-S07-020_WEEK8_DIABP,042-S07-020,S07,WEEK8,Diastolic Blood Pressure,DIABP,77.0,77.0,mmHg,2026-04-10,7
VS_042-S07-020_WEEK8_PULSE,042-S07-020,S07,WEEK8,Pulse Rate,PULSE,75.0,75.0,beats/min,2026-04-10,7
VS_042-S07-020_WEEK8_WEIGHT,042-S07-020,S07,WEEK8,Weight,WEIGHT,84.5,84.5,kg,2026-04-10,7
VS_042-S08-001_WEEK8_SYSBP,042-S08-001,S08,WEEK8,Systolic Blood Pressure,SYSBP,124.0,124.0,mmHg,2026-04-10,7
VS_042-S08-001_WEEK8_DIABP,042-S08-001,S08,WEEK8,Diastolic Blood Pressure,DIABP,82.0,82.0,mmHg,2026-04-10,7
VS_042-S08-001_WEEK8_PULSE,042-S08-001,S08,WEEK8,Pulse Rate,PULSE,70.0,70.0,beats/min,2026-04-10,7
VS_042-S08-001_WEEK8_WEIGHT,042-S08-001,S08,WEEK8,Weight,WEIGHT,87.5,87.5,kg,2026-04-10,7
VS_042-S08-002_WEEK8_SYSBP,042-S08-002,S08,WEEK8,Systolic Blood Pressure,SYSBP,125.0,125.0,mmHg,2026-04-10,7
VS_042-S08-002_WEEK8_DIABP,042-S08-002,S08,WEEK8,Diastolic Blood Pressure,DIABP,82.0,82.0,mmHg,2026-04-10,7
VS_042-S08-002_WEEK8_PULSE,042-S08-002,S08,WEEK8,Pulse Rate,PULSE,69.0,69.0,beats/min,2026-04-10,7
VS_042-S08-002_WEEK8_WEIGHT,042-S08-002,S08,WEEK8,Weight,WEIGHT,81.5,81.5,kg,2026-04-10,7
VS_042-S08-003_WEEK8_SYSBP,042-S08-003,S08,WEEK8,Systolic Blood Pressure,SYSBP,129.0,129.0,mmHg,2026-04-10,7
VS_042-S08-003_WEEK8_DIABP,042-S08-003,S08,WEEK8,Diastolic Blood Pressure,DIABP,78.0,78.0,mmHg,2026-04-10,7
VS_042-S08-003_WEEK8_PULSE,042-S08-003,S08,WEEK8,Pulse Rate,PULSE,67.0,67.0,beats/min,2026-04-10,7
VS_042-S08-003_WEEK8_WEIGHT,042-S08-003,S08,WEEK8,Weight,WEIGHT,87.5,87.5,kg,2026-04-10,7
VS_042-S08-004_WEEK8_SYSBP,042-S08-004,S08,WEEK8,Systolic Blood Pressure,SYSBP,127.0,127.0,mmHg,2026-04-10,7
VS_042-S08-004_WEEK8_DIABP,042-S08-004,S08,WEEK8,Diastolic Blood Pressure,DIABP,77.0,77.0,mmHg,2026-04-10,7
VS_042-S08-004_WEEK8_PULSE,042-S08-004,S08,WEEK8,Pulse Rate,PULSE,67.0,67.0,beats/min,2026-04-10,7
VS_042-S08-004_WEEK8_WEIGHT,042-S08-004,S08,WEEK8,Weight,WEIGHT,83.5,83.5,kg,2026-04-10,7
VS_042-S08-005_WEEK8_SYSBP,042-S08-005,S08,WEEK8,Systolic Blood Pressure,SYSBP,128.0,128.0,mmHg,2026-04-10,7
VS_042-S08-005_WEEK8_DIABP,042-S08-005,S08,WEEK8,Diastolic Blood Pressure,DIABP,76.0,76.0,mmHg,2026-04-10,7
VS_042-S08-005_WEEK8_PULSE,042-S08-005,S08,WEEK8,Pulse Rate,PULSE,70.0,70.0,beats/min,2026-04-10,7
VS_042-S08-005_WEEK8_WEIGHT,042-S08-005,S08,WEEK8,Weight,WEIGHT,86.5,86.5,kg,2026-04-10,7
VS_042-S08-006_WEEK8_SYSBP,042-S08-006,S08,WEEK8,Systolic Blood Pressure,SYSBP,126.0,126.0,mmHg,2026-04-10,7
VS_042-S08-006_WEEK8_DIABP,042-S08-006,S08,WEEK8,Diastolic Blood Pressure,DIABP,80.0,80.0,mmHg,2026-04-10,7
VS_042-S08-006_WEEK8_PULSE,042-S08-006,S08,WEEK8,Pulse Rate,PULSE,75.0,75.0,beats/min,2026-04-10,7
VS_042-S08-006_WEEK8_WEIGHT,042-S08-006,S08,WEEK8,Weight,WEIGHT,78.5,78.5,kg,2026-04-10,7
VS_042-S08-007_WEEK8_SYSBP,042-S08-007,S08,WEEK8,Systolic Blood Pressure,SYSBP,127.0,127.0,mmHg,2026-04-10,7
VS_042-S08-007_WEEK8_DIABP,042-S08-007,S08,WEEK8,Diastolic Blood Pressure,DIABP,73.0,73.0,mmHg,2026-04-10,7
VS_042-S08-007_WEEK8_PULSE,042-S08-007,S08,WEEK8,Pulse Rate,PULSE,67.0,67.0,beats/min,2026-04-10,7
VS_042-S08-007_WEEK8_WEIGHT,042-S08-007,S08,WEEK8,Weight,WEIGHT,80.5,80.5,kg,2026-04-10,7
VS_042-S08-008_WEEK8_SYSBP,042-S08-008,S08,WEEK8,Systolic Blood Pressure,SYSBP,129.0,129.0,mmHg,2026-04-10,7
VS_042-S08-008_WEEK8_DIABP,042-S08-008,S08,WEEK8,Diastolic Blood Pressure,DIABP,73.0,73.0,mmHg,2026-04-10,7
VS_042-S08-008_WEEK8_PULSE,042-S08-008,S08,WEEK8,Pulse Rate,PULSE,70.0,70.0,beats/min,2026-04-10,7
VS_042-S08-008_WEEK8_WEIGHT,042-S08-008,S08,WEEK8,Weight,WEIGHT,80.5,80.5,kg,2026-04-10,7
VS_042-S08-009_WEEK8_SYSBP,042-S08-009,S08,WEEK8,Systolic Blood Pressure,SYSBP,127.0,127.0,mmHg,2026-04-10,7
VS_042-S08-009_WEEK8_DIABP,042-S08-009,S08,WEEK8,Diastolic Blood Pressure,DIABP,76.0,76.0,mmHg,2026-04-10,7
VS_042-S08-009_WEEK8_PULSE,042-S08-009,S08,WEEK8,Pulse Rate,PULSE,77.0,77.0,beats/min,2026-04-10,7
VS_042-S08-009_WEEK8_WEIGHT,042-S08-009,S08,WEEK8,Weight,WEIGHT,80.5,80.5,kg,2026-04-10,7
VS_042-S08-010_WEEK8_SYSBP,042-S08-010,S08,WEEK8,Systolic Blood Pressure,SYSBP,119.0,119.0,mmHg,2026-04-10,7
VS_042-S08-010_WEEK8_DIABP,042-S08-010,S08,WEEK8,Diastolic Blood Pressure,DIABP,78.0,78.0,mmHg,2026-04-10,7
VS_042-S08-010_WEEK8_PULSE,042-S08-010,S08,WEEK8,Pulse Rate,PULSE,72.0,72.0,beats/min,2026-04-10,7
VS_042-S08-010_WEEK8_WEIGHT,042-S08-010,S08,WEEK8,Weight,WEIGHT,86.5,86.5,kg,2026-04-10,7
VS_042-S08-011_WEEK8_SYSBP,042-S08-011,S08,WEEK8,Systolic Blood Pressure,SYSBP,119.0,119.0,mmHg,2026-04-10,7
VS_042-S08-011_WEEK8_DIABP,042-S08-011,S08,WEEK8,Diastolic Blood Pressure,DIABP,76.0,76.0,mmHg,2026-04-10,7
VS_042-S08-011_WEEK8_PULSE,042-S08-011,S08,WEEK8,Pulse Rate,PULSE,77.0,77.0,beats/min,2026-04-10,7
VS_042-S08-011_WEEK8_WEIGHT,042-S08-011,S08,WEEK8,Weight,WEIGHT,79.5,79.5,kg,2026-04-10,7
VS_042-S08-012_WEEK8_SYSBP,042-S08-012,S08,WEEK8,Systolic Blood Pressure,SYSBP,125.0,125.0,mmHg,2026-04-10,7
VS_042-S08-012_WEEK8_DIABP,042-S08-012,S08,WEEK8,Diastolic Blood Pressure,DIABP,78.0,78.0,mmHg,2026-04-10,7
VS_042-S08-012_WEEK8_PULSE,042-S08-012,S08,WEEK8,Pulse Rate,PULSE,67.0,67.0,beats/min,2026-04-10,7
VS_042-S08-012_WEEK8_WEIGHT,042-S08-012,S08,WEEK8,Weight,WEIGHT,78.5,78.5,kg,2026-04-10,7
VS_042-S08-013_WEEK8_SYSBP,042-S08-013,S08,WEEK8,Systolic Blood Pressure,SYSBP,126.0,126.0,mmHg,2026-04-10,7
VS_042-S08-013_WEEK8_DIABP,042-S08-013,S08,WEEK8,Diastolic Blood Pressure,DIABP,78.0,78.0,mmHg,2026-04-10,7
VS_042-S08-013_WEEK8_PULSE,042-S08-013,S08,WEEK8,Pulse Rate,PULSE,70.0,70.0,beats/min,2026-04-10,7
VS_042-S08-013_WEEK8_WEIGHT,042-S08-013,S08,WEEK8,Weight,WEIGHT,79.5,79.5,kg,2026-04-10,7
VS_042-S08-014_WEEK8_SYSBP,042-S08-014,S08,WEEK8,Systolic Blood Pressure,SYSBP,127.0,127.0,mmHg,2026-04-10,7
VS_042-S08-014_WEEK8_DIABP,042-S08-014,S08,WEEK8,Diastolic Blood Pressure,DIABP,76.0,76.0,mmHg,2026-04-10,7
VS_042-S08-014_WEEK8_PULSE,042-S08-014,S08,WEEK8,Pulse Rate,PULSE,74.0,74.0,beats/min,2026-04-10,7
VS_042-S08-014_WEEK8_WEIGHT,042-S08-014,S08,WEEK8,Weight,WEIGHT,80.5,80.5,kg,2026-04-10,7
VS_042-S08-015_WEEK8_SYSBP,042-S08-015,S08,WEEK8,Systolic Blood Pressure,SYSBP,124.0,124.0,mmHg,2026-04-10,7
VS_042-S08-015_WEEK8_DIABP,042-S08-015,S08,WEEK8,Diastolic Blood Pressure,DIABP,78.0,78.0,mmHg,2026-04-10,7
VS_042-S08-015_WEEK8_PULSE,042-S08-015,S08,WEEK8,Pulse Rate,PULSE,73.0,73.0,beats/min,2026-04-10,7
VS_042-S08-015_WEEK8_WEIGHT,042-S08-015,S08,WEEK8,Weight,WEIGHT,80.5,80.5,kg,2026-04-10,7
VS_042-S08-016_WEEK8_SYSBP,042-S08-016,S08,WEEK8,Systolic Blood Pressure,SYSBP,127.0,127.0,mmHg,2026-04-10,7
VS_042-S08-016_WEEK8_DIABP,042-S08-016,S08,WEEK8,Diastolic Blood Pressure,DIABP,77.0,77.0,mmHg,2026-04-10,7
VS_042-S08-016_WEEK8_PULSE,042-S08-016,S08,WEEK8,Pulse Rate,PULSE,71.0,71.0,beats/min,2026-04-10,7
VS_042-S08-016_WEEK8_WEIGHT,042-S08-016,S08,WEEK8,Weight,WEIGHT,83.5,83.5,kg,2026-04-10,7
VS_042-S08-017_WEEK8_SYSBP,042-S08-017,S08,WEEK8,Systolic Blood Pressure,SYSBP,127.0,127.0,mmHg,2026-04-10,7
VS_042-S08-017_WEEK8_DIABP,042-S08-017,S08,WEEK8,Diastolic Blood Pressure,DIABP,79.0,79.0,mmHg,2026-04-10,7
VS_042-S08-017_WEEK8_PULSE,042-S08-017,S08,WEEK8,Pulse Rate,PULSE,72.0,72.0,beats/min,2026-04-10,7
VS_042-S08-017_WEEK8_WEIGHT,042-S08-017,S08,WEEK8,Weight,WEIGHT,78.5,78.5,kg,2026-04-10,7
VS_042-S08-018_WEEK8_SYSBP,042-S08-018,S08,WEEK8,Systolic Blood Pressure,SYSBP,121.0,121.0,mmHg,2026-04-10,7
VS_042-S08-018_WEEK8_DIABP,042-S08-018,S08,WEEK8,Diastolic Blood Pressure,DIABP,77.0,77.0,mmHg,2026-04-10,7
VS_042-S08-018_WEEK8_PULSE,042-S08-018,S08,WEEK8,Pulse Rate,PULSE,75.0,75.0,beats/min,2026-04-10,7
VS_042-S08-018_WEEK8_WEIGHT,042-S08-018,S08,WEEK8,Weight,WEIGHT,87.5,87.5,kg,2026-04-10,7
VS_042-S08-019_WEEK8_SYSBP,042-S08-019,S08,WEEK8,Systolic Blood Pressure,SYSBP,124.0,124.0,mmHg,2026-04-10,7
VS_042-S08-019_WEEK8_DIABP,042-S08-019,S08,WEEK8,Diastolic Blood Pressure,DIABP,75.0,75.0,mmHg,2026-04-10,7
VS_042-S08-019_WEEK8_PULSE,042-S08-019,S08,WEEK8,Pulse Rate,PULSE,68.0,68.0,beats/min,2026-04-10,7
VS_042-S08-019_WEEK8_WEIGHT,042-S08-019,S08,WEEK8,Weight,WEIGHT,81.5,81.5,kg,2026-04-10,7
VS_042-S08-020_WEEK8_SYSBP,042-S08-020,S08,WEEK8,Systolic Blood Pressure,SYSBP,128.0,128.0,mmHg,2026-04-10,7
VS_042-S08-020_WEEK8_DIABP,042-S08-020,S08,WEEK8,Diastolic Blood Pressure,DIABP,80.0,80.0,mmHg,2026-04-10,7
VS_042-S08-020_WEEK8_PULSE,042-S08-020,S08,WEEK8,Pulse Rate,PULSE,69.0,69.0,beats/min,2026-04-10,7
VS_042-S08-020_WEEK8_WEIGHT,042-S08-020,S08,WEEK8,Weight,WEIGHT,83.5,83.5,kg,2026-04-10,7
VS_042-S10-001_WEEK8_SYSBP,042-S10-001,S10,WEEK8,Systolic Blood Pressure,SYSBP,122.0,122.0,mmHg,2026-04-10,7
VS_042-S10-001_WEEK8_DIABP,042-S10-001,S10,WEEK8,Diastolic Blood Pressure,DIABP,83.0,83.0,mmHg,2026-04-10,7
VS_042-S10-001_WEEK8_PULSE,042-S10-001,S10,WEEK8,Pulse Rate,PULSE,74.0,74.0,beats/min,2026-04-10,7
VS_042-S10-001_WEEK8_WEIGHT,042-S10-001,S10,WEEK8,Weight,WEIGHT,81.5,81.5,kg,2026-04-10,7
VS_042-S10-002_WEEK8_SYSBP,042-S10-002,S10,WEEK8,Systolic Blood Pressure,SYSBP,124.0,124.0,mmHg,2026-04-10,7
VS_042-S10-002_WEEK8_DIABP,042-S10-002,S10,WEEK8,Diastolic Blood Pressure,DIABP,81.0,81.0,mmHg,2026-04-10,7
VS_042-S10-002_WEEK8_PULSE,042-S10-002,S10,WEEK8,Pulse Rate,PULSE,77.0,77.0,beats/min,2026-04-10,7
VS_042-S10-002_WEEK8_WEIGHT,042-S10-002,S10,WEEK8,Weight,WEIGHT,87.5,87.5,kg,2026-04-10,7
VS_042-S10-003_WEEK8_SYSBP,042-S10-003,S10,WEEK8,Systolic Blood Pressure,SYSBP,127.0,127.0,mmHg,2026-04-10,7
VS_042-S10-003_WEEK8_DIABP,042-S10-003,S10,WEEK8,Diastolic Blood Pressure,DIABP,81.0,81.0,mmHg,2026-04-10,7
VS_042-S10-003_WEEK8_PULSE,042-S10-003,S10,WEEK8,Pulse Rate,PULSE,68.0,68.0,beats/min,2026-04-10,7
VS_042-S10-003_WEEK8_WEIGHT,042-S10-003,S10,WEEK8,Weight,WEIGHT,81.5,81.5,kg,2026-04-10,7
VS_042-S10-004_WEEK8_SYSBP,042-S10-004,S10,WEEK8,Systolic Blood Pressure,SYSBP,126.0,126.0,mmHg,2026-04-10,7
VS_042-S10-004_WEEK8_DIABP,042-S10-004,S10,WEEK8,Diastolic Blood Pressure,DIABP,78.0,78.0,mmHg,2026-04-10,7
VS_042-S10-004_WEEK8_PULSE,042-S10-004,S10,WEEK8,Pulse Rate,PULSE,69.0,69.0,beats/min,2026-04-10,7
VS_042-S10-004_WEEK8_WEIGHT,042-S10-004,S10,WEEK8,Weight,WEIGHT,86.5,86.5,kg,2026-04-10,7
VS_042-S10-005_WEEK8_SYSBP,042-S10-005,S10,WEEK8,Systolic Blood Pressure,SYSBP,122.0,122.0,mmHg,2026-04-10,7
VS_042-S10-005_WEEK8_DIABP,042-S10-005,S10,WEEK8,Diastolic Blood Pressure,DIABP,79.0,79.0,mmHg,2026-04-10,7
VS_042-S10-005_WEEK8_PULSE,042-S10-005,S10,WEEK8,Pulse Rate,PULSE,72.0,72.0,beats/min,2026-04-10,7
VS_042-S10-005_WEEK8_WEIGHT,042-S10-005,S10,WEEK8,Weight,WEIGHT,86.5,86.5,kg,2026-04-10,7
VS_042-S10-006_WEEK8_SYSBP,042-S10-006,S10,WEEK8,Systolic Blood Pressure,SYSBP,121.0,121.0,mmHg,2026-04-10,7
VS_042-S10-006_WEEK8_DIABP,042-S10-006,S10,WEEK8,Diastolic Blood Pressure,DIABP,73.0,73.0,mmHg,2026-04-10,7
VS_042-S10-006_WEEK8_PULSE,042-S10-006,S10,WEEK8,Pulse Rate,PULSE,74.0,74.0,beats/min,2026-04-10,7
VS_042-S10-006_WEEK8_WEIGHT,042-S10-006,S10,WEEK8,Weight,WEIGHT,84.5,84.5,kg,2026-04-10,7
VS_042-S10-007_WEEK8_SYSBP,042-S10-007,S10,WEEK8,Systolic Blood Pressure,SYSBP,119.0,119.0,mmHg,2026-04-10,7
VS_042-S10-007_WEEK8_DIABP,042-S10-007,S10,WEEK8,Diastolic Blood Pressure,DIABP,78.0,78.0,mmHg,2026-04-10,7
VS_042-S10-007_WEEK8_PULSE,042-S10-007,S10,WEEK8,Pulse Rate,PULSE,77.0,77.0,beats/min,2026-04-10,7
VS_042-S10-007_WEEK8_WEIGHT,042-S10-007,S10,WEEK8,Weight,WEIGHT,80.5,80.5,kg,2026-04-10,7
VS_042-S10-008_WEEK8_SYSBP,042-S10-008,S10,WEEK8,Systolic Blood Pressure,SYSBP,129.0,129.0,mmHg,2026-04-10,7
VS_042-S10-008_WEEK8_DIABP,042-S10-008,S10,WEEK8,Diastolic Blood Pressure,DIABP,79.0,79.0,mmHg,2026-04-10,7
VS_042-S10-008_WEEK8_PULSE,042-S10-008,S10,WEEK8,Pulse Rate,PULSE,68.0,68.0,beats/min,2026-04-10,7
VS_042-S10-008_WEEK8_WEIGHT,042-S10-008,S10,WEEK8,Weight,WEIGHT,82.5,82.5,kg,2026-04-10,7
VS_042-S10-009_WEEK8_SYSBP,042-S10-009,S10,WEEK8,Systolic Blood Pressure,SYSBP,122.0,122.0,mmHg,2026-04-10,7
VS_042-S10-009_WEEK8_DIABP,042-S10-009,S10,WEEK8,Diastolic Blood Pressure,DIABP,82.0,82.0,mmHg,2026-04-10,7
VS_042-S10-009_WEEK8_PULSE,042-S10-009,S10,WEEK8,Pulse Rate,PULSE,74.0,74.0,beats/min,2026-04-10,7
VS_042-S10-009_WEEK8_WEIGHT,042-S10-009,S10,WEEK8,Weight,WEIGHT,82.5,82.5,kg,2026-04-10,7
VS_042-S10-010_WEEK8_SYSBP,042-S10-010,S10,WEEK8,Systolic Blood Pressure,SYSBP,125.0,125.0,mmHg,2026-04-10,7
VS_042-S10-010_WEEK8_DIABP,042-S10-010,S10,WEEK8,Diastolic Blood Pressure,DIABP,75.0,75.0,mmHg,2026-04-10,7
VS_042-S10-010_WEEK8_PULSE,042-S10-010,S10,WEEK8,Pulse Rate,PULSE,74.0,74.0,beats/min,2026-04-10,7
VS_042-S10-010_WEEK8_WEIGHT,042-S10-010,S10,WEEK8,Weight,WEIGHT,87.5,87.5,kg,2026-04-10,7
VS_042-S10-011_WEEK8_SYSBP,042-S10-011,S10,WEEK8,Systolic Blood Pressure,SYSBP,123.0,123.0,mmHg,2026-04-10,7
VS_042-S10-011_WEEK8_DIABP,042-S10-011,S10,WEEK8,Diastolic Blood Pressure,DIABP,75.0,75.0,mmHg,2026-04-10,7
VS_042-S10-011_WEEK8_PULSE,042-S10-011,S10,WEEK8,Pulse Rate,PULSE,76.0,76.0,beats/min,2026-04-10,7
VS_042-S10-011_WEEK8_WEIGHT,042-S10-011,S10,WEEK8,Weight,WEIGHT,77.5,77.5,kg,2026-04-10,7
VS_042-S10-012_WEEK8_SYSBP,042-S10-012,S10,WEEK8,Systolic Blood Pressure,SYSBP,123.0,123.0,mmHg,2026-04-10,7
VS_042-S10-012_WEEK8_DIABP,042-S10-012,S10,WEEK8,Diastolic Blood Pressure,DIABP,78.0,78.0,mmHg,2026-04-10,7
VS_042-S10-012_WEEK8_PULSE,042-S10-012,S10,WEEK8,Pulse Rate,PULSE,72.0,72.0,beats/min,2026-04-10,7
VS_042-S10-012_WEEK8_WEIGHT,042-S10-012,S10,WEEK8,Weight,WEIGHT,80.5,80.5,kg,2026-04-10,7
VS_042-S10-013_WEEK8_SYSBP,042-S10-013,S10,WEEK8,Systolic Blood Pressure,SYSBP,122.0,122.0,mmHg,2026-04-10,7
VS_042-S10-013_WEEK8_DIABP,042-S10-013,S10,WEEK8,Diastolic Blood Pressure,DIABP,82.0,82.0,mmHg,2026-04-10,7
VS_042-S10-013_WEEK8_PULSE,042-S10-013,S10,WEEK8,Pulse Rate,PULSE,71.0,71.0,beats/min,2026-04-10,7
VS_042-S10-013_WEEK8_WEIGHT,042-S10-013,S10,WEEK8,Weight,WEIGHT,85.5,85.5,kg,2026-04-10,7
VS_042-S10-014_WEEK8_SYSBP,042-S10-014,S10,WEEK8,Systolic Blood Pressure,SYSBP,127.0,127.0,mmHg,2026-04-10,7
VS_042-S10-014_WEEK8_DIABP,042-S10-014,S10,WEEK8,Diastolic Blood Pressure,DIABP,81.0,81.0,mmHg,2026-04-10,7
VS_042-S10-014_WEEK8_PULSE,042-S10-014,S10,WEEK8,Pulse Rate,PULSE,73.0,73.0,beats/min,2026-04-10,7
VS_042-S10-014_WEEK8_WEIGHT,042-S10-014,S10,WEEK8,Weight,WEIGHT,82.5,82.5,kg,2026-04-10,7
VS_042-S10-015_WEEK8_SYSBP,042-S10-015,S10,WEEK8,Systolic Blood Pressure,SYSBP,128.0,128.0,mmHg,2026-04-10,7
VS_042-S10-015_WEEK8_DIABP,042-S10-015,S10,WEEK8,Diastolic Blood Pressure,DIABP,77.0,77.0,mmHg,2026-04-10,7
VS_042-S10-015_WEEK8_PULSE,042-S10-015,S10,WEEK8,Pulse Rate,PULSE,68.0,68.0,beats/min,2026-04-10,7
VS_042-S10-015_WEEK8_WEIGHT,042-S10-015,S10,WEEK8,Weight,WEIGHT,86.5,86.5,kg,2026-04-10,7
VS_042-S10-016_WEEK8_SYSBP,042-S10-016,S10,WEEK8,Systolic Blood Pressure,SYSBP,120.0,120.0,mmHg,2026-04-10,7
VS_042-S10-016_WEEK8_DIABP,042-S10-016,S10,WEEK8,Diastolic Blood Pressure,DIABP,81.0,81.0,mmHg,2026-04-10,7
VS_042-S10-016_WEEK8_PULSE,042-S10-016,S10,WEEK8,Pulse Rate,PULSE,67.0,67.0,beats/min,2026-04-10,7
VS_042-S10-016_WEEK8_WEIGHT,042-S10-016,S10,WEEK8,Weight,WEIGHT,80.5,80.5,kg,2026-04-10,7
VS_042-S10-017_WEEK8_SYSBP,042-S10-017,S10,WEEK8,Systolic Blood Pressure,SYSBP,129.0,129.0,mmHg,2026-04-10,7
VS_042-S10-017_WEEK8_DIABP,042-S10-017,S10,WEEK8,Diastolic Blood Pressure,DIABP,83.0,83.0,mmHg,2026-04-10,7
VS_042-S10-017_WEEK8_PULSE,042-S10-017,S10,WEEK8,Pulse Rate,PULSE,72.0,72.0,beats/min,2026-04-10,7
VS_042-S10-017_WEEK8_WEIGHT,042-S10-017,S10,WEEK8,Weight,WEIGHT,84.5,84.5,kg,2026-04-10,7
VS_042-S10-018_WEEK8_SYSBP,042-S10-018,S10,WEEK8,Systolic Blood Pressure,SYSBP,127.0,127.0,mmHg,2026-04-10,7
VS_042-S10-018_WEEK8_DIABP,042-S10-018,S10,WEEK8,Diastolic Blood Pressure,DIABP,82.0,82.0,mmHg,2026-04-10,7
VS_042-S10-018_WEEK8_PULSE,042-S10-018,S10,WEEK8,Pulse Rate,PULSE,73.0,73.0,beats/min,2026-04-10,7
VS_042-S10-018_WEEK8_WEIGHT,042-S10-018,S10,WEEK8,Weight,WEIGHT,81.5,81.5,kg,2026-04-10,7
VS_042-S10-019_WEEK8_SYSBP,042-S10-019,S10,WEEK8,Systolic Blood Pressure,SYSBP,121.0,121.0,mmHg,2026-04-10,7
VS_042-S10-019_WEEK8_DIABP,042-S10-019,S10,WEEK8,Diastolic Blood Pressure,DIABP,73.0,73.0,mmHg,2026-04-10,7
VS_042-S10-019_WEEK8_PULSE,042-S10-019,S10,WEEK8,Pulse Rate,PULSE,73.0,73.0,beats/min,2026-04-10,7
VS_042-S10-019_WEEK8_WEIGHT,042-S10-019,S10,WEEK8,Weight,WEIGHT,85.5,85.5,kg,2026-04-10,7
VS_042-S10-020_WEEK8_SYSBP,042-S10-020,S10,WEEK8,Systolic Blood Pressure,SYSBP,128.0,128.0,mmHg,2026-04-10,7
VS_042-S10-020_WEEK8_DIABP,042-S10-020,S10,WEEK8,Diastolic Blood Pressure,DIABP,77.0,77.0,mmHg,2026-04-10,7
VS_042-S10-020_WEEK8_PULSE,042-S10-020,S10,WEEK8,Pulse Rate,PULSE,74.0,74.0,beats/min,2026-04-10,7
VS_042-S10-020_WEEK8_WEIGHT,042-S10-020,S10,WEEK8,Weight,WEIGHT,78.5,78.5,kg,2026-04-10,7
VS_042-S11-001_WEEK8_SYSBP,042-S11-001,S11,WEEK8,Systolic Blood Pressure,SYSBP,119.0,119.0,mmHg,2026-04-10,7
VS_042-S11-001_WEEK8_DIABP,042-S11-001,S11,WEEK8,Diastolic Blood Pressure,DIABP,74.0,74.0,mmHg,2026-04-10,7
VS_042-S11-001_WEEK8_PULSE,042-S11-001,S11,WEEK8,Pulse Rate,PULSE,77.0,77.0,beats/min,2026-04-10,7
VS_042-S11-001_WEEK8_WEIGHT,042-S11-001,S11,WEEK8,Weight,WEIGHT,82.5,82.5,kg,2026-04-10,7
VS_042-S11-002_WEEK8_SYSBP,042-S11-002,S11,WEEK8,Systolic Blood Pressure,SYSBP,127.0,127.0,mmHg,2026-04-10,7
VS_042-S11-002_WEEK8_DIABP,042-S11-002,S11,WEEK8,Diastolic Blood Pressure,DIABP,75.0,75.0,mmHg,2026-04-10,7
VS_042-S11-002_WEEK8_PULSE,042-S11-002,S11,WEEK8,Pulse Rate,PULSE,73.0,73.0,beats/min,2026-04-10,7
VS_042-S11-002_WEEK8_WEIGHT,042-S11-002,S11,WEEK8,Weight,WEIGHT,85.5,85.5,kg,2026-04-10,7
VS_042-S11-003_WEEK8_SYSBP,042-S11-003,S11,WEEK8,Systolic Blood Pressure,SYSBP,126.0,126.0,mmHg,2026-04-10,7
VS_042-S11-003_WEEK8_DIABP,042-S11-003,S11,WEEK8,Diastolic Blood Pressure,DIABP,81.0,81.0,mmHg,2026-04-10,7
VS_042-S11-003_WEEK8_PULSE,042-S11-003,S11,WEEK8,Pulse Rate,PULSE,72.0,72.0,beats/min,2026-04-10,7
VS_042-S11-003_WEEK8_WEIGHT,042-S11-003,S11,WEEK8,Weight,WEIGHT,85.5,85.5,kg,2026-04-10,7
VS_042-S11-004_WEEK8_SYSBP,042-S11-004,S11,WEEK8,Systolic Blood Pressure,SYSBP,122.0,122.0,mmHg,2026-04-10,7
VS_042-S11-004_WEEK8_DIABP,042-S11-004,S11,WEEK8,Diastolic Blood Pressure,DIABP,82.0,82.0,mmHg,2026-04-10,7
VS_042-S11-004_WEEK8_PULSE,042-S11-004,S11,WEEK8,Pulse Rate,PULSE,75.0,75.0,beats/min,2026-04-10,7
VS_042-S11-004_WEEK8_WEIGHT,042-S11-004,S11,WEEK8,Weight,WEIGHT,78.5,78.5,kg,2026-04-10,7
VS_042-S11-005_WEEK8_SYSBP,042-S11-005,S11,WEEK8,Systolic Blood Pressure,SYSBP,119.0,119.0,mmHg,2026-04-10,7
VS_042-S11-005_WEEK8_DIABP,042-S11-005,S11,WEEK8,Diastolic Blood Pressure,DIABP,77.0,77.0,mmHg,2026-04-10,7
VS_042-S11-005_WEEK8_PULSE,042-S11-005,S11,WEEK8,Pulse Rate,PULSE,71.0,71.0,beats/min,2026-04-10,7
VS_042-S11-005_WEEK8_WEIGHT,042-S11-005,S11,WEEK8,Weight,WEIGHT,86.5,86.5,kg,2026-04-10,7
VS_042-S11-006_WEEK8_SYSBP,042-S11-006,S11,WEEK8,Systolic Blood Pressure,SYSBP,129.0,129.0,mmHg,2026-04-10,7
VS_042-S11-006_WEEK8_DIABP,042-S11-006,S11,WEEK8,Diastolic Blood Pressure,DIABP,82.0,82.0,mmHg,2026-04-10,7
VS_042-S11-006_WEEK8_PULSE,042-S11-006,S11,WEEK8,Pulse Rate,PULSE,70.0,70.0,beats/min,2026-04-10,7
VS_042-S11-006_WEEK8_WEIGHT,042-S11-006,S11,WEEK8,Weight,WEIGHT,81.5,81.5,kg,2026-04-10,7
VS_042-S11-007_WEEK8_SYSBP,042-S11-007,S11,WEEK8,Systolic Blood Pressure,SYSBP,128.0,128.0,mmHg,2026-04-10,7
VS_042-S11-007_WEEK8_DIABP,042-S11-007,S11,WEEK8,Diastolic Blood Pressure,DIABP,77.0,77.0,mmHg,2026-04-10,7
VS_042-S11-007_WEEK8_PULSE,042-S11-007,S11,WEEK8,Pulse Rate,PULSE,67.0,67.0,beats/min,2026-04-10,7
VS_042-S11-007_WEEK8_WEIGHT,042-S11-007,S11,WEEK8,Weight,WEIGHT,85.5,85.5,kg,2026-04-10,7
VS_042-S11-008_WEEK8_SYSBP,042-S11-008,S11,WEEK8,Systolic Blood Pressure,SYSBP,122.0,122.0,mmHg,2026-04-10,7
VS_042-S11-008_WEEK8_DIABP,042-S11-008,S11,WEEK8,Diastolic Blood Pressure,DIABP,75.0,75.0,mmHg,2026-04-10,7
VS_042-S11-008_WEEK8_PULSE,042-S11-008,S11,WEEK8,Pulse Rate,PULSE,70.0,70.0,beats/min,2026-04-10,7
VS_042-S11-008_WEEK8_WEIGHT,042-S11-008,S11,WEEK8,Weight,WEIGHT,85.5,85.5,kg,2026-04-10,7
VS_042-S11-009_WEEK8_SYSBP,042-S11-009,S11,WEEK8,Systolic Blood Pressure,SYSBP,126.0,126.0,mmHg,2026-04-10,7
VS_042-S11-009_WEEK8_DIABP,042-S11-009,S11,WEEK8,Diastolic Blood Pressure,DIABP,73.0,73.0,mmHg,2026-04-10,7
VS_042-S11-009_WEEK8_PULSE,042-S11-009,S11,WEEK8,Pulse Rate,PULSE,69.0,69.0,beats/min,2026-04-10,7
VS_042-S11-009_WEEK8_WEIGHT,042-S11-009,S11,WEEK8,Weight,WEIGHT,83.5,83.5,kg,2026-04-10,7
VS_042-S11-010_WEEK8_SYSBP,042-S11-010,S11,WEEK8,Systolic Blood Pressure,SYSBP,122.0,122.0,mmHg,2026-04-10,7
VS_042-S11-010_WEEK8_DIABP,042-S11-010,S11,WEEK8,Diastolic Blood Pressure,DIABP,75.0,75.0,mmHg,2026-04-10,7
VS_042-S11-010_WEEK8_PULSE,042-S11-010,S11,WEEK8,Pulse Rate,PULSE,72.0,72.0,beats/min,2026-04-10,7
VS_042-S11-010_WEEK8_WEIGHT,042-S11-010,S11,WEEK8,Weight,WEIGHT,77.5,77.5,kg,2026-04-10,7
VS_042-S11-011_WEEK8_SYSBP,042-S11-011,S11,WEEK8,Systolic Blood Pressure,SYSBP,129.0,129.0,mmHg,2026-04-10,7
VS_042-S11-011_WEEK8_DIABP,042-S11-011,S11,WEEK8,Diastolic Blood Pressure,DIABP,78.0,78.0,mmHg,2026-04-10,7
VS_042-S11-011_WEEK8_PULSE,042-S11-011,S11,WEEK8,Pulse Rate,PULSE,73.0,73.0,beats/min,2026-04-10,7
VS_042-S11-011_WEEK8_WEIGHT,042-S11-011,S11,WEEK8,Weight,WEIGHT,79.5,79.5,kg,2026-04-10,7
VS_042-S11-012_WEEK8_SYSBP,042-S11-012,S11,WEEK8,Systolic Blood Pressure,SYSBP,124.0,124.0,mmHg,2026-04-10,7
VS_042-S11-012_WEEK8_DIABP,042-S11-012,S11,WEEK8,Diastolic Blood Pressure,DIABP,73.0,73.0,mmHg,2026-04-10,7
VS_042-S11-012_WEEK8_PULSE,042-S11-012,S11,WEEK8,Pulse Rate,PULSE,76.0,76.0,beats/min,2026-04-10,7
VS_042-S11-012_WEEK8_WEIGHT,042-S11-012,S11,WEEK8,Weight,WEIGHT,87.5,87.5,kg,2026-04-10,7
VS_042-S11-013_WEEK8_SYSBP,042-S11-013,S11,WEEK8,Systolic Blood Pressure,SYSBP,119.0,119.0,mmHg,2026-04-10,7
VS_042-S11-013_WEEK8_DIABP,042-S11-013,S11,WEEK8,Diastolic Blood Pressure,DIABP,83.0,83.0,mmHg,2026-04-10,7
VS_042-S11-013_WEEK8_PULSE,042-S11-013,S11,WEEK8,Pulse Rate,PULSE,75.0,75.0,beats/min,2026-04-10,7
VS_042-S11-013_WEEK8_WEIGHT,042-S11-013,S11,WEEK8,Weight,WEIGHT,85.5,85.5,kg,2026-04-10,7
VS_042-S11-014_WEEK8_SYSBP,042-S11-014,S11,WEEK8,Systolic Blood Pressure,SYSBP,123.0,123.0,mmHg,2026-04-10,7
VS_042-S11-014_WEEK8_DIABP,042-S11-014,S11,WEEK8,Diastolic Blood Pressure,DIABP,81.0,81.0,mmHg,2026-04-10,7
VS_042-S11-014_WEEK8_PULSE,042-S11-014,S11,WEEK8,Pulse Rate,PULSE,67.0,67.0,beats/min,2026-04-10,7
VS_042-S11-014_WEEK8_WEIGHT,042-S11-014,S11,WEEK8,Weight,WEIGHT,83.5,83.5,kg,2026-04-10,7
VS_042-S11-015_WEEK8_SYSBP,042-S11-015,S11,WEEK8,Systolic Blood Pressure,SYSBP,120.0,120.0,mmHg,2026-04-10,7
VS_042-S11-015_WEEK8_DIABP,042-S11-015,S11,WEEK8,Diastolic Blood Pressure,DIABP,76.0,76.0,mmHg,2026-04-10,7
VS_042-S11-015_WEEK8_PULSE,042-S11-015,S11,WEEK8,Pulse Rate,PULSE,75.0,75.0,beats/min,2026-04-10,7
VS_042-S11-015_WEEK8_WEIGHT,042-S11-015,S11,WEEK8,Weight,WEIGHT,87.5,87.5,kg,2026-04-10,7
VS_042-S11-016_WEEK8_SYSBP,042-S11-016,S11,WEEK8,Systolic Blood Pressure,SYSBP,125.0,125.0,mmHg,2026-04-10,7
VS_042-S11-016_WEEK8_DIABP,042-S11-016,S11,WEEK8,Diastolic Blood Pressure,DIABP,75.0,75.0,mmHg,2026-04-10,7
VS_042-S11-016_WEEK8_PULSE,042-S11-016,S11,WEEK8,Pulse Rate,PULSE,71.0,71.0,beats/min,2026-04-10,7
VS_042-S11-016_WEEK8_WEIGHT,042-S11-016,S11,WEEK8,Weight,WEIGHT,85.5,85.5,kg,2026-04-10,7
VS_042-S11-017_WEEK8_SYSBP,042-S11-017,S11,WEEK8,Systolic Blood Pressure,SYSBP,123.0,123.0,mmHg,2026-04-10,7
VS_042-S11-017_WEEK8_DIABP,042-S11-017,S11,WEEK8,Diastolic Blood Pressure,DIABP,82.0,82.0,mmHg,2026-04-10,7
VS_042-S11-017_WEEK8_PULSE,042-S11-017,S11,WEEK8,Pulse Rate,PULSE,68.0,68.0,beats/min,2026-04-10,7
VS_042-S11-017_WEEK8_WEIGHT,042-S11-017,S11,WEEK8,Weight,WEIGHT,85.5,85.5,kg,2026-04-10,7
VS_042-S11-018_WEEK8_SYSBP,042-S11-018,S11,WEEK8,Systolic Blood Pressure,SYSBP,123.0,123.0,mmHg,2026-04-10,7
VS_042-S11-018_WEEK8_DIABP,042-S11-018,S11,WEEK8,Diastolic Blood Pressure,DIABP,78.0,78.0,mmHg,2026-04-10,7
VS_042-S11-018_WEEK8_PULSE,042-S11-018,S11,WEEK8,Pulse Rate,PULSE,70.0,70.0,beats/min,2026-04-10,7
VS_042-S11-018_WEEK8_WEIGHT,042-S11-018,S11,WEEK8,Weight,WEIGHT,82.5,82.5,kg,2026-04-10,7
VS_042-S11-019_WEEK8_SYSBP,042-S11-019,S11,WEEK8,Systolic Blood Pressure,SYSBP,119.0,119.0,mmHg,2026-04-10,7
VS_042-S11-019_WEEK8_DIABP,042-S11-019,S11,WEEK8,Diastolic Blood Pressure,DIABP,77.0,77.0,mmHg,2026-04-10,7
VS_042-S11-019_WEEK8_PULSE,042-S11-019,S11,WEEK8,Pulse Rate,PULSE,69.0,69.0,beats/min,2026-04-10,7
VS_042-S11-019_WEEK8_WEIGHT,042-S11-019,S11,WEEK8,Weight,WEIGHT,87.5,87.5,kg,2026-04-10,7
VS_042-S11-020_WEEK8_SYSBP,042-S11-020,S11,WEEK8,Systolic Blood Pressure,SYSBP,120.0,120.0,mmHg,2026-04-10,7
VS_042-S11-020_WEEK8_DIABP,042-S11-020,S11,WEEK8,Diastolic Blood Pressure,DIABP,79.0,79.0,mmHg,2026-04-10,7
VS_042-S11-020_WEEK8_PULSE,042-S11-020,S11,WEEK8,Pulse Rate,PULSE,72.0,72.0,beats/min,2026-04-10,7
VS_042-S11-020_WEEK8_WEIGHT,042-S11-020,S11,WEEK8,Weight,WEIGHT,81.5,81.5,kg,2026-04-10,7
VS_042-S12-001_WEEK8_SYSBP,042-S12-001,S12,WEEK8,Systolic Blood Pressure,SYSBP,128.0,128.0,mmHg,2026-04-10,7
VS_042-S12-001_WEEK8_DIABP,042-S12-001,S12,WEEK8,Diastolic Blood Pressure,DIABP,78.0,78.0,mmHg,2026-04-10,7
VS_042-S12-001_WEEK8_PULSE,042-S12-001,S12,WEEK8,Pulse Rate,PULSE,67.0,67.0,beats/min,2026-04-10,7
VS_042-S12-001_WEEK8_WEIGHT,042-S12-001,S12,WEEK8,Weight,WEIGHT,82.5,82.5,kg,2026-04-10,7
VS_042-S12-002_WEEK8_SYSBP,042-S12-002,S12,WEEK8,Systolic Blood Pressure,SYSBP,119.0,119.0,mmHg,2026-04-10,7
VS_042-S12-002_WEEK8_DIABP,042-S12-002,S12,WEEK8,Diastolic Blood Pressure,DIABP,80.0,80.0,mmHg,2026-04-10,7
VS_042-S12-002_WEEK8_PULSE,042-S12-002,S12,WEEK8,Pulse Rate,PULSE,68.0,68.0,beats/min,2026-04-10,7
VS_042-S12-002_WEEK8_WEIGHT,042-S12-002,S12,WEEK8,Weight,WEIGHT,77.5,77.5,kg,2026-04-10,7
VS_042-S12-003_WEEK8_SYSBP,042-S12-003,S12,WEEK8,Systolic Blood Pressure,SYSBP,120.0,120.0,mmHg,2026-04-10,7
VS_042-S12-003_WEEK8_DIABP,042-S12-003,S12,WEEK8,Diastolic Blood Pressure,DIABP,76.0,76.0,mmHg,2026-04-10,7
VS_042-S12-003_WEEK8_PULSE,042-S12-003,S12,WEEK8,Pulse Rate,PULSE,75.0,75.0,beats/min,2026-04-10,7
VS_042-S12-003_WEEK8_WEIGHT,042-S12-003,S12,WEEK8,Weight,WEIGHT,78.5,78.5,kg,2026-04-10,7
VS_042-S12-004_WEEK8_SYSBP,042-S12-004,S12,WEEK8,Systolic Blood Pressure,SYSBP,123.0,123.0,mmHg,2026-04-10,7
VS_042-S12-004_WEEK8_DIABP,042-S12-004,S12,WEEK8,Diastolic Blood Pressure,DIABP,81.0,81.0,mmHg,2026-04-10,7
VS_042-S12-004_WEEK8_PULSE,042-S12-004,S12,WEEK8,Pulse Rate,PULSE,72.0,72.0,beats/min,2026-04-10,7
VS_042-S12-004_WEEK8_WEIGHT,042-S12-004,S12,WEEK8,Weight,WEIGHT,78.5,78.5,kg,2026-04-10,7
VS_042-S12-005_WEEK8_SYSBP,042-S12-005,S12,WEEK8,Systolic Blood Pressure,SYSBP,123.0,123.0,mmHg,2026-04-10,7
VS_042-S12-005_WEEK8_DIABP,042-S12-005,S12,WEEK8,Diastolic Blood Pressure,DIABP,74.0,74.0,mmHg,2026-04-10,7
VS_042-S12-005_WEEK8_PULSE,042-S12-005,S12,WEEK8,Pulse Rate,PULSE,69.0,69.0,beats/min,2026-04-10,7
VS_042-S12-005_WEEK8_WEIGHT,042-S12-005,S12,WEEK8,Weight,WEIGHT,80.5,80.5,kg,2026-04-10,7
VS_042-S12-006_WEEK8_SYSBP,042-S12-006,S12,WEEK8,Systolic Blood Pressure,SYSBP,121.0,121.0,mmHg,2026-04-10,7
VS_042-S12-006_WEEK8_DIABP,042-S12-006,S12,WEEK8,Diastolic Blood Pressure,DIABP,81.0,81.0,mmHg,2026-04-10,7
VS_042-S12-006_WEEK8_PULSE,042-S12-006,S12,WEEK8,Pulse Rate,PULSE,75.0,75.0,beats/min,2026-04-10,7
VS_042-S12-006_WEEK8_WEIGHT,042-S12-006,S12,WEEK8,Weight,WEIGHT,79.5,79.5,kg,2026-04-10,7
VS_042-S12-007_WEEK8_SYSBP,042-S12-007,S12,WEEK8,Systolic Blood Pressure,SYSBP,120.0,120.0,mmHg,2026-04-10,7
VS_042-S12-007_WEEK8_DIABP,042-S12-007,S12,WEEK8,Diastolic Blood Pressure,DIABP,83.0,83.0,mmHg,2026-04-10,7
VS_042-S12-007_WEEK8_PULSE,042-S12-007,S12,WEEK8,Pulse Rate,PULSE,76.0,76.0,beats/min,2026-04-10,7
VS_042-S12-007_WEEK8_WEIGHT,042-S12-007,S12,WEEK8,Weight,WEIGHT,81.5,81.5,kg,2026-04-10,7
VS_042-S12-008_WEEK8_SYSBP,042-S12-008,S12,WEEK8,Systolic Blood Pressure,SYSBP,119.0,119.0,mmHg,2026-04-10,7
VS_042-S12-008_WEEK8_DIABP,042-S12-008,S12,WEEK8,Diastolic Blood Pressure,DIABP,73.0,73.0,mmHg,2026-04-10,7
VS_042-S12-008_WEEK8_PULSE,042-S12-008,S12,WEEK8,Pulse Rate,PULSE,77.0,77.0,beats/min,2026-04-10,7
VS_042-S12-008_WEEK8_WEIGHT,042-S12-008,S12,WEEK8,Weight,WEIGHT,86.5,86.5,kg,2026-04-10,7
VS_042-S12-009_WEEK8_SYSBP,042-S12-009,S12,WEEK8,Systolic Blood Pressure,SYSBP,129.0,129.0,mmHg,2026-04-10,7
VS_042-S12-009_WEEK8_DIABP,042-S12-009,S12,WEEK8,Diastolic Blood Pressure,DIABP,83.0,83.0,mmHg,2026-04-10,7
VS_042-S12-009_WEEK8_PULSE,042-S12-009,S12,WEEK8,Pulse Rate,PULSE,73.0,73.0,beats/min,2026-04-10,7
VS_042-S12-009_WEEK8_WEIGHT,042-S12-009,S12,WEEK8,Weight,WEIGHT,79.5,79.5,kg,2026-04-10,7
VS_042-S12-010_WEEK8_SYSBP,042-S12-010,S12,WEEK8,Systolic Blood Pressure,SYSBP,127.0,127.0,mmHg,2026-04-10,7
VS_042-S12-010_WEEK8_DIABP,042-S12-010,S12,WEEK8,Diastolic Blood Pressure,DIABP,81.0,81.0,mmHg,2026-04-10,7
VS_042-S12-010_WEEK8_PULSE,042-S12-010,S12,WEEK8,Pulse Rate,PULSE,72.0,72.0,beats/min,2026-04-10,7
VS_042-S12-010_WEEK8_WEIGHT,042-S12-010,S12,WEEK8,Weight,WEIGHT,84.5,84.5,kg,2026-04-10,7
VS_042-S12-011_WEEK8_SYSBP,042-S12-011,S12,WEEK8,Systolic Blood Pressure,SYSBP,122.0,122.0,mmHg,2026-04-10,7
VS_042-S12-011_WEEK8_DIABP,042-S12-011,S12,WEEK8,Diastolic Blood Pressure,DIABP,78.0,78.0,mmHg,2026-04-10,7
VS_042-S12-011_WEEK8_PULSE,042-S12-011,S12,WEEK8,Pulse Rate,PULSE,73.0,73.0,beats/min,2026-04-10,7
VS_042-S12-011_WEEK8_WEIGHT,042-S12-011,S12,WEEK8,Weight,WEIGHT,86.5,86.5,kg,2026-04-10,7
VS_042-S12-012_WEEK8_SYSBP,042-S12-012,S12,WEEK8,Systolic Blood Pressure,SYSBP,129.0,129.0,mmHg,2026-04-10,7
VS_042-S12-012_WEEK8_DIABP,042-S12-012,S12,WEEK8,Diastolic Blood Pressure,DIABP,80.0,80.0,mmHg,2026-04-10,7
VS_042-S12-012_WEEK8_PULSE,042-S12-012,S12,WEEK8,Pulse Rate,PULSE,75.0,75.0,beats/min,2026-04-10,7
VS_042-S12-012_WEEK8_WEIGHT,042-S12-012,S12,WEEK8,Weight,WEIGHT,78.5,78.5,kg,2026-04-10,7
VS_042-S12-013_WEEK8_SYSBP,042-S12-013,S12,WEEK8,Systolic Blood Pressure,SYSBP,124.0,124.0,mmHg,2026-04-10,7
VS_042-S12-013_WEEK8_DIABP,042-S12-013,S12,WEEK8,Diastolic Blood Pressure,DIABP,74.0,74.0,mmHg,2026-04-10,7
VS_042-S12-013_WEEK8_PULSE,042-S12-013,S12,WEEK8,Pulse Rate,PULSE,73.0,73.0,beats/min,2026-04-10,7
VS_042-S12-013_WEEK8_WEIGHT,042-S12-013,S12,WEEK8,Weight,WEIGHT,81.5,81.5,kg,2026-04-10,7
VS_042-S12-014_WEEK8_SYSBP,042-S12-014,S12,WEEK8,Systolic Blood Pressure,SYSBP,124.0,124.0,mmHg,2026-04-10,7
VS_042-S12-014_WEEK8_DIABP,042-S12-014,S12,WEEK8,Diastolic Blood Pressure,DIABP,79.0,79.0,mmHg,2026-04-10,7
VS_042-S12-014_WEEK8_PULSE,042-S12-014,S12,WEEK8,Pulse Rate,PULSE,73.0,73.0,beats/min,2026-04-10,7
VS_042-S12-014_WEEK8_WEIGHT,042-S12-014,S12,WEEK8,Weight,WEIGHT,82.5,82.5,kg,2026-04-10,7
VS_042-S12-015_WEEK8_SYSBP,042-S12-015,S12,WEEK8,Systolic Blood Pressure,SYSBP,128.0,128.0,mmHg,2026-04-10,7
VS_042-S12-015_WEEK8_DIABP,042-S12-015,S12,WEEK8,Diastolic Blood Pressure,DIABP,75.0,75.0,mmHg,2026-04-10,7
VS_042-S12-015_WEEK8_PULSE,042-S12-015,S12,WEEK8,Pulse Rate,PULSE,74.0,74.0,beats/min,2026-04-10,7
VS_042-S12-015_WEEK8_WEIGHT,042-S12-015,S12,WEEK8,Weight,WEIGHT,77.5,77.5,kg,2026-04-10,7
VS_042-S12-016_WEEK8_SYSBP,042-S12-016,S12,WEEK8,Systolic Blood Pressure,SYSBP,127.0,127.0,mmHg,2026-04-10,7
VS_042-S12-016_WEEK8_DIABP,042-S12-016,S12,WEEK8,Diastolic Blood Pressure,DIABP,80.0,80.0,mmHg,2026-04-10,7
VS_042-S12-016_WEEK8_PULSE,042-S12-016,S12,WEEK8,Pulse Rate,PULSE,67.0,67.0,beats/min,2026-04-10,7
VS_042-S12-016_WEEK8_WEIGHT,042-S12-016,S12,WEEK8,Weight,WEIGHT,81.5,81.5,kg,2026-04-10,7
VS_042-S12-017_WEEK8_SYSBP,042-S12-017,S12,WEEK8,Systolic Blood Pressure,SYSBP,119.0,119.0,mmHg,2026-04-10,7
VS_042-S12-017_WEEK8_DIABP,042-S12-017,S12,WEEK8,Diastolic Blood Pressure,DIABP,82.0,82.0,mmHg,2026-04-10,7
VS_042-S12-017_WEEK8_PULSE,042-S12-017,S12,WEEK8,Pulse Rate,PULSE,68.0,68.0,beats/min,2026-04-10,7
VS_042-S12-017_WEEK8_WEIGHT,042-S12-017,S12,WEEK8,Weight,WEIGHT,85.5,85.5,kg,2026-04-10,7
VS_042-S12-018_WEEK8_SYSBP,042-S12-018,S12,WEEK8,Systolic Blood Pressure,SYSBP,124.0,124.0,mmHg,2026-04-10,7
VS_042-S12-018_WEEK8_DIABP,042-S12-018,S12,WEEK8,Diastolic Blood Pressure,DIABP,76.0,76.0,mmHg,2026-04-10,7
VS_042-S12-018_WEEK8_PULSE,042-S12-018,S12,WEEK8,Pulse Rate,PULSE,73.0,73.0,beats/min,2026-04-10,7
VS_042-S12-018_WEEK8_WEIGHT,042-S12-018,S12,WEEK8,Weight,WEIGHT,87.5,87.5,kg,2026-04-10,7
VS_042-S12-019_WEEK8_SYSBP,042-S12-019,S12,WEEK8,Systolic Blood Pressure,SYSBP,128.0,128.0,mmHg,2026-04-10,7
VS_042-S12-019_WEEK8_DIABP,042-S12-019,S12,WEEK8,Diastolic Blood Pressure,DIABP,79.0,79.0,mmHg,2026-04-10,7
VS_042-S12-019_WEEK8_PULSE,042-S12-019,S12,WEEK8,Pulse Rate,PULSE,77.0,77.0,beats/min,2026-04-10,7
VS_042-S12-019_WEEK8_WEIGHT,042-S12-019,S12,WEEK8,Weight,WEIGHT,84.5,84.5,kg,2026-04-10,7
VS_042-S12-020_WEEK8_SYSBP,042-S12-020,S12,WEEK8,Systolic Blood Pressure,SYSBP,120.0,120.0,mmHg,2026-04-10,7
VS_042-S12-020_WEEK8_DIABP,042-S12-020,S12,WEEK8,Diastolic Blood Pressure,DIABP,78.0,78.0,mmHg,2026-04-10,7
VS_042-S12-020_WEEK8_PULSE,042-S12-020,S12,WEEK8,Pulse Rate,PULSE,77.0,77.0,beats/min,2026-04-10,7
VS_042-S12-020_WEEK8_WEIGHT,042-S12-020,S12,WEEK8,Weight,WEIGHT,84.5,84.5,kg,2026-04-10,7
VS_042-S01-001_WEEK12_SYSBP,042-S01-001,S01,WEEK12,Systolic Blood Pressure,SYSBP,129.0,129.0,mmHg,2026-05-10,9
VS_042-S01-001_WEEK12_DIABP,042-S01-001,S01,WEEK12,Diastolic Blood Pressure,DIABP,79.0,79.0,mmHg,2026-05-10,9
VS_042-S01-001_WEEK12_PULSE,042-S01-001,S01,WEEK12,Pulse Rate,PULSE,74.0,74.0,beats/min,2026-05-10,9
VS_042-S01-001_WEEK12_WEIGHT,042-S01-001,S01,WEEK12,Weight,WEIGHT,80.5,80.5,kg,2026-05-10,9
VS_042-S01-002_WEEK12_SYSBP,042-S01-002,S01,WEEK12,Systolic Blood Pressure,SYSBP,128.0,128.0,mmHg,2026-05-10,9
VS_042-S01-002_WEEK12_DIABP,042-S01-002,S01,WEEK12,Diastolic Blood Pressure,DIABP,80.0,80.0,mmHg,2026-05-10,9
VS_042-S01-002_WEEK12_PULSE,042-S01-002,S01,WEEK12,Pulse Rate,PULSE,71.0,71.0,beats/min,2026-05-10,9
VS_042-S01-002_WEEK12_WEIGHT,042-S01-002,S01,WEEK12,Weight,WEIGHT,82.5,82.5,kg,2026-05-10,9
VS_042-S01-003_WEEK12_SYSBP,042-S01-003,S01,WEEK12,Systolic Blood Pressure,SYSBP,129.0,129.0,mmHg,2026-05-10,9
VS_042-S01-003_WEEK12_DIABP,042-S01-003,S01,WEEK12,Diastolic Blood Pressure,DIABP,75.0,75.0,mmHg,2026-05-10,9
VS_042-S01-003_WEEK12_PULSE,042-S01-003,S01,WEEK12,Pulse Rate,PULSE,77.0,77.0,beats/min,2026-05-10,9
VS_042-S01-003_WEEK12_WEIGHT,042-S01-003,S01,WEEK12,Weight,WEIGHT,78.5,78.5,kg,2026-05-10,9
VS_042-S01-004_WEEK12_SYSBP,042-S01-004,S01,WEEK12,Systolic Blood Pressure,SYSBP,127.0,127.0,mmHg,2026-05-10,9
VS_042-S01-004_WEEK12_DIABP,042-S01-004,S01,WEEK12,Diastolic Blood Pressure,DIABP,80.0,80.0,mmHg,2026-05-10,9
VS_042-S01-004_WEEK12_PULSE,042-S01-004,S01,WEEK12,Pulse Rate,PULSE,73.0,73.0,beats/min,2026-05-10,9
VS_042-S01-004_WEEK12_WEIGHT,042-S01-004,S01,WEEK12,Weight,WEIGHT,80.5,80.5,kg,2026-05-10,9
VS_042-S01-005_WEEK12_SYSBP,042-S01-005,S01,WEEK12,Systolic Blood Pressure,SYSBP,124.0,124.0,mmHg,2026-05-10,9
VS_042-S01-005_WEEK12_DIABP,042-S01-005,S01,WEEK12,Diastolic Blood Pressure,DIABP,82.0,82.0,mmHg,2026-05-10,9
VS_042-S01-005_WEEK12_PULSE,042-S01-005,S01,WEEK12,Pulse Rate,PULSE,77.0,77.0,beats/min,2026-05-10,9
VS_042-S01-005_WEEK12_WEIGHT,042-S01-005,S01,WEEK12,Weight,WEIGHT,79.5,79.5,kg,2026-05-10,9
VS_042-S01-006_WEEK12_SYSBP,042-S01-006,S01,WEEK12,Systolic Blood Pressure,SYSBP,122.0,122.0,mmHg,2026-05-10,9
VS_042-S01-006_WEEK12_DIABP,042-S01-006,S01,WEEK12,Diastolic Blood Pressure,DIABP,80.0,80.0,mmHg,2026-05-10,9
VS_042-S01-006_WEEK12_PULSE,042-S01-006,S01,WEEK12,Pulse Rate,PULSE,72.0,72.0,beats/min,2026-05-10,9
VS_042-S01-006_WEEK12_WEIGHT,042-S01-006,S01,WEEK12,Weight,WEIGHT,87.5,87.5,kg,2026-05-10,9
VS_042-S01-007_WEEK12_SYSBP,042-S01-007,S01,WEEK12,Systolic Blood Pressure,SYSBP,126.0,126.0,mmHg,2026-05-10,9
VS_042-S01-007_WEEK12_DIABP,042-S01-007,S01,WEEK12,Diastolic Blood Pressure,DIABP,79.0,79.0,mmHg,2026-05-10,9
VS_042-S01-007_WEEK12_PULSE,042-S01-007,S01,WEEK12,Pulse Rate,PULSE,67.0,67.0,beats/min,2026-05-10,9
VS_042-S01-007_WEEK12_WEIGHT,042-S01-007,S01,WEEK12,Weight,WEIGHT,86.5,86.5,kg,2026-05-10,9
VS_042-S01-008_WEEK12_SYSBP,042-S01-008,S01,WEEK12,Systolic Blood Pressure,SYSBP,126.0,126.0,mmHg,2026-05-10,9
VS_042-S01-008_WEEK12_DIABP,042-S01-008,S01,WEEK12,Diastolic Blood Pressure,DIABP,74.0,74.0,mmHg,2026-05-10,9
VS_042-S01-008_WEEK12_PULSE,042-S01-008,S01,WEEK12,Pulse Rate,PULSE,69.0,69.0,beats/min,2026-05-10,9
VS_042-S01-008_WEEK12_WEIGHT,042-S01-008,S01,WEEK12,Weight,WEIGHT,81.5,81.5,kg,2026-05-10,9
VS_042-S01-009_WEEK12_SYSBP,042-S01-009,S01,WEEK12,Systolic Blood Pressure,SYSBP,123.0,123.0,mmHg,2026-05-10,9
VS_042-S01-009_WEEK12_DIABP,042-S01-009,S01,WEEK12,Diastolic Blood Pressure,DIABP,79.0,79.0,mmHg,2026-05-10,9
VS_042-S01-009_WEEK12_PULSE,042-S01-009,S01,WEEK12,Pulse Rate,PULSE,77.0,77.0,beats/min,2026-05-10,9
VS_042-S01-009_WEEK12_WEIGHT,042-S01-009,S01,WEEK12,Weight,WEIGHT,81.5,81.5,kg,2026-05-10,9
VS_042-S01-010_WEEK12_SYSBP,042-S01-010,S01,WEEK12,Systolic Blood Pressure,SYSBP,129.0,129.0,mmHg,2026-05-10,9
VS_042-S01-010_WEEK12_DIABP,042-S01-010,S01,WEEK12,Diastolic Blood Pressure,DIABP,83.0,83.0,mmHg,2026-05-10,9
VS_042-S01-010_WEEK12_PULSE,042-S01-010,S01,WEEK12,Pulse Rate,PULSE,76.0,76.0,beats/min,2026-05-10,9
VS_042-S01-010_WEEK12_WEIGHT,042-S01-010,S01,WEEK12,Weight,WEIGHT,77.5,77.5,kg,2026-05-10,9
VS_042-S01-011_WEEK12_SYSBP,042-S01-011,S01,WEEK12,Systolic Blood Pressure,SYSBP,124.0,124.0,mmHg,2026-05-10,9
VS_042-S01-011_WEEK12_DIABP,042-S01-011,S01,WEEK12,Diastolic Blood Pressure,DIABP,78.0,78.0,mmHg,2026-05-10,9
VS_042-S01-011_WEEK12_PULSE,042-S01-011,S01,WEEK12,Pulse Rate,PULSE,76.0,76.0,beats/min,2026-05-10,9
VS_042-S01-011_WEEK12_WEIGHT,042-S01-011,S01,WEEK12,Weight,WEIGHT,87.5,87.5,kg,2026-05-10,9
VS_042-S01-012_WEEK12_SYSBP,042-S01-012,S01,WEEK12,Systolic Blood Pressure,SYSBP,128.0,128.0,mmHg,2026-05-10,9
VS_042-S01-012_WEEK12_DIABP,042-S01-012,S01,WEEK12,Diastolic Blood Pressure,DIABP,78.0,78.0,mmHg,2026-05-10,9
VS_042-S01-012_WEEK12_PULSE,042-S01-012,S01,WEEK12,Pulse Rate,PULSE,69.0,69.0,beats/min,2026-05-10,9
VS_042-S01-012_WEEK12_WEIGHT,042-S01-012,S01,WEEK12,Weight,WEIGHT,83.5,83.5,kg,2026-05-10,9
VS_042-S01-013_WEEK12_SYSBP,042-S01-013,S01,WEEK12,Systolic Blood Pressure,SYSBP,126.0,126.0,mmHg,2026-05-10,9
VS_042-S01-013_WEEK12_DIABP,042-S01-013,S01,WEEK12,Diastolic Blood Pressure,DIABP,81.0,81.0,mmHg,2026-05-10,9
VS_042-S01-013_WEEK12_PULSE,042-S01-013,S01,WEEK12,Pulse Rate,PULSE,67.0,67.0,beats/min,2026-05-10,9
VS_042-S01-013_WEEK12_WEIGHT,042-S01-013,S01,WEEK12,Weight,WEIGHT,77.5,77.5,kg,2026-05-10,9
VS_042-S01-014_WEEK12_SYSBP,042-S01-014,S01,WEEK12,Systolic Blood Pressure,SYSBP,123.0,123.0,mmHg,2026-05-10,9
VS_042-S01-014_WEEK12_DIABP,042-S01-014,S01,WEEK12,Diastolic Blood Pressure,DIABP,76.0,76.0,mmHg,2026-05-10,9
VS_042-S01-014_WEEK12_PULSE,042-S01-014,S01,WEEK12,Pulse Rate,PULSE,73.0,73.0,beats/min,2026-05-10,9
VS_042-S01-014_WEEK12_WEIGHT,042-S01-014,S01,WEEK12,Weight,WEIGHT,82.5,82.5,kg,2026-05-10,9
VS_042-S01-015_WEEK12_SYSBP,042-S01-015,S01,WEEK12,Systolic Blood Pressure,SYSBP,121.0,121.0,mmHg,2026-05-10,9
VS_042-S01-015_WEEK12_DIABP,042-S01-015,S01,WEEK12,Diastolic Blood Pressure,DIABP,82.0,82.0,mmHg,2026-05-10,9
VS_042-S01-015_WEEK12_PULSE,042-S01-015,S01,WEEK12,Pulse Rate,PULSE,73.0,73.0,beats/min,2026-05-10,9
VS_042-S01-015_WEEK12_WEIGHT,042-S01-015,S01,WEEK12,Weight,WEIGHT,80.5,80.5,kg,2026-05-10,9
VS_042-S01-016_WEEK12_SYSBP,042-S01-016,S01,WEEK12,Systolic Blood Pressure,SYSBP,119.0,119.0,mmHg,2026-05-10,9
VS_042-S01-016_WEEK12_DIABP,042-S01-016,S01,WEEK12,Diastolic Blood Pressure,DIABP,79.0,79.0,mmHg,2026-05-10,9
VS_042-S01-016_WEEK12_PULSE,042-S01-016,S01,WEEK12,Pulse Rate,PULSE,72.0,72.0,beats/min,2026-05-10,9
VS_042-S01-016_WEEK12_WEIGHT,042-S01-016,S01,WEEK12,Weight,WEIGHT,80.5,80.5,kg,2026-05-10,9
VS_042-S01-017_WEEK12_SYSBP,042-S01-017,S01,WEEK12,Systolic Blood Pressure,SYSBP,121.0,121.0,mmHg,2026-05-10,9
VS_042-S01-017_WEEK12_DIABP,042-S01-017,S01,WEEK12,Diastolic Blood Pressure,DIABP,78.0,78.0,mmHg,2026-05-10,9
VS_042-S01-017_WEEK12_PULSE,042-S01-017,S01,WEEK12,Pulse Rate,PULSE,68.0,68.0,beats/min,2026-05-10,9
VS_042-S01-017_WEEK12_WEIGHT,042-S01-017,S01,WEEK12,Weight,WEIGHT,81.5,81.5,kg,2026-05-10,9
VS_042-S01-018_WEEK12_SYSBP,042-S01-018,S01,WEEK12,Systolic Blood Pressure,SYSBP,120.0,120.0,mmHg,2026-05-10,9
VS_042-S01-018_WEEK12_DIABP,042-S01-018,S01,WEEK12,Diastolic Blood Pressure,DIABP,79.0,79.0,mmHg,2026-05-10,9
VS_042-S01-018_WEEK12_PULSE,042-S01-018,S01,WEEK12,Pulse Rate,PULSE,73.0,73.0,beats/min,2026-05-10,9
VS_042-S01-018_WEEK12_WEIGHT,042-S01-018,S01,WEEK12,Weight,WEIGHT,85.5,85.5,kg,2026-05-10,9
VS_042-S01-019_WEEK12_SYSBP,042-S01-019,S01,WEEK12,Systolic Blood Pressure,SYSBP,126.0,126.0,mmHg,2026-05-10,9
VS_042-S01-019_WEEK12_DIABP,042-S01-019,S01,WEEK12,Diastolic Blood Pressure,DIABP,77.0,77.0,mmHg,2026-05-10,9
VS_042-S01-019_WEEK12_PULSE,042-S01-019,S01,WEEK12,Pulse Rate,PULSE,75.0,75.0,beats/min,2026-05-10,9
VS_042-S01-019_WEEK12_WEIGHT,042-S01-019,S01,WEEK12,Weight,WEIGHT,79.5,79.5,kg,2026-05-10,9
VS_042-S01-020_WEEK12_SYSBP,042-S01-020,S01,WEEK12,Systolic Blood Pressure,SYSBP,128.0,128.0,mmHg,2026-05-10,9
VS_042-S01-020_WEEK12_DIABP,042-S01-020,S01,WEEK12,Diastolic Blood Pressure,DIABP,81.0,81.0,mmHg,2026-05-10,9
VS_042-S01-020_WEEK12_PULSE,042-S01-020,S01,WEEK12,Pulse Rate,PULSE,68.0,68.0,beats/min,2026-05-10,9
VS_042-S01-020_WEEK12_WEIGHT,042-S01-020,S01,WEEK12,Weight,WEIGHT,87.5,87.5,kg,2026-05-10,9
VS_042-S01-021_WEEK12_SYSBP,042-S01-021,S01,WEEK12,Systolic Blood Pressure,SYSBP,123.0,123.0,mmHg,2026-05-10,9
VS_042-S01-021_WEEK12_DIABP,042-S01-021,S01,WEEK12,Diastolic Blood Pressure,DIABP,81.0,81.0,mmHg,2026-05-10,9
VS_042-S01-021_WEEK12_PULSE,042-S01-021,S01,WEEK12,Pulse Rate,PULSE,69.0,69.0,beats/min,2026-05-10,9
VS_042-S01-021_WEEK12_WEIGHT,042-S01-021,S01,WEEK12,Weight,WEIGHT,84.5,84.5,kg,2026-05-10,9
VS_042-S02-001_WEEK12_SYSBP,042-S02-001,S02,WEEK12,Systolic Blood Pressure,SYSBP,124.0,124.0,mmHg,2026-05-10,9
VS_042-S02-001_WEEK12_DIABP,042-S02-001,S02,WEEK12,Diastolic Blood Pressure,DIABP,78.0,78.0,mmHg,2026-05-10,9
VS_042-S02-001_WEEK12_PULSE,042-S02-001,S02,WEEK12,Pulse Rate,PULSE,69.0,69.0,beats/min,2026-05-10,9
VS_042-S02-001_WEEK12_WEIGHT,042-S02-001,S02,WEEK12,Weight,WEIGHT,81.5,81.5,kg,2026-05-10,9
VS_042-S02-002_WEEK12_SYSBP,042-S02-002,S02,WEEK12,Systolic Blood Pressure,SYSBP,127.0,127.0,mmHg,2026-05-10,9
VS_042-S02-002_WEEK12_DIABP,042-S02-002,S02,WEEK12,Diastolic Blood Pressure,DIABP,75.0,75.0,mmHg,2026-05-10,9
VS_042-S02-002_WEEK12_PULSE,042-S02-002,S02,WEEK12,Pulse Rate,PULSE,74.0,74.0,beats/min,2026-05-10,9
VS_042-S02-002_WEEK12_WEIGHT,042-S02-002,S02,WEEK12,Weight,WEIGHT,77.5,77.5,kg,2026-05-10,9
VS_042-S02-003_WEEK12_SYSBP,042-S02-003,S02,WEEK12,Systolic Blood Pressure,SYSBP,120.0,120.0,mmHg,2026-05-10,9
VS_042-S02-003_WEEK12_DIABP,042-S02-003,S02,WEEK12,Diastolic Blood Pressure,DIABP,78.0,78.0,mmHg,2026-05-10,9
VS_042-S02-003_WEEK12_PULSE,042-S02-003,S02,WEEK12,Pulse Rate,PULSE,73.0,73.0,beats/min,2026-05-10,9
VS_042-S02-003_WEEK12_WEIGHT,042-S02-003,S02,WEEK12,Weight,WEIGHT,83.5,83.5,kg,2026-05-10,9
VS_042-S02-004_WEEK12_SYSBP,042-S02-004,S02,WEEK12,Systolic Blood Pressure,SYSBP,121.0,121.0,mmHg,2026-05-10,9
VS_042-S02-004_WEEK12_DIABP,042-S02-004,S02,WEEK12,Diastolic Blood Pressure,DIABP,77.0,77.0,mmHg,2026-05-10,9
VS_042-S02-004_WEEK12_PULSE,042-S02-004,S02,WEEK12,Pulse Rate,PULSE,72.0,72.0,beats/min,2026-05-10,9
VS_042-S02-004_WEEK12_WEIGHT,042-S02-004,S02,WEEK12,Weight,WEIGHT,86.5,86.5,kg,2026-05-10,9
VS_042-S02-005_WEEK12_SYSBP,042-S02-005,S02,WEEK12,Systolic Blood Pressure,SYSBP,125.0,125.0,mmHg,2026-05-10,9
VS_042-S02-005_WEEK12_DIABP,042-S02-005,S02,WEEK12,Diastolic Blood Pressure,DIABP,80.0,80.0,mmHg,2026-05-10,9
VS_042-S02-005_WEEK12_PULSE,042-S02-005,S02,WEEK12,Pulse Rate,PULSE,73.0,73.0,beats/min,2026-05-10,9
VS_042-S02-005_WEEK12_WEIGHT,042-S02-005,S02,WEEK12,Weight,WEIGHT,79.5,79.5,kg,2026-05-10,9
VS_042-S02-006_WEEK12_SYSBP,042-S02-006,S02,WEEK12,Systolic Blood Pressure,SYSBP,119.0,119.0,mmHg,2026-05-10,9
VS_042-S02-006_WEEK12_DIABP,042-S02-006,S02,WEEK12,Diastolic Blood Pressure,DIABP,80.0,80.0,mmHg,2026-05-10,9
VS_042-S02-006_WEEK12_PULSE,042-S02-006,S02,WEEK12,Pulse Rate,PULSE,77.0,77.0,beats/min,2026-05-10,9
VS_042-S02-006_WEEK12_WEIGHT,042-S02-006,S02,WEEK12,Weight,WEIGHT,82.5,82.5,kg,2026-05-10,9
VS_042-S02-007_WEEK12_SYSBP,042-S02-007,S02,WEEK12,Systolic Blood Pressure,SYSBP,127.0,127.0,mmHg,2026-05-10,9
VS_042-S02-007_WEEK12_DIABP,042-S02-007,S02,WEEK12,Diastolic Blood Pressure,DIABP,80.0,80.0,mmHg,2026-05-10,9
VS_042-S02-007_WEEK12_PULSE,042-S02-007,S02,WEEK12,Pulse Rate,PULSE,77.0,77.0,beats/min,2026-05-10,9
VS_042-S02-007_WEEK12_WEIGHT,042-S02-007,S02,WEEK12,Weight,WEIGHT,79.5,79.5,kg,2026-05-10,9
VS_042-S02-008_WEEK12_SYSBP,042-S02-008,S02,WEEK12,Systolic Blood Pressure,SYSBP,129.0,129.0,mmHg,2026-05-10,9
VS_042-S02-008_WEEK12_DIABP,042-S02-008,S02,WEEK12,Diastolic Blood Pressure,DIABP,74.0,74.0,mmHg,2026-05-10,9
VS_042-S02-008_WEEK12_PULSE,042-S02-008,S02,WEEK12,Pulse Rate,PULSE,68.0,68.0,beats/min,2026-05-10,9
VS_042-S02-008_WEEK12_WEIGHT,042-S02-008,S02,WEEK12,Weight,WEIGHT,77.5,77.5,kg,2026-05-10,9
VS_042-S02-009_WEEK12_SYSBP,042-S02-009,S02,WEEK12,Systolic Blood Pressure,SYSBP,124.0,124.0,mmHg,2026-05-10,9
VS_042-S02-009_WEEK12_DIABP,042-S02-009,S02,WEEK12,Diastolic Blood Pressure,DIABP,82.0,82.0,mmHg,2026-05-10,9
VS_042-S02-009_WEEK12_PULSE,042-S02-009,S02,WEEK12,Pulse Rate,PULSE,76.0,76.0,beats/min,2026-05-10,9
VS_042-S02-009_WEEK12_WEIGHT,042-S02-009,S02,WEEK12,Weight,WEIGHT,81.5,81.5,kg,2026-05-10,9
VS_042-S02-010_WEEK12_SYSBP,042-S02-010,S02,WEEK12,Systolic Blood Pressure,SYSBP,123.0,123.0,mmHg,2026-05-10,9
VS_042-S02-010_WEEK12_DIABP,042-S02-010,S02,WEEK12,Diastolic Blood Pressure,DIABP,83.0,83.0,mmHg,2026-05-10,9
VS_042-S02-010_WEEK12_PULSE,042-S02-010,S02,WEEK12,Pulse Rate,PULSE,76.0,76.0,beats/min,2026-05-10,9
VS_042-S02-010_WEEK12_WEIGHT,042-S02-010,S02,WEEK12,Weight,WEIGHT,80.5,80.5,kg,2026-05-10,9
VS_042-S02-011_WEEK12_SYSBP,042-S02-011,S02,WEEK12,Systolic Blood Pressure,SYSBP,126.0,126.0,mmHg,2026-05-10,9
VS_042-S02-011_WEEK12_DIABP,042-S02-011,S02,WEEK12,Diastolic Blood Pressure,DIABP,83.0,83.0,mmHg,2026-05-10,9
VS_042-S02-011_WEEK12_PULSE,042-S02-011,S02,WEEK12,Pulse Rate,PULSE,69.0,69.0,beats/min,2026-05-10,9
VS_042-S02-011_WEEK12_WEIGHT,042-S02-011,S02,WEEK12,Weight,WEIGHT,83.5,83.5,kg,2026-05-10,9
VS_042-S02-012_WEEK12_SYSBP,042-S02-012,S02,WEEK12,Systolic Blood Pressure,SYSBP,122.0,122.0,mmHg,2026-05-10,9
VS_042-S02-012_WEEK12_DIABP,042-S02-012,S02,WEEK12,Diastolic Blood Pressure,DIABP,77.0,77.0,mmHg,2026-05-10,9
VS_042-S02-012_WEEK12_PULSE,042-S02-012,S02,WEEK12,Pulse Rate,PULSE,77.0,77.0,beats/min,2026-05-10,9
VS_042-S02-012_WEEK12_WEIGHT,042-S02-012,S02,WEEK12,Weight,WEIGHT,85.5,85.5,kg,2026-05-10,9
VS_042-S02-013_WEEK12_SYSBP,042-S02-013,S02,WEEK12,Systolic Blood Pressure,SYSBP,126.0,126.0,mmHg,2026-05-10,9
VS_042-S02-013_WEEK12_DIABP,042-S02-013,S02,WEEK12,Diastolic Blood Pressure,DIABP,75.0,75.0,mmHg,2026-05-10,9
VS_042-S02-013_WEEK12_PULSE,042-S02-013,S02,WEEK12,Pulse Rate,PULSE,74.0,74.0,beats/min,2026-05-10,9
VS_042-S02-013_WEEK12_WEIGHT,042-S02-013,S02,WEEK12,Weight,WEIGHT,86.5,86.5,kg,2026-05-10,9
VS_042-S02-014_WEEK12_SYSBP,042-S02-014,S02,WEEK12,Systolic Blood Pressure,SYSBP,121.0,121.0,mmHg,2026-05-10,9
VS_042-S02-014_WEEK12_DIABP,042-S02-014,S02,WEEK12,Diastolic Blood Pressure,DIABP,74.0,74.0,mmHg,2026-05-10,9
VS_042-S02-014_WEEK12_PULSE,042-S02-014,S02,WEEK12,Pulse Rate,PULSE,75.0,75.0,beats/min,2026-05-10,9
VS_042-S02-014_WEEK12_WEIGHT,042-S02-014,S02,WEEK12,Weight,WEIGHT,85.5,85.5,kg,2026-05-10,9
VS_042-S02-015_WEEK12_SYSBP,042-S02-015,S02,WEEK12,Systolic Blood Pressure,SYSBP,126.0,126.0,mmHg,2026-05-10,9
VS_042-S02-015_WEEK12_DIABP,042-S02-015,S02,WEEK12,Diastolic Blood Pressure,DIABP,77.0,77.0,mmHg,2026-05-10,9
VS_042-S02-015_WEEK12_PULSE,042-S02-015,S02,WEEK12,Pulse Rate,PULSE,71.0,71.0,beats/min,2026-05-10,9
VS_042-S02-015_WEEK12_WEIGHT,042-S02-015,S02,WEEK12,Weight,WEIGHT,83.5,83.5,kg,2026-05-10,9
VS_042-S02-016_WEEK12_SYSBP,042-S02-016,S02,WEEK12,Systolic Blood Pressure,SYSBP,119.0,119.0,mmHg,2026-05-10,9
VS_042-S02-016_WEEK12_DIABP,042-S02-016,S02,WEEK12,Diastolic Blood Pressure,DIABP,79.0,79.0,mmHg,2026-05-10,9
VS_042-S02-016_WEEK12_PULSE,042-S02-016,S02,WEEK12,Pulse Rate,PULSE,76.0,76.0,beats/min,2026-05-10,9
VS_042-S02-016_WEEK12_WEIGHT,042-S02-016,S02,WEEK12,Weight,WEIGHT,86.5,86.5,kg,2026-05-10,9
VS_042-S02-017_WEEK12_SYSBP,042-S02-017,S02,WEEK12,Systolic Blood Pressure,SYSBP,126.0,126.0,mmHg,2026-05-10,9
VS_042-S02-017_WEEK12_DIABP,042-S02-017,S02,WEEK12,Diastolic Blood Pressure,DIABP,76.0,76.0,mmHg,2026-05-10,9
VS_042-S02-017_WEEK12_PULSE,042-S02-017,S02,WEEK12,Pulse Rate,PULSE,75.0,75.0,beats/min,2026-05-10,9
VS_042-S02-017_WEEK12_WEIGHT,042-S02-017,S02,WEEK12,Weight,WEIGHT,83.5,83.5,kg,2026-05-10,9
VS_042-S02-018_WEEK12_SYSBP,042-S02-018,S02,WEEK12,Systolic Blood Pressure,SYSBP,129.0,129.0,mmHg,2026-05-10,9
VS_042-S02-018_WEEK12_DIABP,042-S02-018,S02,WEEK12,Diastolic Blood Pressure,DIABP,83.0,83.0,mmHg,2026-05-10,9
VS_042-S02-018_WEEK12_PULSE,042-S02-018,S02,WEEK12,Pulse Rate,PULSE,75.0,75.0,beats/min,2026-05-10,9
VS_042-S02-018_WEEK12_WEIGHT,042-S02-018,S02,WEEK12,Weight,WEIGHT,79.5,79.5,kg,2026-05-10,9
VS_042-S02-019_WEEK12_SYSBP,042-S02-019,S02,WEEK12,Systolic Blood Pressure,SYSBP,126.0,126.0,mmHg,2026-05-10,9
VS_042-S02-019_WEEK12_DIABP,042-S02-019,S02,WEEK12,Diastolic Blood Pressure,DIABP,75.0,75.0,mmHg,2026-05-10,9
VS_042-S02-019_WEEK12_PULSE,042-S02-019,S02,WEEK12,Pulse Rate,PULSE,76.0,76.0,beats/min,2026-05-10,9
VS_042-S02-019_WEEK12_WEIGHT,042-S02-019,S02,WEEK12,Weight,WEIGHT,78.5,78.5,kg,2026-05-10,9
VS_042-S02-020_WEEK12_SYSBP,042-S02-020,S02,WEEK12,Systolic Blood Pressure,SYSBP,119.0,119.0,mmHg,2026-05-10,9
VS_042-S02-020_WEEK12_DIABP,042-S02-020,S02,WEEK12,Diastolic Blood Pressure,DIABP,76.0,76.0,mmHg,2026-05-10,9
VS_042-S02-020_WEEK12_PULSE,042-S02-020,S02,WEEK12,Pulse Rate,PULSE,69.0,69.0,beats/min,2026-05-10,9
VS_042-S02-020_WEEK12_WEIGHT,042-S02-020,S02,WEEK12,Weight,WEIGHT,82.5,82.5,kg,2026-05-10,9
VS_042-S03-001_WEEK12_SYSBP,042-S03-001,S03,WEEK12,Systolic Blood Pressure,SYSBP,122.0,122.0,mmHg,2026-05-10,9
VS_042-S03-001_WEEK12_DIABP,042-S03-001,S03,WEEK12,Diastolic Blood Pressure,DIABP,81.0,81.0,mmHg,2026-05-10,9
VS_042-S03-001_WEEK12_PULSE,042-S03-001,S03,WEEK12,Pulse Rate,PULSE,76.0,76.0,beats/min,2026-05-10,9
VS_042-S03-001_WEEK12_WEIGHT,042-S03-001,S03,WEEK12,Weight,WEIGHT,78.5,78.5,kg,2026-05-10,9
VS_042-S03-002_WEEK12_SYSBP,042-S03-002,S03,WEEK12,Systolic Blood Pressure,SYSBP,122.0,122.0,mmHg,2026-05-10,9
VS_042-S03-002_WEEK12_DIABP,042-S03-002,S03,WEEK12,Diastolic Blood Pressure,DIABP,75.0,75.0,mmHg,2026-05-10,9
VS_042-S03-002_WEEK12_PULSE,042-S03-002,S03,WEEK12,Pulse Rate,PULSE,72.0,72.0,beats/min,2026-05-10,9
VS_042-S03-002_WEEK12_WEIGHT,042-S03-002,S03,WEEK12,Weight,WEIGHT,84.5,84.5,kg,2026-05-10,9
VS_042-S03-003_WEEK12_SYSBP,042-S03-003,S03,WEEK12,Systolic Blood Pressure,SYSBP,123.0,123.0,mmHg,2026-05-10,9
VS_042-S03-003_WEEK12_DIABP,042-S03-003,S03,WEEK12,Diastolic Blood Pressure,DIABP,80.0,80.0,mmHg,2026-05-10,9
VS_042-S03-003_WEEK12_PULSE,042-S03-003,S03,WEEK12,Pulse Rate,PULSE,72.0,72.0,beats/min,2026-05-10,9
VS_042-S03-003_WEEK12_WEIGHT,042-S03-003,S03,WEEK12,Weight,WEIGHT,87.5,87.5,kg,2026-05-10,9
VS_042-S03-004_WEEK12_SYSBP,042-S03-004,S03,WEEK12,Systolic Blood Pressure,SYSBP,119.0,119.0,mmHg,2026-05-10,9
VS_042-S03-004_WEEK12_DIABP,042-S03-004,S03,WEEK12,Diastolic Blood Pressure,DIABP,74.0,74.0,mmHg,2026-05-10,9
VS_042-S03-004_WEEK12_PULSE,042-S03-004,S03,WEEK12,Pulse Rate,PULSE,73.0,73.0,beats/min,2026-05-10,9
VS_042-S03-004_WEEK12_WEIGHT,042-S03-004,S03,WEEK12,Weight,WEIGHT,81.5,81.5,kg,2026-05-10,9
VS_042-S03-005_WEEK12_SYSBP,042-S03-005,S03,WEEK12,Systolic Blood Pressure,SYSBP,120.0,120.0,mmHg,2026-05-10,9
VS_042-S03-005_WEEK12_DIABP,042-S03-005,S03,WEEK12,Diastolic Blood Pressure,DIABP,77.0,77.0,mmHg,2026-05-10,9
VS_042-S03-005_WEEK12_PULSE,042-S03-005,S03,WEEK12,Pulse Rate,PULSE,73.0,73.0,beats/min,2026-05-10,9
VS_042-S03-005_WEEK12_WEIGHT,042-S03-005,S03,WEEK12,Weight,WEIGHT,87.5,87.5,kg,2026-05-10,9
VS_042-S03-006_WEEK12_SYSBP,042-S03-006,S03,WEEK12,Systolic Blood Pressure,SYSBP,124.0,124.0,mmHg,2026-05-10,9
VS_042-S03-006_WEEK12_DIABP,042-S03-006,S03,WEEK12,Diastolic Blood Pressure,DIABP,76.0,76.0,mmHg,2026-05-10,9
VS_042-S03-006_WEEK12_PULSE,042-S03-006,S03,WEEK12,Pulse Rate,PULSE,69.0,69.0,beats/min,2026-05-10,9
VS_042-S03-006_WEEK12_WEIGHT,042-S03-006,S03,WEEK12,Weight,WEIGHT,83.5,83.5,kg,2026-05-10,9
VS_042-S03-007_WEEK12_SYSBP,042-S03-007,S03,WEEK12,Systolic Blood Pressure,SYSBP,124.0,124.0,mmHg,2026-05-10,9
VS_042-S03-007_WEEK12_DIABP,042-S03-007,S03,WEEK12,Diastolic Blood Pressure,DIABP,74.0,74.0,mmHg,2026-05-10,9
VS_042-S03-007_WEEK12_PULSE,042-S03-007,S03,WEEK12,Pulse Rate,PULSE,77.0,77.0,beats/min,2026-05-10,9
VS_042-S03-007_WEEK12_WEIGHT,042-S03-007,S03,WEEK12,Weight,WEIGHT,84.5,84.5,kg,2026-05-10,9
VS_042-S03-008_WEEK12_SYSBP,042-S03-008,S03,WEEK12,Systolic Blood Pressure,SYSBP,125.0,125.0,mmHg,2026-05-10,9
VS_042-S03-008_WEEK12_DIABP,042-S03-008,S03,WEEK12,Diastolic Blood Pressure,DIABP,83.0,83.0,mmHg,2026-05-10,9
VS_042-S03-008_WEEK12_PULSE,042-S03-008,S03,WEEK12,Pulse Rate,PULSE,72.0,72.0,beats/min,2026-05-10,9
VS_042-S03-008_WEEK12_WEIGHT,042-S03-008,S03,WEEK12,Weight,WEIGHT,81.5,81.5,kg,2026-05-10,9
VS_042-S03-009_WEEK12_SYSBP,042-S03-009,S03,WEEK12,Systolic Blood Pressure,SYSBP,121.0,121.0,mmHg,2026-05-10,9
VS_042-S03-009_WEEK12_DIABP,042-S03-009,S03,WEEK12,Diastolic Blood Pressure,DIABP,83.0,83.0,mmHg,2026-05-10,9
VS_042-S03-009_WEEK12_PULSE,042-S03-009,S03,WEEK12,Pulse Rate,PULSE,68.0,68.0,beats/min,2026-05-10,9
VS_042-S03-009_WEEK12_WEIGHT,042-S03-009,S03,WEEK12,Weight,WEIGHT,77.5,77.5,kg,2026-05-10,9
VS_042-S03-010_WEEK12_SYSBP,042-S03-010,S03,WEEK12,Systolic Blood Pressure,SYSBP,121.0,121.0,mmHg,2026-05-10,9
VS_042-S03-010_WEEK12_DIABP,042-S03-010,S03,WEEK12,Diastolic Blood Pressure,DIABP,80.0,80.0,mmHg,2026-05-10,9
VS_042-S03-010_WEEK12_PULSE,042-S03-010,S03,WEEK12,Pulse Rate,PULSE,75.0,75.0,beats/min,2026-05-10,9
VS_042-S03-010_WEEK12_WEIGHT,042-S03-010,S03,WEEK12,Weight,WEIGHT,85.5,85.5,kg,2026-05-10,9
VS_042-S03-011_WEEK12_SYSBP,042-S03-011,S03,WEEK12,Systolic Blood Pressure,SYSBP,127.0,127.0,mmHg,2026-05-10,9
VS_042-S03-011_WEEK12_DIABP,042-S03-011,S03,WEEK12,Diastolic Blood Pressure,DIABP,81.0,81.0,mmHg,2026-05-10,9
VS_042-S03-011_WEEK12_PULSE,042-S03-011,S03,WEEK12,Pulse Rate,PULSE,71.0,71.0,beats/min,2026-05-10,9
VS_042-S03-011_WEEK12_WEIGHT,042-S03-011,S03,WEEK12,Weight,WEIGHT,87.5,87.5,kg,2026-05-10,9
VS_042-S03-012_WEEK12_SYSBP,042-S03-012,S03,WEEK12,Systolic Blood Pressure,SYSBP,119.0,119.0,mmHg,2026-05-10,9
VS_042-S03-012_WEEK12_DIABP,042-S03-012,S03,WEEK12,Diastolic Blood Pressure,DIABP,73.0,73.0,mmHg,2026-05-10,9
VS_042-S03-012_WEEK12_PULSE,042-S03-012,S03,WEEK12,Pulse Rate,PULSE,71.0,71.0,beats/min,2026-05-10,9
VS_042-S03-012_WEEK12_WEIGHT,042-S03-012,S03,WEEK12,Weight,WEIGHT,81.5,81.5,kg,2026-05-10,9
VS_042-S03-013_WEEK12_SYSBP,042-S03-013,S03,WEEK12,Systolic Blood Pressure,SYSBP,128.0,128.0,mmHg,2026-05-10,9
VS_042-S03-013_WEEK12_DIABP,042-S03-013,S03,WEEK12,Diastolic Blood Pressure,DIABP,77.0,77.0,mmHg,2026-05-10,9
VS_042-S03-013_WEEK12_PULSE,042-S03-013,S03,WEEK12,Pulse Rate,PULSE,76.0,76.0,beats/min,2026-05-10,9
VS_042-S03-013_WEEK12_WEIGHT,042-S03-013,S03,WEEK12,Weight,WEIGHT,84.5,84.5,kg,2026-05-10,9
VS_042-S03-014_WEEK12_SYSBP,042-S03-014,S03,WEEK12,Systolic Blood Pressure,SYSBP,122.0,122.0,mmHg,2026-05-10,9
VS_042-S03-014_WEEK12_DIABP,042-S03-014,S03,WEEK12,Diastolic Blood Pressure,DIABP,82.0,82.0,mmHg,2026-05-10,9
VS_042-S03-014_WEEK12_PULSE,042-S03-014,S03,WEEK12,Pulse Rate,PULSE,73.0,73.0,beats/min,2026-05-10,9
VS_042-S03-014_WEEK12_WEIGHT,042-S03-014,S03,WEEK12,Weight,WEIGHT,77.5,77.5,kg,2026-05-10,9
VS_042-S03-015_WEEK12_SYSBP,042-S03-015,S03,WEEK12,Systolic Blood Pressure,SYSBP,124.0,124.0,mmHg,2026-05-10,9
VS_042-S03-015_WEEK12_DIABP,042-S03-015,S03,WEEK12,Diastolic Blood Pressure,DIABP,76.0,76.0,mmHg,2026-05-10,9
VS_042-S03-015_WEEK12_PULSE,042-S03-015,S03,WEEK12,Pulse Rate,PULSE,76.0,76.0,beats/min,2026-05-10,9
VS_042-S03-015_WEEK12_WEIGHT,042-S03-015,S03,WEEK12,Weight,WEIGHT,85.5,85.5,kg,2026-05-10,9
VS_042-S03-016_WEEK12_SYSBP,042-S03-016,S03,WEEK12,Systolic Blood Pressure,SYSBP,129.0,129.0,mmHg,2026-05-10,9
VS_042-S03-016_WEEK12_DIABP,042-S03-016,S03,WEEK12,Diastolic Blood Pressure,DIABP,74.0,74.0,mmHg,2026-05-10,9
VS_042-S03-016_WEEK12_PULSE,042-S03-016,S03,WEEK12,Pulse Rate,PULSE,69.0,69.0,beats/min,2026-05-10,9
VS_042-S03-016_WEEK12_WEIGHT,042-S03-016,S03,WEEK12,Weight,WEIGHT,82.5,82.5,kg,2026-05-10,9
VS_042-S03-017_WEEK12_SYSBP,042-S03-017,S03,WEEK12,Systolic Blood Pressure,SYSBP,123.0,123.0,mmHg,2026-05-10,9
VS_042-S03-017_WEEK12_DIABP,042-S03-017,S03,WEEK12,Diastolic Blood Pressure,DIABP,76.0,76.0,mmHg,2026-05-10,9
VS_042-S03-017_WEEK12_PULSE,042-S03-017,S03,WEEK12,Pulse Rate,PULSE,69.0,69.0,beats/min,2026-05-10,9
VS_042-S03-017_WEEK12_WEIGHT,042-S03-017,S03,WEEK12,Weight,WEIGHT,83.5,83.5,kg,2026-05-10,9
VS_042-S03-018_WEEK12_SYSBP,042-S03-018,S03,WEEK12,Systolic Blood Pressure,SYSBP,120.0,120.0,mmHg,2026-05-10,9
VS_042-S03-018_WEEK12_DIABP,042-S03-018,S03,WEEK12,Diastolic Blood Pressure,DIABP,81.0,81.0,mmHg,2026-05-10,9
VS_042-S03-018_WEEK12_PULSE,042-S03-018,S03,WEEK12,Pulse Rate,PULSE,76.0,76.0,beats/min,2026-05-10,9
VS_042-S03-018_WEEK12_WEIGHT,042-S03-018,S03,WEEK12,Weight,WEIGHT,84.5,84.5,kg,2026-05-10,9
VS_042-S03-019_WEEK12_SYSBP,042-S03-019,S03,WEEK12,Systolic Blood Pressure,SYSBP,119.0,119.0,mmHg,2026-05-10,9
VS_042-S03-019_WEEK12_DIABP,042-S03-019,S03,WEEK12,Diastolic Blood Pressure,DIABP,75.0,75.0,mmHg,2026-05-10,9
VS_042-S03-019_WEEK12_PULSE,042-S03-019,S03,WEEK12,Pulse Rate,PULSE,75.0,75.0,beats/min,2026-05-10,9
VS_042-S03-019_WEEK12_WEIGHT,042-S03-019,S03,WEEK12,Weight,WEIGHT,77.5,77.5,kg,2026-05-10,9
VS_042-S03-020_WEEK12_SYSBP,042-S03-020,S03,WEEK12,Systolic Blood Pressure,SYSBP,121.0,121.0,mmHg,2026-05-10,9
VS_042-S03-020_WEEK12_DIABP,042-S03-020,S03,WEEK12,Diastolic Blood Pressure,DIABP,75.0,75.0,mmHg,2026-05-10,9
VS_042-S03-020_WEEK12_PULSE,042-S03-020,S03,WEEK12,Pulse Rate,PULSE,67.0,67.0,beats/min,2026-05-10,9
VS_042-S03-020_WEEK12_WEIGHT,042-S03-020,S03,WEEK12,Weight,WEIGHT,79.5,79.5,kg,2026-05-10,9
VS_042-S04-001_WEEK12_SYSBP,042-S04-001,S04,WEEK12,Systolic Blood Pressure,SYSBP,122.0,122.0,mmHg,2026-05-10,9
VS_042-S04-001_WEEK12_DIABP,042-S04-001,S04,WEEK12,Diastolic Blood Pressure,DIABP,81.0,81.0,mmHg,2026-05-10,9
VS_042-S04-001_WEEK12_PULSE,042-S04-001,S04,WEEK12,Pulse Rate,PULSE,71.0,71.0,beats/min,2026-05-10,9
VS_042-S04-001_WEEK12_WEIGHT,042-S04-001,S04,WEEK12,Weight,WEIGHT,87.5,87.5,kg,2026-05-10,9
VS_042-S04-002_WEEK12_SYSBP,042-S04-002,S04,WEEK12,Systolic Blood Pressure,SYSBP,121.0,121.0,mmHg,2026-05-10,9
VS_042-S04-002_WEEK12_DIABP,042-S04-002,S04,WEEK12,Diastolic Blood Pressure,DIABP,78.0,78.0,mmHg,2026-05-10,9
VS_042-S04-002_WEEK12_PULSE,042-S04-002,S04,WEEK12,Pulse Rate,PULSE,67.0,67.0,beats/min,2026-05-10,9
VS_042-S04-002_WEEK12_WEIGHT,042-S04-002,S04,WEEK12,Weight,WEIGHT,83.5,83.5,kg,2026-05-10,9
VS_042-S04-003_WEEK12_SYSBP,042-S04-003,S04,WEEK12,Systolic Blood Pressure,SYSBP,119.0,119.0,mmHg,2026-05-10,9
VS_042-S04-003_WEEK12_DIABP,042-S04-003,S04,WEEK12,Diastolic Blood Pressure,DIABP,73.0,73.0,mmHg,2026-05-10,9
VS_042-S04-003_WEEK12_PULSE,042-S04-003,S04,WEEK12,Pulse Rate,PULSE,70.0,70.0,beats/min,2026-05-10,9
VS_042-S04-003_WEEK12_WEIGHT,042-S04-003,S04,WEEK12,Weight,WEIGHT,79.5,79.5,kg,2026-05-10,9
VS_042-S04-004_WEEK12_SYSBP,042-S04-004,S04,WEEK12,Systolic Blood Pressure,SYSBP,125.0,125.0,mmHg,2026-05-10,9
VS_042-S04-004_WEEK12_DIABP,042-S04-004,S04,WEEK12,Diastolic Blood Pressure,DIABP,81.0,81.0,mmHg,2026-05-10,9
VS_042-S04-004_WEEK12_PULSE,042-S04-004,S04,WEEK12,Pulse Rate,PULSE,74.0,74.0,beats/min,2026-05-10,9
VS_042-S04-004_WEEK12_WEIGHT,042-S04-004,S04,WEEK12,Weight,WEIGHT,82.5,82.5,kg,2026-05-10,9
VS_042-S04-005_WEEK12_SYSBP,042-S04-005,S04,WEEK12,Systolic Blood Pressure,SYSBP,120.0,120.0,mmHg,2026-05-10,9
VS_042-S04-005_WEEK12_DIABP,042-S04-005,S04,WEEK12,Diastolic Blood Pressure,DIABP,81.0,81.0,mmHg,2026-05-10,9
VS_042-S04-005_WEEK12_PULSE,042-S04-005,S04,WEEK12,Pulse Rate,PULSE,69.0,69.0,beats/min,2026-05-10,9
VS_042-S04-005_WEEK12_WEIGHT,042-S04-005,S04,WEEK12,Weight,WEIGHT,83.5,83.5,kg,2026-05-10,9
VS_042-S04-006_WEEK12_SYSBP,042-S04-006,S04,WEEK12,Systolic Blood Pressure,SYSBP,119.0,119.0,mmHg,2026-05-10,9
VS_042-S04-006_WEEK12_DIABP,042-S04-006,S04,WEEK12,Diastolic Blood Pressure,DIABP,74.0,74.0,mmHg,2026-05-10,9
VS_042-S04-006_WEEK12_PULSE,042-S04-006,S04,WEEK12,Pulse Rate,PULSE,71.0,71.0,beats/min,2026-05-10,9
VS_042-S04-006_WEEK12_WEIGHT,042-S04-006,S04,WEEK12,Weight,WEIGHT,79.5,79.5,kg,2026-05-10,9
VS_042-S04-007_WEEK12_SYSBP,042-S04-007,S04,WEEK12,Systolic Blood Pressure,SYSBP,127.0,127.0,mmHg,2026-05-10,9
VS_042-S04-007_WEEK12_DIABP,042-S04-007,S04,WEEK12,Diastolic Blood Pressure,DIABP,78.0,78.0,mmHg,2026-05-10,9
VS_042-S04-007_WEEK12_PULSE,042-S04-007,S04,WEEK12,Pulse Rate,PULSE,69.0,69.0,beats/min,2026-05-10,9
VS_042-S04-007_WEEK12_WEIGHT,042-S04-007,S04,WEEK12,Weight,WEIGHT,84.5,84.5,kg,2026-05-10,9
VS_042-S04-008_WEEK12_SYSBP,042-S04-008,S04,WEEK12,Systolic Blood Pressure,SYSBP,122.0,122.0,mmHg,2026-05-10,9
VS_042-S04-008_WEEK12_DIABP,042-S04-008,S04,WEEK12,Diastolic Blood Pressure,DIABP,81.0,81.0,mmHg,2026-05-10,9
VS_042-S04-008_WEEK12_PULSE,042-S04-008,S04,WEEK12,Pulse Rate,PULSE,69.0,69.0,beats/min,2026-05-10,9
VS_042-S04-008_WEEK12_WEIGHT,042-S04-008,S04,WEEK12,Weight,WEIGHT,79.5,79.5,kg,2026-05-10,9
VS_042-S04-009_WEEK12_SYSBP,042-S04-009,S04,WEEK12,Systolic Blood Pressure,SYSBP,123.0,123.0,mmHg,2026-05-10,9
VS_042-S04-009_WEEK12_DIABP,042-S04-009,S04,WEEK12,Diastolic Blood Pressure,DIABP,82.0,82.0,mmHg,2026-05-10,9
VS_042-S04-009_WEEK12_PULSE,042-S04-009,S04,WEEK12,Pulse Rate,PULSE,68.0,68.0,beats/min,2026-05-10,9
VS_042-S04-009_WEEK12_WEIGHT,042-S04-009,S04,WEEK12,Weight,WEIGHT,80.5,80.5,kg,2026-05-10,9
VS_042-S04-010_WEEK12_SYSBP,042-S04-010,S04,WEEK12,Systolic Blood Pressure,SYSBP,126.0,126.0,mmHg,2026-05-10,9
VS_042-S04-010_WEEK12_DIABP,042-S04-010,S04,WEEK12,Diastolic Blood Pressure,DIABP,79.0,79.0,mmHg,2026-05-10,9
VS_042-S04-010_WEEK12_PULSE,042-S04-010,S04,WEEK12,Pulse Rate,PULSE,75.0,75.0,beats/min,2026-05-10,9
VS_042-S04-010_WEEK12_WEIGHT,042-S04-010,S04,WEEK12,Weight,WEIGHT,84.5,84.5,kg,2026-05-10,9
VS_042-S04-011_WEEK12_SYSBP,042-S04-011,S04,WEEK12,Systolic Blood Pressure,SYSBP,119.0,119.0,mmHg,2026-05-10,9
VS_042-S04-011_WEEK12_DIABP,042-S04-011,S04,WEEK12,Diastolic Blood Pressure,DIABP,77.0,77.0,mmHg,2026-05-10,9
VS_042-S04-011_WEEK12_PULSE,042-S04-011,S04,WEEK12,Pulse Rate,PULSE,71.0,71.0,beats/min,2026-05-10,9
VS_042-S04-011_WEEK12_WEIGHT,042-S04-011,S04,WEEK12,Weight,WEIGHT,77.5,77.5,kg,2026-05-10,9
VS_042-S04-012_WEEK12_SYSBP,042-S04-012,S04,WEEK12,Systolic Blood Pressure,SYSBP,121.0,121.0,mmHg,2026-05-10,9
VS_042-S04-012_WEEK12_DIABP,042-S04-012,S04,WEEK12,Diastolic Blood Pressure,DIABP,78.0,78.0,mmHg,2026-05-10,9
VS_042-S04-012_WEEK12_PULSE,042-S04-012,S04,WEEK12,Pulse Rate,PULSE,77.0,77.0,beats/min,2026-05-10,9
VS_042-S04-012_WEEK12_WEIGHT,042-S04-012,S04,WEEK12,Weight,WEIGHT,77.5,77.5,kg,2026-05-10,9
VS_042-S04-013_WEEK12_SYSBP,042-S04-013,S04,WEEK12,Systolic Blood Pressure,SYSBP,125.0,125.0,mmHg,2026-05-10,9
VS_042-S04-013_WEEK12_DIABP,042-S04-013,S04,WEEK12,Diastolic Blood Pressure,DIABP,77.0,77.0,mmHg,2026-05-10,9
VS_042-S04-013_WEEK12_PULSE,042-S04-013,S04,WEEK12,Pulse Rate,PULSE,77.0,77.0,beats/min,2026-05-10,9
VS_042-S04-013_WEEK12_WEIGHT,042-S04-013,S04,WEEK12,Weight,WEIGHT,81.5,81.5,kg,2026-05-10,9
VS_042-S04-014_WEEK12_SYSBP,042-S04-014,S04,WEEK12,Systolic Blood Pressure,SYSBP,119.0,119.0,mmHg,2026-05-10,9
VS_042-S04-014_WEEK12_DIABP,042-S04-014,S04,WEEK12,Diastolic Blood Pressure,DIABP,81.0,81.0,mmHg,2026-05-10,9
VS_042-S04-014_WEEK12_PULSE,042-S04-014,S04,WEEK12,Pulse Rate,PULSE,72.0,72.0,beats/min,2026-05-10,9
VS_042-S04-014_WEEK12_WEIGHT,042-S04-014,S04,WEEK12,Weight,WEIGHT,78.5,78.5,kg,2026-05-10,9
VS_042-S04-015_WEEK12_SYSBP,042-S04-015,S04,WEEK12,Systolic Blood Pressure,SYSBP,123.0,123.0,mmHg,2026-05-10,9
VS_042-S04-015_WEEK12_DIABP,042-S04-015,S04,WEEK12,Diastolic Blood Pressure,DIABP,77.0,77.0,mmHg,2026-05-10,9
VS_042-S04-015_WEEK12_PULSE,042-S04-015,S04,WEEK12,Pulse Rate,PULSE,68.0,68.0,beats/min,2026-05-10,9
VS_042-S04-015_WEEK12_WEIGHT,042-S04-015,S04,WEEK12,Weight,WEIGHT,78.5,78.5,kg,2026-05-10,9
VS_042-S04-016_WEEK12_SYSBP,042-S04-016,S04,WEEK12,Systolic Blood Pressure,SYSBP,127.0,127.0,mmHg,2026-05-10,9
VS_042-S04-016_WEEK12_DIABP,042-S04-016,S04,WEEK12,Diastolic Blood Pressure,DIABP,83.0,83.0,mmHg,2026-05-10,9
VS_042-S04-016_WEEK12_PULSE,042-S04-016,S04,WEEK12,Pulse Rate,PULSE,77.0,77.0,beats/min,2026-05-10,9
VS_042-S04-016_WEEK12_WEIGHT,042-S04-016,S04,WEEK12,Weight,WEIGHT,83.5,83.5,kg,2026-05-10,9
VS_042-S04-017_WEEK12_SYSBP,042-S04-017,S04,WEEK12,Systolic Blood Pressure,SYSBP,126.0,126.0,mmHg,2026-05-10,9
VS_042-S04-017_WEEK12_DIABP,042-S04-017,S04,WEEK12,Diastolic Blood Pressure,DIABP,79.0,79.0,mmHg,2026-05-10,9
VS_042-S04-017_WEEK12_PULSE,042-S04-017,S04,WEEK12,Pulse Rate,PULSE,74.0,74.0,beats/min,2026-05-10,9
VS_042-S04-017_WEEK12_WEIGHT,042-S04-017,S04,WEEK12,Weight,WEIGHT,85.5,85.5,kg,2026-05-10,9
VS_042-S04-018_WEEK12_SYSBP,042-S04-018,S04,WEEK12,Systolic Blood Pressure,SYSBP,123.0,123.0,mmHg,2026-05-10,9
VS_042-S04-018_WEEK12_DIABP,042-S04-018,S04,WEEK12,Diastolic Blood Pressure,DIABP,77.0,77.0,mmHg,2026-05-10,9
VS_042-S04-018_WEEK12_PULSE,042-S04-018,S04,WEEK12,Pulse Rate,PULSE,74.0,74.0,beats/min,2026-05-10,9
VS_042-S04-018_WEEK12_WEIGHT,042-S04-018,S04,WEEK12,Weight,WEIGHT,81.5,81.5,kg,2026-05-10,9
VS_042-S04-019_WEEK12_SYSBP,042-S04-019,S04,WEEK12,Systolic Blood Pressure,SYSBP,121.0,121.0,mmHg,2026-05-10,9
VS_042-S04-019_WEEK12_DIABP,042-S04-019,S04,WEEK12,Diastolic Blood Pressure,DIABP,74.0,74.0,mmHg,2026-05-10,9
VS_042-S04-019_WEEK12_PULSE,042-S04-019,S04,WEEK12,Pulse Rate,PULSE,74.0,74.0,beats/min,2026-05-10,9
VS_042-S04-019_WEEK12_WEIGHT,042-S04-019,S04,WEEK12,Weight,WEIGHT,79.5,79.5,kg,2026-05-10,9
VS_042-S04-020_WEEK12_SYSBP,042-S04-020,S04,WEEK12,Systolic Blood Pressure,SYSBP,129.0,129.0,mmHg,2026-05-10,9
VS_042-S04-020_WEEK12_DIABP,042-S04-020,S04,WEEK12,Diastolic Blood Pressure,DIABP,77.0,77.0,mmHg,2026-05-10,9
VS_042-S04-020_WEEK12_PULSE,042-S04-020,S04,WEEK12,Pulse Rate,PULSE,71.0,71.0,beats/min,2026-05-10,9
VS_042-S04-020_WEEK12_WEIGHT,042-S04-020,S04,WEEK12,Weight,WEIGHT,80.5,80.5,kg,2026-05-10,9
VS_042-S05-001_WEEK12_SYSBP,042-S05-001,S05,WEEK12,Systolic Blood Pressure,SYSBP,129.0,129.0,mmHg,2026-05-10,9
VS_042-S05-001_WEEK12_DIABP,042-S05-001,S05,WEEK12,Diastolic Blood Pressure,DIABP,75.0,75.0,mmHg,2026-05-10,9
VS_042-S05-001_WEEK12_PULSE,042-S05-001,S05,WEEK12,Pulse Rate,PULSE,75.0,75.0,beats/min,2026-05-10,9
VS_042-S05-001_WEEK12_WEIGHT,042-S05-001,S05,WEEK12,Weight,WEIGHT,82.5,82.5,kg,2026-05-10,9
VS_042-S05-002_WEEK12_SYSBP,042-S05-002,S05,WEEK12,Systolic Blood Pressure,SYSBP,124.0,124.0,mmHg,2026-05-10,9
VS_042-S05-002_WEEK12_DIABP,042-S05-002,S05,WEEK12,Diastolic Blood Pressure,DIABP,74.0,74.0,mmHg,2026-05-10,9
VS_042-S05-002_WEEK12_PULSE,042-S05-002,S05,WEEK12,Pulse Rate,PULSE,74.0,74.0,beats/min,2026-05-10,9
VS_042-S05-002_WEEK12_WEIGHT,042-S05-002,S05,WEEK12,Weight,WEIGHT,77.5,77.5,kg,2026-05-10,9
VS_042-S05-003_WEEK12_SYSBP,042-S05-003,S05,WEEK12,Systolic Blood Pressure,SYSBP,119.0,119.0,mmHg,2026-05-10,9
VS_042-S05-003_WEEK12_DIABP,042-S05-003,S05,WEEK12,Diastolic Blood Pressure,DIABP,73.0,73.0,mmHg,2026-05-10,9
VS_042-S05-003_WEEK12_PULSE,042-S05-003,S05,WEEK12,Pulse Rate,PULSE,72.0,72.0,beats/min,2026-05-10,9
VS_042-S05-003_WEEK12_WEIGHT,042-S05-003,S05,WEEK12,Weight,WEIGHT,80.5,80.5,kg,2026-05-10,9
VS_042-S05-004_WEEK12_SYSBP,042-S05-004,S05,WEEK12,Systolic Blood Pressure,SYSBP,124.0,124.0,mmHg,2026-05-10,9
VS_042-S05-004_WEEK12_DIABP,042-S05-004,S05,WEEK12,Diastolic Blood Pressure,DIABP,82.0,82.0,mmHg,2026-05-10,9
VS_042-S05-004_WEEK12_PULSE,042-S05-004,S05,WEEK12,Pulse Rate,PULSE,74.0,74.0,beats/min,2026-05-10,9
VS_042-S05-004_WEEK12_WEIGHT,042-S05-004,S05,WEEK12,Weight,WEIGHT,81.5,81.5,kg,2026-05-10,9
VS_042-S05-005_WEEK12_SYSBP,042-S05-005,S05,WEEK12,Systolic Blood Pressure,SYSBP,128.0,128.0,mmHg,2026-05-10,9
VS_042-S05-005_WEEK12_DIABP,042-S05-005,S05,WEEK12,Diastolic Blood Pressure,DIABP,80.0,80.0,mmHg,2026-05-10,9
VS_042-S05-005_WEEK12_PULSE,042-S05-005,S05,WEEK12,Pulse Rate,PULSE,68.0,68.0,beats/min,2026-05-10,9
VS_042-S05-005_WEEK12_WEIGHT,042-S05-005,S05,WEEK12,Weight,WEIGHT,80.5,80.5,kg,2026-05-10,9
VS_042-S05-006_WEEK12_SYSBP,042-S05-006,S05,WEEK12,Systolic Blood Pressure,SYSBP,129.0,129.0,mmHg,2026-05-10,9
VS_042-S05-006_WEEK12_DIABP,042-S05-006,S05,WEEK12,Diastolic Blood Pressure,DIABP,74.0,74.0,mmHg,2026-05-10,9
VS_042-S05-006_WEEK12_PULSE,042-S05-006,S05,WEEK12,Pulse Rate,PULSE,76.0,76.0,beats/min,2026-05-10,9
VS_042-S05-006_WEEK12_WEIGHT,042-S05-006,S05,WEEK12,Weight,WEIGHT,85.5,85.5,kg,2026-05-10,9
VS_042-S05-007_WEEK12_SYSBP,042-S05-007,S05,WEEK12,Systolic Blood Pressure,SYSBP,120.0,120.0,mmHg,2026-05-10,9
VS_042-S05-007_WEEK12_DIABP,042-S05-007,S05,WEEK12,Diastolic Blood Pressure,DIABP,81.0,81.0,mmHg,2026-05-10,9
VS_042-S05-007_WEEK12_PULSE,042-S05-007,S05,WEEK12,Pulse Rate,PULSE,69.0,69.0,beats/min,2026-05-10,9
VS_042-S05-007_WEEK12_WEIGHT,042-S05-007,S05,WEEK12,Weight,WEIGHT,80.5,80.5,kg,2026-05-10,9
VS_042-S05-008_WEEK12_SYSBP,042-S05-008,S05,WEEK12,Systolic Blood Pressure,SYSBP,121.0,121.0,mmHg,2026-05-10,9
VS_042-S05-008_WEEK12_DIABP,042-S05-008,S05,WEEK12,Diastolic Blood Pressure,DIABP,80.0,80.0,mmHg,2026-05-10,9
VS_042-S05-008_WEEK12_PULSE,042-S05-008,S05,WEEK12,Pulse Rate,PULSE,74.0,74.0,beats/min,2026-05-10,9
VS_042-S05-008_WEEK12_WEIGHT,042-S05-008,S05,WEEK12,Weight,WEIGHT,77.5,77.5,kg,2026-05-10,9
VS_042-S05-009_WEEK12_SYSBP,042-S05-009,S05,WEEK12,Systolic Blood Pressure,SYSBP,127.0,127.0,mmHg,2026-05-10,9
VS_042-S05-009_WEEK12_DIABP,042-S05-009,S05,WEEK12,Diastolic Blood Pressure,DIABP,80.0,80.0,mmHg,2026-05-10,9
VS_042-S05-009_WEEK12_PULSE,042-S05-009,S05,WEEK12,Pulse Rate,PULSE,70.0,70.0,beats/min,2026-05-10,9
VS_042-S05-009_WEEK12_WEIGHT,042-S05-009,S05,WEEK12,Weight,WEIGHT,86.5,86.5,kg,2026-05-10,9
VS_042-S05-010_WEEK12_SYSBP,042-S05-010,S05,WEEK12,Systolic Blood Pressure,SYSBP,124.0,124.0,mmHg,2026-05-10,9
VS_042-S05-010_WEEK12_DIABP,042-S05-010,S05,WEEK12,Diastolic Blood Pressure,DIABP,73.0,73.0,mmHg,2026-05-10,9
VS_042-S05-010_WEEK12_PULSE,042-S05-010,S05,WEEK12,Pulse Rate,PULSE,77.0,77.0,beats/min,2026-05-10,9
VS_042-S05-010_WEEK12_WEIGHT,042-S05-010,S05,WEEK12,Weight,WEIGHT,80.5,80.5,kg,2026-05-10,9
VS_042-S05-011_WEEK12_SYSBP,042-S05-011,S05,WEEK12,Systolic Blood Pressure,SYSBP,122.0,122.0,mmHg,2026-05-10,9
VS_042-S05-011_WEEK12_DIABP,042-S05-011,S05,WEEK12,Diastolic Blood Pressure,DIABP,76.0,76.0,mmHg,2026-05-10,9
VS_042-S05-011_WEEK12_PULSE,042-S05-011,S05,WEEK12,Pulse Rate,PULSE,70.0,70.0,beats/min,2026-05-10,9
VS_042-S05-011_WEEK12_WEIGHT,042-S05-011,S05,WEEK12,Weight,WEIGHT,87.5,87.5,kg,2026-05-10,9
VS_042-S05-012_WEEK12_SYSBP,042-S05-012,S05,WEEK12,Systolic Blood Pressure,SYSBP,122.0,122.0,mmHg,2026-05-10,9
VS_042-S05-012_WEEK12_DIABP,042-S05-012,S05,WEEK12,Diastolic Blood Pressure,DIABP,79.0,79.0,mmHg,2026-05-10,9
VS_042-S05-012_WEEK12_PULSE,042-S05-012,S05,WEEK12,Pulse Rate,PULSE,68.0,68.0,beats/min,2026-05-10,9
VS_042-S05-012_WEEK12_WEIGHT,042-S05-012,S05,WEEK12,Weight,WEIGHT,77.5,77.5,kg,2026-05-10,9
VS_042-S05-013_WEEK12_SYSBP,042-S05-013,S05,WEEK12,Systolic Blood Pressure,SYSBP,126.0,126.0,mmHg,2026-05-10,9
VS_042-S05-013_WEEK12_DIABP,042-S05-013,S05,WEEK12,Diastolic Blood Pressure,DIABP,83.0,83.0,mmHg,2026-05-10,9
VS_042-S05-013_WEEK12_PULSE,042-S05-013,S05,WEEK12,Pulse Rate,PULSE,67.0,67.0,beats/min,2026-05-10,9
VS_042-S05-013_WEEK12_WEIGHT,042-S05-013,S05,WEEK12,Weight,WEIGHT,78.5,78.5,kg,2026-05-10,9
VS_042-S05-014_WEEK12_SYSBP,042-S05-014,S05,WEEK12,Systolic Blood Pressure,SYSBP,125.0,125.0,mmHg,2026-05-10,9
VS_042-S05-014_WEEK12_DIABP,042-S05-014,S05,WEEK12,Diastolic Blood Pressure,DIABP,83.0,83.0,mmHg,2026-05-10,9
VS_042-S05-014_WEEK12_PULSE,042-S05-014,S05,WEEK12,Pulse Rate,PULSE,76.0,76.0,beats/min,2026-05-10,9
VS_042-S05-014_WEEK12_WEIGHT,042-S05-014,S05,WEEK12,Weight,WEIGHT,78.5,78.5,kg,2026-05-10,9
VS_042-S05-015_WEEK12_SYSBP,042-S05-015,S05,WEEK12,Systolic Blood Pressure,SYSBP,121.0,121.0,mmHg,2026-05-10,9
VS_042-S05-015_WEEK12_DIABP,042-S05-015,S05,WEEK12,Diastolic Blood Pressure,DIABP,80.0,80.0,mmHg,2026-05-10,9
VS_042-S05-015_WEEK12_PULSE,042-S05-015,S05,WEEK12,Pulse Rate,PULSE,69.0,69.0,beats/min,2026-05-10,9
VS_042-S05-015_WEEK12_WEIGHT,042-S05-015,S05,WEEK12,Weight,WEIGHT,79.5,79.5,kg,2026-05-10,9
VS_042-S05-016_WEEK12_SYSBP,042-S05-016,S05,WEEK12,Systolic Blood Pressure,SYSBP,125.0,125.0,mmHg,2026-05-10,9
VS_042-S05-016_WEEK12_DIABP,042-S05-016,S05,WEEK12,Diastolic Blood Pressure,DIABP,81.0,81.0,mmHg,2026-05-10,9
VS_042-S05-016_WEEK12_PULSE,042-S05-016,S05,WEEK12,Pulse Rate,PULSE,68.0,68.0,beats/min,2026-05-10,9
VS_042-S05-016_WEEK12_WEIGHT,042-S05-016,S05,WEEK12,Weight,WEIGHT,87.5,87.5,kg,2026-05-10,9
VS_042-S05-017_WEEK12_SYSBP,042-S05-017,S05,WEEK12,Systolic Blood Pressure,SYSBP,122.0,122.0,mmHg,2026-05-10,9
VS_042-S05-017_WEEK12_DIABP,042-S05-017,S05,WEEK12,Diastolic Blood Pressure,DIABP,76.0,76.0,mmHg,2026-05-10,9
VS_042-S05-017_WEEK12_PULSE,042-S05-017,S05,WEEK12,Pulse Rate,PULSE,75.0,75.0,beats/min,2026-05-10,9
VS_042-S05-017_WEEK12_WEIGHT,042-S05-017,S05,WEEK12,Weight,WEIGHT,82.5,82.5,kg,2026-05-10,9
VS_042-S05-018_WEEK12_SYSBP,042-S05-018,S05,WEEK12,Systolic Blood Pressure,SYSBP,126.0,126.0,mmHg,2026-05-10,9
VS_042-S05-018_WEEK12_DIABP,042-S05-018,S05,WEEK12,Diastolic Blood Pressure,DIABP,79.0,79.0,mmHg,2026-05-10,9
VS_042-S05-018_WEEK12_PULSE,042-S05-018,S05,WEEK12,Pulse Rate,PULSE,76.0,76.0,beats/min,2026-05-10,9
VS_042-S05-018_WEEK12_WEIGHT,042-S05-018,S05,WEEK12,Weight,WEIGHT,81.5,81.5,kg,2026-05-10,9
VS_042-S05-019_WEEK12_SYSBP,042-S05-019,S05,WEEK12,Systolic Blood Pressure,SYSBP,119.0,119.0,mmHg,2026-05-10,9
VS_042-S05-019_WEEK12_DIABP,042-S05-019,S05,WEEK12,Diastolic Blood Pressure,DIABP,83.0,83.0,mmHg,2026-05-10,9
VS_042-S05-019_WEEK12_PULSE,042-S05-019,S05,WEEK12,Pulse Rate,PULSE,71.0,71.0,beats/min,2026-05-10,9
VS_042-S05-019_WEEK12_WEIGHT,042-S05-019,S05,WEEK12,Weight,WEIGHT,79.5,79.5,kg,2026-05-10,9
VS_042-S05-020_WEEK12_SYSBP,042-S05-020,S05,WEEK12,Systolic Blood Pressure,SYSBP,125.0,125.0,mmHg,2026-05-10,9
VS_042-S05-020_WEEK12_DIABP,042-S05-020,S05,WEEK12,Diastolic Blood Pressure,DIABP,80.0,80.0,mmHg,2026-05-10,9
VS_042-S05-020_WEEK12_PULSE,042-S05-020,S05,WEEK12,Pulse Rate,PULSE,69.0,69.0,beats/min,2026-05-10,9
VS_042-S05-020_WEEK12_WEIGHT,042-S05-020,S05,WEEK12,Weight,WEIGHT,86.5,86.5,kg,2026-05-10,9
VS_042-S06-001_WEEK12_SYSBP,042-S06-001,S06,WEEK12,Systolic Blood Pressure,SYSBP,122.0,122.0,mmHg,2026-05-10,9
VS_042-S06-001_WEEK12_DIABP,042-S06-001,S06,WEEK12,Diastolic Blood Pressure,DIABP,79.0,79.0,mmHg,2026-05-10,9
VS_042-S06-001_WEEK12_PULSE,042-S06-001,S06,WEEK12,Pulse Rate,PULSE,77.0,77.0,beats/min,2026-05-10,9
VS_042-S06-001_WEEK12_WEIGHT,042-S06-001,S06,WEEK12,Weight,WEIGHT,85.5,85.5,kg,2026-05-10,9
VS_042-S06-002_WEEK12_SYSBP,042-S06-002,S06,WEEK12,Systolic Blood Pressure,SYSBP,125.0,125.0,mmHg,2026-05-10,9
VS_042-S06-002_WEEK12_DIABP,042-S06-002,S06,WEEK12,Diastolic Blood Pressure,DIABP,81.0,81.0,mmHg,2026-05-10,9
VS_042-S06-002_WEEK12_PULSE,042-S06-002,S06,WEEK12,Pulse Rate,PULSE,70.0,70.0,beats/min,2026-05-10,9
VS_042-S06-002_WEEK12_WEIGHT,042-S06-002,S06,WEEK12,Weight,WEIGHT,82.5,82.5,kg,2026-05-10,9
VS_042-S06-003_WEEK12_SYSBP,042-S06-003,S06,WEEK12,Systolic Blood Pressure,SYSBP,128.0,128.0,mmHg,2026-05-10,9
VS_042-S06-003_WEEK12_DIABP,042-S06-003,S06,WEEK12,Diastolic Blood Pressure,DIABP,80.0,80.0,mmHg,2026-05-10,9
VS_042-S06-003_WEEK12_PULSE,042-S06-003,S06,WEEK12,Pulse Rate,PULSE,77.0,77.0,beats/min,2026-05-10,9
VS_042-S06-003_WEEK12_WEIGHT,042-S06-003,S06,WEEK12,Weight,WEIGHT,82.5,82.5,kg,2026-05-10,9
VS_042-S06-004_WEEK12_SYSBP,042-S06-004,S06,WEEK12,Systolic Blood Pressure,SYSBP,123.0,123.0,mmHg,2026-05-10,9
VS_042-S06-004_WEEK12_DIABP,042-S06-004,S06,WEEK12,Diastolic Blood Pressure,DIABP,81.0,81.0,mmHg,2026-05-10,9
VS_042-S06-004_WEEK12_PULSE,042-S06-004,S06,WEEK12,Pulse Rate,PULSE,77.0,77.0,beats/min,2026-05-10,9
VS_042-S06-004_WEEK12_WEIGHT,042-S06-004,S06,WEEK12,Weight,WEIGHT,87.5,87.5,kg,2026-05-10,9
VS_042-S06-005_WEEK12_SYSBP,042-S06-005,S06,WEEK12,Systolic Blood Pressure,SYSBP,123.0,123.0,mmHg,2026-05-10,9
VS_042-S06-005_WEEK12_DIABP,042-S06-005,S06,WEEK12,Diastolic Blood Pressure,DIABP,74.0,74.0,mmHg,2026-05-10,9
VS_042-S06-005_WEEK12_PULSE,042-S06-005,S06,WEEK12,Pulse Rate,PULSE,72.0,72.0,beats/min,2026-05-10,9
VS_042-S06-005_WEEK12_WEIGHT,042-S06-005,S06,WEEK12,Weight,WEIGHT,80.5,80.5,kg,2026-05-10,9
VS_042-S06-006_WEEK12_SYSBP,042-S06-006,S06,WEEK12,Systolic Blood Pressure,SYSBP,128.0,128.0,mmHg,2026-05-10,9
VS_042-S06-006_WEEK12_DIABP,042-S06-006,S06,WEEK12,Diastolic Blood Pressure,DIABP,74.0,74.0,mmHg,2026-05-10,9
VS_042-S06-006_WEEK12_PULSE,042-S06-006,S06,WEEK12,Pulse Rate,PULSE,67.0,67.0,beats/min,2026-05-10,9
VS_042-S06-006_WEEK12_WEIGHT,042-S06-006,S06,WEEK12,Weight,WEIGHT,78.5,78.5,kg,2026-05-10,9
VS_042-S06-007_WEEK12_SYSBP,042-S06-007,S06,WEEK12,Systolic Blood Pressure,SYSBP,119.0,119.0,mmHg,2026-05-10,9
VS_042-S06-007_WEEK12_DIABP,042-S06-007,S06,WEEK12,Diastolic Blood Pressure,DIABP,82.0,82.0,mmHg,2026-05-10,9
VS_042-S06-007_WEEK12_PULSE,042-S06-007,S06,WEEK12,Pulse Rate,PULSE,75.0,75.0,beats/min,2026-05-10,9
VS_042-S06-007_WEEK12_WEIGHT,042-S06-007,S06,WEEK12,Weight,WEIGHT,86.5,86.5,kg,2026-05-10,9
VS_042-S06-008_WEEK12_SYSBP,042-S06-008,S06,WEEK12,Systolic Blood Pressure,SYSBP,124.0,124.0,mmHg,2026-05-10,9
VS_042-S06-008_WEEK12_DIABP,042-S06-008,S06,WEEK12,Diastolic Blood Pressure,DIABP,76.0,76.0,mmHg,2026-05-10,9
VS_042-S06-008_WEEK12_PULSE,042-S06-008,S06,WEEK12,Pulse Rate,PULSE,68.0,68.0,beats/min,2026-05-10,9
VS_042-S06-008_WEEK12_WEIGHT,042-S06-008,S06,WEEK12,Weight,WEIGHT,82.5,82.5,kg,2026-05-10,9
VS_042-S06-009_WEEK12_SYSBP,042-S06-009,S06,WEEK12,Systolic Blood Pressure,SYSBP,127.0,127.0,mmHg,2026-05-10,9
VS_042-S06-009_WEEK12_DIABP,042-S06-009,S06,WEEK12,Diastolic Blood Pressure,DIABP,80.0,80.0,mmHg,2026-05-10,9
VS_042-S06-009_WEEK12_PULSE,042-S06-009,S06,WEEK12,Pulse Rate,PULSE,70.0,70.0,beats/min,2026-05-10,9
VS_042-S06-009_WEEK12_WEIGHT,042-S06-009,S06,WEEK12,Weight,WEIGHT,83.5,83.5,kg,2026-05-10,9
VS_042-S06-010_WEEK12_SYSBP,042-S06-010,S06,WEEK12,Systolic Blood Pressure,SYSBP,126.0,126.0,mmHg,2026-05-10,9
VS_042-S06-010_WEEK12_DIABP,042-S06-010,S06,WEEK12,Diastolic Blood Pressure,DIABP,75.0,75.0,mmHg,2026-05-10,9
VS_042-S06-010_WEEK12_PULSE,042-S06-010,S06,WEEK12,Pulse Rate,PULSE,77.0,77.0,beats/min,2026-05-10,9
VS_042-S06-010_WEEK12_WEIGHT,042-S06-010,S06,WEEK12,Weight,WEIGHT,87.5,87.5,kg,2026-05-10,9
VS_042-S06-011_WEEK12_SYSBP,042-S06-011,S06,WEEK12,Systolic Blood Pressure,SYSBP,122.0,122.0,mmHg,2026-05-10,9
VS_042-S06-011_WEEK12_DIABP,042-S06-011,S06,WEEK12,Diastolic Blood Pressure,DIABP,78.0,78.0,mmHg,2026-05-10,9
VS_042-S06-011_WEEK12_PULSE,042-S06-011,S06,WEEK12,Pulse Rate,PULSE,74.0,74.0,beats/min,2026-05-10,9
VS_042-S06-011_WEEK12_WEIGHT,042-S06-011,S06,WEEK12,Weight,WEIGHT,82.5,82.5,kg,2026-05-10,9
VS_042-S06-012_WEEK12_SYSBP,042-S06-012,S06,WEEK12,Systolic Blood Pressure,SYSBP,122.0,122.0,mmHg,2026-05-10,9
VS_042-S06-012_WEEK12_DIABP,042-S06-012,S06,WEEK12,Diastolic Blood Pressure,DIABP,83.0,83.0,mmHg,2026-05-10,9
VS_042-S06-012_WEEK12_PULSE,042-S06-012,S06,WEEK12,Pulse Rate,PULSE,67.0,67.0,beats/min,2026-05-10,9
VS_042-S06-012_WEEK12_WEIGHT,042-S06-012,S06,WEEK12,Weight,WEIGHT,85.5,85.5,kg,2026-05-10,9
VS_042-S06-013_WEEK12_SYSBP,042-S06-013,S06,WEEK12,Systolic Blood Pressure,SYSBP,126.0,126.0,mmHg,2026-05-10,9
VS_042-S06-013_WEEK12_DIABP,042-S06-013,S06,WEEK12,Diastolic Blood Pressure,DIABP,78.0,78.0,mmHg,2026-05-10,9
VS_042-S06-013_WEEK12_PULSE,042-S06-013,S06,WEEK12,Pulse Rate,PULSE,69.0,69.0,beats/min,2026-05-10,9
VS_042-S06-013_WEEK12_WEIGHT,042-S06-013,S06,WEEK12,Weight,WEIGHT,82.5,82.5,kg,2026-05-10,9
VS_042-S06-014_WEEK12_SYSBP,042-S06-014,S06,WEEK12,Systolic Blood Pressure,SYSBP,129.0,129.0,mmHg,2026-05-10,9
VS_042-S06-014_WEEK12_DIABP,042-S06-014,S06,WEEK12,Diastolic Blood Pressure,DIABP,80.0,80.0,mmHg,2026-05-10,9
VS_042-S06-014_WEEK12_PULSE,042-S06-014,S06,WEEK12,Pulse Rate,PULSE,69.0,69.0,beats/min,2026-05-10,9
VS_042-S06-014_WEEK12_WEIGHT,042-S06-014,S06,WEEK12,Weight,WEIGHT,84.5,84.5,kg,2026-05-10,9
VS_042-S06-015_WEEK12_SYSBP,042-S06-015,S06,WEEK12,Systolic Blood Pressure,SYSBP,129.0,129.0,mmHg,2026-05-10,9
VS_042-S06-015_WEEK12_DIABP,042-S06-015,S06,WEEK12,Diastolic Blood Pressure,DIABP,82.0,82.0,mmHg,2026-05-10,9
VS_042-S06-015_WEEK12_PULSE,042-S06-015,S06,WEEK12,Pulse Rate,PULSE,75.0,75.0,beats/min,2026-05-10,9
VS_042-S06-015_WEEK12_WEIGHT,042-S06-015,S06,WEEK12,Weight,WEIGHT,79.5,79.5,kg,2026-05-10,9
VS_042-S06-016_WEEK12_SYSBP,042-S06-016,S06,WEEK12,Systolic Blood Pressure,SYSBP,123.0,123.0,mmHg,2026-05-10,9
VS_042-S06-016_WEEK12_DIABP,042-S06-016,S06,WEEK12,Diastolic Blood Pressure,DIABP,74.0,74.0,mmHg,2026-05-10,9
VS_042-S06-016_WEEK12_PULSE,042-S06-016,S06,WEEK12,Pulse Rate,PULSE,68.0,68.0,beats/min,2026-05-10,9
VS_042-S06-016_WEEK12_WEIGHT,042-S06-016,S06,WEEK12,Weight,WEIGHT,79.5,79.5,kg,2026-05-10,9
VS_042-S06-017_WEEK12_SYSBP,042-S06-017,S06,WEEK12,Systolic Blood Pressure,SYSBP,129.0,129.0,mmHg,2026-05-10,9
VS_042-S06-017_WEEK12_DIABP,042-S06-017,S06,WEEK12,Diastolic Blood Pressure,DIABP,73.0,73.0,mmHg,2026-05-10,9
VS_042-S06-017_WEEK12_PULSE,042-S06-017,S06,WEEK12,Pulse Rate,PULSE,77.0,77.0,beats/min,2026-05-10,9
VS_042-S06-017_WEEK12_WEIGHT,042-S06-017,S06,WEEK12,Weight,WEIGHT,86.5,86.5,kg,2026-05-10,9
VS_042-S06-018_WEEK12_SYSBP,042-S06-018,S06,WEEK12,Systolic Blood Pressure,SYSBP,119.0,119.0,mmHg,2026-05-10,9
VS_042-S06-018_WEEK12_DIABP,042-S06-018,S06,WEEK12,Diastolic Blood Pressure,DIABP,83.0,83.0,mmHg,2026-05-10,9
VS_042-S06-018_WEEK12_PULSE,042-S06-018,S06,WEEK12,Pulse Rate,PULSE,74.0,74.0,beats/min,2026-05-10,9
VS_042-S06-018_WEEK12_WEIGHT,042-S06-018,S06,WEEK12,Weight,WEIGHT,85.5,85.5,kg,2026-05-10,9
VS_042-S06-019_WEEK12_SYSBP,042-S06-019,S06,WEEK12,Systolic Blood Pressure,SYSBP,128.0,128.0,mmHg,2026-05-10,9
VS_042-S06-019_WEEK12_DIABP,042-S06-019,S06,WEEK12,Diastolic Blood Pressure,DIABP,78.0,78.0,mmHg,2026-05-10,9
VS_042-S06-019_WEEK12_PULSE,042-S06-019,S06,WEEK12,Pulse Rate,PULSE,77.0,77.0,beats/min,2026-05-10,9
VS_042-S06-019_WEEK12_WEIGHT,042-S06-019,S06,WEEK12,Weight,WEIGHT,82.5,82.5,kg,2026-05-10,9
VS_042-S06-020_WEEK12_SYSBP,042-S06-020,S06,WEEK12,Systolic Blood Pressure,SYSBP,121.0,121.0,mmHg,2026-05-10,9
VS_042-S06-020_WEEK12_DIABP,042-S06-020,S06,WEEK12,Diastolic Blood Pressure,DIABP,76.0,76.0,mmHg,2026-05-10,9
VS_042-S06-020_WEEK12_PULSE,042-S06-020,S06,WEEK12,Pulse Rate,PULSE,68.0,68.0,beats/min,2026-05-10,9
VS_042-S06-020_WEEK12_WEIGHT,042-S06-020,S06,WEEK12,Weight,WEIGHT,83.5,83.5,kg,2026-05-10,9
VS_042-S07-001_WEEK12_SYSBP,042-S07-001,S07,WEEK12,Systolic Blood Pressure,SYSBP,123.0,123.0,mmHg,2026-05-10,9
VS_042-S07-001_WEEK12_DIABP,042-S07-001,S07,WEEK12,Diastolic Blood Pressure,DIABP,77.0,77.0,mmHg,2026-05-10,9
VS_042-S07-001_WEEK12_PULSE,042-S07-001,S07,WEEK12,Pulse Rate,PULSE,71.0,71.0,beats/min,2026-05-10,9
VS_042-S07-001_WEEK12_WEIGHT,042-S07-001,S07,WEEK12,Weight,WEIGHT,85.5,85.5,kg,2026-05-10,9
VS_042-S07-002_WEEK12_SYSBP,042-S07-002,S07,WEEK12,Systolic Blood Pressure,SYSBP,126.0,126.0,mmHg,2026-05-10,9
VS_042-S07-002_WEEK12_DIABP,042-S07-002,S07,WEEK12,Diastolic Blood Pressure,DIABP,76.0,76.0,mmHg,2026-05-10,9
VS_042-S07-002_WEEK12_PULSE,042-S07-002,S07,WEEK12,Pulse Rate,PULSE,76.0,76.0,beats/min,2026-05-10,9
VS_042-S07-002_WEEK12_WEIGHT,042-S07-002,S07,WEEK12,Weight,WEIGHT,78.5,78.5,kg,2026-05-10,9
VS_042-S07-003_WEEK12_SYSBP,042-S07-003,S07,WEEK12,Systolic Blood Pressure,SYSBP,128.0,128.0,mmHg,2026-05-10,9
VS_042-S07-003_WEEK12_DIABP,042-S07-003,S07,WEEK12,Diastolic Blood Pressure,DIABP,81.0,81.0,mmHg,2026-05-10,9
VS_042-S07-003_WEEK12_PULSE,042-S07-003,S07,WEEK12,Pulse Rate,PULSE,74.0,74.0,beats/min,2026-05-10,9
VS_042-S07-003_WEEK12_WEIGHT,042-S07-003,S07,WEEK12,Weight,WEIGHT,80.5,80.5,kg,2026-05-10,9
VS_042-S07-004_WEEK12_SYSBP,042-S07-004,S07,WEEK12,Systolic Blood Pressure,SYSBP,127.0,127.0,mmHg,2026-05-10,9
VS_042-S07-004_WEEK12_DIABP,042-S07-004,S07,WEEK12,Diastolic Blood Pressure,DIABP,83.0,83.0,mmHg,2026-05-10,9
VS_042-S07-004_WEEK12_PULSE,042-S07-004,S07,WEEK12,Pulse Rate,PULSE,72.0,72.0,beats/min,2026-05-10,9
VS_042-S07-004_WEEK12_WEIGHT,042-S07-004,S07,WEEK12,Weight,WEIGHT,79.5,79.5,kg,2026-05-10,9
VS_042-S07-005_WEEK12_SYSBP,042-S07-005,S07,WEEK12,Systolic Blood Pressure,SYSBP,120.0,120.0,mmHg,2026-05-10,9
VS_042-S07-005_WEEK12_DIABP,042-S07-005,S07,WEEK12,Diastolic Blood Pressure,DIABP,77.0,77.0,mmHg,2026-05-10,9
VS_042-S07-005_WEEK12_PULSE,042-S07-005,S07,WEEK12,Pulse Rate,PULSE,67.0,67.0,beats/min,2026-05-10,9
VS_042-S07-005_WEEK12_WEIGHT,042-S07-005,S07,WEEK12,Weight,WEIGHT,85.5,85.5,kg,2026-05-10,9
VS_042-S07-006_WEEK12_SYSBP,042-S07-006,S07,WEEK12,Systolic Blood Pressure,SYSBP,129.0,129.0,mmHg,2026-05-10,9
VS_042-S07-006_WEEK12_DIABP,042-S07-006,S07,WEEK12,Diastolic Blood Pressure,DIABP,83.0,83.0,mmHg,2026-05-10,9
VS_042-S07-006_WEEK12_PULSE,042-S07-006,S07,WEEK12,Pulse Rate,PULSE,76.0,76.0,beats/min,2026-05-10,9
VS_042-S07-006_WEEK12_WEIGHT,042-S07-006,S07,WEEK12,Weight,WEIGHT,80.5,80.5,kg,2026-05-10,9
VS_042-S07-007_WEEK12_SYSBP,042-S07-007,S07,WEEK12,Systolic Blood Pressure,SYSBP,122.0,122.0,mmHg,2026-05-10,9
VS_042-S07-007_WEEK12_DIABP,042-S07-007,S07,WEEK12,Diastolic Blood Pressure,DIABP,81.0,81.0,mmHg,2026-05-10,9
VS_042-S07-007_WEEK12_PULSE,042-S07-007,S07,WEEK12,Pulse Rate,PULSE,71.0,71.0,beats/min,2026-05-10,9
VS_042-S07-007_WEEK12_WEIGHT,042-S07-007,S07,WEEK12,Weight,WEIGHT,80.5,80.5,kg,2026-05-10,9
VS_042-S07-008_WEEK12_SYSBP,042-S07-008,S07,WEEK12,Systolic Blood Pressure,SYSBP,122.0,122.0,mmHg,2026-05-10,9
VS_042-S07-008_WEEK12_DIABP,042-S07-008,S07,WEEK12,Diastolic Blood Pressure,DIABP,78.0,78.0,mmHg,2026-05-10,9
VS_042-S07-008_WEEK12_PULSE,042-S07-008,S07,WEEK12,Pulse Rate,PULSE,70.0,70.0,beats/min,2026-05-10,9
VS_042-S07-008_WEEK12_WEIGHT,042-S07-008,S07,WEEK12,Weight,WEIGHT,81.5,81.5,kg,2026-05-10,9
VS_042-S07-009_WEEK12_SYSBP,042-S07-009,S07,WEEK12,Systolic Blood Pressure,SYSBP,125.0,125.0,mmHg,2026-05-10,9
VS_042-S07-009_WEEK12_DIABP,042-S07-009,S07,WEEK12,Diastolic Blood Pressure,DIABP,74.0,74.0,mmHg,2026-05-10,9
VS_042-S07-009_WEEK12_PULSE,042-S07-009,S07,WEEK12,Pulse Rate,PULSE,69.0,69.0,beats/min,2026-05-10,9
VS_042-S07-009_WEEK12_WEIGHT,042-S07-009,S07,WEEK12,Weight,WEIGHT,86.5,86.5,kg,2026-05-10,9
VS_042-S07-010_WEEK12_SYSBP,042-S07-010,S07,WEEK12,Systolic Blood Pressure,SYSBP,125.0,125.0,mmHg,2026-05-10,9
VS_042-S07-010_WEEK12_DIABP,042-S07-010,S07,WEEK12,Diastolic Blood Pressure,DIABP,81.0,81.0,mmHg,2026-05-10,9
VS_042-S07-010_WEEK12_PULSE,042-S07-010,S07,WEEK12,Pulse Rate,PULSE,69.0,69.0,beats/min,2026-05-10,9
VS_042-S07-010_WEEK12_WEIGHT,042-S07-010,S07,WEEK12,Weight,WEIGHT,87.5,87.5,kg,2026-05-10,9
VS_042-S07-011_WEEK12_SYSBP,042-S07-011,S07,WEEK12,Systolic Blood Pressure,SYSBP,121.0,121.0,mmHg,2026-05-10,9
VS_042-S07-011_WEEK12_DIABP,042-S07-011,S07,WEEK12,Diastolic Blood Pressure,DIABP,76.0,76.0,mmHg,2026-05-10,9
VS_042-S07-011_WEEK12_PULSE,042-S07-011,S07,WEEK12,Pulse Rate,PULSE,73.0,73.0,beats/min,2026-05-10,9
VS_042-S07-011_WEEK12_WEIGHT,042-S07-011,S07,WEEK12,Weight,WEIGHT,81.5,81.5,kg,2026-05-10,9
VS_042-S07-012_WEEK12_SYSBP,042-S07-012,S07,WEEK12,Systolic Blood Pressure,SYSBP,128.0,128.0,mmHg,2026-05-10,9
VS_042-S07-012_WEEK12_DIABP,042-S07-012,S07,WEEK12,Diastolic Blood Pressure,DIABP,73.0,73.0,mmHg,2026-05-10,9
VS_042-S07-012_WEEK12_PULSE,042-S07-012,S07,WEEK12,Pulse Rate,PULSE,77.0,77.0,beats/min,2026-05-10,9
VS_042-S07-012_WEEK12_WEIGHT,042-S07-012,S07,WEEK12,Weight,WEIGHT,84.5,84.5,kg,2026-05-10,9
VS_042-S07-013_WEEK12_SYSBP,042-S07-013,S07,WEEK12,Systolic Blood Pressure,SYSBP,120.0,120.0,mmHg,2026-05-10,9
VS_042-S07-013_WEEK12_DIABP,042-S07-013,S07,WEEK12,Diastolic Blood Pressure,DIABP,83.0,83.0,mmHg,2026-05-10,9
VS_042-S07-013_WEEK12_PULSE,042-S07-013,S07,WEEK12,Pulse Rate,PULSE,67.0,67.0,beats/min,2026-05-10,9
VS_042-S07-013_WEEK12_WEIGHT,042-S07-013,S07,WEEK12,Weight,WEIGHT,85.5,85.5,kg,2026-05-10,9
VS_042-S07-014_WEEK12_SYSBP,042-S07-014,S07,WEEK12,Systolic Blood Pressure,SYSBP,119.0,119.0,mmHg,2026-05-10,9
VS_042-S07-014_WEEK12_DIABP,042-S07-014,S07,WEEK12,Diastolic Blood Pressure,DIABP,83.0,83.0,mmHg,2026-05-10,9
VS_042-S07-014_WEEK12_PULSE,042-S07-014,S07,WEEK12,Pulse Rate,PULSE,77.0,77.0,beats/min,2026-05-10,9
VS_042-S07-014_WEEK12_WEIGHT,042-S07-014,S07,WEEK12,Weight,WEIGHT,77.5,77.5,kg,2026-05-10,9
VS_042-S07-015_WEEK12_SYSBP,042-S07-015,S07,WEEK12,Systolic Blood Pressure,SYSBP,121.0,121.0,mmHg,2026-05-10,9
VS_042-S07-015_WEEK12_DIABP,042-S07-015,S07,WEEK12,Diastolic Blood Pressure,DIABP,75.0,75.0,mmHg,2026-05-10,9
VS_042-S07-015_WEEK12_PULSE,042-S07-015,S07,WEEK12,Pulse Rate,PULSE,75.0,75.0,beats/min,2026-05-10,9
VS_042-S07-015_WEEK12_WEIGHT,042-S07-015,S07,WEEK12,Weight,WEIGHT,78.5,78.5,kg,2026-05-10,9
VS_042-S07-016_WEEK12_SYSBP,042-S07-016,S07,WEEK12,Systolic Blood Pressure,SYSBP,128.0,128.0,mmHg,2026-05-10,9
VS_042-S07-016_WEEK12_DIABP,042-S07-016,S07,WEEK12,Diastolic Blood Pressure,DIABP,83.0,83.0,mmHg,2026-05-10,9
VS_042-S07-016_WEEK12_PULSE,042-S07-016,S07,WEEK12,Pulse Rate,PULSE,77.0,77.0,beats/min,2026-05-10,9
VS_042-S07-016_WEEK12_WEIGHT,042-S07-016,S07,WEEK12,Weight,WEIGHT,79.5,79.5,kg,2026-05-10,9
VS_042-S07-017_WEEK12_SYSBP,042-S07-017,S07,WEEK12,Systolic Blood Pressure,SYSBP,129.0,129.0,mmHg,2026-05-10,9
VS_042-S07-017_WEEK12_DIABP,042-S07-017,S07,WEEK12,Diastolic Blood Pressure,DIABP,73.0,73.0,mmHg,2026-05-10,9
VS_042-S07-017_WEEK12_PULSE,042-S07-017,S07,WEEK12,Pulse Rate,PULSE,68.0,68.0,beats/min,2026-05-10,9
VS_042-S07-017_WEEK12_WEIGHT,042-S07-017,S07,WEEK12,Weight,WEIGHT,79.5,79.5,kg,2026-05-10,9
VS_042-S07-018_WEEK12_SYSBP,042-S07-018,S07,WEEK12,Systolic Blood Pressure,SYSBP,125.0,125.0,mmHg,2026-05-10,9
VS_042-S07-018_WEEK12_DIABP,042-S07-018,S07,WEEK12,Diastolic Blood Pressure,DIABP,80.0,80.0,mmHg,2026-05-10,9
VS_042-S07-018_WEEK12_PULSE,042-S07-018,S07,WEEK12,Pulse Rate,PULSE,76.0,76.0,beats/min,2026-05-10,9
VS_042-S07-018_WEEK12_WEIGHT,042-S07-018,S07,WEEK12,Weight,WEIGHT,78.5,78.5,kg,2026-05-10,9
VS_042-S07-019_WEEK12_SYSBP,042-S07-019,S07,WEEK12,Systolic Blood Pressure,SYSBP,125.0,125.0,mmHg,2026-05-10,9
VS_042-S07-019_WEEK12_DIABP,042-S07-019,S07,WEEK12,Diastolic Blood Pressure,DIABP,79.0,79.0,mmHg,2026-05-10,9
VS_042-S07-019_WEEK12_PULSE,042-S07-019,S07,WEEK12,Pulse Rate,PULSE,74.0,74.0,beats/min,2026-05-10,9
VS_042-S07-019_WEEK12_WEIGHT,042-S07-019,S07,WEEK12,Weight,WEIGHT,77.5,77.5,kg,2026-05-10,9
VS_042-S07-020_WEEK12_SYSBP,042-S07-020,S07,WEEK12,Systolic Blood Pressure,SYSBP,119.0,119.0,mmHg,2026-05-10,9
VS_042-S07-020_WEEK12_DIABP,042-S07-020,S07,WEEK12,Diastolic Blood Pressure,DIABP,75.0,75.0,mmHg,2026-05-10,9
VS_042-S07-020_WEEK12_PULSE,042-S07-020,S07,WEEK12,Pulse Rate,PULSE,72.0,72.0,beats/min,2026-05-10,9
VS_042-S07-020_WEEK12_WEIGHT,042-S07-020,S07,WEEK12,Weight,WEIGHT,82.5,82.5,kg,2026-05-10,9
VS_042-S08-001_WEEK12_SYSBP,042-S08-001,S08,WEEK12,Systolic Blood Pressure,SYSBP,127.0,127.0,mmHg,2026-05-10,9
VS_042-S08-001_WEEK12_DIABP,042-S08-001,S08,WEEK12,Diastolic Blood Pressure,DIABP,74.0,74.0,mmHg,2026-05-10,9
VS_042-S08-001_WEEK12_PULSE,042-S08-001,S08,WEEK12,Pulse Rate,PULSE,70.0,70.0,beats/min,2026-05-10,9
VS_042-S08-001_WEEK12_WEIGHT,042-S08-001,S08,WEEK12,Weight,WEIGHT,86.5,86.5,kg,2026-05-10,9
VS_042-S08-002_WEEK12_SYSBP,042-S08-002,S08,WEEK12,Systolic Blood Pressure,SYSBP,122.0,122.0,mmHg,2026-05-10,9
VS_042-S08-002_WEEK12_DIABP,042-S08-002,S08,WEEK12,Diastolic Blood Pressure,DIABP,83.0,83.0,mmHg,2026-05-10,9
VS_042-S08-002_WEEK12_PULSE,042-S08-002,S08,WEEK12,Pulse Rate,PULSE,70.0,70.0,beats/min,2026-05-10,9
VS_042-S08-002_WEEK12_WEIGHT,042-S08-002,S08,WEEK12,Weight,WEIGHT,87.5,87.5,kg,2026-05-10,9
VS_042-S08-003_WEEK12_SYSBP,042-S08-003,S08,WEEK12,Systolic Blood Pressure,SYSBP,129.0,129.0,mmHg,2026-05-10,9
VS_042-S08-003_WEEK12_DIABP,042-S08-003,S08,WEEK12,Diastolic Blood Pressure,DIABP,73.0,73.0,mmHg,2026-05-10,9
VS_042-S08-003_WEEK12_PULSE,042-S08-003,S08,WEEK12,Pulse Rate,PULSE,75.0,75.0,beats/min,2026-05-10,9
VS_042-S08-003_WEEK12_WEIGHT,042-S08-003,S08,WEEK12,Weight,WEIGHT,77.5,77.5,kg,2026-05-10,9
VS_042-S08-004_WEEK12_SYSBP,042-S08-004,S08,WEEK12,Systolic Blood Pressure,SYSBP,125.0,125.0,mmHg,2026-05-10,9
VS_042-S08-004_WEEK12_DIABP,042-S08-004,S08,WEEK12,Diastolic Blood Pressure,DIABP,80.0,80.0,mmHg,2026-05-10,9
VS_042-S08-004_WEEK12_PULSE,042-S08-004,S08,WEEK12,Pulse Rate,PULSE,76.0,76.0,beats/min,2026-05-10,9
VS_042-S08-004_WEEK12_WEIGHT,042-S08-004,S08,WEEK12,Weight,WEIGHT,77.5,77.5,kg,2026-05-10,9
VS_042-S08-005_WEEK12_SYSBP,042-S08-005,S08,WEEK12,Systolic Blood Pressure,SYSBP,123.0,123.0,mmHg,2026-05-10,9
VS_042-S08-005_WEEK12_DIABP,042-S08-005,S08,WEEK12,Diastolic Blood Pressure,DIABP,83.0,83.0,mmHg,2026-05-10,9
VS_042-S08-005_WEEK12_PULSE,042-S08-005,S08,WEEK12,Pulse Rate,PULSE,75.0,75.0,beats/min,2026-05-10,9
VS_042-S08-005_WEEK12_WEIGHT,042-S08-005,S08,WEEK12,Weight,WEIGHT,78.5,78.5,kg,2026-05-10,9
VS_042-S08-006_WEEK12_SYSBP,042-S08-006,S08,WEEK12,Systolic Blood Pressure,SYSBP,129.0,129.0,mmHg,2026-05-10,9
VS_042-S08-006_WEEK12_DIABP,042-S08-006,S08,WEEK12,Diastolic Blood Pressure,DIABP,74.0,74.0,mmHg,2026-05-10,9
VS_042-S08-006_WEEK12_PULSE,042-S08-006,S08,WEEK12,Pulse Rate,PULSE,72.0,72.0,beats/min,2026-05-10,9
VS_042-S08-006_WEEK12_WEIGHT,042-S08-006,S08,WEEK12,Weight,WEIGHT,85.5,85.5,kg,2026-05-10,9
VS_042-S08-007_WEEK12_SYSBP,042-S08-007,S08,WEEK12,Systolic Blood Pressure,SYSBP,122.0,122.0,mmHg,2026-05-10,9
VS_042-S08-007_WEEK12_DIABP,042-S08-007,S08,WEEK12,Diastolic Blood Pressure,DIABP,83.0,83.0,mmHg,2026-05-10,9
VS_042-S08-007_WEEK12_PULSE,042-S08-007,S08,WEEK12,Pulse Rate,PULSE,67.0,67.0,beats/min,2026-05-10,9
VS_042-S08-007_WEEK12_WEIGHT,042-S08-007,S08,WEEK12,Weight,WEIGHT,77.5,77.5,kg,2026-05-10,9
VS_042-S08-008_WEEK12_SYSBP,042-S08-008,S08,WEEK12,Systolic Blood Pressure,SYSBP,124.0,124.0,mmHg,2026-05-10,9
VS_042-S08-008_WEEK12_DIABP,042-S08-008,S08,WEEK12,Diastolic Blood Pressure,DIABP,76.0,76.0,mmHg,2026-05-10,9
VS_042-S08-008_WEEK12_PULSE,042-S08-008,S08,WEEK12,Pulse Rate,PULSE,67.0,67.0,beats/min,2026-05-10,9
VS_042-S08-008_WEEK12_WEIGHT,042-S08-008,S08,WEEK12,Weight,WEIGHT,86.5,86.5,kg,2026-05-10,9
VS_042-S08-009_WEEK12_SYSBP,042-S08-009,S08,WEEK12,Systolic Blood Pressure,SYSBP,119.0,119.0,mmHg,2026-05-10,9
VS_042-S08-009_WEEK12_DIABP,042-S08-009,S08,WEEK12,Diastolic Blood Pressure,DIABP,75.0,75.0,mmHg,2026-05-10,9
VS_042-S08-009_WEEK12_PULSE,042-S08-009,S08,WEEK12,Pulse Rate,PULSE,67.0,67.0,beats/min,2026-05-10,9
VS_042-S08-009_WEEK12_WEIGHT,042-S08-009,S08,WEEK12,Weight,WEIGHT,77.5,77.5,kg,2026-05-10,9
VS_042-S08-010_WEEK12_SYSBP,042-S08-010,S08,WEEK12,Systolic Blood Pressure,SYSBP,123.0,123.0,mmHg,2026-05-10,9
VS_042-S08-010_WEEK12_DIABP,042-S08-010,S08,WEEK12,Diastolic Blood Pressure,DIABP,78.0,78.0,mmHg,2026-05-10,9
VS_042-S08-010_WEEK12_PULSE,042-S08-010,S08,WEEK12,Pulse Rate,PULSE,72.0,72.0,beats/min,2026-05-10,9
VS_042-S08-010_WEEK12_WEIGHT,042-S08-010,S08,WEEK12,Weight,WEIGHT,78.5,78.5,kg,2026-05-10,9
VS_042-S08-011_WEEK12_SYSBP,042-S08-011,S08,WEEK12,Systolic Blood Pressure,SYSBP,129.0,129.0,mmHg,2026-05-10,9
VS_042-S08-011_WEEK12_DIABP,042-S08-011,S08,WEEK12,Diastolic Blood Pressure,DIABP,77.0,77.0,mmHg,2026-05-10,9
VS_042-S08-011_WEEK12_PULSE,042-S08-011,S08,WEEK12,Pulse Rate,PULSE,76.0,76.0,beats/min,2026-05-10,9
VS_042-S08-011_WEEK12_WEIGHT,042-S08-011,S08,WEEK12,Weight,WEIGHT,86.5,86.5,kg,2026-05-10,9
VS_042-S08-012_WEEK12_SYSBP,042-S08-012,S08,WEEK12,Systolic Blood Pressure,SYSBP,121.0,121.0,mmHg,2026-05-10,9
VS_042-S08-012_WEEK12_DIABP,042-S08-012,S08,WEEK12,Diastolic Blood Pressure,DIABP,73.0,73.0,mmHg,2026-05-10,9
VS_042-S08-012_WEEK12_PULSE,042-S08-012,S08,WEEK12,Pulse Rate,PULSE,73.0,73.0,beats/min,2026-05-10,9
VS_042-S08-012_WEEK12_WEIGHT,042-S08-012,S08,WEEK12,Weight,WEIGHT,78.5,78.5,kg,2026-05-10,9
VS_042-S08-013_WEEK12_SYSBP,042-S08-013,S08,WEEK12,Systolic Blood Pressure,SYSBP,124.0,124.0,mmHg,2026-05-10,9
VS_042-S08-013_WEEK12_DIABP,042-S08-013,S08,WEEK12,Diastolic Blood Pressure,DIABP,77.0,77.0,mmHg,2026-05-10,9
VS_042-S08-013_WEEK12_PULSE,042-S08-013,S08,WEEK12,Pulse Rate,PULSE,68.0,68.0,beats/min,2026-05-10,9
VS_042-S08-013_WEEK12_WEIGHT,042-S08-013,S08,WEEK12,Weight,WEIGHT,84.5,84.5,kg,2026-05-10,9
VS_042-S08-014_WEEK12_SYSBP,042-S08-014,S08,WEEK12,Systolic Blood Pressure,SYSBP,122.0,122.0,mmHg,2026-05-10,9
VS_042-S08-014_WEEK12_DIABP,042-S08-014,S08,WEEK12,Diastolic Blood Pressure,DIABP,74.0,74.0,mmHg,2026-05-10,9
VS_042-S08-014_WEEK12_PULSE,042-S08-014,S08,WEEK12,Pulse Rate,PULSE,71.0,71.0,beats/min,2026-05-10,9
VS_042-S08-014_WEEK12_WEIGHT,042-S08-014,S08,WEEK12,Weight,WEIGHT,86.5,86.5,kg,2026-05-10,9
VS_042-S08-015_WEEK12_SYSBP,042-S08-015,S08,WEEK12,Systolic Blood Pressure,SYSBP,122.0,122.0,mmHg,2026-05-10,9
VS_042-S08-015_WEEK12_DIABP,042-S08-015,S08,WEEK12,Diastolic Blood Pressure,DIABP,76.0,76.0,mmHg,2026-05-10,9
VS_042-S08-015_WEEK12_PULSE,042-S08-015,S08,WEEK12,Pulse Rate,PULSE,74.0,74.0,beats/min,2026-05-10,9
VS_042-S08-015_WEEK12_WEIGHT,042-S08-015,S08,WEEK12,Weight,WEIGHT,81.5,81.5,kg,2026-05-10,9
VS_042-S08-016_WEEK12_SYSBP,042-S08-016,S08,WEEK12,Systolic Blood Pressure,SYSBP,127.0,127.0,mmHg,2026-05-10,9
VS_042-S08-016_WEEK12_DIABP,042-S08-016,S08,WEEK12,Diastolic Blood Pressure,DIABP,74.0,74.0,mmHg,2026-05-10,9
VS_042-S08-016_WEEK12_PULSE,042-S08-016,S08,WEEK12,Pulse Rate,PULSE,76.0,76.0,beats/min,2026-05-10,9
VS_042-S08-016_WEEK12_WEIGHT,042-S08-016,S08,WEEK12,Weight,WEIGHT,84.5,84.5,kg,2026-05-10,9
VS_042-S08-017_WEEK12_SYSBP,042-S08-017,S08,WEEK12,Systolic Blood Pressure,SYSBP,122.0,122.0,mmHg,2026-05-10,9
VS_042-S08-017_WEEK12_DIABP,042-S08-017,S08,WEEK12,Diastolic Blood Pressure,DIABP,74.0,74.0,mmHg,2026-05-10,9
VS_042-S08-017_WEEK12_PULSE,042-S08-017,S08,WEEK12,Pulse Rate,PULSE,73.0,73.0,beats/min,2026-05-10,9
VS_042-S08-017_WEEK12_WEIGHT,042-S08-017,S08,WEEK12,Weight,WEIGHT,79.5,79.5,kg,2026-05-10,9
VS_042-S08-018_WEEK12_SYSBP,042-S08-018,S08,WEEK12,Systolic Blood Pressure,SYSBP,122.0,122.0,mmHg,2026-05-10,9
VS_042-S08-018_WEEK12_DIABP,042-S08-018,S08,WEEK12,Diastolic Blood Pressure,DIABP,74.0,74.0,mmHg,2026-05-10,9
VS_042-S08-018_WEEK12_PULSE,042-S08-018,S08,WEEK12,Pulse Rate,PULSE,74.0,74.0,beats/min,2026-05-10,9
VS_042-S08-018_WEEK12_WEIGHT,042-S08-018,S08,WEEK12,Weight,WEIGHT,85.5,85.5,kg,2026-05-10,9
VS_042-S08-019_WEEK12_SYSBP,042-S08-019,S08,WEEK12,Systolic Blood Pressure,SYSBP,121.0,121.0,mmHg,2026-05-10,9
VS_042-S08-019_WEEK12_DIABP,042-S08-019,S08,WEEK12,Diastolic Blood Pressure,DIABP,73.0,73.0,mmHg,2026-05-10,9
VS_042-S08-019_WEEK12_PULSE,042-S08-019,S08,WEEK12,Pulse Rate,PULSE,72.0,72.0,beats/min,2026-05-10,9
VS_042-S08-019_WEEK12_WEIGHT,042-S08-019,S08,WEEK12,Weight,WEIGHT,81.5,81.5,kg,2026-05-10,9
VS_042-S08-020_WEEK12_SYSBP,042-S08-020,S08,WEEK12,Systolic Blood Pressure,SYSBP,127.0,127.0,mmHg,2026-05-10,9
VS_042-S08-020_WEEK12_DIABP,042-S08-020,S08,WEEK12,Diastolic Blood Pressure,DIABP,74.0,74.0,mmHg,2026-05-10,9
VS_042-S08-020_WEEK12_PULSE,042-S08-020,S08,WEEK12,Pulse Rate,PULSE,70.0,70.0,beats/min,2026-05-10,9
VS_042-S08-020_WEEK12_WEIGHT,042-S08-020,S08,WEEK12,Weight,WEIGHT,85.5,85.5,kg,2026-05-10,9
VS_042-S09-001_WEEK12_SYSBP,042-S09-001,S09,WEEK12,Systolic Blood Pressure,SYSBP,119.0,119.0,mmHg,2026-05-10,9
VS_042-S09-001_WEEK12_DIABP,042-S09-001,S09,WEEK12,Diastolic Blood Pressure,DIABP,83.0,83.0,mmHg,2026-05-10,9
VS_042-S09-001_WEEK12_PULSE,042-S09-001,S09,WEEK12,Pulse Rate,PULSE,71.0,71.0,beats/min,2026-05-10,9
VS_042-S09-001_WEEK12_WEIGHT,042-S09-001,S09,WEEK12,Weight,WEIGHT,85.5,85.5,kg,2026-05-10,9
VS_042-S09-002_WEEK12_SYSBP,042-S09-002,S09,WEEK12,Systolic Blood Pressure,SYSBP,126.0,126.0,mmHg,2026-05-10,9
VS_042-S09-002_WEEK12_DIABP,042-S09-002,S09,WEEK12,Diastolic Blood Pressure,DIABP,80.0,80.0,mmHg,2026-05-10,9
VS_042-S09-002_WEEK12_PULSE,042-S09-002,S09,WEEK12,Pulse Rate,PULSE,73.0,73.0,beats/min,2026-05-10,9
VS_042-S09-002_WEEK12_WEIGHT,042-S09-002,S09,WEEK12,Weight,WEIGHT,82.5,82.5,kg,2026-05-10,9
VS_042-S09-003_WEEK12_SYSBP,042-S09-003,S09,WEEK12,Systolic Blood Pressure,SYSBP,122.0,122.0,mmHg,2026-05-10,9
VS_042-S09-003_WEEK12_DIABP,042-S09-003,S09,WEEK12,Diastolic Blood Pressure,DIABP,83.0,83.0,mmHg,2026-05-10,9
VS_042-S09-003_WEEK12_PULSE,042-S09-003,S09,WEEK12,Pulse Rate,PULSE,71.0,71.0,beats/min,2026-05-10,9
VS_042-S09-003_WEEK12_WEIGHT,042-S09-003,S09,WEEK12,Weight,WEIGHT,81.5,81.5,kg,2026-05-10,9
VS_042-S09-004_WEEK12_SYSBP,042-S09-004,S09,WEEK12,Systolic Blood Pressure,SYSBP,122.0,122.0,mmHg,2026-05-10,9
VS_042-S09-004_WEEK12_DIABP,042-S09-004,S09,WEEK12,Diastolic Blood Pressure,DIABP,75.0,75.0,mmHg,2026-05-10,9
VS_042-S09-004_WEEK12_PULSE,042-S09-004,S09,WEEK12,Pulse Rate,PULSE,77.0,77.0,beats/min,2026-05-10,9
VS_042-S09-004_WEEK12_WEIGHT,042-S09-004,S09,WEEK12,Weight,WEIGHT,80.5,80.5,kg,2026-05-10,9
VS_042-S09-005_WEEK12_SYSBP,042-S09-005,S09,WEEK12,Systolic Blood Pressure,SYSBP,119.0,119.0,mmHg,2026-05-10,9
VS_042-S09-005_WEEK12_DIABP,042-S09-005,S09,WEEK12,Diastolic Blood Pressure,DIABP,74.0,74.0,mmHg,2026-05-10,9
VS_042-S09-005_WEEK12_PULSE,042-S09-005,S09,WEEK12,Pulse Rate,PULSE,77.0,77.0,beats/min,2026-05-10,9
VS_042-S09-005_WEEK12_WEIGHT,042-S09-005,S09,WEEK12,Weight,WEIGHT,84.5,84.5,kg,2026-05-10,9
VS_042-S09-006_WEEK12_SYSBP,042-S09-006,S09,WEEK12,Systolic Blood Pressure,SYSBP,128.0,128.0,mmHg,2026-05-10,9
VS_042-S09-006_WEEK12_DIABP,042-S09-006,S09,WEEK12,Diastolic Blood Pressure,DIABP,73.0,73.0,mmHg,2026-05-10,9
VS_042-S09-006_WEEK12_PULSE,042-S09-006,S09,WEEK12,Pulse Rate,PULSE,68.0,68.0,beats/min,2026-05-10,9
VS_042-S09-006_WEEK12_WEIGHT,042-S09-006,S09,WEEK12,Weight,WEIGHT,87.5,87.5,kg,2026-05-10,9
VS_042-S09-007_WEEK12_SYSBP,042-S09-007,S09,WEEK12,Systolic Blood Pressure,SYSBP,128.0,128.0,mmHg,2026-05-10,9
VS_042-S09-007_WEEK12_DIABP,042-S09-007,S09,WEEK12,Diastolic Blood Pressure,DIABP,82.0,82.0,mmHg,2026-05-10,9
VS_042-S09-007_WEEK12_PULSE,042-S09-007,S09,WEEK12,Pulse Rate,PULSE,73.0,73.0,beats/min,2026-05-10,9
VS_042-S09-007_WEEK12_WEIGHT,042-S09-007,S09,WEEK12,Weight,WEIGHT,87.5,87.5,kg,2026-05-10,9
VS_042-S09-008_WEEK12_SYSBP,042-S09-008,S09,WEEK12,Systolic Blood Pressure,SYSBP,123.0,123.0,mmHg,2026-05-10,9
VS_042-S09-008_WEEK12_DIABP,042-S09-008,S09,WEEK12,Diastolic Blood Pressure,DIABP,78.0,78.0,mmHg,2026-05-10,9
VS_042-S09-008_WEEK12_PULSE,042-S09-008,S09,WEEK12,Pulse Rate,PULSE,77.0,77.0,beats/min,2026-05-10,9
VS_042-S09-008_WEEK12_WEIGHT,042-S09-008,S09,WEEK12,Weight,WEIGHT,78.5,78.5,kg,2026-05-10,9
VS_042-S09-009_WEEK12_SYSBP,042-S09-009,S09,WEEK12,Systolic Blood Pressure,SYSBP,121.0,121.0,mmHg,2026-05-10,9
VS_042-S09-009_WEEK12_DIABP,042-S09-009,S09,WEEK12,Diastolic Blood Pressure,DIABP,79.0,79.0,mmHg,2026-05-10,9
VS_042-S09-009_WEEK12_PULSE,042-S09-009,S09,WEEK12,Pulse Rate,PULSE,69.0,69.0,beats/min,2026-05-10,9
VS_042-S09-009_WEEK12_WEIGHT,042-S09-009,S09,WEEK12,Weight,WEIGHT,80.5,80.5,kg,2026-05-10,9
VS_042-S09-010_WEEK12_SYSBP,042-S09-010,S09,WEEK12,Systolic Blood Pressure,SYSBP,129.0,129.0,mmHg,2026-05-10,9
VS_042-S09-010_WEEK12_DIABP,042-S09-010,S09,WEEK12,Diastolic Blood Pressure,DIABP,76.0,76.0,mmHg,2026-05-10,9
VS_042-S09-010_WEEK12_PULSE,042-S09-010,S09,WEEK12,Pulse Rate,PULSE,68.0,68.0,beats/min,2026-05-10,9
VS_042-S09-010_WEEK12_WEIGHT,042-S09-010,S09,WEEK12,Weight,WEIGHT,77.5,77.5,kg,2026-05-10,9
VS_042-S09-011_WEEK12_SYSBP,042-S09-011,S09,WEEK12,Systolic Blood Pressure,SYSBP,123.0,123.0,mmHg,2026-05-10,9
VS_042-S09-011_WEEK12_DIABP,042-S09-011,S09,WEEK12,Diastolic Blood Pressure,DIABP,77.0,77.0,mmHg,2026-05-10,9
VS_042-S09-011_WEEK12_PULSE,042-S09-011,S09,WEEK12,Pulse Rate,PULSE,73.0,73.0,beats/min,2026-05-10,9
VS_042-S09-011_WEEK12_WEIGHT,042-S09-011,S09,WEEK12,Weight,WEIGHT,84.5,84.5,kg,2026-05-10,9
VS_042-S09-012_WEEK12_SYSBP,042-S09-012,S09,WEEK12,Systolic Blood Pressure,SYSBP,129.0,129.0,mmHg,2026-05-10,9
VS_042-S09-012_WEEK12_DIABP,042-S09-012,S09,WEEK12,Diastolic Blood Pressure,DIABP,76.0,76.0,mmHg,2026-05-10,9
VS_042-S09-012_WEEK12_PULSE,042-S09-012,S09,WEEK12,Pulse Rate,PULSE,69.0,69.0,beats/min,2026-05-10,9
VS_042-S09-012_WEEK12_WEIGHT,042-S09-012,S09,WEEK12,Weight,WEIGHT,84.5,84.5,kg,2026-05-10,9
VS_042-S09-013_WEEK12_SYSBP,042-S09-013,S09,WEEK12,Systolic Blood Pressure,SYSBP,122.0,122.0,mmHg,2026-05-10,9
VS_042-S09-013_WEEK12_DIABP,042-S09-013,S09,WEEK12,Diastolic Blood Pressure,DIABP,76.0,76.0,mmHg,2026-05-10,9
VS_042-S09-013_WEEK12_PULSE,042-S09-013,S09,WEEK12,Pulse Rate,PULSE,75.0,75.0,beats/min,2026-05-10,9
VS_042-S09-013_WEEK12_WEIGHT,042-S09-013,S09,WEEK12,Weight,WEIGHT,87.5,87.5,kg,2026-05-10,9
VS_042-S09-014_WEEK12_SYSBP,042-S09-014,S09,WEEK12,Systolic Blood Pressure,SYSBP,125.0,125.0,mmHg,2026-05-10,9
VS_042-S09-014_WEEK12_DIABP,042-S09-014,S09,WEEK12,Diastolic Blood Pressure,DIABP,83.0,83.0,mmHg,2026-05-10,9
VS_042-S09-014_WEEK12_PULSE,042-S09-014,S09,WEEK12,Pulse Rate,PULSE,68.0,68.0,beats/min,2026-05-10,9
VS_042-S09-014_WEEK12_WEIGHT,042-S09-014,S09,WEEK12,Weight,WEIGHT,82.5,82.5,kg,2026-05-10,9
VS_042-S09-015_WEEK12_SYSBP,042-S09-015,S09,WEEK12,Systolic Blood Pressure,SYSBP,122.0,122.0,mmHg,2026-05-10,9
VS_042-S09-015_WEEK12_DIABP,042-S09-015,S09,WEEK12,Diastolic Blood Pressure,DIABP,78.0,78.0,mmHg,2026-05-10,9
VS_042-S09-015_WEEK12_PULSE,042-S09-015,S09,WEEK12,Pulse Rate,PULSE,76.0,76.0,beats/min,2026-05-10,9
VS_042-S09-015_WEEK12_WEIGHT,042-S09-015,S09,WEEK12,Weight,WEIGHT,83.5,83.5,kg,2026-05-10,9
VS_042-S09-016_WEEK12_SYSBP,042-S09-016,S09,WEEK12,Systolic Blood Pressure,SYSBP,121.0,121.0,mmHg,2026-05-10,9
VS_042-S09-016_WEEK12_DIABP,042-S09-016,S09,WEEK12,Diastolic Blood Pressure,DIABP,83.0,83.0,mmHg,2026-05-10,9
VS_042-S09-016_WEEK12_PULSE,042-S09-016,S09,WEEK12,Pulse Rate,PULSE,75.0,75.0,beats/min,2026-05-10,9
VS_042-S09-016_WEEK12_WEIGHT,042-S09-016,S09,WEEK12,Weight,WEIGHT,86.5,86.5,kg,2026-05-10,9
VS_042-S09-017_WEEK12_SYSBP,042-S09-017,S09,WEEK12,Systolic Blood Pressure,SYSBP,125.0,125.0,mmHg,2026-05-10,9
VS_042-S09-017_WEEK12_DIABP,042-S09-017,S09,WEEK12,Diastolic Blood Pressure,DIABP,78.0,78.0,mmHg,2026-05-10,9
VS_042-S09-017_WEEK12_PULSE,042-S09-017,S09,WEEK12,Pulse Rate,PULSE,72.0,72.0,beats/min,2026-05-10,9
VS_042-S09-017_WEEK12_WEIGHT,042-S09-017,S09,WEEK12,Weight,WEIGHT,85.5,85.5,kg,2026-05-10,9
VS_042-S09-018_WEEK12_SYSBP,042-S09-018,S09,WEEK12,Systolic Blood Pressure,SYSBP,126.0,126.0,mmHg,2026-05-10,9
VS_042-S09-018_WEEK12_DIABP,042-S09-018,S09,WEEK12,Diastolic Blood Pressure,DIABP,73.0,73.0,mmHg,2026-05-10,9
VS_042-S09-018_WEEK12_PULSE,042-S09-018,S09,WEEK12,Pulse Rate,PULSE,68.0,68.0,beats/min,2026-05-10,9
VS_042-S09-018_WEEK12_WEIGHT,042-S09-018,S09,WEEK12,Weight,WEIGHT,87.5,87.5,kg,2026-05-10,9
VS_042-S09-019_WEEK12_SYSBP,042-S09-019,S09,WEEK12,Systolic Blood Pressure,SYSBP,127.0,127.0,mmHg,2026-05-10,9
VS_042-S09-019_WEEK12_DIABP,042-S09-019,S09,WEEK12,Diastolic Blood Pressure,DIABP,75.0,75.0,mmHg,2026-05-10,9
VS_042-S09-019_WEEK12_PULSE,042-S09-019,S09,WEEK12,Pulse Rate,PULSE,77.0,77.0,beats/min,2026-05-10,9
VS_042-S09-019_WEEK12_WEIGHT,042-S09-019,S09,WEEK12,Weight,WEIGHT,83.5,83.5,kg,2026-05-10,9
VS_042-S09-020_WEEK12_SYSBP,042-S09-020,S09,WEEK12,Systolic Blood Pressure,SYSBP,129.0,129.0,mmHg,2026-05-10,9
VS_042-S09-020_WEEK12_DIABP,042-S09-020,S09,WEEK12,Diastolic Blood Pressure,DIABP,79.0,79.0,mmHg,2026-05-10,9
VS_042-S09-020_WEEK12_PULSE,042-S09-020,S09,WEEK12,Pulse Rate,PULSE,76.0,76.0,beats/min,2026-05-10,9
VS_042-S09-020_WEEK12_WEIGHT,042-S09-020,S09,WEEK12,Weight,WEIGHT,80.5,80.5,kg,2026-05-10,9
VS_042-S10-001_WEEK12_SYSBP,042-S10-001,S10,WEEK12,Systolic Blood Pressure,SYSBP,120.0,120.0,mmHg,2026-05-10,9
VS_042-S10-001_WEEK12_DIABP,042-S10-001,S10,WEEK12,Diastolic Blood Pressure,DIABP,74.0,74.0,mmHg,2026-05-10,9
VS_042-S10-001_WEEK12_PULSE,042-S10-001,S10,WEEK12,Pulse Rate,PULSE,72.0,72.0,beats/min,2026-05-10,9
VS_042-S10-001_WEEK12_WEIGHT,042-S10-001,S10,WEEK12,Weight,WEIGHT,83.5,83.5,kg,2026-05-10,9
VS_042-S10-002_WEEK12_SYSBP,042-S10-002,S10,WEEK12,Systolic Blood Pressure,SYSBP,122.0,122.0,mmHg,2026-05-10,9
VS_042-S10-002_WEEK12_DIABP,042-S10-002,S10,WEEK12,Diastolic Blood Pressure,DIABP,73.0,73.0,mmHg,2026-05-10,9
VS_042-S10-002_WEEK12_PULSE,042-S10-002,S10,WEEK12,Pulse Rate,PULSE,68.0,68.0,beats/min,2026-05-10,9
VS_042-S10-002_WEEK12_WEIGHT,042-S10-002,S10,WEEK12,Weight,WEIGHT,86.5,86.5,kg,2026-05-10,9
VS_042-S10-003_WEEK12_SYSBP,042-S10-003,S10,WEEK12,Systolic Blood Pressure,SYSBP,128.0,128.0,mmHg,2026-05-10,9
VS_042-S10-003_WEEK12_DIABP,042-S10-003,S10,WEEK12,Diastolic Blood Pressure,DIABP,78.0,78.0,mmHg,2026-05-10,9
VS_042-S10-003_WEEK12_PULSE,042-S10-003,S10,WEEK12,Pulse Rate,PULSE,76.0,76.0,beats/min,2026-05-10,9
VS_042-S10-003_WEEK12_WEIGHT,042-S10-003,S10,WEEK12,Weight,WEIGHT,87.5,87.5,kg,2026-05-10,9
VS_042-S10-004_WEEK12_SYSBP,042-S10-004,S10,WEEK12,Systolic Blood Pressure,SYSBP,119.0,119.0,mmHg,2026-05-10,9
VS_042-S10-004_WEEK12_DIABP,042-S10-004,S10,WEEK12,Diastolic Blood Pressure,DIABP,79.0,79.0,mmHg,2026-05-10,9
VS_042-S10-004_WEEK12_PULSE,042-S10-004,S10,WEEK12,Pulse Rate,PULSE,77.0,77.0,beats/min,2026-05-10,9
VS_042-S10-004_WEEK12_WEIGHT,042-S10-004,S10,WEEK12,Weight,WEIGHT,78.5,78.5,kg,2026-05-10,9
VS_042-S10-005_WEEK12_SYSBP,042-S10-005,S10,WEEK12,Systolic Blood Pressure,SYSBP,124.0,124.0,mmHg,2026-05-10,9
VS_042-S10-005_WEEK12_DIABP,042-S10-005,S10,WEEK12,Diastolic Blood Pressure,DIABP,82.0,82.0,mmHg,2026-05-10,9
VS_042-S10-005_WEEK12_PULSE,042-S10-005,S10,WEEK12,Pulse Rate,PULSE,74.0,74.0,beats/min,2026-05-10,9
VS_042-S10-005_WEEK12_WEIGHT,042-S10-005,S10,WEEK12,Weight,WEIGHT,85.5,85.5,kg,2026-05-10,9
VS_042-S10-006_WEEK12_SYSBP,042-S10-006,S10,WEEK12,Systolic Blood Pressure,SYSBP,122.0,122.0,mmHg,2026-05-10,9
VS_042-S10-006_WEEK12_DIABP,042-S10-006,S10,WEEK12,Diastolic Blood Pressure,DIABP,83.0,83.0,mmHg,2026-05-10,9
VS_042-S10-006_WEEK12_PULSE,042-S10-006,S10,WEEK12,Pulse Rate,PULSE,75.0,75.0,beats/min,2026-05-10,9
VS_042-S10-006_WEEK12_WEIGHT,042-S10-006,S10,WEEK12,Weight,WEIGHT,86.5,86.5,kg,2026-05-10,9
VS_042-S10-007_WEEK12_SYSBP,042-S10-007,S10,WEEK12,Systolic Blood Pressure,SYSBP,127.0,127.0,mmHg,2026-05-10,9
VS_042-S10-007_WEEK12_DIABP,042-S10-007,S10,WEEK12,Diastolic Blood Pressure,DIABP,83.0,83.0,mmHg,2026-05-10,9
VS_042-S10-007_WEEK12_PULSE,042-S10-007,S10,WEEK12,Pulse Rate,PULSE,69.0,69.0,beats/min,2026-05-10,9
VS_042-S10-007_WEEK12_WEIGHT,042-S10-007,S10,WEEK12,Weight,WEIGHT,81.5,81.5,kg,2026-05-10,9
VS_042-S10-008_WEEK12_SYSBP,042-S10-008,S10,WEEK12,Systolic Blood Pressure,SYSBP,124.0,124.0,mmHg,2026-05-10,9
VS_042-S10-008_WEEK12_DIABP,042-S10-008,S10,WEEK12,Diastolic Blood Pressure,DIABP,75.0,75.0,mmHg,2026-05-10,9
VS_042-S10-008_WEEK12_PULSE,042-S10-008,S10,WEEK12,Pulse Rate,PULSE,72.0,72.0,beats/min,2026-05-10,9
VS_042-S10-008_WEEK12_WEIGHT,042-S10-008,S10,WEEK12,Weight,WEIGHT,80.5,80.5,kg,2026-05-10,9
VS_042-S10-009_WEEK12_SYSBP,042-S10-009,S10,WEEK12,Systolic Blood Pressure,SYSBP,125.0,125.0,mmHg,2026-05-10,9
VS_042-S10-009_WEEK12_DIABP,042-S10-009,S10,WEEK12,Diastolic Blood Pressure,DIABP,76.0,76.0,mmHg,2026-05-10,9
VS_042-S10-009_WEEK12_PULSE,042-S10-009,S10,WEEK12,Pulse Rate,PULSE,76.0,76.0,beats/min,2026-05-10,9
VS_042-S10-009_WEEK12_WEIGHT,042-S10-009,S10,WEEK12,Weight,WEIGHT,86.5,86.5,kg,2026-05-10,9
VS_042-S10-010_WEEK12_SYSBP,042-S10-010,S10,WEEK12,Systolic Blood Pressure,SYSBP,128.0,128.0,mmHg,2026-05-10,9
VS_042-S10-010_WEEK12_DIABP,042-S10-010,S10,WEEK12,Diastolic Blood Pressure,DIABP,83.0,83.0,mmHg,2026-05-10,9
VS_042-S10-010_WEEK12_PULSE,042-S10-010,S10,WEEK12,Pulse Rate,PULSE,72.0,72.0,beats/min,2026-05-10,9
VS_042-S10-010_WEEK12_WEIGHT,042-S10-010,S10,WEEK12,Weight,WEIGHT,84.5,84.5,kg,2026-05-10,9
VS_042-S10-011_WEEK12_SYSBP,042-S10-011,S10,WEEK12,Systolic Blood Pressure,SYSBP,127.0,127.0,mmHg,2026-05-10,9
VS_042-S10-011_WEEK12_DIABP,042-S10-011,S10,WEEK12,Diastolic Blood Pressure,DIABP,73.0,73.0,mmHg,2026-05-10,9
VS_042-S10-011_WEEK12_PULSE,042-S10-011,S10,WEEK12,Pulse Rate,PULSE,67.0,67.0,beats/min,2026-05-10,9
VS_042-S10-011_WEEK12_WEIGHT,042-S10-011,S10,WEEK12,Weight,WEIGHT,85.5,85.5,kg,2026-05-10,9
VS_042-S10-012_WEEK12_SYSBP,042-S10-012,S10,WEEK12,Systolic Blood Pressure,SYSBP,121.0,121.0,mmHg,2026-05-10,9
VS_042-S10-012_WEEK12_DIABP,042-S10-012,S10,WEEK12,Diastolic Blood Pressure,DIABP,75.0,75.0,mmHg,2026-05-10,9
VS_042-S10-012_WEEK12_PULSE,042-S10-012,S10,WEEK12,Pulse Rate,PULSE,74.0,74.0,beats/min,2026-05-10,9
VS_042-S10-012_WEEK12_WEIGHT,042-S10-012,S10,WEEK12,Weight,WEIGHT,77.5,77.5,kg,2026-05-10,9
VS_042-S10-013_WEEK12_SYSBP,042-S10-013,S10,WEEK12,Systolic Blood Pressure,SYSBP,121.0,121.0,mmHg,2026-05-10,9
VS_042-S10-013_WEEK12_DIABP,042-S10-013,S10,WEEK12,Diastolic Blood Pressure,DIABP,80.0,80.0,mmHg,2026-05-10,9
VS_042-S10-013_WEEK12_PULSE,042-S10-013,S10,WEEK12,Pulse Rate,PULSE,76.0,76.0,beats/min,2026-05-10,9
VS_042-S10-013_WEEK12_WEIGHT,042-S10-013,S10,WEEK12,Weight,WEIGHT,79.5,79.5,kg,2026-05-10,9
VS_042-S10-014_WEEK12_SYSBP,042-S10-014,S10,WEEK12,Systolic Blood Pressure,SYSBP,128.0,128.0,mmHg,2026-05-10,9
VS_042-S10-014_WEEK12_DIABP,042-S10-014,S10,WEEK12,Diastolic Blood Pressure,DIABP,77.0,77.0,mmHg,2026-05-10,9
VS_042-S10-014_WEEK12_PULSE,042-S10-014,S10,WEEK12,Pulse Rate,PULSE,72.0,72.0,beats/min,2026-05-10,9
VS_042-S10-014_WEEK12_WEIGHT,042-S10-014,S10,WEEK12,Weight,WEIGHT,79.5,79.5,kg,2026-05-10,9
VS_042-S10-015_WEEK12_SYSBP,042-S10-015,S10,WEEK12,Systolic Blood Pressure,SYSBP,126.0,126.0,mmHg,2026-05-10,9
VS_042-S10-015_WEEK12_DIABP,042-S10-015,S10,WEEK12,Diastolic Blood Pressure,DIABP,83.0,83.0,mmHg,2026-05-10,9
VS_042-S10-015_WEEK12_PULSE,042-S10-015,S10,WEEK12,Pulse Rate,PULSE,73.0,73.0,beats/min,2026-05-10,9
VS_042-S10-015_WEEK12_WEIGHT,042-S10-015,S10,WEEK12,Weight,WEIGHT,85.5,85.5,kg,2026-05-10,9
VS_042-S10-016_WEEK12_SYSBP,042-S10-016,S10,WEEK12,Systolic Blood Pressure,SYSBP,124.0,124.0,mmHg,2026-05-10,9
VS_042-S10-016_WEEK12_DIABP,042-S10-016,S10,WEEK12,Diastolic Blood Pressure,DIABP,78.0,78.0,mmHg,2026-05-10,9
VS_042-S10-016_WEEK12_PULSE,042-S10-016,S10,WEEK12,Pulse Rate,PULSE,69.0,69.0,beats/min,2026-05-10,9
VS_042-S10-016_WEEK12_WEIGHT,042-S10-016,S10,WEEK12,Weight,WEIGHT,85.5,85.5,kg,2026-05-10,9
VS_042-S10-017_WEEK12_SYSBP,042-S10-017,S10,WEEK12,Systolic Blood Pressure,SYSBP,124.0,124.0,mmHg,2026-05-10,9
VS_042-S10-017_WEEK12_DIABP,042-S10-017,S10,WEEK12,Diastolic Blood Pressure,DIABP,83.0,83.0,mmHg,2026-05-10,9
VS_042-S10-017_WEEK12_PULSE,042-S10-017,S10,WEEK12,Pulse Rate,PULSE,77.0,77.0,beats/min,2026-05-10,9
VS_042-S10-017_WEEK12_WEIGHT,042-S10-017,S10,WEEK12,Weight,WEIGHT,80.5,80.5,kg,2026-05-10,9
VS_042-S10-018_WEEK12_SYSBP,042-S10-018,S10,WEEK12,Systolic Blood Pressure,SYSBP,120.0,120.0,mmHg,2026-05-10,9
VS_042-S10-018_WEEK12_DIABP,042-S10-018,S10,WEEK12,Diastolic Blood Pressure,DIABP,76.0,76.0,mmHg,2026-05-10,9
VS_042-S10-018_WEEK12_PULSE,042-S10-018,S10,WEEK12,Pulse Rate,PULSE,69.0,69.0,beats/min,2026-05-10,9
VS_042-S10-018_WEEK12_WEIGHT,042-S10-018,S10,WEEK12,Weight,WEIGHT,84.5,84.5,kg,2026-05-10,9
VS_042-S10-019_WEEK12_SYSBP,042-S10-019,S10,WEEK12,Systolic Blood Pressure,SYSBP,125.0,125.0,mmHg,2026-05-10,9
VS_042-S10-019_WEEK12_DIABP,042-S10-019,S10,WEEK12,Diastolic Blood Pressure,DIABP,83.0,83.0,mmHg,2026-05-10,9
VS_042-S10-019_WEEK12_PULSE,042-S10-019,S10,WEEK12,Pulse Rate,PULSE,76.0,76.0,beats/min,2026-05-10,9
VS_042-S10-019_WEEK12_WEIGHT,042-S10-019,S10,WEEK12,Weight,WEIGHT,87.5,87.5,kg,2026-05-10,9
VS_042-S10-020_WEEK12_SYSBP,042-S10-020,S10,WEEK12,Systolic Blood Pressure,SYSBP,122.0,122.0,mmHg,2026-05-10,9
VS_042-S10-020_WEEK12_DIABP,042-S10-020,S10,WEEK12,Diastolic Blood Pressure,DIABP,81.0,81.0,mmHg,2026-05-10,9
VS_042-S10-020_WEEK12_PULSE,042-S10-020,S10,WEEK12,Pulse Rate,PULSE,70.0,70.0,beats/min,2026-05-10,9
VS_042-S10-020_WEEK12_WEIGHT,042-S10-020,S10,WEEK12,Weight,WEIGHT,84.5,84.5,kg,2026-05-10,9
VS_042-S11-001_WEEK12_SYSBP,042-S11-001,S11,WEEK12,Systolic Blood Pressure,SYSBP,129.0,129.0,mmHg,2026-05-10,9
VS_042-S11-001_WEEK12_DIABP,042-S11-001,S11,WEEK12,Diastolic Blood Pressure,DIABP,80.0,80.0,mmHg,2026-05-10,9
VS_042-S11-001_WEEK12_PULSE,042-S11-001,S11,WEEK12,Pulse Rate,PULSE,69.0,69.0,beats/min,2026-05-10,9
VS_042-S11-001_WEEK12_WEIGHT,042-S11-001,S11,WEEK12,Weight,WEIGHT,79.5,79.5,kg,2026-05-10,9
VS_042-S11-002_WEEK12_SYSBP,042-S11-002,S11,WEEK12,Systolic Blood Pressure,SYSBP,123.0,123.0,mmHg,2026-05-10,9
VS_042-S11-002_WEEK12_DIABP,042-S11-002,S11,WEEK12,Diastolic Blood Pressure,DIABP,75.0,75.0,mmHg,2026-05-10,9
VS_042-S11-002_WEEK12_PULSE,042-S11-002,S11,WEEK12,Pulse Rate,PULSE,69.0,69.0,beats/min,2026-05-10,9
VS_042-S11-002_WEEK12_WEIGHT,042-S11-002,S11,WEEK12,Weight,WEIGHT,84.5,84.5,kg,2026-05-10,9
VS_042-S11-003_WEEK12_SYSBP,042-S11-003,S11,WEEK12,Systolic Blood Pressure,SYSBP,129.0,129.0,mmHg,2026-05-10,9
VS_042-S11-003_WEEK12_DIABP,042-S11-003,S11,WEEK12,Diastolic Blood Pressure,DIABP,78.0,78.0,mmHg,2026-05-10,9
VS_042-S11-003_WEEK12_PULSE,042-S11-003,S11,WEEK12,Pulse Rate,PULSE,72.0,72.0,beats/min,2026-05-10,9
VS_042-S11-003_WEEK12_WEIGHT,042-S11-003,S11,WEEK12,Weight,WEIGHT,79.5,79.5,kg,2026-05-10,9
VS_042-S11-004_WEEK12_SYSBP,042-S11-004,S11,WEEK12,Systolic Blood Pressure,SYSBP,122.0,122.0,mmHg,2026-05-10,9
VS_042-S11-004_WEEK12_DIABP,042-S11-004,S11,WEEK12,Diastolic Blood Pressure,DIABP,78.0,78.0,mmHg,2026-05-10,9
VS_042-S11-004_WEEK12_PULSE,042-S11-004,S11,WEEK12,Pulse Rate,PULSE,67.0,67.0,beats/min,2026-05-10,9
VS_042-S11-004_WEEK12_WEIGHT,042-S11-004,S11,WEEK12,Weight,WEIGHT,87.5,87.5,kg,2026-05-10,9
VS_042-S11-005_WEEK12_SYSBP,042-S11-005,S11,WEEK12,Systolic Blood Pressure,SYSBP,128.0,128.0,mmHg,2026-05-10,9
VS_042-S11-005_WEEK12_DIABP,042-S11-005,S11,WEEK12,Diastolic Blood Pressure,DIABP,74.0,74.0,mmHg,2026-05-10,9
VS_042-S11-005_WEEK12_PULSE,042-S11-005,S11,WEEK12,Pulse Rate,PULSE,70.0,70.0,beats/min,2026-05-10,9
VS_042-S11-005_WEEK12_WEIGHT,042-S11-005,S11,WEEK12,Weight,WEIGHT,87.5,87.5,kg,2026-05-10,9
VS_042-S11-006_WEEK12_SYSBP,042-S11-006,S11,WEEK12,Systolic Blood Pressure,SYSBP,125.0,125.0,mmHg,2026-05-10,9
VS_042-S11-006_WEEK12_DIABP,042-S11-006,S11,WEEK12,Diastolic Blood Pressure,DIABP,75.0,75.0,mmHg,2026-05-10,9
VS_042-S11-006_WEEK12_PULSE,042-S11-006,S11,WEEK12,Pulse Rate,PULSE,68.0,68.0,beats/min,2026-05-10,9
VS_042-S11-006_WEEK12_WEIGHT,042-S11-006,S11,WEEK12,Weight,WEIGHT,79.5,79.5,kg,2026-05-10,9
VS_042-S11-007_WEEK12_SYSBP,042-S11-007,S11,WEEK12,Systolic Blood Pressure,SYSBP,120.0,120.0,mmHg,2026-05-10,9
VS_042-S11-007_WEEK12_DIABP,042-S11-007,S11,WEEK12,Diastolic Blood Pressure,DIABP,83.0,83.0,mmHg,2026-05-10,9
VS_042-S11-007_WEEK12_PULSE,042-S11-007,S11,WEEK12,Pulse Rate,PULSE,67.0,67.0,beats/min,2026-05-10,9
VS_042-S11-007_WEEK12_WEIGHT,042-S11-007,S11,WEEK12,Weight,WEIGHT,87.5,87.5,kg,2026-05-10,9
VS_042-S11-008_WEEK12_SYSBP,042-S11-008,S11,WEEK12,Systolic Blood Pressure,SYSBP,122.0,122.0,mmHg,2026-05-10,9
VS_042-S11-008_WEEK12_DIABP,042-S11-008,S11,WEEK12,Diastolic Blood Pressure,DIABP,79.0,79.0,mmHg,2026-05-10,9
VS_042-S11-008_WEEK12_PULSE,042-S11-008,S11,WEEK12,Pulse Rate,PULSE,69.0,69.0,beats/min,2026-05-10,9
VS_042-S11-008_WEEK12_WEIGHT,042-S11-008,S11,WEEK12,Weight,WEIGHT,86.5,86.5,kg,2026-05-10,9
VS_042-S11-009_WEEK12_SYSBP,042-S11-009,S11,WEEK12,Systolic Blood Pressure,SYSBP,124.0,124.0,mmHg,2026-05-10,9
VS_042-S11-009_WEEK12_DIABP,042-S11-009,S11,WEEK12,Diastolic Blood Pressure,DIABP,76.0,76.0,mmHg,2026-05-10,9
VS_042-S11-009_WEEK12_PULSE,042-S11-009,S11,WEEK12,Pulse Rate,PULSE,67.0,67.0,beats/min,2026-05-10,9
VS_042-S11-009_WEEK12_WEIGHT,042-S11-009,S11,WEEK12,Weight,WEIGHT,83.5,83.5,kg,2026-05-10,9
VS_042-S11-010_WEEK12_SYSBP,042-S11-010,S11,WEEK12,Systolic Blood Pressure,SYSBP,123.0,123.0,mmHg,2026-05-10,9
VS_042-S11-010_WEEK12_DIABP,042-S11-010,S11,WEEK12,Diastolic Blood Pressure,DIABP,82.0,82.0,mmHg,2026-05-10,9
VS_042-S11-010_WEEK12_PULSE,042-S11-010,S11,WEEK12,Pulse Rate,PULSE,68.0,68.0,beats/min,2026-05-10,9
VS_042-S11-010_WEEK12_WEIGHT,042-S11-010,S11,WEEK12,Weight,WEIGHT,77.5,77.5,kg,2026-05-10,9
VS_042-S11-011_WEEK12_SYSBP,042-S11-011,S11,WEEK12,Systolic Blood Pressure,SYSBP,125.0,125.0,mmHg,2026-05-10,9
VS_042-S11-011_WEEK12_DIABP,042-S11-011,S11,WEEK12,Diastolic Blood Pressure,DIABP,73.0,73.0,mmHg,2026-05-10,9
VS_042-S11-011_WEEK12_PULSE,042-S11-011,S11,WEEK12,Pulse Rate,PULSE,73.0,73.0,beats/min,2026-05-10,9
VS_042-S11-011_WEEK12_WEIGHT,042-S11-011,S11,WEEK12,Weight,WEIGHT,82.5,82.5,kg,2026-05-10,9
VS_042-S11-012_WEEK12_SYSBP,042-S11-012,S11,WEEK12,Systolic Blood Pressure,SYSBP,123.0,123.0,mmHg,2026-05-10,9
VS_042-S11-012_WEEK12_DIABP,042-S11-012,S11,WEEK12,Diastolic Blood Pressure,DIABP,74.0,74.0,mmHg,2026-05-10,9
VS_042-S11-012_WEEK12_PULSE,042-S11-012,S11,WEEK12,Pulse Rate,PULSE,75.0,75.0,beats/min,2026-05-10,9
VS_042-S11-012_WEEK12_WEIGHT,042-S11-012,S11,WEEK12,Weight,WEIGHT,82.5,82.5,kg,2026-05-10,9
VS_042-S11-013_WEEK12_SYSBP,042-S11-013,S11,WEEK12,Systolic Blood Pressure,SYSBP,124.0,124.0,mmHg,2026-05-10,9
VS_042-S11-013_WEEK12_DIABP,042-S11-013,S11,WEEK12,Diastolic Blood Pressure,DIABP,82.0,82.0,mmHg,2026-05-10,9
VS_042-S11-013_WEEK12_PULSE,042-S11-013,S11,WEEK12,Pulse Rate,PULSE,72.0,72.0,beats/min,2026-05-10,9
VS_042-S11-013_WEEK12_WEIGHT,042-S11-013,S11,WEEK12,Weight,WEIGHT,77.5,77.5,kg,2026-05-10,9
VS_042-S11-014_WEEK12_SYSBP,042-S11-014,S11,WEEK12,Systolic Blood Pressure,SYSBP,124.0,124.0,mmHg,2026-05-10,9
VS_042-S11-014_WEEK12_DIABP,042-S11-014,S11,WEEK12,Diastolic Blood Pressure,DIABP,73.0,73.0,mmHg,2026-05-10,9
VS_042-S11-014_WEEK12_PULSE,042-S11-014,S11,WEEK12,Pulse Rate,PULSE,74.0,74.0,beats/min,2026-05-10,9
VS_042-S11-014_WEEK12_WEIGHT,042-S11-014,S11,WEEK12,Weight,WEIGHT,78.5,78.5,kg,2026-05-10,9
VS_042-S11-015_WEEK12_SYSBP,042-S11-015,S11,WEEK12,Systolic Blood Pressure,SYSBP,129.0,129.0,mmHg,2026-05-10,9
VS_042-S11-015_WEEK12_DIABP,042-S11-015,S11,WEEK12,Diastolic Blood Pressure,DIABP,75.0,75.0,mmHg,2026-05-10,9
VS_042-S11-015_WEEK12_PULSE,042-S11-015,S11,WEEK12,Pulse Rate,PULSE,67.0,67.0,beats/min,2026-05-10,9
VS_042-S11-015_WEEK12_WEIGHT,042-S11-015,S11,WEEK12,Weight,WEIGHT,78.5,78.5,kg,2026-05-10,9
VS_042-S11-016_WEEK12_SYSBP,042-S11-016,S11,WEEK12,Systolic Blood Pressure,SYSBP,126.0,126.0,mmHg,2026-05-10,9
VS_042-S11-016_WEEK12_DIABP,042-S11-016,S11,WEEK12,Diastolic Blood Pressure,DIABP,73.0,73.0,mmHg,2026-05-10,9
VS_042-S11-016_WEEK12_PULSE,042-S11-016,S11,WEEK12,Pulse Rate,PULSE,70.0,70.0,beats/min,2026-05-10,9
VS_042-S11-016_WEEK12_WEIGHT,042-S11-016,S11,WEEK12,Weight,WEIGHT,81.5,81.5,kg,2026-05-10,9
VS_042-S11-017_WEEK12_SYSBP,042-S11-017,S11,WEEK12,Systolic Blood Pressure,SYSBP,126.0,126.0,mmHg,2026-05-10,9
VS_042-S11-017_WEEK12_DIABP,042-S11-017,S11,WEEK12,Diastolic Blood Pressure,DIABP,80.0,80.0,mmHg,2026-05-10,9
VS_042-S11-017_WEEK12_PULSE,042-S11-017,S11,WEEK12,Pulse Rate,PULSE,70.0,70.0,beats/min,2026-05-10,9
VS_042-S11-017_WEEK12_WEIGHT,042-S11-017,S11,WEEK12,Weight,WEIGHT,82.5,82.5,kg,2026-05-10,9
VS_042-S11-018_WEEK12_SYSBP,042-S11-018,S11,WEEK12,Systolic Blood Pressure,SYSBP,123.0,123.0,mmHg,2026-05-10,9
VS_042-S11-018_WEEK12_DIABP,042-S11-018,S11,WEEK12,Diastolic Blood Pressure,DIABP,83.0,83.0,mmHg,2026-05-10,9
VS_042-S11-018_WEEK12_PULSE,042-S11-018,S11,WEEK12,Pulse Rate,PULSE,74.0,74.0,beats/min,2026-05-10,9
VS_042-S11-018_WEEK12_WEIGHT,042-S11-018,S11,WEEK12,Weight,WEIGHT,80.5,80.5,kg,2026-05-10,9
VS_042-S11-019_WEEK12_SYSBP,042-S11-019,S11,WEEK12,Systolic Blood Pressure,SYSBP,124.0,124.0,mmHg,2026-05-10,9
VS_042-S11-019_WEEK12_DIABP,042-S11-019,S11,WEEK12,Diastolic Blood Pressure,DIABP,78.0,78.0,mmHg,2026-05-10,9
VS_042-S11-019_WEEK12_PULSE,042-S11-019,S11,WEEK12,Pulse Rate,PULSE,77.0,77.0,beats/min,2026-05-10,9
VS_042-S11-019_WEEK12_WEIGHT,042-S11-019,S11,WEEK12,Weight,WEIGHT,82.5,82.5,kg,2026-05-10,9
VS_042-S11-020_WEEK12_SYSBP,042-S11-020,S11,WEEK12,Systolic Blood Pressure,SYSBP,122.0,122.0,mmHg,2026-05-10,9
VS_042-S11-020_WEEK12_DIABP,042-S11-020,S11,WEEK12,Diastolic Blood Pressure,DIABP,74.0,74.0,mmHg,2026-05-10,9
VS_042-S11-020_WEEK12_PULSE,042-S11-020,S11,WEEK12,Pulse Rate,PULSE,77.0,77.0,beats/min,2026-05-10,9
VS_042-S11-020_WEEK12_WEIGHT,042-S11-020,S11,WEEK12,Weight,WEIGHT,77.5,77.5,kg,2026-05-10,9
VS_042-S12-001_WEEK12_SYSBP,042-S12-001,S12,WEEK12,Systolic Blood Pressure,SYSBP,122.0,122.0,mmHg,2026-05-10,9
VS_042-S12-001_WEEK12_DIABP,042-S12-001,S12,WEEK12,Diastolic Blood Pressure,DIABP,77.0,77.0,mmHg,2026-05-10,9
VS_042-S12-001_WEEK12_PULSE,042-S12-001,S12,WEEK12,Pulse Rate,PULSE,68.0,68.0,beats/min,2026-05-10,9
VS_042-S12-001_WEEK12_WEIGHT,042-S12-001,S12,WEEK12,Weight,WEIGHT,81.5,81.5,kg,2026-05-10,9
VS_042-S12-002_WEEK12_SYSBP,042-S12-002,S12,WEEK12,Systolic Blood Pressure,SYSBP,119.0,119.0,mmHg,2026-05-10,9
VS_042-S12-002_WEEK12_DIABP,042-S12-002,S12,WEEK12,Diastolic Blood Pressure,DIABP,77.0,77.0,mmHg,2026-05-10,9
VS_042-S12-002_WEEK12_PULSE,042-S12-002,S12,WEEK12,Pulse Rate,PULSE,77.0,77.0,beats/min,2026-05-10,9
VS_042-S12-002_WEEK12_WEIGHT,042-S12-002,S12,WEEK12,Weight,WEIGHT,85.5,85.5,kg,2026-05-10,9
VS_042-S12-003_WEEK12_SYSBP,042-S12-003,S12,WEEK12,Systolic Blood Pressure,SYSBP,122.0,122.0,mmHg,2026-05-10,9
VS_042-S12-003_WEEK12_DIABP,042-S12-003,S12,WEEK12,Diastolic Blood Pressure,DIABP,73.0,73.0,mmHg,2026-05-10,9
VS_042-S12-003_WEEK12_PULSE,042-S12-003,S12,WEEK12,Pulse Rate,PULSE,69.0,69.0,beats/min,2026-05-10,9
VS_042-S12-003_WEEK12_WEIGHT,042-S12-003,S12,WEEK12,Weight,WEIGHT,77.5,77.5,kg,2026-05-10,9
VS_042-S12-004_WEEK12_SYSBP,042-S12-004,S12,WEEK12,Systolic Blood Pressure,SYSBP,124.0,124.0,mmHg,2026-05-10,9
VS_042-S12-004_WEEK12_DIABP,042-S12-004,S12,WEEK12,Diastolic Blood Pressure,DIABP,78.0,78.0,mmHg,2026-05-10,9
VS_042-S12-004_WEEK12_PULSE,042-S12-004,S12,WEEK12,Pulse Rate,PULSE,70.0,70.0,beats/min,2026-05-10,9
VS_042-S12-004_WEEK12_WEIGHT,042-S12-004,S12,WEEK12,Weight,WEIGHT,87.5,87.5,kg,2026-05-10,9
VS_042-S12-005_WEEK12_SYSBP,042-S12-005,S12,WEEK12,Systolic Blood Pressure,SYSBP,124.0,124.0,mmHg,2026-05-10,9
VS_042-S12-005_WEEK12_DIABP,042-S12-005,S12,WEEK12,Diastolic Blood Pressure,DIABP,78.0,78.0,mmHg,2026-05-10,9
VS_042-S12-005_WEEK12_PULSE,042-S12-005,S12,WEEK12,Pulse Rate,PULSE,71.0,71.0,beats/min,2026-05-10,9
VS_042-S12-005_WEEK12_WEIGHT,042-S12-005,S12,WEEK12,Weight,WEIGHT,82.5,82.5,kg,2026-05-10,9
VS_042-S12-006_WEEK12_SYSBP,042-S12-006,S12,WEEK12,Systolic Blood Pressure,SYSBP,129.0,129.0,mmHg,2026-05-10,9
VS_042-S12-006_WEEK12_DIABP,042-S12-006,S12,WEEK12,Diastolic Blood Pressure,DIABP,81.0,81.0,mmHg,2026-05-10,9
VS_042-S12-006_WEEK12_PULSE,042-S12-006,S12,WEEK12,Pulse Rate,PULSE,75.0,75.0,beats/min,2026-05-10,9
VS_042-S12-006_WEEK12_WEIGHT,042-S12-006,S12,WEEK12,Weight,WEIGHT,82.5,82.5,kg,2026-05-10,9
VS_042-S12-007_WEEK12_SYSBP,042-S12-007,S12,WEEK12,Systolic Blood Pressure,SYSBP,119.0,119.0,mmHg,2026-05-10,9
VS_042-S12-007_WEEK12_DIABP,042-S12-007,S12,WEEK12,Diastolic Blood Pressure,DIABP,77.0,77.0,mmHg,2026-05-10,9
VS_042-S12-007_WEEK12_PULSE,042-S12-007,S12,WEEK12,Pulse Rate,PULSE,67.0,67.0,beats/min,2026-05-10,9
VS_042-S12-007_WEEK12_WEIGHT,042-S12-007,S12,WEEK12,Weight,WEIGHT,78.5,78.5,kg,2026-05-10,9
VS_042-S12-008_WEEK12_SYSBP,042-S12-008,S12,WEEK12,Systolic Blood Pressure,SYSBP,125.0,125.0,mmHg,2026-05-10,9
VS_042-S12-008_WEEK12_DIABP,042-S12-008,S12,WEEK12,Diastolic Blood Pressure,DIABP,82.0,82.0,mmHg,2026-05-10,9
VS_042-S12-008_WEEK12_PULSE,042-S12-008,S12,WEEK12,Pulse Rate,PULSE,73.0,73.0,beats/min,2026-05-10,9
VS_042-S12-008_WEEK12_WEIGHT,042-S12-008,S12,WEEK12,Weight,WEIGHT,79.5,79.5,kg,2026-05-10,9
VS_042-S12-009_WEEK12_SYSBP,042-S12-009,S12,WEEK12,Systolic Blood Pressure,SYSBP,129.0,129.0,mmHg,2026-05-10,9
VS_042-S12-009_WEEK12_DIABP,042-S12-009,S12,WEEK12,Diastolic Blood Pressure,DIABP,75.0,75.0,mmHg,2026-05-10,9
VS_042-S12-009_WEEK12_PULSE,042-S12-009,S12,WEEK12,Pulse Rate,PULSE,68.0,68.0,beats/min,2026-05-10,9
VS_042-S12-009_WEEK12_WEIGHT,042-S12-009,S12,WEEK12,Weight,WEIGHT,87.5,87.5,kg,2026-05-10,9
VS_042-S12-010_WEEK12_SYSBP,042-S12-010,S12,WEEK12,Systolic Blood Pressure,SYSBP,127.0,127.0,mmHg,2026-05-10,9
VS_042-S12-010_WEEK12_DIABP,042-S12-010,S12,WEEK12,Diastolic Blood Pressure,DIABP,77.0,77.0,mmHg,2026-05-10,9
VS_042-S12-010_WEEK12_PULSE,042-S12-010,S12,WEEK12,Pulse Rate,PULSE,77.0,77.0,beats/min,2026-05-10,9
VS_042-S12-010_WEEK12_WEIGHT,042-S12-010,S12,WEEK12,Weight,WEIGHT,85.5,85.5,kg,2026-05-10,9
VS_042-S12-011_WEEK12_SYSBP,042-S12-011,S12,WEEK12,Systolic Blood Pressure,SYSBP,129.0,129.0,mmHg,2026-05-10,9
VS_042-S12-011_WEEK12_DIABP,042-S12-011,S12,WEEK12,Diastolic Blood Pressure,DIABP,76.0,76.0,mmHg,2026-05-10,9
VS_042-S12-011_WEEK12_PULSE,042-S12-011,S12,WEEK12,Pulse Rate,PULSE,69.0,69.0,beats/min,2026-05-10,9
VS_042-S12-011_WEEK12_WEIGHT,042-S12-011,S12,WEEK12,Weight,WEIGHT,86.5,86.5,kg,2026-05-10,9
VS_042-S12-012_WEEK12_SYSBP,042-S12-012,S12,WEEK12,Systolic Blood Pressure,SYSBP,129.0,129.0,mmHg,2026-05-10,9
VS_042-S12-012_WEEK12_DIABP,042-S12-012,S12,WEEK12,Diastolic Blood Pressure,DIABP,78.0,78.0,mmHg,2026-05-10,9
VS_042-S12-012_WEEK12_PULSE,042-S12-012,S12,WEEK12,Pulse Rate,PULSE,71.0,71.0,beats/min,2026-05-10,9
VS_042-S12-012_WEEK12_WEIGHT,042-S12-012,S12,WEEK12,Weight,WEIGHT,81.5,81.5,kg,2026-05-10,9
VS_042-S12-013_WEEK12_SYSBP,042-S12-013,S12,WEEK12,Systolic Blood Pressure,SYSBP,128.0,128.0,mmHg,2026-05-10,9
VS_042-S12-013_WEEK12_DIABP,042-S12-013,S12,WEEK12,Diastolic Blood Pressure,DIABP,77.0,77.0,mmHg,2026-05-10,9
VS_042-S12-013_WEEK12_PULSE,042-S12-013,S12,WEEK12,Pulse Rate,PULSE,76.0,76.0,beats/min,2026-05-10,9
VS_042-S12-013_WEEK12_WEIGHT,042-S12-013,S12,WEEK12,Weight,WEIGHT,80.5,80.5,kg,2026-05-10,9
VS_042-S12-014_WEEK12_SYSBP,042-S12-014,S12,WEEK12,Systolic Blood Pressure,SYSBP,126.0,126.0,mmHg,2026-05-10,9
VS_042-S12-014_WEEK12_DIABP,042-S12-014,S12,WEEK12,Diastolic Blood Pressure,DIABP,80.0,80.0,mmHg,2026-05-10,9
VS_042-S12-014_WEEK12_PULSE,042-S12-014,S12,WEEK12,Pulse Rate,PULSE,76.0,76.0,beats/min,2026-05-10,9
VS_042-S12-014_WEEK12_WEIGHT,042-S12-014,S12,WEEK12,Weight,WEIGHT,83.5,83.5,kg,2026-05-10,9
VS_042-S12-015_WEEK12_SYSBP,042-S12-015,S12,WEEK12,Systolic Blood Pressure,SYSBP,120.0,120.0,mmHg,2026-05-10,9
VS_042-S12-015_WEEK12_DIABP,042-S12-015,S12,WEEK12,Diastolic Blood Pressure,DIABP,82.0,82.0,mmHg,2026-05-10,9
VS_042-S12-015_WEEK12_PULSE,042-S12-015,S12,WEEK12,Pulse Rate,PULSE,70.0,70.0,beats/min,2026-05-10,9
VS_042-S12-015_WEEK12_WEIGHT,042-S12-015,S12,WEEK12,Weight,WEIGHT,79.5,79.5,kg,2026-05-10,9
VS_042-S12-016_WEEK12_SYSBP,042-S12-016,S12,WEEK12,Systolic Blood Pressure,SYSBP,123.0,123.0,mmHg,2026-05-10,9
VS_042-S12-016_WEEK12_DIABP,042-S12-016,S12,WEEK12,Diastolic Blood Pressure,DIABP,76.0,76.0,mmHg,2026-05-10,9
VS_042-S12-016_WEEK12_PULSE,042-S12-016,S12,WEEK12,Pulse Rate,PULSE,74.0,74.0,beats/min,2026-05-10,9
VS_042-S12-016_WEEK12_WEIGHT,042-S12-016,S12,WEEK12,Weight,WEIGHT,84.5,84.5,kg,2026-05-10,9
VS_042-S12-017_WEEK12_SYSBP,042-S12-017,S12,WEEK12,Systolic Blood Pressure,SYSBP,129.0,129.0,mmHg,2026-05-10,9
VS_042-S12-017_WEEK12_DIABP,042-S12-017,S12,WEEK12,Diastolic Blood Pressure,DIABP,81.0,81.0,mmHg,2026-05-10,9
VS_042-S12-017_WEEK12_PULSE,042-S12-017,S12,WEEK12,Pulse Rate,PULSE,74.0,74.0,beats/min,2026-05-10,9
VS_042-S12-017_WEEK12_WEIGHT,042-S12-017,S12,WEEK12,Weight,WEIGHT,79.5,79.5,kg,2026-05-10,9
VS_042-S12-018_WEEK12_SYSBP,042-S12-018,S12,WEEK12,Systolic Blood Pressure,SYSBP,122.0,122.0,mmHg,2026-05-10,9
VS_042-S12-018_WEEK12_DIABP,042-S12-018,S12,WEEK12,Diastolic Blood Pressure,DIABP,82.0,82.0,mmHg,2026-05-10,9
VS_042-S12-018_WEEK12_PULSE,042-S12-018,S12,WEEK12,Pulse Rate,PULSE,68.0,68.0,beats/min,2026-05-10,9
VS_042-S12-018_WEEK12_WEIGHT,042-S12-018,S12,WEEK12,Weight,WEIGHT,80.5,80.5,kg,2026-05-10,9
VS_042-S12-019_WEEK12_SYSBP,042-S12-019,S12,WEEK12,Systolic Blood Pressure,SYSBP,127.0,127.0,mmHg,2026-05-10,9
VS_042-S12-019_WEEK12_DIABP,042-S12-019,S12,WEEK12,Diastolic Blood Pressure,DIABP,79.0,79.0,mmHg,2026-05-10,9
VS_042-S12-019_WEEK12_PULSE,042-S12-019,S12,WEEK12,Pulse Rate,PULSE,71.0,71.0,beats/min,2026-05-10,9
VS_042-S12-019_WEEK12_WEIGHT,042-S12-019,S12,WEEK12,Weight,WEIGHT,80.5,80.5,kg,2026-05-10,9
VS_042-S12-020_WEEK12_SYSBP,042-S12-020,S12,WEEK12,Systolic Blood Pressure,SYSBP,124.0,124.0,mmHg,2026-05-10,9
VS_042-S12-020_WEEK12_DIABP,042-S12-020,S12,WEEK12,Diastolic Blood Pressure,DIABP,75.0,75.0,mmHg,2026-05-10,9
VS_042-S12-020_WEEK12_PULSE,042-S12-020,S12,WEEK12,Pulse Rate,PULSE,74.0,74.0,beats/min,2026-05-10,9
VS_042-S12-020_WEEK12_WEIGHT,042-S12-020,S12,WEEK12,Weight,WEIGHT,81.5,81.5,kg,2026-05-10,9
VS_042-S01-001_WEEK16_SYSBP,042-S01-001,S01,WEEK16,Systolic Blood Pressure,SYSBP,122.0,122.0,mmHg,2026-06-05,10
VS_042-S01-001_WEEK16_DIABP,042-S01-001,S01,WEEK16,Diastolic Blood Pressure,DIABP,79.0,79.0,mmHg,2026-06-05,10
VS_042-S01-001_WEEK16_PULSE,042-S01-001,S01,WEEK16,Pulse Rate,PULSE,76.0,76.0,beats/min,2026-06-05,10
VS_042-S01-001_WEEK16_WEIGHT,042-S01-001,S01,WEEK16,Weight,WEIGHT,82.5,82.5,kg,2026-06-05,10
VS_042-S01-002_WEEK16_SYSBP,042-S01-002,S01,WEEK16,Systolic Blood Pressure,SYSBP,128.0,128.0,mmHg,2026-06-05,10
VS_042-S01-002_WEEK16_DIABP,042-S01-002,S01,WEEK16,Diastolic Blood Pressure,DIABP,81.0,81.0,mmHg,2026-06-05,10
VS_042-S01-002_WEEK16_PULSE,042-S01-002,S01,WEEK16,Pulse Rate,PULSE,67.0,67.0,beats/min,2026-06-05,10
VS_042-S01-002_WEEK16_WEIGHT,042-S01-002,S01,WEEK16,Weight,WEIGHT,80.5,80.5,kg,2026-06-05,10
VS_042-S01-003_WEEK16_SYSBP,042-S01-003,S01,WEEK16,Systolic Blood Pressure,SYSBP,126.0,126.0,mmHg,2026-06-05,10
VS_042-S01-003_WEEK16_DIABP,042-S01-003,S01,WEEK16,Diastolic Blood Pressure,DIABP,73.0,73.0,mmHg,2026-06-05,10
VS_042-S01-003_WEEK16_PULSE,042-S01-003,S01,WEEK16,Pulse Rate,PULSE,69.0,69.0,beats/min,2026-06-05,10
VS_042-S01-003_WEEK16_WEIGHT,042-S01-003,S01,WEEK16,Weight,WEIGHT,82.5,82.5,kg,2026-06-05,10
VS_042-S01-004_WEEK16_SYSBP,042-S01-004,S01,WEEK16,Systolic Blood Pressure,SYSBP,120.0,120.0,mmHg,2026-06-05,10
VS_042-S01-004_WEEK16_DIABP,042-S01-004,S01,WEEK16,Diastolic Blood Pressure,DIABP,74.0,74.0,mmHg,2026-06-05,10
VS_042-S01-004_WEEK16_PULSE,042-S01-004,S01,WEEK16,Pulse Rate,PULSE,69.0,69.0,beats/min,2026-06-05,10
VS_042-S01-004_WEEK16_WEIGHT,042-S01-004,S01,WEEK16,Weight,WEIGHT,79.5,79.5,kg,2026-06-05,10
VS_042-S01-005_WEEK16_SYSBP,042-S01-005,S01,WEEK16,Systolic Blood Pressure,SYSBP,119.0,119.0,mmHg,2026-06-05,10
VS_042-S01-005_WEEK16_DIABP,042-S01-005,S01,WEEK16,Diastolic Blood Pressure,DIABP,81.0,81.0,mmHg,2026-06-05,10
VS_042-S01-005_WEEK16_PULSE,042-S01-005,S01,WEEK16,Pulse Rate,PULSE,69.0,69.0,beats/min,2026-06-05,10
VS_042-S01-005_WEEK16_WEIGHT,042-S01-005,S01,WEEK16,Weight,WEIGHT,82.5,82.5,kg,2026-06-05,10
VS_042-S01-006_WEEK16_SYSBP,042-S01-006,S01,WEEK16,Systolic Blood Pressure,SYSBP,128.0,128.0,mmHg,2026-06-05,10
VS_042-S01-006_WEEK16_DIABP,042-S01-006,S01,WEEK16,Diastolic Blood Pressure,DIABP,79.0,79.0,mmHg,2026-06-05,10
VS_042-S01-006_WEEK16_PULSE,042-S01-006,S01,WEEK16,Pulse Rate,PULSE,72.0,72.0,beats/min,2026-06-05,10
VS_042-S01-006_WEEK16_WEIGHT,042-S01-006,S01,WEEK16,Weight,WEIGHT,80.5,80.5,kg,2026-06-05,10
VS_042-S01-007_WEEK16_SYSBP,042-S01-007,S01,WEEK16,Systolic Blood Pressure,SYSBP,120.0,120.0,mmHg,2026-06-05,10
VS_042-S01-007_WEEK16_DIABP,042-S01-007,S01,WEEK16,Diastolic Blood Pressure,DIABP,76.0,76.0,mmHg,2026-06-05,10
VS_042-S01-007_WEEK16_PULSE,042-S01-007,S01,WEEK16,Pulse Rate,PULSE,71.0,71.0,beats/min,2026-06-05,10
VS_042-S01-007_WEEK16_WEIGHT,042-S01-007,S01,WEEK16,Weight,WEIGHT,77.5,77.5,kg,2026-06-05,10
VS_042-S01-008_WEEK16_SYSBP,042-S01-008,S01,WEEK16,Systolic Blood Pressure,SYSBP,128.0,128.0,mmHg,2026-06-05,10
VS_042-S01-008_WEEK16_DIABP,042-S01-008,S01,WEEK16,Diastolic Blood Pressure,DIABP,80.0,80.0,mmHg,2026-06-05,10
VS_042-S01-008_WEEK16_PULSE,042-S01-008,S01,WEEK16,Pulse Rate,PULSE,69.0,69.0,beats/min,2026-06-05,10
VS_042-S01-008_WEEK16_WEIGHT,042-S01-008,S01,WEEK16,Weight,WEIGHT,83.5,83.5,kg,2026-06-05,10
VS_042-S01-009_WEEK16_SYSBP,042-S01-009,S01,WEEK16,Systolic Blood Pressure,SYSBP,125.0,125.0,mmHg,2026-06-05,10
VS_042-S01-009_WEEK16_DIABP,042-S01-009,S01,WEEK16,Diastolic Blood Pressure,DIABP,80.0,80.0,mmHg,2026-06-05,10
VS_042-S01-009_WEEK16_PULSE,042-S01-009,S01,WEEK16,Pulse Rate,PULSE,68.0,68.0,beats/min,2026-06-05,10
VS_042-S01-009_WEEK16_WEIGHT,042-S01-009,S01,WEEK16,Weight,WEIGHT,78.5,78.5,kg,2026-06-05,10
VS_042-S01-010_WEEK16_SYSBP,042-S01-010,S01,WEEK16,Systolic Blood Pressure,SYSBP,125.0,125.0,mmHg,2026-06-05,10
VS_042-S01-010_WEEK16_DIABP,042-S01-010,S01,WEEK16,Diastolic Blood Pressure,DIABP,83.0,83.0,mmHg,2026-06-05,10
VS_042-S01-010_WEEK16_PULSE,042-S01-010,S01,WEEK16,Pulse Rate,PULSE,70.0,70.0,beats/min,2026-06-05,10
VS_042-S01-010_WEEK16_WEIGHT,042-S01-010,S01,WEEK16,Weight,WEIGHT,81.5,81.5,kg,2026-06-05,10
VS_042-S01-011_WEEK16_SYSBP,042-S01-011,S01,WEEK16,Systolic Blood Pressure,SYSBP,125.0,125.0,mmHg,2026-06-05,10
VS_042-S01-011_WEEK16_DIABP,042-S01-011,S01,WEEK16,Diastolic Blood Pressure,DIABP,74.0,74.0,mmHg,2026-06-05,10
VS_042-S01-011_WEEK16_PULSE,042-S01-011,S01,WEEK16,Pulse Rate,PULSE,68.0,68.0,beats/min,2026-06-05,10
VS_042-S01-011_WEEK16_WEIGHT,042-S01-011,S01,WEEK16,Weight,WEIGHT,81.5,81.5,kg,2026-06-05,10
VS_042-S01-012_WEEK16_SYSBP,042-S01-012,S01,WEEK16,Systolic Blood Pressure,SYSBP,120.0,120.0,mmHg,2026-06-05,10
VS_042-S01-012_WEEK16_DIABP,042-S01-012,S01,WEEK16,Diastolic Blood Pressure,DIABP,80.0,80.0,mmHg,2026-06-05,10
VS_042-S01-012_WEEK16_PULSE,042-S01-012,S01,WEEK16,Pulse Rate,PULSE,69.0,69.0,beats/min,2026-06-05,10
VS_042-S01-012_WEEK16_WEIGHT,042-S01-012,S01,WEEK16,Weight,WEIGHT,82.5,82.5,kg,2026-06-05,10
VS_042-S01-013_WEEK16_SYSBP,042-S01-013,S01,WEEK16,Systolic Blood Pressure,SYSBP,122.0,122.0,mmHg,2026-06-05,10
VS_042-S01-013_WEEK16_DIABP,042-S01-013,S01,WEEK16,Diastolic Blood Pressure,DIABP,74.0,74.0,mmHg,2026-06-05,10
VS_042-S01-013_WEEK16_PULSE,042-S01-013,S01,WEEK16,Pulse Rate,PULSE,72.0,72.0,beats/min,2026-06-05,10
VS_042-S01-013_WEEK16_WEIGHT,042-S01-013,S01,WEEK16,Weight,WEIGHT,83.5,83.5,kg,2026-06-05,10
VS_042-S01-014_WEEK16_SYSBP,042-S01-014,S01,WEEK16,Systolic Blood Pressure,SYSBP,120.0,120.0,mmHg,2026-06-05,10
VS_042-S01-014_WEEK16_DIABP,042-S01-014,S01,WEEK16,Diastolic Blood Pressure,DIABP,73.0,73.0,mmHg,2026-06-05,10
VS_042-S01-014_WEEK16_PULSE,042-S01-014,S01,WEEK16,Pulse Rate,PULSE,77.0,77.0,beats/min,2026-06-05,10
VS_042-S01-014_WEEK16_WEIGHT,042-S01-014,S01,WEEK16,Weight,WEIGHT,84.5,84.5,kg,2026-06-05,10
VS_042-S01-015_WEEK16_SYSBP,042-S01-015,S01,WEEK16,Systolic Blood Pressure,SYSBP,128.0,128.0,mmHg,2026-06-05,10
VS_042-S01-015_WEEK16_DIABP,042-S01-015,S01,WEEK16,Diastolic Blood Pressure,DIABP,77.0,77.0,mmHg,2026-06-05,10
VS_042-S01-015_WEEK16_PULSE,042-S01-015,S01,WEEK16,Pulse Rate,PULSE,70.0,70.0,beats/min,2026-06-05,10
VS_042-S01-015_WEEK16_WEIGHT,042-S01-015,S01,WEEK16,Weight,WEIGHT,84.5,84.5,kg,2026-06-05,10
VS_042-S01-016_WEEK16_SYSBP,042-S01-016,S01,WEEK16,Systolic Blood Pressure,SYSBP,122.0,122.0,mmHg,2026-06-05,10
VS_042-S01-016_WEEK16_DIABP,042-S01-016,S01,WEEK16,Diastolic Blood Pressure,DIABP,75.0,75.0,mmHg,2026-06-05,10
VS_042-S01-016_WEEK16_PULSE,042-S01-016,S01,WEEK16,Pulse Rate,PULSE,74.0,74.0,beats/min,2026-06-05,10
VS_042-S01-016_WEEK16_WEIGHT,042-S01-016,S01,WEEK16,Weight,WEIGHT,84.5,84.5,kg,2026-06-05,10
VS_042-S01-017_WEEK16_SYSBP,042-S01-017,S01,WEEK16,Systolic Blood Pressure,SYSBP,120.0,120.0,mmHg,2026-06-05,10
VS_042-S01-017_WEEK16_DIABP,042-S01-017,S01,WEEK16,Diastolic Blood Pressure,DIABP,78.0,78.0,mmHg,2026-06-05,10
VS_042-S01-017_WEEK16_PULSE,042-S01-017,S01,WEEK16,Pulse Rate,PULSE,67.0,67.0,beats/min,2026-06-05,10
VS_042-S01-017_WEEK16_WEIGHT,042-S01-017,S01,WEEK16,Weight,WEIGHT,80.5,80.5,kg,2026-06-05,10
VS_042-S01-018_WEEK16_SYSBP,042-S01-018,S01,WEEK16,Systolic Blood Pressure,SYSBP,127.0,127.0,mmHg,2026-06-05,10
VS_042-S01-018_WEEK16_DIABP,042-S01-018,S01,WEEK16,Diastolic Blood Pressure,DIABP,79.0,79.0,mmHg,2026-06-05,10
VS_042-S01-018_WEEK16_PULSE,042-S01-018,S01,WEEK16,Pulse Rate,PULSE,69.0,69.0,beats/min,2026-06-05,10
VS_042-S01-018_WEEK16_WEIGHT,042-S01-018,S01,WEEK16,Weight,WEIGHT,87.5,87.5,kg,2026-06-05,10
VS_042-S01-019_WEEK16_SYSBP,042-S01-019,S01,WEEK16,Systolic Blood Pressure,SYSBP,120.0,120.0,mmHg,2026-06-05,10
VS_042-S01-019_WEEK16_DIABP,042-S01-019,S01,WEEK16,Diastolic Blood Pressure,DIABP,83.0,83.0,mmHg,2026-06-05,10
VS_042-S01-019_WEEK16_PULSE,042-S01-019,S01,WEEK16,Pulse Rate,PULSE,73.0,73.0,beats/min,2026-06-05,10
VS_042-S01-019_WEEK16_WEIGHT,042-S01-019,S01,WEEK16,Weight,WEIGHT,87.5,87.5,kg,2026-06-05,10
VS_042-S01-020_WEEK16_SYSBP,042-S01-020,S01,WEEK16,Systolic Blood Pressure,SYSBP,129.0,129.0,mmHg,2026-06-05,10
VS_042-S01-020_WEEK16_DIABP,042-S01-020,S01,WEEK16,Diastolic Blood Pressure,DIABP,79.0,79.0,mmHg,2026-06-05,10
VS_042-S01-020_WEEK16_PULSE,042-S01-020,S01,WEEK16,Pulse Rate,PULSE,75.0,75.0,beats/min,2026-06-05,10
VS_042-S01-020_WEEK16_WEIGHT,042-S01-020,S01,WEEK16,Weight,WEIGHT,85.5,85.5,kg,2026-06-05,10
VS_042-S01-021_WEEK16_SYSBP,042-S01-021,S01,WEEK16,Systolic Blood Pressure,SYSBP,120.0,120.0,mmHg,2026-06-05,10
VS_042-S01-021_WEEK16_DIABP,042-S01-021,S01,WEEK16,Diastolic Blood Pressure,DIABP,75.0,75.0,mmHg,2026-06-05,10
VS_042-S01-021_WEEK16_PULSE,042-S01-021,S01,WEEK16,Pulse Rate,PULSE,70.0,70.0,beats/min,2026-06-05,10
VS_042-S01-021_WEEK16_WEIGHT,042-S01-021,S01,WEEK16,Weight,WEIGHT,81.5,81.5,kg,2026-06-05,10
VS_042-S02-001_WEEK16_SYSBP,042-S02-001,S02,WEEK16,Systolic Blood Pressure,SYSBP,129.0,129.0,mmHg,2026-06-05,10
VS_042-S02-001_WEEK16_DIABP,042-S02-001,S02,WEEK16,Diastolic Blood Pressure,DIABP,76.0,76.0,mmHg,2026-06-05,10
VS_042-S02-001_WEEK16_PULSE,042-S02-001,S02,WEEK16,Pulse Rate,PULSE,71.0,71.0,beats/min,2026-06-05,10
VS_042-S02-001_WEEK16_WEIGHT,042-S02-001,S02,WEEK16,Weight,WEIGHT,81.5,81.5,kg,2026-06-05,10
VS_042-S02-002_WEEK16_SYSBP,042-S02-002,S02,WEEK16,Systolic Blood Pressure,SYSBP,123.0,123.0,mmHg,2026-06-05,10
VS_042-S02-002_WEEK16_DIABP,042-S02-002,S02,WEEK16,Diastolic Blood Pressure,DIABP,83.0,83.0,mmHg,2026-06-05,10
VS_042-S02-002_WEEK16_PULSE,042-S02-002,S02,WEEK16,Pulse Rate,PULSE,74.0,74.0,beats/min,2026-06-05,10
VS_042-S02-002_WEEK16_WEIGHT,042-S02-002,S02,WEEK16,Weight,WEIGHT,80.5,80.5,kg,2026-06-05,10
VS_042-S02-003_WEEK16_SYSBP,042-S02-003,S02,WEEK16,Systolic Blood Pressure,SYSBP,120.0,120.0,mmHg,2026-06-05,10
VS_042-S02-003_WEEK16_DIABP,042-S02-003,S02,WEEK16,Diastolic Blood Pressure,DIABP,78.0,78.0,mmHg,2026-06-05,10
VS_042-S02-003_WEEK16_PULSE,042-S02-003,S02,WEEK16,Pulse Rate,PULSE,76.0,76.0,beats/min,2026-06-05,10
VS_042-S02-003_WEEK16_WEIGHT,042-S02-003,S02,WEEK16,Weight,WEIGHT,85.5,85.5,kg,2026-06-05,10
VS_042-S02-004_WEEK16_SYSBP,042-S02-004,S02,WEEK16,Systolic Blood Pressure,SYSBP,124.0,124.0,mmHg,2026-06-05,10
VS_042-S02-004_WEEK16_DIABP,042-S02-004,S02,WEEK16,Diastolic Blood Pressure,DIABP,77.0,77.0,mmHg,2026-06-05,10
VS_042-S02-004_WEEK16_PULSE,042-S02-004,S02,WEEK16,Pulse Rate,PULSE,67.0,67.0,beats/min,2026-06-05,10
VS_042-S02-004_WEEK16_WEIGHT,042-S02-004,S02,WEEK16,Weight,WEIGHT,80.5,80.5,kg,2026-06-05,10
VS_042-S02-005_WEEK16_SYSBP,042-S02-005,S02,WEEK16,Systolic Blood Pressure,SYSBP,119.0,119.0,mmHg,2026-06-05,10
VS_042-S02-005_WEEK16_DIABP,042-S02-005,S02,WEEK16,Diastolic Blood Pressure,DIABP,83.0,83.0,mmHg,2026-06-05,10
VS_042-S02-005_WEEK16_PULSE,042-S02-005,S02,WEEK16,Pulse Rate,PULSE,71.0,71.0,beats/min,2026-06-05,10
VS_042-S02-005_WEEK16_WEIGHT,042-S02-005,S02,WEEK16,Weight,WEIGHT,80.5,80.5,kg,2026-06-05,10
VS_042-S02-006_WEEK16_SYSBP,042-S02-006,S02,WEEK16,Systolic Blood Pressure,SYSBP,123.0,123.0,mmHg,2026-06-05,10
VS_042-S02-006_WEEK16_DIABP,042-S02-006,S02,WEEK16,Diastolic Blood Pressure,DIABP,82.0,82.0,mmHg,2026-06-05,10
VS_042-S02-006_WEEK16_PULSE,042-S02-006,S02,WEEK16,Pulse Rate,PULSE,77.0,77.0,beats/min,2026-06-05,10
VS_042-S02-006_WEEK16_WEIGHT,042-S02-006,S02,WEEK16,Weight,WEIGHT,84.5,84.5,kg,2026-06-05,10
VS_042-S02-007_WEEK16_SYSBP,042-S02-007,S02,WEEK16,Systolic Blood Pressure,SYSBP,124.0,124.0,mmHg,2026-06-05,10
VS_042-S02-007_WEEK16_DIABP,042-S02-007,S02,WEEK16,Diastolic Blood Pressure,DIABP,76.0,76.0,mmHg,2026-06-05,10
VS_042-S02-007_WEEK16_PULSE,042-S02-007,S02,WEEK16,Pulse Rate,PULSE,74.0,74.0,beats/min,2026-06-05,10
VS_042-S02-007_WEEK16_WEIGHT,042-S02-007,S02,WEEK16,Weight,WEIGHT,87.5,87.5,kg,2026-06-05,10
VS_042-S02-008_WEEK16_SYSBP,042-S02-008,S02,WEEK16,Systolic Blood Pressure,SYSBP,120.0,120.0,mmHg,2026-06-05,10
VS_042-S02-008_WEEK16_DIABP,042-S02-008,S02,WEEK16,Diastolic Blood Pressure,DIABP,74.0,74.0,mmHg,2026-06-05,10
VS_042-S02-008_WEEK16_PULSE,042-S02-008,S02,WEEK16,Pulse Rate,PULSE,75.0,75.0,beats/min,2026-06-05,10
VS_042-S02-008_WEEK16_WEIGHT,042-S02-008,S02,WEEK16,Weight,WEIGHT,83.5,83.5,kg,2026-06-05,10
VS_042-S02-009_WEEK16_SYSBP,042-S02-009,S02,WEEK16,Systolic Blood Pressure,SYSBP,122.0,122.0,mmHg,2026-06-05,10
VS_042-S02-009_WEEK16_DIABP,042-S02-009,S02,WEEK16,Diastolic Blood Pressure,DIABP,77.0,77.0,mmHg,2026-06-05,10
VS_042-S02-009_WEEK16_PULSE,042-S02-009,S02,WEEK16,Pulse Rate,PULSE,75.0,75.0,beats/min,2026-06-05,10
VS_042-S02-009_WEEK16_WEIGHT,042-S02-009,S02,WEEK16,Weight,WEIGHT,85.5,85.5,kg,2026-06-05,10
VS_042-S02-010_WEEK16_SYSBP,042-S02-010,S02,WEEK16,Systolic Blood Pressure,SYSBP,121.0,121.0,mmHg,2026-06-05,10
VS_042-S02-010_WEEK16_DIABP,042-S02-010,S02,WEEK16,Diastolic Blood Pressure,DIABP,79.0,79.0,mmHg,2026-06-05,10
VS_042-S02-010_WEEK16_PULSE,042-S02-010,S02,WEEK16,Pulse Rate,PULSE,75.0,75.0,beats/min,2026-06-05,10
VS_042-S02-010_WEEK16_WEIGHT,042-S02-010,S02,WEEK16,Weight,WEIGHT,77.5,77.5,kg,2026-06-05,10
VS_042-S02-011_WEEK16_SYSBP,042-S02-011,S02,WEEK16,Systolic Blood Pressure,SYSBP,121.0,121.0,mmHg,2026-06-05,10
VS_042-S02-011_WEEK16_DIABP,042-S02-011,S02,WEEK16,Diastolic Blood Pressure,DIABP,77.0,77.0,mmHg,2026-06-05,10
VS_042-S02-011_WEEK16_PULSE,042-S02-011,S02,WEEK16,Pulse Rate,PULSE,75.0,75.0,beats/min,2026-06-05,10
VS_042-S02-011_WEEK16_WEIGHT,042-S02-011,S02,WEEK16,Weight,WEIGHT,87.5,87.5,kg,2026-06-05,10
VS_042-S02-012_WEEK16_SYSBP,042-S02-012,S02,WEEK16,Systolic Blood Pressure,SYSBP,119.0,119.0,mmHg,2026-06-05,10
VS_042-S02-012_WEEK16_DIABP,042-S02-012,S02,WEEK16,Diastolic Blood Pressure,DIABP,76.0,76.0,mmHg,2026-06-05,10
VS_042-S02-012_WEEK16_PULSE,042-S02-012,S02,WEEK16,Pulse Rate,PULSE,69.0,69.0,beats/min,2026-06-05,10
VS_042-S02-012_WEEK16_WEIGHT,042-S02-012,S02,WEEK16,Weight,WEIGHT,81.5,81.5,kg,2026-06-05,10
